account_id,customer_id,account_type,account_status,open_date,branch_id,current_balance,min_balance,interest_rate,nomination_set,overdraft_limit
ACC000001,CUST00001,Current,Active,2022-10-23,BR026,3209366.69,10000,5.17,1,30602.0
ACC000002,CUST00002,Salary,Active,2022-06-17,BR017,58976.86,0,3.47,1,0.0
ACC000003,CUST00002,Current,Active,2023-02-18,BR017,2560768.64,10000,7.25,1,31429.0
ACC000004,CUST00003,Savings,Active,2023-12-25,BR013,16099.65,1000,6.53,1,0.0
ACC000005,CUST00003,Fixed Deposit,Active,2023-12-24,BR013,925897.98,0,6.96,0,0.0
ACC000006,CUST00004,Savings,Active,2023-06-18,BR040,395176.34,1000,3.16,1,0.0
ACC000007,CUST00004,Fixed Deposit,Active,2022-02-14,BR040,4948789.47,0,3.93,0,0.0
ACC000008,CUST00005,Savings,Active,2022-12-15,BR043,123395.73,1000,3.91,1,0.0
ACC000009,CUST00006,Savings,Dormant,2023-02-28,BR039,437021.07,1000,4.45,1,0.0
ACC000010,CUST00007,Salary,Active,2022-11-20,BR043,112425.56,0,3.54,1,0.0
ACC000011,CUST00008,Fixed Deposit,Active,2023-02-03,BR050,3548780.56,0,3.95,0,0.0
ACC000012,CUST00009,Savings,Active,2023-11-04,BR050,12047.52,1000,2.62,1,0.0
ACC000013,CUST00010,Fixed Deposit,Active,2023-10-10,BR036,7324832.74,0,2.72,0,0.0
ACC000014,CUST00011,Fixed Deposit,Active,2023-12-13,BR049,8551622.06,0,3.21,1,0.0
ACC000015,CUST00012,Savings,Dormant,2022-05-24,BR035,72518.65,1000,4.3,0,0.0
ACC000016,CUST00013,Salary,Active,2020-05-18,BR025,64381.09,0,6.37,1,0.0
ACC000017,CUST00013,Savings,Closed,2019-04-07,BR025,375010.17,1000,6.38,1,0.0
ACC000018,CUST00014,Current,Active,2023-04-09,BR035,1300696.76,10000,3.27,1,17874.0
ACC000019,CUST00014,Salary,Active,2020-10-25,BR035,131077.02,0,5.0,0,0.0
ACC000020,CUST00015,Salary,Active,2021-03-05,BR047,278304.54,0,5.99,0,0.0
ACC000021,CUST00016,Savings,Active,2022-07-02,BR004,366789.94,1000,3.37,1,0.0
ACC000022,CUST00016,Fixed Deposit,Active,2022-08-27,BR004,7110824.03,0,6.14,1,0.0
ACC000023,CUST00017,Salary,Active,2023-03-15,BR031,72431.63,0,7.16,1,0.0
ACC000024,CUST00018,Savings,Active,2018-09-20,BR002,197675.01,1000,3.15,1,0.0
ACC000025,CUST00019,Fixed Deposit,Active,2020-01-15,BR050,7119396.29,0,3.88,1,0.0
ACC000026,CUST00020,Savings,Active,2022-12-14,BR045,183924.98,1000,5.26,1,0.0
ACC000027,CUST00020,Current,Active,2020-08-25,BR045,4824471.31,10000,7.19,1,40233.0
ACC000028,CUST00021,Current,Active,2015-11-10,BR043,2389371.2,10000,5.9,1,17825.0
ACC000029,CUST00022,Fixed Deposit,Dormant,2020-09-27,BR028,4451416.22,0,4.6,1,0.0
ACC000030,CUST00022,Savings,Active,2021-05-07,BR028,312850.14,1000,3.82,0,0.0
ACC000031,CUST00023,Current,Active,2023-08-22,BR021,975696.33,10000,6.08,1,10797.0
ACC000032,CUST00024,Salary,Dormant,2021-08-01,BR012,28544.46,0,3.1,1,0.0
ACC000033,CUST00025,Current,Active,2020-06-29,BR016,347884.05,10000,5.64,1,49834.0
ACC000034,CUST00026,NRI,Active,2023-08-28,BR045,13363010.63,0,6.45,0,0.0
ACC000035,CUST00027,Current,Active,2021-11-26,BR020,4513993.56,10000,3.06,1,9076.0
ACC000036,CUST00028,Current,Active,2020-02-03,BR047,2785007.78,10000,5.83,1,18068.0
ACC000037,CUST00029,Savings,Active,2019-02-16,BR018,234069.26,1000,7.02,1,0.0
ACC000038,CUST00030,Current,Active,2023-05-01,BR022,4446550.52,10000,2.93,1,16994.0
ACC000039,CUST00031,Salary,Active,2022-11-02,BR037,208647.02,0,7.49,1,0.0
ACC000040,CUST00031,Fixed Deposit,Active,2022-12-10,BR037,316663.52,0,5.22,1,0.0
ACC000041,CUST00032,Current,Active,2020-12-05,BR029,147320.77,10000,4.89,0,47188.0
ACC000042,CUST00033,Current,Active,2022-09-05,BR017,4877642.67,10000,3.73,0,34984.0
ACC000043,CUST00034,Salary,Active,2020-08-13,BR045,74200.28,0,4.14,1,0.0
ACC000044,CUST00035,Current,Active,2023-04-20,BR018,2328147.98,10000,4.8,1,31053.0
ACC000045,CUST00035,Savings,Dormant,2021-01-25,BR018,7866.54,1000,5.13,1,0.0
ACC000046,CUST00036,Savings,Active,2020-10-27,BR018,142221.7,1000,4.18,1,0.0
ACC000047,CUST00037,Savings,Active,2021-06-18,BR038,466444.78,1000,5.07,1,0.0
ACC000048,CUST00037,Salary,Active,2022-07-23,BR038,157123.93,0,4.12,1,0.0
ACC000049,CUST00038,NRI,Active,2021-07-19,BR038,6841712.61,0,4.02,1,0.0
ACC000050,CUST00039,Fixed Deposit,Active,2017-02-13,BR019,9017506.44,0,5.61,1,0.0
ACC000051,CUST00040,Savings,Active,2021-11-03,BR043,477762.06,1000,7.06,1,0.0
ACC000052,CUST00041,Savings,Active,2023-06-26,BR009,325999.19,1000,5.81,0,0.0
ACC000053,CUST00041,Fixed Deposit,Active,2023-12-23,BR009,2629540.83,0,3.03,0,0.0
ACC000054,CUST00042,Savings,Active,2019-06-13,BR036,302782.3,1000,5.37,1,0.0
ACC000055,CUST00043,Fixed Deposit,Active,2023-07-16,BR027,7533961.06,0,3.78,1,0.0
ACC000056,CUST00044,Salary,Active,2022-03-06,BR022,171273.75,0,6.82,1,0.0
ACC000057,CUST00045,Savings,Active,2022-10-02,BR035,223812.8,1000,7.29,1,0.0
ACC000058,CUST00045,Salary,Active,2023-04-10,BR035,140030.42,0,4.64,0,0.0
ACC000059,CUST00046,Current,Active,2023-12-12,BR003,2255583.02,10000,4.09,1,2619.0
ACC000060,CUST00047,Savings,Active,2022-12-10,BR038,439528.47,1000,6.2,1,0.0
ACC000061,CUST00047,Fixed Deposit,Dormant,2023-08-07,BR038,9983506.47,0,3.79,1,0.0
ACC000062,CUST00047,NRI,Active,2023-08-26,BR038,390340.2,0,3.96,1,0.0
ACC000063,CUST00048,Savings,Active,2022-01-19,BR031,401098.57,1000,4.37,0,0.0
ACC000064,CUST00049,Savings,Active,2022-11-08,BR035,451480.51,1000,2.75,0,0.0
ACC000065,CUST00050,NRI,Active,2021-08-21,BR011,19383653.85,0,4.85,1,0.0
ACC000066,CUST00050,Savings,Active,2020-03-05,BR011,59787.1,1000,6.96,0,0.0
ACC000067,CUST00051,Savings,Active,2021-03-20,BR011,3424.97,1000,4.21,1,0.0
ACC000068,CUST00051,Fixed Deposit,Active,2022-01-24,BR011,7887332.94,0,3.67,1,0.0
ACC000069,CUST00051,Current,Active,2022-05-26,BR011,1909480.67,10000,5.2,1,42.0
ACC000070,CUST00052,Fixed Deposit,Active,2023-02-26,BR030,5400039.97,0,5.53,1,0.0
ACC000071,CUST00052,Savings,Active,2017-12-22,BR030,451035.2,1000,6.61,0,0.0
ACC000072,CUST00053,Savings,Active,2022-04-16,BR013,63379.92,1000,4.67,0,0.0
ACC000073,CUST00053,Current,Active,2023-05-17,BR013,4330056.87,10000,6.58,1,24917.0
ACC000074,CUST00054,Savings,Active,2020-01-28,BR018,136905.52,1000,6.66,0,0.0
ACC000075,CUST00055,Savings,Active,2017-10-04,BR015,392183.1,1000,2.9,0,0.0
ACC000076,CUST00056,Savings,Active,2022-09-02,BR047,99290.65,1000,2.91,1,0.0
ACC000077,CUST00057,Fixed Deposit,Active,2021-01-12,BR011,5062152.92,0,4.68,0,0.0
ACC000078,CUST00057,Salary,Active,2023-10-24,BR011,146012.76,0,4.01,1,0.0
ACC000079,CUST00058,NRI,Active,2023-10-07,BR036,8798821.91,0,3.25,0,0.0
ACC000080,CUST00059,Savings,Active,2021-09-29,BR007,85999.62,1000,6.91,1,0.0
ACC000081,CUST00059,Current,Active,2023-09-01,BR007,3672725.67,10000,4.85,1,35440.0
ACC000082,CUST00060,Savings,Active,2023-07-21,BR008,69040.13,1000,5.38,1,0.0
ACC000083,CUST00060,Fixed Deposit,Active,2023-07-20,BR008,1270596.05,0,2.62,1,0.0
ACC000084,CUST00061,Savings,Active,2022-05-09,BR027,331246.75,1000,6.09,0,0.0
ACC000085,CUST00061,Current,Active,2023-09-20,BR027,1762021.05,10000,6.48,1,41502.0
ACC000086,CUST00062,Savings,Active,2020-08-22,BR014,325301.85,1000,2.54,1,0.0
ACC000087,CUST00062,Salary,Active,2023-10-26,BR014,73048.61,0,2.99,1,0.0
ACC000088,CUST00063,Savings,Active,2022-03-06,BR030,246283.53,1000,5.84,1,0.0
ACC000089,CUST00063,Fixed Deposit,Active,2021-09-12,BR030,8173394.71,0,4.42,0,0.0
ACC000090,CUST00064,Savings,Active,2022-12-24,BR014,177041.51,1000,5.86,0,0.0
ACC000091,CUST00065,Savings,Dormant,2022-11-07,BR017,156114.7,1000,7.13,1,0.0
ACC000092,CUST00065,Salary,Active,2020-04-30,BR017,174101.77,0,4.98,1,0.0
ACC000093,CUST00066,Current,Active,2017-04-20,BR009,2345418.14,10000,3.88,1,21556.0
ACC000094,CUST00067,Current,Active,2022-11-17,BR047,2076628.87,10000,5.47,1,39182.0
ACC000095,CUST00067,Savings,Active,2023-11-29,BR047,216465.48,1000,2.67,1,0.0
ACC000096,CUST00068,Savings,Active,2023-06-10,BR005,480086.23,1000,2.69,1,0.0
ACC000097,CUST00069,Savings,Active,2017-06-01,BR019,97796.34,1000,3.45,1,0.0
ACC000098,CUST00069,Fixed Deposit,Dormant,2019-01-01,BR019,8216933.82,0,3.04,1,0.0
ACC000099,CUST00070,Savings,Active,2016-10-18,BR027,200841.36,1000,5.16,1,0.0
ACC000100,CUST00070,Salary,Active,2019-10-11,BR027,44361.77,0,3.27,1,0.0
ACC000101,CUST00071,Savings,Dormant,2023-02-03,BR006,304697.78,1000,4.23,1,0.0
ACC000102,CUST00072,Savings,Active,2023-11-06,BR043,227080.31,1000,5.23,1,0.0
ACC000103,CUST00073,Fixed Deposit,Closed,2021-10-16,BR007,3315376.13,0,7.28,0,0.0
ACC000104,CUST00074,Fixed Deposit,Active,2021-04-11,BR002,8088459.88,0,6.53,1,0.0
ACC000105,CUST00075,Current,Active,2021-03-03,BR037,1259176.79,10000,5.17,1,47228.0
ACC000106,CUST00075,Savings,Active,2015-11-29,BR037,346557.8,1000,6.25,0,0.0
ACC000107,CUST00076,Fixed Deposit,Active,2019-07-27,BR050,1332645.38,0,7.17,1,0.0
ACC000108,CUST00076,Savings,Active,2021-11-17,BR050,474539.97,1000,4.47,0,0.0
ACC000109,CUST00077,Savings,Active,2023-12-11,BR039,263080.14,1000,3.08,0,0.0
ACC000110,CUST00077,Salary,Active,2023-12-12,BR039,147009.01,0,5.53,0,0.0
ACC000111,CUST00077,Current,Closed,2023-09-19,BR039,664269.73,10000,6.58,1,3854.0
ACC000112,CUST00078,Salary,Active,2023-10-02,BR003,97278.37,0,5.88,1,0.0
ACC000113,CUST00078,Savings,Active,2023-01-26,BR003,477598.64,1000,3.0,1,0.0
ACC000114,CUST00079,Fixed Deposit,Active,2023-11-06,BR012,798553.62,0,3.87,1,0.0
ACC000115,CUST00079,Salary,Active,2023-08-08,BR012,248746.65,0,6.12,1,0.0
ACC000116,CUST00080,Savings,Active,2022-09-16,BR030,168954.27,1000,5.66,1,0.0
ACC000117,CUST00081,Salary,Active,2017-02-09,BR030,158967.51,0,6.16,1,0.0
ACC000118,CUST00082,Salary,Active,2017-09-18,BR022,286550.81,0,2.77,1,0.0
ACC000119,CUST00083,Fixed Deposit,Active,2022-01-30,BR016,8389932.29,0,3.87,1,0.0
ACC000120,CUST00084,Savings,Dormant,2021-10-06,BR049,95623.6,1000,2.75,1,0.0
ACC000121,CUST00085,NRI,Active,2023-12-19,BR004,4325928.72,0,7.21,1,0.0
ACC000122,CUST00086,Current,Active,2023-03-14,BR039,2829378.04,10000,2.62,1,195.0
ACC000123,CUST00086,Fixed Deposit,Dormant,2017-06-01,BR039,906087.97,0,2.56,1,0.0
ACC000124,CUST00087,Savings,Active,2022-03-14,BR029,164944.16,1000,7.19,1,0.0
ACC000125,CUST00087,Fixed Deposit,Active,2020-06-21,BR029,6314517.86,0,4.68,1,0.0
ACC000126,CUST00088,Savings,Active,2021-04-18,BR011,222462.75,1000,3.63,1,0.0
ACC000127,CUST00089,Savings,Active,2021-07-16,BR019,468867.09,1000,4.45,1,0.0
ACC000128,CUST00090,Salary,Active,2023-11-16,BR009,69060.96,0,6.22,1,0.0
ACC000129,CUST00091,Current,Closed,2016-03-05,BR006,4163021.15,10000,4.23,0,4911.0
ACC000130,CUST00092,Fixed Deposit,Active,2023-12-21,BR010,6384047.43,0,4.68,1,0.0
ACC000131,CUST00092,Salary,Active,2023-12-29,BR010,291867.69,0,4.15,1,0.0
ACC000132,CUST00093,Savings,Dormant,2022-11-05,BR045,108393.97,1000,5.32,0,0.0
ACC000133,CUST00094,Current,Dormant,2023-01-09,BR015,1113025.99,10000,5.94,1,49320.0
ACC000134,CUST00095,Savings,Active,2023-04-12,BR033,393968.66,1000,5.84,1,0.0
ACC000135,CUST00096,Savings,Active,2022-10-31,BR008,211289.78,1000,7.42,1,0.0
ACC000136,CUST00097,Savings,Active,2021-10-11,BR002,299421.96,1000,6.09,0,0.0
ACC000137,CUST00097,Current,Active,2021-02-23,BR002,4383996.16,10000,3.95,1,8018.0
ACC000138,CUST00098,Fixed Deposit,Active,2023-06-25,BR010,5902982.79,0,3.28,0,0.0
ACC000139,CUST00098,Salary,Active,2023-01-16,BR010,191304.48,0,3.25,0,0.0
ACC000140,CUST00099,Savings,Active,2023-12-30,BR017,120249.28,1000,5.04,0,0.0
ACC000141,CUST00099,Salary,Active,2023-12-29,BR017,276913.51,0,4.91,1,0.0
ACC000142,CUST00099,NRI,Active,2023-12-26,BR017,10854099.75,0,2.7,1,0.0
ACC000143,CUST00100,Savings,Closed,2022-06-23,BR030,106641.49,1000,4.21,1,0.0
ACC000144,CUST00101,NRI,Active,2023-12-18,BR037,17705705.01,0,4.35,1,0.0
ACC000145,CUST00102,Current,Active,2021-12-11,BR031,4819995.75,10000,3.71,1,21058.0
ACC000146,CUST00103,Savings,Active,2021-12-23,BR048,410202.65,1000,6.44,0,0.0
ACC000147,CUST00104,Fixed Deposit,Active,2020-11-07,BR005,9385830.84,0,4.17,1,0.0
ACC000148,CUST00105,Savings,Active,2021-11-05,BR031,156991.72,1000,7.36,0,0.0
ACC000149,CUST00105,Fixed Deposit,Active,2022-01-20,BR031,3696186.45,0,6.72,1,0.0
ACC000150,CUST00106,Savings,Active,2022-12-29,BR026,181104.42,1000,4.14,1,0.0
ACC000151,CUST00107,Fixed Deposit,Dormant,2023-12-01,BR006,7702845.78,0,6.03,1,0.0
ACC000152,CUST00108,Savings,Active,2022-09-04,BR045,368644.97,1000,5.69,1,0.0
ACC000153,CUST00109,Savings,Active,2023-01-28,BR024,64813.13,1000,3.83,1,0.0
ACC000154,CUST00110,Current,Active,2023-09-27,BR024,997820.96,10000,3.65,1,2254.0
ACC000155,CUST00110,Savings,Active,2018-11-01,BR024,467921.16,1000,2.79,1,0.0
ACC000156,CUST00111,Current,Active,2018-10-21,BR026,3952475.33,10000,5.45,1,807.0
ACC000157,CUST00112,Savings,Closed,2023-07-07,BR046,156387.21,1000,3.45,1,0.0
ACC000158,CUST00112,Salary,Active,2023-10-01,BR046,14716.51,0,5.87,0,0.0
ACC000159,CUST00113,Savings,Active,2020-07-03,BR043,278938.97,1000,6.53,1,0.0
ACC000160,CUST00114,Fixed Deposit,Dormant,2020-09-17,BR015,6054400.68,0,4.84,0,0.0
ACC000161,CUST00114,Current,Active,2021-07-12,BR015,3760106.42,10000,5.94,1,47544.0
ACC000162,CUST00115,Savings,Closed,2023-06-19,BR006,200220.06,1000,4.39,1,0.0
ACC000163,CUST00116,Savings,Active,2023-11-30,BR029,409970.91,1000,5.33,1,0.0
ACC000164,CUST00117,Current,Active,2023-12-03,BR011,4528055.11,10000,4.13,1,16710.0
ACC000165,CUST00118,Savings,Active,2021-09-05,BR040,396585.7,1000,5.33,0,0.0
ACC000166,CUST00119,Fixed Deposit,Active,2020-09-18,BR006,3307574.5,0,3.29,1,0.0
ACC000167,CUST00120,Salary,Active,2023-10-14,BR019,126796.5,0,6.09,1,0.0
ACC000168,CUST00120,Savings,Active,2022-01-09,BR019,364100.14,1000,3.38,0,0.0
ACC000169,CUST00120,Fixed Deposit,Active,2022-06-12,BR019,6398433.95,0,7.39,1,0.0
ACC000170,CUST00121,Savings,Active,2022-02-22,BR039,300148.17,1000,2.93,1,0.0
ACC000171,CUST00122,Current,Active,2022-04-03,BR029,2515745.96,10000,6.29,1,34770.0
ACC000172,CUST00123,Fixed Deposit,Active,2023-08-06,BR013,9671342.29,0,3.75,0,0.0
ACC000173,CUST00123,Savings,Active,2022-12-17,BR013,377201.86,1000,6.48,1,0.0
ACC000174,CUST00123,NRI,Dormant,2023-04-28,BR013,1759356.5,0,5.61,1,0.0
ACC000175,CUST00124,Savings,Active,2023-04-29,BR038,137263.27,1000,7.38,1,0.0
ACC000176,CUST00124,Fixed Deposit,Active,2023-12-06,BR038,1059893.36,0,2.64,1,0.0
ACC000177,CUST00125,Savings,Active,2021-11-21,BR024,293222.88,1000,5.73,0,0.0
ACC000178,CUST00125,Current,Active,2022-07-06,BR024,3016314.38,10000,5.66,1,40353.0
ACC000179,CUST00126,Salary,Active,2022-05-16,BR044,52183.18,0,2.88,1,0.0
ACC000180,CUST00127,Savings,Active,2020-10-18,BR026,3946.03,1000,5.4,1,0.0
ACC000181,CUST00128,Fixed Deposit,Active,2021-02-13,BR011,8146202.28,0,6.3,1,0.0
ACC000182,CUST00129,Salary,Active,2022-10-04,BR024,168227.39,0,4.93,1,0.0
ACC000183,CUST00130,Current,Active,2021-07-11,BR037,2424693.59,10000,3.06,1,30220.0
ACC000184,CUST00131,Fixed Deposit,Active,2022-09-16,BR037,6647712.03,0,5.68,1,0.0
ACC000185,CUST00131,Current,Active,2023-12-20,BR037,78568.75,10000,5.95,1,31943.0
ACC000186,CUST00132,Savings,Active,2022-06-19,BR048,188732.84,1000,7.3,1,0.0
ACC000187,CUST00132,Fixed Deposit,Active,2021-01-10,BR048,8506863.08,0,3.79,1,0.0
ACC000188,CUST00133,Fixed Deposit,Dormant,2023-08-03,BR022,1181638.57,0,4.06,1,0.0
ACC000189,CUST00133,Savings,Closed,2020-06-23,BR022,57669.72,1000,2.79,1,0.0
ACC000190,CUST00134,Savings,Closed,2023-09-04,BR046,71175.16,1000,7.03,0,0.0
ACC000191,CUST00135,Current,Active,2023-01-29,BR025,4956405.79,10000,2.55,0,46655.0
ACC000192,CUST00136,Current,Active,2020-08-03,BR014,901818.84,10000,3.07,1,631.0
ACC000193,CUST00137,Current,Active,2023-10-16,BR041,1081327.9,10000,2.88,1,34162.0
ACC000194,CUST00138,Savings,Active,2022-05-19,BR031,192805.83,1000,5.78,1,0.0
ACC000195,CUST00138,Current,Active,2021-05-26,BR031,567398.76,10000,5.32,1,8281.0
ACC000196,CUST00139,Salary,Active,2017-01-15,BR012,267708.53,0,2.63,1,0.0
ACC000197,CUST00139,Savings,Active,2019-05-30,BR012,253262.8,1000,4.67,0,0.0
ACC000198,CUST00139,Fixed Deposit,Active,2021-12-05,BR012,5393325.14,0,7.27,1,0.0
ACC000199,CUST00140,Savings,Active,2022-11-08,BR001,199091.5,1000,3.35,1,0.0
ACC000200,CUST00141,Savings,Active,2018-02-09,BR030,307781.07,1000,4.92,0,0.0
ACC000201,CUST00141,NRI,Active,2019-07-16,BR030,12850257.9,0,7.23,1,0.0
ACC000202,CUST00142,Savings,Active,2023-01-03,BR044,141224.93,1000,5.82,1,0.0
ACC000203,CUST00142,Current,Active,2022-07-30,BR044,23117.67,10000,4.1,1,20643.0
ACC000204,CUST00143,Savings,Active,2023-10-07,BR016,252599.61,1000,5.55,1,0.0
ACC000205,CUST00144,Salary,Active,2023-09-02,BR043,298875.66,0,4.46,1,0.0
ACC000206,CUST00145,Savings,Active,2023-07-11,BR015,116914.04,1000,6.98,1,0.0
ACC000207,CUST00145,Fixed Deposit,Active,2023-03-27,BR015,1711629.38,0,7.41,1,0.0
ACC000208,CUST00146,Current,Active,2023-10-19,BR044,138735.67,10000,5.24,1,544.0
ACC000209,CUST00146,Savings,Active,2022-12-07,BR044,32542.26,1000,2.64,0,0.0
ACC000210,CUST00147,Current,Active,2023-11-15,BR013,4430116.8,10000,4.32,1,2073.0
ACC000211,CUST00147,Savings,Active,2023-11-14,BR013,337529.63,1000,6.66,0,0.0
ACC000212,CUST00148,Savings,Active,2016-09-25,BR030,230983.25,1000,3.86,1,0.0
ACC000213,CUST00149,Savings,Active,2019-10-16,BR038,456267.24,1000,7.26,1,0.0
ACC000214,CUST00149,Current,Active,2023-09-10,BR038,4777079.66,10000,6.65,1,33012.0
ACC000215,CUST00150,Current,Dormant,2023-04-22,BR050,3426852.56,10000,5.21,1,6024.0
ACC000216,CUST00151,Savings,Active,2022-11-08,BR009,410652.1,1000,4.53,0,0.0
ACC000217,CUST00152,Savings,Active,2019-07-07,BR044,292651.25,1000,3.84,1,0.0
ACC000218,CUST00153,Current,Active,2017-11-15,BR043,3952838.73,10000,4.03,1,44975.0
ACC000219,CUST00154,Current,Active,2019-01-14,BR016,653392.24,10000,3.53,1,35198.0
ACC000220,CUST00154,Savings,Active,2020-08-26,BR016,153361.51,1000,3.31,1,0.0
ACC000221,CUST00155,Fixed Deposit,Active,2023-07-21,BR021,1530245.91,0,4.27,1,0.0
ACC000222,CUST00156,Current,Active,2023-05-20,BR036,2824501.98,10000,3.68,1,24943.0
ACC000223,CUST00156,NRI,Active,2022-08-19,BR036,12426043.23,0,3.45,1,0.0
ACC000224,CUST00157,Current,Active,2023-12-13,BR045,3138809.29,10000,7.01,1,40779.0
ACC000225,CUST00158,Current,Active,2022-12-12,BR004,2124203.06,10000,6.5,1,19206.0
ACC000226,CUST00159,Savings,Active,2023-05-08,BR035,124982.51,1000,4.1,0,0.0
ACC000227,CUST00160,Savings,Active,2019-05-04,BR014,301802.44,1000,5.26,1,0.0
ACC000228,CUST00160,Salary,Active,2017-11-27,BR014,144629.74,0,7.4,1,0.0
ACC000229,CUST00161,Savings,Active,2019-02-05,BR045,469599.24,1000,2.78,1,0.0
ACC000230,CUST00162,Savings,Active,2023-10-25,BR033,30491.22,1000,6.89,1,0.0
ACC000231,CUST00163,Savings,Active,2023-12-24,BR048,344828.57,1000,7.36,1,0.0
ACC000232,CUST00164,Salary,Active,2023-11-28,BR017,169198.4,0,3.59,1,0.0
ACC000233,CUST00165,Savings,Active,2019-05-11,BR042,182171.82,1000,6.2,0,0.0
ACC000234,CUST00166,Savings,Active,2023-07-12,BR001,467073.65,1000,3.03,1,0.0
ACC000235,CUST00166,Fixed Deposit,Active,2023-07-02,BR001,2965626.72,0,4.89,1,0.0
ACC000236,CUST00166,Salary,Active,2023-04-22,BR001,191374.05,0,4.0,0,0.0
ACC000237,CUST00167,Savings,Active,2023-05-26,BR035,55720.67,1000,3.31,1,0.0
ACC000238,CUST00167,NRI,Active,2023-03-11,BR035,5534903.69,0,5.55,0,0.0
ACC000239,CUST00168,Savings,Active,2023-02-25,BR018,298519.71,1000,4.71,1,0.0
ACC000240,CUST00168,Fixed Deposit,Dormant,2022-08-05,BR018,2183356.34,0,5.59,0,0.0
ACC000241,CUST00169,Current,Active,2022-11-10,BR006,600093.27,10000,2.51,1,40476.0
ACC000242,CUST00170,NRI,Active,2023-10-12,BR007,1598358.63,0,6.78,1,0.0
ACC000243,CUST00171,Fixed Deposit,Dormant,2020-07-08,BR012,534730.84,0,6.56,1,0.0
ACC000244,CUST00172,Salary,Active,2020-12-19,BR016,12584.77,0,3.2,1,0.0
ACC000245,CUST00173,NRI,Active,2023-12-14,BR004,9620176.97,0,6.63,1,0.0
ACC000246,CUST00174,Savings,Active,2021-08-02,BR029,493905.23,1000,7.1,1,0.0
ACC000247,CUST00175,Savings,Active,2023-12-12,BR046,295578.67,1000,2.63,0,0.0
ACC000248,CUST00176,Savings,Active,2023-12-15,BR007,456654.21,1000,6.9,1,0.0
ACC000249,CUST00177,Savings,Active,2023-04-22,BR001,299262.92,1000,2.68,1,0.0
ACC000250,CUST00177,Salary,Active,2021-05-24,BR001,134142.35,0,2.54,1,0.0
ACC000251,CUST00178,Savings,Active,2023-06-10,BR005,41616.93,1000,7.05,0,0.0
ACC000252,CUST00179,NRI,Active,2021-05-09,BR007,11202644.64,0,5.21,0,0.0
ACC000253,CUST00180,Current,Active,2020-05-06,BR009,3197969.79,10000,3.36,1,44428.0
ACC000254,CUST00180,Savings,Active,2023-09-01,BR009,274449.98,1000,2.68,1,0.0
ACC000255,CUST00180,Salary,Active,2021-08-27,BR009,187276.51,0,6.26,1,0.0
ACC000256,CUST00181,Savings,Active,2021-12-11,BR037,324018.32,1000,3.89,1,0.0
ACC000257,CUST00181,Current,Active,2021-09-28,BR037,3211776.52,10000,4.94,1,42197.0
ACC000258,CUST00182,Savings,Active,2021-07-29,BR002,289828.8,1000,6.02,0,0.0
ACC000259,CUST00182,Fixed Deposit,Closed,2023-08-31,BR002,2768942.57,0,5.8,1,0.0
ACC000260,CUST00183,Salary,Active,2021-10-14,BR009,212186.65,0,3.35,1,0.0
ACC000261,CUST00184,Current,Active,2020-07-06,BR033,2351452.13,10000,5.71,0,10449.0
ACC000262,CUST00185,Savings,Active,2018-05-28,BR043,360225.51,1000,4.34,1,0.0
ACC000263,CUST00186,Salary,Active,2023-11-08,BR001,98355.41,0,6.59,1,0.0
ACC000264,CUST00187,Savings,Active,2023-09-03,BR045,371295.23,1000,5.15,0,0.0
ACC000265,CUST00188,Current,Active,2023-08-15,BR020,2133419.16,10000,5.59,1,15363.0
ACC000266,CUST00189,Fixed Deposit,Active,2017-12-10,BR002,9072205.91,0,2.91,1,0.0
ACC000267,CUST00190,Current,Active,2022-08-17,BR026,1953205.26,10000,4.4,0,14286.0
ACC000268,CUST00191,Savings,Active,2022-09-28,BR014,66197.23,1000,5.41,1,0.0
ACC000269,CUST00192,Salary,Active,2023-01-09,BR043,74069.21,0,3.7,1,0.0
ACC000270,CUST00193,Savings,Active,2023-01-06,BR044,227125.24,1000,5.45,1,0.0
ACC000271,CUST00194,Fixed Deposit,Active,2023-08-24,BR025,9269035.24,0,4.11,0,0.0
ACC000272,CUST00195,Fixed Deposit,Active,2023-11-12,BR032,8133557.44,0,4.26,0,0.0
ACC000273,CUST00196,Savings,Dormant,2022-06-07,BR033,471640.57,1000,6.22,0,0.0
ACC000274,CUST00197,Salary,Active,2022-11-20,BR003,29275.85,0,4.12,1,0.0
ACC000275,CUST00198,Current,Active,2023-11-09,BR024,4539816.59,10000,5.31,0,49603.0
ACC000276,CUST00199,Savings,Active,2023-09-08,BR029,312462.37,1000,5.89,1,0.0
ACC000277,CUST00200,Current,Active,2019-09-21,BR041,310500.52,10000,5.09,1,21883.0
ACC000278,CUST00200,Savings,Active,2020-09-28,BR041,380044.46,1000,6.07,0,0.0
ACC000279,CUST00200,Salary,Active,2022-01-15,BR041,171448.4,0,6.94,1,0.0
ACC000280,CUST00201,Savings,Active,2022-08-20,BR019,496602.06,1000,5.54,1,0.0
ACC000281,CUST00201,Fixed Deposit,Active,2019-06-16,BR019,1652198.23,0,2.85,1,0.0
ACC000282,CUST00202,Savings,Active,2022-11-01,BR016,30715.84,1000,2.61,0,0.0
ACC000283,CUST00203,Fixed Deposit,Active,2021-08-08,BR026,736030.87,0,5.13,1,0.0
ACC000284,CUST00204,Savings,Closed,2023-05-24,BR041,451065.1,1000,6.97,1,0.0
ACC000285,CUST00205,Current,Dormant,2018-04-06,BR009,521024.05,10000,2.83,1,44216.0
ACC000286,CUST00206,NRI,Active,2018-12-18,BR030,19709772.94,0,5.89,1,0.0
ACC000287,CUST00207,Savings,Active,2022-02-09,BR024,265041.34,1000,4.6,0,0.0
ACC000288,CUST00207,Salary,Active,2022-07-05,BR024,204710.15,0,7.09,1,0.0
ACC000289,CUST00208,Current,Active,2023-11-06,BR014,3658494.58,10000,2.83,1,46490.0
ACC000290,CUST00209,NRI,Active,2020-04-03,BR031,10023547.46,0,4.82,1,0.0
ACC000291,CUST00210,Salary,Active,2022-11-26,BR042,116355.17,0,3.99,1,0.0
ACC000292,CUST00211,Savings,Active,2020-12-30,BR040,56302.55,1000,6.8,1,0.0
ACC000293,CUST00212,Salary,Active,2020-04-26,BR016,36824.21,0,4.41,1,0.0
ACC000294,CUST00213,Savings,Active,2019-06-29,BR013,269140.76,1000,3.18,1,0.0
ACC000295,CUST00214,Fixed Deposit,Active,2018-08-21,BR021,2097461.2,0,7.42,1,0.0
ACC000296,CUST00215,Savings,Active,2023-01-18,BR003,392947.48,1000,3.22,1,0.0
ACC000297,CUST00215,Salary,Active,2023-04-12,BR003,239714.37,0,4.7,1,0.0
ACC000298,CUST00216,NRI,Active,2023-11-09,BR040,6183622.21,0,4.68,1,0.0
ACC000299,CUST00217,NRI,Active,2021-06-27,BR020,11293492.76,0,7.44,1,0.0
ACC000300,CUST00217,Savings,Active,2023-12-25,BR020,227352.23,1000,5.42,1,0.0
ACC000301,CUST00217,Salary,Active,2023-02-15,BR020,275876.87,0,5.83,1,0.0
ACC000302,CUST00218,Salary,Active,2020-11-10,BR008,154637.95,0,4.81,1,0.0
ACC000303,CUST00218,Savings,Active,2019-04-29,BR008,268969.46,1000,6.33,1,0.0
ACC000304,CUST00219,Salary,Closed,2023-10-02,BR047,178893.28,0,6.65,1,0.0
ACC000305,CUST00220,Salary,Active,2020-09-04,BR033,189357.51,0,6.03,1,0.0
ACC000306,CUST00221,Fixed Deposit,Closed,2023-09-22,BR001,9997741.92,0,4.66,0,0.0
ACC000307,CUST00222,Fixed Deposit,Active,2020-06-20,BR015,350214.29,0,4.35,1,0.0
ACC000308,CUST00223,Fixed Deposit,Active,2023-09-16,BR034,4980374.4,0,3.78,0,0.0
ACC000309,CUST00224,Current,Active,2023-11-22,BR037,3812841.34,10000,4.23,1,44665.0
ACC000310,CUST00224,Savings,Active,2023-11-07,BR037,469504.08,1000,5.58,0,0.0
ACC000311,CUST00225,Savings,Dormant,2023-08-15,BR010,476574.58,1000,6.21,0,0.0
ACC000312,CUST00226,Savings,Active,2021-11-24,BR007,155484.13,1000,4.92,1,0.0
ACC000313,CUST00226,Fixed Deposit,Active,2020-03-25,BR007,2451069.14,0,4.62,1,0.0
ACC000314,CUST00227,Savings,Active,2023-12-13,BR030,149738.28,1000,5.44,1,0.0
ACC000315,CUST00228,Savings,Active,2022-10-28,BR019,175675.06,1000,3.39,1,0.0
ACC000316,CUST00228,Fixed Deposit,Active,2023-10-28,BR019,7130724.0,0,3.51,1,0.0
ACC000317,CUST00229,Savings,Active,2023-08-23,BR050,449657.41,1000,2.95,1,0.0
ACC000318,CUST00230,Fixed Deposit,Active,2021-11-02,BR030,5234633.04,0,4.24,1,0.0
ACC000319,CUST00231,Savings,Active,2022-12-18,BR023,338994.16,1000,4.61,1,0.0
ACC000320,CUST00232,Savings,Active,2016-06-01,BR007,283270.91,1000,6.23,1,0.0
ACC000321,CUST00233,Savings,Active,2020-12-06,BR038,441421.52,1000,5.98,1,0.0
ACC000322,CUST00234,Savings,Closed,2023-08-13,BR008,167776.38,1000,3.44,1,0.0
ACC000323,CUST00234,Salary,Active,2022-07-11,BR008,155674.15,0,5.53,1,0.0
ACC000324,CUST00235,Fixed Deposit,Active,2022-11-01,BR018,9040230.53,0,6.2,1,0.0
ACC000325,CUST00236,Salary,Active,2021-12-05,BR027,176021.5,0,5.13,1,0.0
ACC000326,CUST00236,Fixed Deposit,Active,2022-04-12,BR027,7408281.6,0,4.62,1,0.0
ACC000327,CUST00237,Current,Active,2019-02-27,BR021,1306755.16,10000,5.35,0,9160.0
ACC000328,CUST00238,Fixed Deposit,Active,2019-10-09,BR015,4248464.91,0,2.52,1,0.0
ACC000329,CUST00238,Savings,Active,2022-07-20,BR015,293618.62,1000,2.55,1,0.0
ACC000330,CUST00239,Savings,Active,2022-12-27,BR025,46147.92,1000,6.81,1,0.0
ACC000331,CUST00240,Salary,Active,2023-12-06,BR010,112032.12,0,6.56,1,0.0
ACC000332,CUST00240,Fixed Deposit,Active,2023-07-23,BR010,1966849.32,0,4.24,1,0.0
ACC000333,CUST00240,Savings,Active,2023-10-01,BR010,245675.72,1000,5.6,1,0.0
ACC000334,CUST00241,Current,Active,2017-10-08,BR031,19317.2,10000,2.54,0,1767.0
ACC000335,CUST00241,Fixed Deposit,Active,2018-07-29,BR031,4714298.26,0,6.26,1,0.0
ACC000336,CUST00242,Salary,Closed,2023-12-22,BR046,260137.65,0,3.54,0,0.0
ACC000337,CUST00243,Salary,Active,2023-08-26,BR009,252520.57,0,5.28,1,0.0
ACC000338,CUST00244,NRI,Active,2023-10-08,BR015,19514346.9,0,6.72,0,0.0
ACC000339,CUST00245,Salary,Closed,2021-10-24,BR050,154144.86,0,7.33,1,0.0
ACC000340,CUST00245,Current,Closed,2021-04-06,BR050,4593207.94,10000,6.87,1,4694.0
ACC000341,CUST00246,Current,Active,2017-03-06,BR023,2338497.35,10000,2.65,0,31877.0
ACC000342,CUST00246,Savings,Active,2019-11-08,BR023,115039.05,1000,7.19,1,0.0
ACC000343,CUST00246,Salary,Active,2017-02-18,BR023,196762.99,0,7.26,1,0.0
ACC000344,CUST00247,Savings,Active,2017-06-16,BR023,101324.72,1000,5.56,1,0.0
ACC000345,CUST00248,Current,Active,2019-02-05,BR035,4164688.83,10000,3.59,1,9897.0
ACC000346,CUST00248,Salary,Active,2020-07-18,BR035,50813.62,0,4.21,0,0.0
ACC000347,CUST00249,Salary,Active,2019-10-20,BR022,138230.24,0,5.66,1,0.0
ACC000348,CUST00250,Salary,Active,2022-12-01,BR028,21081.81,0,4.77,1,0.0
ACC000349,CUST00250,Fixed Deposit,Active,2022-08-27,BR028,7025037.96,0,4.15,1,0.0
ACC000350,CUST00251,Savings,Active,2020-06-14,BR017,302212.6,1000,3.3,1,0.0
ACC000351,CUST00251,NRI,Dormant,2017-11-13,BR017,10202801.21,0,7.05,0,0.0
ACC000352,CUST00252,Savings,Active,2023-05-18,BR043,221416.91,1000,5.37,1,0.0
ACC000353,CUST00253,Savings,Active,2023-02-02,BR031,220791.27,1000,3.19,0,0.0
ACC000354,CUST00253,Current,Active,2022-02-28,BR031,3518660.11,10000,4.43,0,32776.0
ACC000355,CUST00254,Salary,Active,2021-06-08,BR015,201590.92,0,6.79,1,0.0
ACC000356,CUST00254,Savings,Active,2023-12-04,BR015,132506.65,1000,3.45,0,0.0
ACC000357,CUST00255,Salary,Active,2023-06-02,BR025,140115.42,0,7.43,0,0.0
ACC000358,CUST00255,Savings,Active,2023-05-01,BR025,459359.92,1000,4.68,1,0.0
ACC000359,CUST00256,Salary,Active,2017-10-18,BR037,213574.99,0,2.95,1,0.0
ACC000360,CUST00257,Savings,Active,2021-04-15,BR003,258268.59,1000,3.54,1,0.0
ACC000361,CUST00258,Salary,Active,2021-05-30,BR036,287985.79,0,6.28,1,0.0
ACC000362,CUST00258,Savings,Active,2017-03-14,BR036,290007.55,1000,3.27,1,0.0
ACC000363,CUST00258,Current,Active,2017-01-05,BR036,2813984.48,10000,3.65,1,26553.0
ACC000364,CUST00259,NRI,Active,2020-06-11,BR038,2802661.75,0,2.65,0,0.0
ACC000365,CUST00260,Current,Active,2019-04-09,BR039,2757397.07,10000,7.22,1,37918.0
ACC000366,CUST00261,Savings,Active,2023-06-15,BR004,214876.57,1000,3.32,1,0.0
ACC000367,CUST00262,Savings,Active,2023-10-01,BR015,125860.19,1000,6.98,1,0.0
ACC000368,CUST00263,Current,Active,2016-10-23,BR048,2900733.02,10000,4.24,1,16299.0
ACC000369,CUST00264,Fixed Deposit,Active,2020-01-24,BR037,5910084.79,0,2.67,1,0.0
ACC000370,CUST00264,Salary,Active,2020-02-16,BR037,182305.81,0,3.76,1,0.0
ACC000371,CUST00265,Salary,Active,2022-01-08,BR033,84811.08,0,5.25,1,0.0
ACC000372,CUST00266,Savings,Active,2022-02-27,BR011,25989.05,1000,7.34,1,0.0
ACC000373,CUST00266,Current,Active,2023-10-07,BR011,812531.67,10000,2.97,0,40040.0
ACC000374,CUST00267,Fixed Deposit,Closed,2022-03-28,BR042,3196554.04,0,6.39,0,0.0
ACC000375,CUST00268,Current,Active,2022-05-23,BR039,268226.73,10000,2.95,1,6108.0
ACC000376,CUST00268,Savings,Active,2023-07-19,BR039,233956.03,1000,2.7,1,0.0
ACC000377,CUST00269,Savings,Active,2021-11-26,BR030,225921.6,1000,7.19,1,0.0
ACC000378,CUST00270,Salary,Active,2018-01-21,BR039,191087.22,0,3.92,0,0.0
ACC000379,CUST00271,Savings,Active,2020-11-04,BR013,318477.43,1000,5.52,1,0.0
ACC000380,CUST00271,Current,Active,2020-06-25,BR013,1596604.79,10000,4.99,1,7173.0
ACC000381,CUST00272,Savings,Active,2020-09-23,BR027,63800.47,1000,5.69,1,0.0
ACC000382,CUST00273,Savings,Closed,2018-08-28,BR033,52678.74,1000,5.41,1,0.0
ACC000383,CUST00273,Fixed Deposit,Active,2023-03-12,BR033,3037304.54,0,5.39,1,0.0
ACC000384,CUST00274,Savings,Active,2021-10-24,BR044,157443.26,1000,5.62,0,0.0
ACC000385,CUST00275,Salary,Active,2022-09-05,BR030,232621.99,0,5.21,1,0.0
ACC000386,CUST00276,Current,Active,2023-09-13,BR010,191006.0,10000,6.66,0,26179.0
ACC000387,CUST00277,Fixed Deposit,Active,2018-06-21,BR041,8947725.08,0,6.66,1,0.0
ACC000388,CUST00277,Savings,Active,2023-01-27,BR041,409234.98,1000,3.59,1,0.0
ACC000389,CUST00277,Current,Active,2023-10-26,BR041,3265857.58,10000,3.0,1,11941.0
ACC000390,CUST00278,Current,Active,2017-05-19,BR026,3171858.78,10000,6.59,1,9018.0
ACC000391,CUST00278,Fixed Deposit,Active,2017-09-13,BR026,5122504.03,0,4.86,1,0.0
ACC000392,CUST00279,Savings,Active,2021-08-13,BR002,59492.65,1000,6.84,1,0.0
ACC000393,CUST00280,Savings,Active,2023-12-10,BR003,219419.11,1000,6.71,1,0.0
ACC000394,CUST00281,NRI,Active,2022-06-08,BR023,15288462.55,0,2.8,1,0.0
ACC000395,CUST00282,NRI,Active,2022-09-28,BR008,16096159.49,0,4.29,1,0.0
ACC000396,CUST00282,Fixed Deposit,Active,2022-05-25,BR008,6811776.76,0,4.59,1,0.0
ACC000397,CUST00282,Savings,Active,2023-06-08,BR008,56271.34,1000,3.35,0,0.0
ACC000398,CUST00283,Fixed Deposit,Active,2020-04-25,BR004,3270110.42,0,4.83,1,0.0
ACC000399,CUST00284,Current,Active,2020-11-08,BR043,2388358.13,10000,4.32,1,15459.0
ACC000400,CUST00285,Savings,Active,2023-12-03,BR032,178366.59,1000,7.36,1,0.0
ACC000401,CUST00286,Fixed Deposit,Active,2021-05-27,BR022,1504854.96,0,3.2,1,0.0
ACC000402,CUST00286,Salary,Active,2022-01-05,BR022,174166.27,0,3.06,1,0.0
ACC000403,CUST00287,Salary,Active,2020-06-22,BR017,246585.7,0,4.66,0,0.0
ACC000404,CUST00287,Fixed Deposit,Active,2022-05-07,BR017,8652780.51,0,4.8,1,0.0
ACC000405,CUST00287,Savings,Active,2020-03-11,BR017,324855.7,1000,4.57,0,0.0
ACC000406,CUST00288,Savings,Active,2020-12-15,BR028,272753.47,1000,3.55,1,0.0
ACC000407,CUST00288,Salary,Active,2017-12-26,BR028,133005.78,0,3.39,1,0.0
ACC000408,CUST00288,Fixed Deposit,Dormant,2019-06-04,BR028,563625.39,0,4.0,1,0.0
ACC000409,CUST00289,Savings,Active,2018-12-26,BR047,427201.02,1000,5.39,1,0.0
ACC000410,CUST00290,Fixed Deposit,Active,2017-03-05,BR042,2825019.67,0,2.77,1,0.0
ACC000411,CUST00291,Fixed Deposit,Active,2023-05-14,BR025,4731563.13,0,7.26,1,0.0
ACC000412,CUST00291,Savings,Active,2021-11-05,BR025,4770.57,1000,6.52,0,0.0
ACC000413,CUST00292,Salary,Active,2020-01-17,BR001,141876.24,0,5.83,1,0.0
ACC000414,CUST00292,Savings,Active,2020-03-05,BR001,357913.01,1000,7.05,1,0.0
ACC000415,CUST00292,NRI,Active,2020-12-10,BR001,9679890.27,0,3.4,0,0.0
ACC000416,CUST00293,Current,Active,2019-04-22,BR031,3425803.89,10000,7.47,1,37871.0
ACC000417,CUST00294,Salary,Active,2022-03-18,BR032,160349.78,0,6.84,0,0.0
ACC000418,CUST00294,Fixed Deposit,Active,2021-02-10,BR032,1829588.34,0,3.9,0,0.0
ACC000419,CUST00295,Savings,Active,2022-06-19,BR006,112237.19,1000,5.99,0,0.0
ACC000420,CUST00295,Fixed Deposit,Active,2023-10-09,BR006,3947987.76,0,5.93,1,0.0
ACC000421,CUST00296,Fixed Deposit,Active,2021-09-18,BR003,2782017.89,0,2.82,1,0.0
ACC000422,CUST00296,Savings,Dormant,2022-06-21,BR003,448872.95,1000,7.08,1,0.0
ACC000423,CUST00297,Savings,Active,2023-04-18,BR030,174231.04,1000,3.52,0,0.0
ACC000424,CUST00297,Salary,Active,2023-07-04,BR030,145078.82,0,4.01,1,0.0
ACC000425,CUST00298,Savings,Dormant,2023-12-27,BR023,377749.48,1000,4.3,1,0.0
ACC000426,CUST00299,Current,Active,2023-07-17,BR007,3274679.82,10000,3.24,1,18334.0
ACC000427,CUST00299,Savings,Active,2022-06-02,BR007,425366.57,1000,5.18,1,0.0
ACC000428,CUST00300,Savings,Active,2023-10-23,BR008,193914.09,1000,5.12,0,0.0
ACC000429,CUST00300,Salary,Active,2023-09-08,BR008,10983.99,0,4.31,1,0.0
ACC000430,CUST00300,Fixed Deposit,Active,2023-12-30,BR008,6528115.18,0,4.83,0,0.0
ACC000431,CUST00301,Savings,Active,2021-04-30,BR033,101976.34,1000,5.27,1,0.0
ACC000432,CUST00302,Savings,Active,2023-01-03,BR027,483756.21,1000,6.35,1,0.0
ACC000433,CUST00303,Fixed Deposit,Active,2021-05-07,BR020,6106217.69,0,6.55,0,0.0
ACC000434,CUST00304,Savings,Active,2017-08-25,BR033,316212.53,1000,7.49,1,0.0
ACC000435,CUST00304,Fixed Deposit,Active,2018-11-09,BR033,8591553.88,0,3.64,1,0.0
ACC000436,CUST00305,Salary,Active,2023-12-11,BR019,126554.35,0,4.66,0,0.0
ACC000437,CUST00305,NRI,Active,2023-12-18,BR019,5555018.66,0,4.03,1,0.0
ACC000438,CUST00306,Current,Dormant,2021-12-12,BR019,3080453.92,10000,7.26,1,44753.0
ACC000439,CUST00307,Salary,Active,2023-09-30,BR015,191987.18,0,5.14,1,0.0
ACC000440,CUST00308,NRI,Active,2023-06-03,BR036,14974396.48,0,6.45,1,0.0
ACC000441,CUST00309,Savings,Active,2021-07-31,BR013,295977.77,1000,4.71,1,0.0
ACC000442,CUST00310,Current,Active,2020-03-28,BR036,4545980.98,10000,6.96,1,15613.0
ACC000443,CUST00311,Savings,Active,2021-10-11,BR050,313616.76,1000,3.94,0,0.0
ACC000444,CUST00312,Savings,Active,2022-06-28,BR034,454679.63,1000,2.78,1,0.0
ACC000445,CUST00312,Fixed Deposit,Active,2022-07-06,BR034,8974252.78,0,5.36,1,0.0
ACC000446,CUST00313,Fixed Deposit,Active,2015-05-21,BR034,4636104.47,0,5.71,1,0.0
ACC000447,CUST00313,Savings,Active,2018-01-24,BR034,308655.92,1000,3.34,1,0.0
ACC000448,CUST00314,Savings,Active,2023-04-20,BR044,16185.24,1000,4.72,1,0.0
ACC000449,CUST00315,Fixed Deposit,Active,2023-11-12,BR033,2032044.85,0,6.32,1,0.0
ACC000450,CUST00316,Savings,Active,2020-10-18,BR041,368035.65,1000,5.31,0,0.0
ACC000451,CUST00317,Savings,Active,2022-07-16,BR042,89708.79,1000,6.42,1,0.0
ACC000452,CUST00318,Current,Active,2022-09-09,BR005,3932830.57,10000,5.05,0,34003.0
ACC000453,CUST00318,Savings,Active,2023-09-24,BR005,220803.22,1000,2.52,0,0.0
ACC000454,CUST00319,Current,Active,2017-03-09,BR042,1677480.41,10000,4.14,1,36833.0
ACC000455,CUST00320,Savings,Active,2021-11-25,BR006,459101.32,1000,6.94,1,0.0
ACC000456,CUST00320,Current,Active,2022-06-26,BR006,4821430.47,10000,4.33,1,8419.0
ACC000457,CUST00320,Salary,Active,2018-11-26,BR006,245154.73,0,3.7,1,0.0
ACC000458,CUST00321,Savings,Active,2022-05-02,BR041,241433.82,1000,3.78,1,0.0
ACC000459,CUST00321,Salary,Active,2022-01-01,BR041,253678.14,0,4.28,1,0.0
ACC000460,CUST00321,Current,Active,2021-06-16,BR041,2618456.92,10000,6.61,1,20573.0
ACC000461,CUST00322,Savings,Active,2023-08-10,BR036,24357.12,1000,2.6,0,0.0
ACC000462,CUST00323,Savings,Active,2021-08-18,BR013,256067.62,1000,3.03,1,0.0
ACC000463,CUST00323,Fixed Deposit,Dormant,2016-12-04,BR013,5593082.94,0,4.83,1,0.0
ACC000464,CUST00324,Savings,Active,2021-09-14,BR017,145181.21,1000,5.95,1,0.0
ACC000465,CUST00325,Current,Active,2021-09-17,BR032,4698879.68,10000,2.55,1,12810.0
ACC000466,CUST00325,Savings,Active,2023-05-16,BR032,444942.58,1000,7.08,1,0.0
ACC000467,CUST00326,Fixed Deposit,Active,2021-12-31,BR046,4814685.18,0,5.49,1,0.0
ACC000468,CUST00327,Savings,Active,2020-09-14,BR036,197485.27,1000,6.34,0,0.0
ACC000469,CUST00327,Fixed Deposit,Active,2020-11-22,BR036,1080192.28,0,3.03,1,0.0
ACC000470,CUST00327,Current,Active,2022-04-20,BR036,1061422.6,10000,4.28,0,39526.0
ACC000471,CUST00328,Current,Active,2022-06-29,BR033,33688.23,10000,3.74,1,20108.0
ACC000472,CUST00328,Savings,Active,2023-03-09,BR033,387303.38,1000,7.37,1,0.0
ACC000473,CUST00329,Savings,Active,2022-05-02,BR042,145544.88,1000,2.76,1,0.0
ACC000474,CUST00329,Current,Active,2020-10-13,BR042,2007910.38,10000,4.8,1,41711.0
ACC000475,CUST00330,Savings,Dormant,2019-10-14,BR044,244254.87,1000,3.28,0,0.0
ACC000476,CUST00331,Savings,Dormant,2021-05-15,BR003,6700.61,1000,6.31,1,0.0
ACC000477,CUST00331,Salary,Dormant,2020-08-25,BR003,223446.67,0,4.49,1,0.0
ACC000478,CUST00331,Fixed Deposit,Active,2022-06-09,BR003,1922649.88,0,5.29,1,0.0
ACC000479,CUST00332,Salary,Active,2023-11-15,BR003,32432.68,0,6.55,1,0.0
ACC000480,CUST00333,Current,Active,2022-10-20,BR024,1368949.63,10000,5.86,1,42811.0
ACC000481,CUST00333,Savings,Active,2023-11-27,BR024,476429.4,1000,7.41,1,0.0
ACC000482,CUST00334,Savings,Active,2022-03-23,BR001,488354.54,1000,4.9,1,0.0
ACC000483,CUST00335,Savings,Active,2017-03-12,BR043,331998.46,1000,3.75,1,0.0
ACC000484,CUST00336,Fixed Deposit,Active,2023-10-09,BR003,9229003.99,0,6.23,1,0.0
ACC000485,CUST00337,Salary,Active,2023-12-07,BR037,265678.72,0,5.7,0,0.0
ACC000486,CUST00338,Fixed Deposit,Dormant,2019-06-20,BR039,8060912.49,0,5.01,0,0.0
ACC000487,CUST00339,Current,Active,2016-06-10,BR005,3390376.27,10000,7.12,1,19360.0
ACC000488,CUST00340,Savings,Active,2023-10-12,BR031,124376.27,1000,3.09,1,0.0
ACC000489,CUST00341,Savings,Active,2023-06-24,BR034,458682.27,1000,7.17,1,0.0
ACC000490,CUST00341,Current,Active,2022-12-29,BR034,4047992.28,10000,5.25,1,48440.0
ACC000491,CUST00342,Current,Active,2019-12-15,BR007,839569.38,10000,5.31,1,26701.0
ACC000492,CUST00342,Savings,Dormant,2020-05-09,BR007,129869.07,1000,5.41,1,0.0
ACC000493,CUST00343,Current,Active,2020-12-23,BR037,508603.71,10000,5.89,1,16737.0
ACC000494,CUST00344,Current,Active,2022-09-22,BR035,317941.25,10000,3.57,0,10160.0
ACC000495,CUST00345,Savings,Active,2023-06-27,BR017,485500.47,1000,6.61,1,0.0
ACC000496,CUST00346,Savings,Active,2020-07-16,BR007,355283.2,1000,3.85,1,0.0
ACC000497,CUST00347,Salary,Active,2018-09-03,BR028,15681.73,0,4.55,1,0.0
ACC000498,CUST00348,NRI,Active,2023-06-18,BR004,14559039.5,0,6.38,1,0.0
ACC000499,CUST00348,Fixed Deposit,Active,2023-12-04,BR004,1631123.77,0,6.2,1,0.0
ACC000500,CUST00349,Salary,Active,2018-06-03,BR033,226001.65,0,4.77,1,0.0
ACC000501,CUST00350,NRI,Active,2023-07-09,BR043,11556891.67,0,3.25,0,0.0
ACC000502,CUST00351,Fixed Deposit,Active,2023-05-20,BR023,4830383.67,0,4.56,1,0.0
ACC000503,CUST00352,NRI,Active,2023-03-04,BR033,14682004.3,0,7.01,1,0.0
ACC000504,CUST00352,Current,Active,2021-06-15,BR033,4774200.71,10000,2.83,1,35043.0
ACC000505,CUST00353,Current,Active,2023-02-20,BR049,1779485.09,10000,2.78,1,40329.0
ACC000506,CUST00354,Current,Active,2018-06-25,BR021,3576429.56,10000,5.68,1,46419.0
ACC000507,CUST00355,Savings,Dormant,2020-01-23,BR036,175746.94,1000,2.79,1,0.0
ACC000508,CUST00355,Current,Active,2019-07-26,BR036,2050953.72,10000,4.97,1,24015.0
ACC000509,CUST00356,Savings,Active,2019-10-09,BR016,440791.89,1000,6.03,1,0.0
ACC000510,CUST00356,Current,Dormant,2022-02-07,BR016,1072824.04,10000,2.55,0,38054.0
ACC000511,CUST00356,Salary,Active,2022-05-07,BR016,51398.83,0,7.08,1,0.0
ACC000512,CUST00357,Current,Active,2023-04-24,BR040,2440532.92,10000,4.81,1,43230.0
ACC000513,CUST00358,Savings,Active,2020-01-01,BR012,369383.04,1000,7.25,1,0.0
ACC000514,CUST00358,NRI,Active,2020-10-02,BR012,11533620.39,0,4.04,1,0.0
ACC000515,CUST00359,Savings,Active,2023-09-01,BR023,28035.29,1000,6.53,0,0.0
ACC000516,CUST00359,Salary,Active,2022-11-14,BR023,206205.73,0,2.61,1,0.0
ACC000517,CUST00360,Salary,Active,2021-03-02,BR007,14680.28,0,4.46,1,0.0
ACC000518,CUST00361,Salary,Active,2023-10-27,BR014,71798.35,0,3.27,0,0.0
ACC000519,CUST00362,Fixed Deposit,Active,2021-03-21,BR016,3869585.91,0,7.35,1,0.0
ACC000520,CUST00363,Savings,Active,2020-10-15,BR035,139580.36,1000,5.76,1,0.0
ACC000521,CUST00364,Current,Active,2021-08-19,BR031,1681350.8,10000,7.23,1,21717.0
ACC000522,CUST00365,Current,Dormant,2018-01-26,BR023,1834808.22,10000,3.7,0,1601.0
ACC000523,CUST00366,Savings,Active,2018-06-13,BR025,112565.43,1000,4.72,1,0.0
ACC000524,CUST00367,Salary,Active,2021-08-04,BR006,92500.69,0,4.36,1,0.0
ACC000525,CUST00367,Savings,Closed,2020-01-31,BR006,220793.26,1000,4.24,1,0.0
ACC000526,CUST00367,Current,Active,2021-07-03,BR006,4820458.42,10000,7.23,1,19924.0
ACC000527,CUST00368,Salary,Active,2020-04-24,BR034,32319.91,0,4.22,1,0.0
ACC000528,CUST00369,Fixed Deposit,Active,2023-10-17,BR026,5484319.37,0,3.37,0,0.0
ACC000529,CUST00370,Current,Active,2022-08-09,BR010,1240080.78,10000,2.67,1,16736.0
ACC000530,CUST00371,Savings,Dormant,2023-09-27,BR021,400368.89,1000,6.86,1,0.0
ACC000531,CUST00372,Savings,Active,2023-05-24,BR028,101177.31,1000,3.75,1,0.0
ACC000532,CUST00372,Current,Active,2021-08-22,BR028,2277168.8,10000,6.33,1,43406.0
ACC000533,CUST00372,Fixed Deposit,Active,2020-12-27,BR028,6706927.27,0,4.96,1,0.0
ACC000534,CUST00373,Fixed Deposit,Active,2020-11-11,BR001,7644777.5,0,5.92,1,0.0
ACC000535,CUST00374,Salary,Active,2022-08-08,BR001,232156.29,0,6.56,1,0.0
ACC000536,CUST00375,Savings,Active,2022-11-25,BR025,20523.93,1000,2.97,0,0.0
ACC000537,CUST00375,Current,Active,2023-07-26,BR025,3458030.89,10000,6.1,1,27919.0
ACC000538,CUST00376,Salary,Closed,2022-04-16,BR018,182321.77,0,3.76,1,0.0
ACC000539,CUST00377,Savings,Active,2022-05-28,BR010,382390.24,1000,6.14,1,0.0
ACC000540,CUST00377,Current,Active,2017-11-22,BR010,4472265.42,10000,4.94,0,12487.0
ACC000541,CUST00378,Current,Active,2023-06-27,BR014,1624916.31,10000,5.46,0,16485.0
ACC000542,CUST00378,Salary,Active,2023-09-30,BR014,17331.15,0,2.58,1,0.0
ACC000543,CUST00379,Savings,Active,2018-05-16,BR018,276880.23,1000,5.97,0,0.0
ACC000544,CUST00379,Current,Active,2019-12-21,BR018,1712958.71,10000,6.1,1,40518.0
ACC000545,CUST00380,Savings,Active,2017-02-19,BR025,480753.82,1000,7.5,1,0.0
ACC000546,CUST00381,Current,Active,2023-12-21,BR021,119981.5,10000,5.68,1,47800.0
ACC000547,CUST00381,Savings,Active,2023-12-22,BR021,481433.04,1000,6.38,1,0.0
ACC000548,CUST00382,Salary,Active,2020-10-17,BR008,171964.7,0,4.48,1,0.0
ACC000549,CUST00383,Fixed Deposit,Active,2023-07-25,BR045,8244665.56,0,3.82,0,0.0
ACC000550,CUST00384,Current,Active,2018-04-16,BR004,1950076.25,10000,3.24,1,3952.0
ACC000551,CUST00384,Fixed Deposit,Active,2023-03-01,BR004,4355718.21,0,5.93,1,0.0
ACC000552,CUST00385,Savings,Active,2020-11-10,BR047,195980.82,1000,6.8,1,0.0
ACC000553,CUST00385,Current,Active,2017-06-26,BR047,1434193.6,10000,4.23,1,11756.0
ACC000554,CUST00386,Salary,Active,2023-05-22,BR037,90757.01,0,3.85,1,0.0
ACC000555,CUST00387,Fixed Deposit,Dormant,2020-07-03,BR019,1940801.09,0,6.34,0,0.0
ACC000556,CUST00388,NRI,Closed,2022-09-29,BR016,17877576.7,0,5.26,1,0.0
ACC000557,CUST00389,Fixed Deposit,Active,2020-09-20,BR008,1032436.2,0,6.83,1,0.0
ACC000558,CUST00390,Salary,Active,2023-07-10,BR043,79132.15,0,3.09,1,0.0
ACC000559,CUST00390,Current,Active,2023-08-22,BR043,1008387.25,10000,6.92,1,10962.0
ACC000560,CUST00391,Fixed Deposit,Active,2022-09-01,BR006,8411972.63,0,4.87,1,0.0
ACC000561,CUST00392,Fixed Deposit,Active,2019-12-29,BR005,5915636.24,0,5.56,1,0.0
ACC000562,CUST00393,Savings,Active,2023-11-30,BR048,457768.2,1000,3.21,1,0.0
ACC000563,CUST00394,Savings,Active,2023-06-01,BR033,269897.38,1000,3.37,1,0.0
ACC000564,CUST00394,Fixed Deposit,Active,2022-10-18,BR033,5347612.17,0,5.54,0,0.0
ACC000565,CUST00395,Savings,Active,2022-08-22,BR047,417678.8,1000,6.4,1,0.0
ACC000566,CUST00396,Salary,Active,2023-11-04,BR047,268735.02,0,6.8,1,0.0
ACC000567,CUST00396,Current,Active,2023-10-24,BR047,2108268.92,10000,4.31,0,6676.0
ACC000568,CUST00397,Salary,Active,2020-01-25,BR036,83899.62,0,4.32,1,0.0
ACC000569,CUST00398,Fixed Deposit,Active,2021-02-04,BR017,6980347.19,0,2.65,1,0.0
ACC000570,CUST00399,Salary,Active,2022-01-06,BR007,248960.0,0,5.81,1,0.0
ACC000571,CUST00399,Savings,Dormant,2023-12-05,BR007,318937.09,1000,4.61,1,0.0
ACC000572,CUST00399,Fixed Deposit,Active,2023-06-29,BR007,4846600.02,0,6.26,1,0.0
ACC000573,CUST00400,Salary,Active,2016-03-29,BR050,92106.25,0,5.05,1,0.0
ACC000574,CUST00401,Current,Active,2023-05-12,BR021,99039.91,10000,5.23,1,23784.0
ACC000575,CUST00402,Savings,Dormant,2017-09-21,BR009,95006.26,1000,7.16,1,0.0
ACC000576,CUST00403,Current,Active,2023-07-29,BR031,657062.2,10000,4.3,0,23845.0
ACC000577,CUST00404,Current,Active,2022-07-27,BR044,1816938.75,10000,2.74,0,32918.0
ACC000578,CUST00404,Savings,Active,2023-11-25,BR044,172793.19,1000,7.18,1,0.0
ACC000579,CUST00405,NRI,Active,2019-06-01,BR023,14248411.43,0,3.65,0,0.0
ACC000580,CUST00406,Current,Active,2022-02-13,BR008,4162603.62,10000,3.38,0,37906.0
ACC000581,CUST00406,Fixed Deposit,Dormant,2019-12-09,BR008,4648107.56,0,5.63,0,0.0
ACC000582,CUST00407,Savings,Active,2023-09-05,BR048,396006.24,1000,6.26,1,0.0
ACC000583,CUST00407,Salary,Active,2021-06-24,BR048,206328.49,0,4.2,1,0.0
ACC000584,CUST00408,Savings,Active,2023-12-21,BR043,466921.47,1000,2.91,1,0.0
ACC000585,CUST00409,Current,Active,2021-11-14,BR043,4751772.83,10000,7.44,1,26267.0
ACC000586,CUST00409,Fixed Deposit,Active,2021-04-04,BR043,9936958.38,0,6.44,1,0.0
ACC000587,CUST00410,Fixed Deposit,Active,2020-01-31,BR021,8703795.93,0,6.09,0,0.0
ACC000588,CUST00411,Salary,Active,2017-08-11,BR020,212757.62,0,6.06,1,0.0
ACC000589,CUST00412,Savings,Active,2020-11-18,BR004,166762.05,1000,2.94,1,0.0
ACC000590,CUST00413,Current,Active,2022-06-18,BR034,696820.41,10000,5.03,0,18954.0
ACC000591,CUST00414,Savings,Active,2023-03-25,BR009,471883.92,1000,5.89,1,0.0
ACC000592,CUST00414,Fixed Deposit,Active,2023-02-26,BR009,6289089.4,0,6.83,1,0.0
ACC000593,CUST00415,Salary,Active,2018-01-23,BR042,11856.2,0,6.21,1,0.0
ACC000594,CUST00416,Salary,Active,2020-02-24,BR020,121558.16,0,4.11,1,0.0
ACC000595,CUST00416,Savings,Active,2021-10-24,BR020,433653.35,1000,6.31,1,0.0
ACC000596,CUST00417,Savings,Active,2019-01-17,BR039,332236.24,1000,6.07,1,0.0
ACC000597,CUST00418,Salary,Active,2023-07-22,BR046,85504.68,0,4.92,1,0.0
ACC000598,CUST00419,Fixed Deposit,Active,2023-06-29,BR027,9588115.32,0,6.02,1,0.0
ACC000599,CUST00420,Current,Active,2021-08-29,BR016,4749755.18,10000,4.78,1,7764.0
ACC000600,CUST00421,Savings,Active,2017-07-26,BR034,432457.9,1000,6.29,1,0.0
ACC000601,CUST00422,Savings,Active,2021-06-13,BR013,338081.1,1000,4.99,1,0.0
ACC000602,CUST00423,Salary,Active,2019-03-02,BR042,119460.79,0,4.17,0,0.0
ACC000603,CUST00423,Savings,Active,2019-10-26,BR042,333142.28,1000,6.04,1,0.0
ACC000604,CUST00424,Savings,Active,2023-09-26,BR012,456318.29,1000,6.98,1,0.0
ACC000605,CUST00425,Savings,Dormant,2023-02-27,BR006,207054.92,1000,7.46,1,0.0
ACC000606,CUST00425,Salary,Active,2018-09-12,BR006,298952.39,0,6.04,1,0.0
ACC000607,CUST00426,Fixed Deposit,Active,2019-11-16,BR025,4771944.74,0,6.99,1,0.0
ACC000608,CUST00426,Savings,Active,2023-12-09,BR025,467930.63,1000,3.65,1,0.0
ACC000609,CUST00427,Fixed Deposit,Active,2018-11-17,BR019,2219337.11,0,3.49,0,0.0
ACC000610,CUST00428,Current,Active,2023-11-07,BR039,730595.74,10000,5.16,1,44473.0
ACC000611,CUST00428,Savings,Active,2023-06-07,BR039,364918.25,1000,5.3,1,0.0
ACC000612,CUST00429,Current,Active,2022-08-03,BR041,3445978.77,10000,3.99,1,19300.0
ACC000613,CUST00430,Savings,Active,2023-07-14,BR020,482602.49,1000,5.9,1,0.0
ACC000614,CUST00430,Salary,Active,2023-06-14,BR020,237659.15,0,4.52,0,0.0
ACC000615,CUST00430,Current,Active,2023-04-24,BR020,1980352.67,10000,7.08,1,34902.0
ACC000616,CUST00431,Current,Active,2022-02-02,BR012,200866.77,10000,5.65,0,19662.0
ACC000617,CUST00432,Savings,Active,2019-10-23,BR005,31770.48,1000,4.45,1,0.0
ACC000618,CUST00432,Current,Active,2020-02-16,BR005,1799927.97,10000,3.79,1,23116.0
ACC000619,CUST00432,Fixed Deposit,Active,2020-02-21,BR005,8717395.59,0,5.01,1,0.0
ACC000620,CUST00433,Savings,Active,2023-07-23,BR006,446105.57,1000,7.16,1,0.0
ACC000621,CUST00433,Fixed Deposit,Active,2022-09-27,BR006,6328432.79,0,4.32,1,0.0
ACC000622,CUST00434,Fixed Deposit,Active,2023-10-21,BR040,5828412.18,0,4.7,1,0.0
ACC000623,CUST00434,Savings,Active,2023-11-07,BR040,149801.46,1000,6.07,1,0.0
ACC000624,CUST00435,Savings,Active,2023-07-12,BR002,460046.86,1000,6.33,0,0.0
ACC000625,CUST00436,Salary,Dormant,2020-11-19,BR045,292316.39,0,2.55,1,0.0
ACC000626,CUST00437,Savings,Active,2023-09-15,BR040,412862.12,1000,3.14,1,0.0
ACC000627,CUST00438,Fixed Deposit,Active,2022-12-08,BR035,246128.94,0,4.67,1,0.0
ACC000628,CUST00439,Savings,Active,2023-02-21,BR014,241532.76,1000,6.21,0,0.0
ACC000629,CUST00440,Savings,Active,2022-11-26,BR037,323427.59,1000,5.45,0,0.0
ACC000630,CUST00441,Current,Active,2022-12-23,BR029,4938615.34,10000,5.29,1,11006.0
ACC000631,CUST00441,Savings,Active,2023-11-24,BR029,65693.39,1000,5.28,1,0.0
ACC000632,CUST00442,Fixed Deposit,Active,2023-06-07,BR031,107133.24,0,6.34,1,0.0
ACC000633,CUST00442,Salary,Active,2023-05-31,BR031,184464.1,0,3.68,0,0.0
ACC000634,CUST00443,Savings,Active,2023-11-15,BR044,52831.2,1000,3.47,0,0.0
ACC000635,CUST00444,Savings,Active,2022-05-17,BR006,471667.19,1000,5.82,0,0.0
ACC000636,CUST00445,Savings,Active,2022-09-13,BR035,161158.46,1000,3.25,1,0.0
ACC000637,CUST00446,Savings,Active,2023-12-03,BR023,62328.99,1000,4.27,1,0.0
ACC000638,CUST00447,Savings,Active,2023-10-27,BR002,240611.35,1000,4.05,0,0.0
ACC000639,CUST00448,Savings,Active,2022-02-06,BR040,169870.78,1000,2.56,1,0.0
ACC000640,CUST00449,Current,Active,2023-10-23,BR030,2437544.39,10000,7.33,1,21762.0
ACC000641,CUST00450,Savings,Active,2023-12-22,BR012,386202.2,1000,4.63,1,0.0
ACC000642,CUST00451,Current,Active,2020-01-21,BR050,3816341.34,10000,3.6,1,22211.0
ACC000643,CUST00452,Current,Active,2021-02-03,BR030,1001177.33,10000,6.97,1,39661.0
ACC000644,CUST00453,Savings,Active,2020-06-19,BR028,251497.31,1000,2.87,1,0.0
ACC000645,CUST00453,Current,Dormant,2021-06-26,BR028,1041612.73,10000,4.99,1,15661.0
ACC000646,CUST00453,Salary,Active,2020-06-01,BR028,39014.66,0,4.1,1,0.0
ACC000647,CUST00454,Savings,Active,2023-06-17,BR039,14183.89,1000,7.05,1,0.0
ACC000648,CUST00455,Savings,Active,2021-09-22,BR021,474788.19,1000,3.68,0,0.0
ACC000649,CUST00456,Current,Active,2023-04-13,BR029,2907195.42,10000,2.97,0,24234.0
ACC000650,CUST00457,Savings,Active,2021-05-06,BR046,103287.93,1000,5.14,1,0.0
ACC000651,CUST00457,Salary,Active,2020-03-25,BR046,154259.72,0,5.9,0,0.0
ACC000652,CUST00458,Current,Active,2018-12-12,BR001,575025.12,10000,5.18,0,13197.0
ACC000653,CUST00458,Fixed Deposit,Active,2021-12-23,BR001,9330423.75,0,4.68,0,0.0
ACC000654,CUST00459,Savings,Active,2020-01-31,BR026,239258.35,1000,3.69,1,0.0
ACC000655,CUST00460,Savings,Active,2019-12-06,BR043,258091.43,1000,4.42,0,0.0
ACC000656,CUST00461,Fixed Deposit,Active,2022-06-01,BR030,9281340.93,0,6.66,1,0.0
ACC000657,CUST00461,Savings,Active,2023-07-03,BR030,435366.03,1000,7.37,1,0.0
ACC000658,CUST00462,Current,Active,2019-04-09,BR028,4591542.18,10000,2.56,1,36972.0
ACC000659,CUST00463,Savings,Active,2021-01-16,BR031,182795.91,1000,6.15,1,0.0
ACC000660,CUST00464,Savings,Active,2023-03-26,BR006,145934.48,1000,5.79,0,0.0
ACC000661,CUST00465,Savings,Dormant,2019-03-03,BR040,124234.47,1000,2.78,0,0.0
ACC000662,CUST00466,Savings,Active,2021-10-02,BR019,438763.67,1000,6.07,1,0.0
ACC000663,CUST00467,Fixed Deposit,Active,2022-02-19,BR048,6721933.88,0,4.48,0,0.0
ACC000664,CUST00468,Salary,Dormant,2018-08-04,BR001,180351.31,0,5.13,1,0.0
ACC000665,CUST00469,Savings,Active,2021-08-16,BR003,252619.42,1000,3.23,1,0.0
ACC000666,CUST00469,Salary,Dormant,2019-03-29,BR003,142195.5,0,3.74,1,0.0
ACC000667,CUST00470,Savings,Active,2023-11-18,BR014,362642.79,1000,6.73,1,0.0
ACC000668,CUST00471,Salary,Active,2023-09-16,BR015,153457.22,0,4.17,1,0.0
ACC000669,CUST00472,Savings,Closed,2023-10-02,BR034,146875.86,1000,5.81,1,0.0
ACC000670,CUST00472,Current,Active,2022-09-19,BR034,793819.43,10000,7.37,0,38670.0
ACC000671,CUST00473,Savings,Active,2022-11-13,BR042,306464.81,1000,5.95,1,0.0
ACC000672,CUST00474,Savings,Active,2017-11-23,BR036,173470.23,1000,2.58,1,0.0
ACC000673,CUST00475,Salary,Active,2022-04-22,BR003,152463.18,0,4.71,1,0.0
ACC000674,CUST00475,Current,Active,2022-06-14,BR003,831306.31,10000,4.08,1,43964.0
ACC000675,CUST00476,Fixed Deposit,Closed,2021-12-20,BR012,6722431.35,0,5.86,1,0.0
ACC000676,CUST00476,Savings,Active,2023-01-14,BR012,158396.27,1000,5.25,1,0.0
ACC000677,CUST00477,Savings,Active,2021-04-27,BR017,313701.3,1000,5.11,0,0.0
ACC000678,CUST00478,Savings,Closed,2021-11-21,BR032,370639.2,1000,4.25,0,0.0
ACC000679,CUST00478,Fixed Deposit,Active,2021-07-05,BR032,6079798.1,0,2.82,1,0.0
ACC000680,CUST00478,Current,Active,2021-05-02,BR032,2742072.0,10000,6.41,0,9158.0
ACC000681,CUST00479,Current,Active,2022-02-06,BR046,1129728.87,10000,6.57,0,5582.0
ACC000682,CUST00479,NRI,Active,2020-09-18,BR046,6272579.07,0,3.02,1,0.0
ACC000683,CUST00480,Savings,Active,2018-05-02,BR018,283612.9,1000,5.15,1,0.0
ACC000684,CUST00480,Current,Active,2019-07-02,BR018,3420506.47,10000,7.39,1,46670.0
ACC000685,CUST00481,Savings,Active,2023-09-03,BR035,81779.72,1000,4.63,1,0.0
ACC000686,CUST00482,Savings,Dormant,2023-11-04,BR024,186325.33,1000,5.32,1,0.0
ACC000687,CUST00483,Fixed Deposit,Active,2022-07-03,BR020,2941576.11,0,4.09,1,0.0
ACC000688,CUST00484,Fixed Deposit,Active,2022-04-13,BR016,9007020.54,0,7.39,1,0.0
ACC000689,CUST00485,Salary,Active,2023-02-19,BR022,197040.99,0,5.24,1,0.0
ACC000690,CUST00486,Savings,Active,2023-08-30,BR015,264770.65,1000,4.21,1,0.0
ACC000691,CUST00487,Salary,Active,2022-01-03,BR012,48948.75,0,3.26,0,0.0
ACC000692,CUST00487,Savings,Active,2019-02-02,BR012,43737.92,1000,4.83,0,0.0
ACC000693,CUST00488,Current,Active,2021-03-27,BR040,2036275.64,10000,5.86,1,34027.0
ACC000694,CUST00488,Savings,Active,2022-03-14,BR040,317970.79,1000,7.35,1,0.0
ACC000695,CUST00489,Savings,Active,2019-05-25,BR049,220784.87,1000,2.73,1,0.0
ACC000696,CUST00490,Savings,Active,2022-09-05,BR003,17924.48,1000,5.44,1,0.0
ACC000697,CUST00490,Salary,Active,2023-02-15,BR003,262871.41,0,5.91,0,0.0
ACC000698,CUST00491,Current,Active,2023-06-04,BR019,3122836.71,10000,5.75,1,42615.0
ACC000699,CUST00492,Current,Active,2016-11-03,BR045,4602368.48,10000,5.78,1,10877.0
ACC000700,CUST00493,Savings,Active,2023-09-20,BR007,152896.28,1000,5.05,1,0.0
ACC000701,CUST00494,Current,Active,2019-08-06,BR044,1186205.27,10000,6.32,1,32141.0
ACC000702,CUST00495,Savings,Active,2023-05-27,BR049,436111.91,1000,6.65,1,0.0
ACC000703,CUST00496,Salary,Active,2020-09-08,BR038,232272.18,0,3.8,1,0.0
ACC000704,CUST00496,Fixed Deposit,Active,2023-07-24,BR038,5510291.18,0,7.36,0,0.0
ACC000705,CUST00497,Salary,Active,2023-12-25,BR015,128050.09,0,6.71,1,0.0
ACC000706,CUST00498,Current,Active,2018-02-04,BR041,3696314.61,10000,5.4,0,10538.0
ACC000707,CUST00499,Savings,Active,2022-11-28,BR049,251041.49,1000,4.49,1,0.0
ACC000708,CUST00500,Current,Active,2022-10-04,BR031,4467655.73,10000,5.63,1,30137.0
ACC000709,CUST00501,Current,Active,2018-10-13,BR037,282699.05,10000,4.13,0,19253.0
ACC000710,CUST00501,Savings,Active,2019-06-01,BR037,116585.45,1000,4.25,1,0.0
ACC000711,CUST00502,Savings,Active,2023-09-23,BR029,226761.73,1000,6.83,0,0.0
ACC000712,CUST00503,Current,Active,2023-11-21,BR031,3960983.21,10000,7.21,1,18193.0
ACC000713,CUST00503,Savings,Dormant,2023-02-03,BR031,60746.76,1000,5.76,1,0.0
ACC000714,CUST00503,Salary,Active,2023-11-08,BR031,32744.07,0,6.97,1,0.0
ACC000715,CUST00504,Fixed Deposit,Active,2021-10-15,BR046,8351057.37,0,4.74,0,0.0
ACC000716,CUST00504,Savings,Active,2021-10-15,BR046,131983.66,1000,3.43,1,0.0
ACC000717,CUST00504,NRI,Active,2023-07-25,BR046,13225998.8,0,3.22,0,0.0
ACC000718,CUST00505,Current,Active,2022-02-16,BR044,4930260.11,10000,5.8,0,39908.0
ACC000719,CUST00506,Savings,Active,2022-05-08,BR024,409082.78,1000,3.77,1,0.0
ACC000720,CUST00507,Savings,Active,2023-09-12,BR048,95486.01,1000,3.46,1,0.0
ACC000721,CUST00507,Salary,Active,2021-05-02,BR048,222103.09,0,3.37,1,0.0
ACC000722,CUST00508,Salary,Active,2023-10-15,BR004,87988.79,0,4.05,1,0.0
ACC000723,CUST00509,Savings,Active,2022-11-22,BR040,86008.12,1000,3.45,1,0.0
ACC000724,CUST00509,Current,Active,2019-02-13,BR040,1714018.05,10000,3.49,0,21512.0
ACC000725,CUST00510,Savings,Active,2022-02-05,BR011,128659.75,1000,5.94,1,0.0
ACC000726,CUST00511,Current,Active,2021-05-06,BR031,1373120.39,10000,7.34,1,7068.0
ACC000727,CUST00511,Savings,Dormant,2015-06-24,BR031,184527.72,1000,5.02,1,0.0
ACC000728,CUST00512,Current,Active,2022-10-14,BR027,4614077.16,10000,4.69,1,7565.0
ACC000729,CUST00512,Savings,Active,2021-11-08,BR027,17276.94,1000,5.78,1,0.0
ACC000730,CUST00513,Savings,Active,2022-05-19,BR020,76571.63,1000,4.76,1,0.0
ACC000731,CUST00514,Savings,Active,2021-05-31,BR046,458029.11,1000,3.96,0,0.0
ACC000732,CUST00514,Current,Active,2021-12-01,BR046,3969527.69,10000,5.4,0,38116.0
ACC000733,CUST00515,Savings,Active,2023-11-08,BR014,229444.42,1000,5.93,0,0.0
ACC000734,CUST00516,Current,Active,2019-04-21,BR032,3938952.68,10000,4.94,1,24745.0
ACC000735,CUST00517,Fixed Deposit,Active,2023-05-19,BR049,4118251.61,0,6.57,0,0.0
ACC000736,CUST00517,Savings,Active,2023-12-25,BR049,165836.72,1000,4.61,1,0.0
ACC000737,CUST00517,Salary,Active,2022-12-02,BR049,14365.83,0,3.12,1,0.0
ACC000738,CUST00518,Fixed Deposit,Active,2020-09-07,BR002,4529335.98,0,3.72,1,0.0
ACC000739,CUST00518,Savings,Active,2022-05-12,BR002,267471.84,1000,3.01,1,0.0
ACC000740,CUST00519,Fixed Deposit,Active,2022-09-05,BR013,1003566.96,0,4.49,1,0.0
ACC000741,CUST00519,Salary,Active,2017-10-28,BR013,78611.6,0,2.79,1,0.0
ACC000742,CUST00519,Savings,Active,2020-09-28,BR013,264724.44,1000,7.07,1,0.0
ACC000743,CUST00520,Savings,Active,2021-10-23,BR026,177452.1,1000,5.84,1,0.0
ACC000744,CUST00521,Fixed Deposit,Active,2020-11-03,BR048,4872637.97,0,2.93,1,0.0
ACC000745,CUST00522,Savings,Active,2019-05-03,BR014,387675.13,1000,4.6,1,0.0
ACC000746,CUST00522,Fixed Deposit,Active,2019-02-16,BR014,643065.94,0,7.25,1,0.0
ACC000747,CUST00523,Savings,Dormant,2019-08-11,BR030,156158.71,1000,5.26,1,0.0
ACC000748,CUST00523,Current,Active,2021-04-03,BR030,532779.52,10000,7.47,1,47914.0
ACC000749,CUST00523,Salary,Active,2023-11-05,BR030,34293.32,0,3.72,1,0.0
ACC000750,CUST00524,Savings,Active,2020-05-16,BR020,17549.74,1000,4.9,1,0.0
ACC000751,CUST00525,Fixed Deposit,Active,2015-10-13,BR027,3977103.9,0,6.92,1,0.0
ACC000752,CUST00526,Current,Active,2023-10-13,BR037,1775551.94,10000,4.61,1,46639.0
ACC000753,CUST00527,Current,Active,2020-11-12,BR004,2766200.96,10000,5.29,0,46643.0
ACC000754,CUST00528,Savings,Active,2020-01-15,BR019,236051.11,1000,5.13,0,0.0
ACC000755,CUST00529,Savings,Active,2021-10-27,BR018,289703.4,1000,2.55,0,0.0
ACC000756,CUST00530,Fixed Deposit,Active,2021-02-08,BR007,8462914.32,0,4.46,1,0.0
ACC000757,CUST00531,Savings,Dormant,2018-09-27,BR027,492488.84,1000,4.96,1,0.0
ACC000758,CUST00532,Salary,Active,2018-05-30,BR049,23617.74,0,3.64,1,0.0
ACC000759,CUST00533,Savings,Active,2021-12-20,BR014,392550.42,1000,3.18,1,0.0
ACC000760,CUST00534,NRI,Active,2018-07-10,BR038,5192851.75,0,5.46,0,0.0
ACC000761,CUST00534,Savings,Dormant,2021-07-20,BR038,475411.81,1000,4.95,0,0.0
ACC000762,CUST00535,Current,Active,2021-10-11,BR013,2689655.41,10000,4.31,1,27304.0
ACC000763,CUST00536,Fixed Deposit,Active,2018-03-11,BR016,7377633.7,0,4.64,1,0.0
ACC000764,CUST00537,Fixed Deposit,Active,2020-03-17,BR014,4806506.83,0,7.39,1,0.0
ACC000765,CUST00537,Current,Active,2020-07-13,BR014,4159580.32,10000,3.72,1,1935.0
ACC000766,CUST00537,Salary,Closed,2022-05-26,BR014,225564.72,0,5.59,1,0.0
ACC000767,CUST00538,Savings,Active,2018-05-02,BR015,48399.92,1000,6.47,0,0.0
ACC000768,CUST00539,Salary,Active,2022-10-11,BR006,88412.13,0,3.05,0,0.0
ACC000769,CUST00539,Current,Active,2023-09-01,BR006,1330563.92,10000,2.92,1,4532.0
ACC000770,CUST00539,Savings,Dormant,2023-03-14,BR006,494502.88,1000,4.13,1,0.0
ACC000771,CUST00540,Savings,Active,2021-12-28,BR013,404916.72,1000,5.93,1,0.0
ACC000772,CUST00540,NRI,Active,2022-06-05,BR013,2696012.25,0,6.69,1,0.0
ACC000773,CUST00540,Current,Dormant,2021-08-26,BR013,1471246.56,10000,7.27,1,390.0
ACC000774,CUST00541,Salary,Active,2017-10-05,BR008,182609.3,0,4.08,0,0.0
ACC000775,CUST00542,Savings,Active,2020-09-03,BR026,302257.94,1000,4.31,1,0.0
ACC000776,CUST00543,Salary,Active,2023-09-14,BR031,253244.01,0,4.16,0,0.0
ACC000777,CUST00544,Savings,Active,2023-08-31,BR002,79491.56,1000,3.63,1,0.0
ACC000778,CUST00544,Current,Active,2023-11-25,BR002,2166669.75,10000,3.82,1,47262.0
ACC000779,CUST00545,Savings,Active,2023-12-07,BR007,391908.06,1000,7.47,1,0.0
ACC000780,CUST00546,Salary,Active,2022-05-14,BR035,54716.8,0,7.33,1,0.0
ACC000781,CUST00547,Savings,Active,2018-06-25,BR043,332482.01,1000,4.34,1,0.0
ACC000782,CUST00548,Savings,Active,2023-11-09,BR043,248499.06,1000,7.15,0,0.0
ACC000783,CUST00549,Salary,Closed,2021-05-24,BR044,53148.32,0,4.08,1,0.0
ACC000784,CUST00550,Current,Active,2023-12-10,BR025,4221349.92,10000,6.54,1,40784.0
ACC000785,CUST00550,Savings,Closed,2022-07-15,BR025,50218.24,1000,4.09,0,0.0
ACC000786,CUST00551,Savings,Active,2023-08-16,BR020,132284.09,1000,6.01,1,0.0
ACC000787,CUST00552,Fixed Deposit,Active,2023-05-30,BR038,4424024.22,0,5.86,1,0.0
ACC000788,CUST00552,Savings,Dormant,2023-08-22,BR038,447955.17,1000,3.82,1,0.0
ACC000789,CUST00552,NRI,Active,2023-05-20,BR038,8105516.85,0,7.02,1,0.0
ACC000790,CUST00553,Savings,Active,2021-03-14,BR049,96836.05,1000,3.11,0,0.0
ACC000791,CUST00554,Current,Active,2022-03-21,BR019,2312917.03,10000,3.53,0,5668.0
ACC000792,CUST00555,Current,Active,2023-02-04,BR005,1116066.49,10000,7.26,1,32499.0
ACC000793,CUST00555,Savings,Closed,2018-10-27,BR005,468824.14,1000,4.85,1,0.0
ACC000794,CUST00556,Savings,Active,2023-10-09,BR021,16295.71,1000,5.83,0,0.0
ACC000795,CUST00556,NRI,Active,2023-11-07,BR021,5886312.78,0,4.49,1,0.0
ACC000796,CUST00556,Fixed Deposit,Dormant,2023-11-19,BR021,5551905.66,0,6.76,1,0.0
ACC000797,CUST00557,Savings,Active,2023-03-28,BR037,381388.56,1000,7.3,1,0.0
ACC000798,CUST00558,Fixed Deposit,Active,2023-05-28,BR047,8791417.05,0,6.89,1,0.0
ACC000799,CUST00558,NRI,Active,2023-03-05,BR047,5567535.84,0,3.23,1,0.0
ACC000800,CUST00559,Current,Active,2023-09-08,BR041,4964019.15,10000,6.21,0,21136.0
ACC000801,CUST00559,Savings,Active,2021-08-01,BR041,28352.26,1000,7.25,1,0.0
ACC000802,CUST00560,Current,Active,2023-02-20,BR016,3070774.27,10000,7.1,1,15930.0
ACC000803,CUST00561,Salary,Active,2023-07-27,BR043,130282.99,0,6.31,1,0.0
ACC000804,CUST00562,Salary,Active,2019-09-09,BR024,176244.01,0,4.65,0,0.0
ACC000805,CUST00562,Current,Active,2019-11-03,BR024,525966.82,10000,3.57,0,46422.0
ACC000806,CUST00562,Savings,Active,2019-04-18,BR024,321288.49,1000,4.63,0,0.0
ACC000807,CUST00563,Savings,Active,2022-11-22,BR017,6929.01,1000,5.49,1,0.0
ACC000808,CUST00564,Current,Active,2022-05-27,BR028,2269816.89,10000,3.06,0,26344.0
ACC000809,CUST00565,Savings,Closed,2022-06-20,BR035,317365.25,1000,5.69,1,0.0
ACC000810,CUST00565,Fixed Deposit,Active,2021-10-08,BR035,2419273.31,0,4.36,1,0.0
ACC000811,CUST00565,Salary,Active,2023-09-17,BR035,78339.77,0,4.89,1,0.0
ACC000812,CUST00566,Salary,Active,2017-04-04,BR003,251649.88,0,3.71,1,0.0
ACC000813,CUST00567,Current,Closed,2022-12-19,BR044,253419.28,10000,6.48,1,927.0
ACC000814,CUST00567,Fixed Deposit,Active,2022-02-05,BR044,5207478.86,0,5.29,1,0.0
ACC000815,CUST00568,Savings,Active,2023-01-12,BR020,179876.01,1000,4.14,0,0.0
ACC000816,CUST00569,Savings,Active,2019-09-07,BR048,242063.22,1000,5.01,1,0.0
ACC000817,CUST00569,Salary,Active,2018-01-04,BR048,120218.52,0,4.48,1,0.0
ACC000818,CUST00569,NRI,Active,2021-11-09,BR048,12738610.07,0,2.88,0,0.0
ACC000819,CUST00570,Current,Active,2020-06-01,BR030,185816.26,10000,6.12,0,41460.0
ACC000820,CUST00571,Savings,Dormant,2021-05-13,BR006,256886.99,1000,5.56,1,0.0
ACC000821,CUST00571,Salary,Active,2023-06-21,BR006,224812.68,0,5.01,1,0.0
ACC000822,CUST00572,Savings,Active,2022-08-20,BR012,411018.28,1000,5.41,1,0.0
ACC000823,CUST00572,Fixed Deposit,Dormant,2020-06-04,BR012,7796143.39,0,3.55,0,0.0
ACC000824,CUST00573,Savings,Active,2023-02-17,BR015,69364.66,1000,5.95,0,0.0
ACC000825,CUST00574,Savings,Active,2023-06-07,BR017,446067.98,1000,3.37,1,0.0
ACC000826,CUST00575,NRI,Active,2020-04-23,BR015,3870643.13,0,4.98,1,0.0
ACC000827,CUST00576,Savings,Active,2023-01-06,BR047,246456.99,1000,6.81,1,0.0
ACC000828,CUST00577,Salary,Active,2023-01-29,BR006,218116.65,0,3.76,1,0.0
ACC000829,CUST00577,Current,Active,2023-10-23,BR006,1311910.96,10000,5.04,1,35445.0
ACC000830,CUST00578,Savings,Active,2023-11-05,BR004,165313.92,1000,5.82,0,0.0
ACC000831,CUST00579,NRI,Active,2022-09-13,BR040,16154028.74,0,6.33,1,0.0
ACC000832,CUST00580,Salary,Active,2022-01-25,BR009,150050.44,0,7.34,1,0.0
ACC000833,CUST00580,Savings,Active,2023-02-14,BR009,392067.59,1000,4.8,1,0.0
ACC000834,CUST00581,Current,Active,2020-05-01,BR028,2117154.85,10000,7.02,1,7429.0
ACC000835,CUST00582,Savings,Active,2023-02-20,BR043,444184.98,1000,5.78,1,0.0
ACC000836,CUST00583,Savings,Active,2023-07-31,BR003,472824.03,1000,3.39,1,0.0
ACC000837,CUST00584,Savings,Active,2022-02-03,BR012,356021.52,1000,3.35,1,0.0
ACC000838,CUST00584,Fixed Deposit,Active,2021-03-08,BR012,2320065.01,0,2.67,1,0.0
ACC000839,CUST00584,Current,Active,2022-05-18,BR012,4433557.55,10000,4.87,0,37845.0
ACC000840,CUST00585,Savings,Active,2023-10-14,BR012,415652.2,1000,4.9,0,0.0
ACC000841,CUST00585,NRI,Dormant,2023-10-10,BR012,17571729.74,0,3.53,1,0.0
ACC000842,CUST00586,Fixed Deposit,Dormant,2018-07-25,BR038,4271296.37,0,5.27,1,0.0
ACC000843,CUST00587,Current,Active,2023-12-22,BR043,1053609.75,10000,3.03,1,46270.0
ACC000844,CUST00588,Savings,Active,2022-04-12,BR042,299685.42,1000,6.36,1,0.0
ACC000845,CUST00588,Current,Closed,2019-12-25,BR042,3193367.51,10000,4.69,1,11565.0
ACC000846,CUST00589,Savings,Active,2022-09-25,BR006,223248.29,1000,5.37,1,0.0
ACC000847,CUST00590,Savings,Active,2022-07-25,BR044,16555.59,1000,6.91,1,0.0
ACC000848,CUST00591,Savings,Dormant,2023-02-21,BR049,161632.81,1000,5.09,0,0.0
ACC000849,CUST00592,Current,Active,2020-05-17,BR032,3339009.12,10000,2.64,1,8960.0
ACC000850,CUST00592,Salary,Active,2020-12-06,BR032,157654.95,0,6.53,1,0.0
ACC000851,CUST00593,Savings,Active,2020-05-24,BR016,296188.13,1000,3.33,1,0.0
ACC000852,CUST00593,Salary,Active,2019-04-25,BR016,69658.63,0,4.36,0,0.0
ACC000853,CUST00594,Fixed Deposit,Active,2019-04-10,BR023,2202830.27,0,6.36,1,0.0
ACC000854,CUST00595,Fixed Deposit,Active,2022-10-13,BR046,6464088.95,0,4.51,0,0.0
ACC000855,CUST00596,Savings,Active,2023-07-08,BR048,493471.28,1000,5.98,0,0.0
ACC000856,CUST00597,Current,Active,2021-08-01,BR043,3720380.66,10000,3.72,1,5704.0
ACC000857,CUST00597,Savings,Active,2023-01-24,BR043,29479.08,1000,5.61,0,0.0
ACC000858,CUST00597,Salary,Active,2021-01-23,BR043,148265.4,0,3.56,1,0.0
ACC000859,CUST00598,Current,Active,2016-02-18,BR006,4481819.21,10000,7.1,1,2254.0
ACC000860,CUST00598,Savings,Active,2016-11-28,BR006,196185.73,1000,4.74,1,0.0
ACC000861,CUST00599,Savings,Active,2023-05-08,BR013,465907.14,1000,4.3,0,0.0
ACC000862,CUST00600,Salary,Active,2021-05-31,BR002,251171.01,0,5.53,1,0.0
ACC000863,CUST00601,Savings,Active,2023-11-02,BR027,470085.55,1000,3.1,1,0.0
ACC000864,CUST00601,Salary,Active,2020-08-14,BR027,272424.96,0,2.67,1,0.0
ACC000865,CUST00602,Salary,Active,2022-12-12,BR015,11694.74,0,5.98,1,0.0
ACC000866,CUST00603,NRI,Active,2019-02-09,BR029,11410567.38,0,6.45,0,0.0
ACC000867,CUST00604,Fixed Deposit,Active,2022-10-04,BR046,2812909.3,0,7.26,1,0.0
ACC000868,CUST00605,Salary,Active,2023-10-15,BR040,235038.31,0,4.74,1,0.0
ACC000869,CUST00605,Savings,Dormant,2023-07-20,BR040,130889.69,1000,5.68,0,0.0
ACC000870,CUST00605,NRI,Active,2023-08-10,BR040,18472491.05,0,4.6,0,0.0
ACC000871,CUST00606,Current,Active,2021-11-04,BR016,252031.11,10000,5.73,0,30071.0
ACC000872,CUST00607,Savings,Dormant,2019-01-06,BR022,36705.6,1000,6.82,1,0.0
ACC000873,CUST00608,Savings,Active,2022-02-14,BR010,269883.26,1000,4.89,1,0.0
ACC000874,CUST00608,Fixed Deposit,Dormant,2023-06-09,BR010,7862711.33,0,4.3,1,0.0
ACC000875,CUST00609,Savings,Active,2016-01-20,BR040,444840.53,1000,3.96,1,0.0
ACC000876,CUST00610,Savings,Active,2020-08-13,BR046,193136.93,1000,3.98,0,0.0
ACC000877,CUST00610,Fixed Deposit,Active,2019-09-03,BR046,1745441.04,0,3.91,0,0.0
ACC000878,CUST00611,Savings,Active,2023-09-28,BR016,198761.38,1000,4.72,1,0.0
ACC000879,CUST00612,Current,Active,2023-04-10,BR049,2357858.08,10000,2.9,0,5605.0
ACC000880,CUST00612,Salary,Active,2018-04-03,BR049,238822.84,0,3.38,1,0.0
ACC000881,CUST00612,Savings,Active,2023-02-02,BR049,59633.34,1000,5.51,1,0.0
ACC000882,CUST00613,Fixed Deposit,Dormant,2023-12-01,BR002,8686780.44,0,2.85,1,0.0
ACC000883,CUST00614,Savings,Active,2018-04-26,BR043,241032.56,1000,6.78,0,0.0
ACC000884,CUST00615,Fixed Deposit,Active,2016-11-10,BR020,6277142.41,0,6.96,0,0.0
ACC000885,CUST00615,Savings,Active,2019-05-06,BR020,61698.22,1000,4.86,1,0.0
ACC000886,CUST00616,Savings,Dormant,2022-08-19,BR040,255437.98,1000,3.89,1,0.0
ACC000887,CUST00617,Salary,Active,2023-12-22,BR034,184047.05,0,3.76,1,0.0
ACC000888,CUST00618,Current,Active,2022-08-01,BR038,2547357.6,10000,6.83,0,39758.0
ACC000889,CUST00618,Fixed Deposit,Dormant,2023-07-15,BR038,1313602.32,0,5.91,1,0.0
ACC000890,CUST00618,Savings,Active,2023-09-15,BR038,298252.67,1000,6.41,1,0.0
ACC000891,CUST00619,NRI,Active,2016-08-28,BR049,14379944.84,0,6.67,0,0.0
ACC000892,CUST00619,Fixed Deposit,Active,2020-04-15,BR049,249150.81,0,5.8,1,0.0
ACC000893,CUST00620,Fixed Deposit,Active,2019-07-20,BR039,8975553.31,0,7.35,1,0.0
ACC000894,CUST00620,Current,Active,2019-11-03,BR039,2806146.01,10000,5.02,1,32201.0
ACC000895,CUST00621,Savings,Active,2022-11-08,BR030,333373.6,1000,4.89,0,0.0
ACC000896,CUST00622,Current,Active,2021-03-27,BR026,2269294.19,10000,3.74,0,17531.0
ACC000897,CUST00622,Salary,Active,2023-05-09,BR026,41172.7,0,5.19,1,0.0
ACC000898,CUST00623,Fixed Deposit,Dormant,2023-09-15,BR011,4279773.95,0,6.27,1,0.0
ACC000899,CUST00624,Savings,Active,2022-05-10,BR036,447169.84,1000,6.69,1,0.0
ACC000900,CUST00625,Current,Active,2019-03-18,BR020,574987.44,10000,5.4,0,42342.0
ACC000901,CUST00626,Savings,Active,2022-02-26,BR001,428818.59,1000,3.08,1,0.0
ACC000902,CUST00627,Savings,Active,2023-02-08,BR009,398455.28,1000,5.76,0,0.0
ACC000903,CUST00627,Salary,Active,2022-10-02,BR009,200164.31,0,6.43,1,0.0
ACC000904,CUST00628,Fixed Deposit,Active,2016-09-20,BR025,2753332.81,0,4.75,0,0.0
ACC000905,CUST00629,Savings,Active,2020-03-18,BR041,498015.01,1000,5.99,1,0.0
ACC000906,CUST00629,NRI,Active,2019-04-14,BR041,12392270.58,0,6.65,1,0.0
ACC000907,CUST00629,Salary,Active,2021-09-07,BR041,99609.09,0,3.16,1,0.0
ACC000908,CUST00630,Current,Active,2019-04-26,BR013,4669625.65,10000,4.28,1,35476.0
ACC000909,CUST00631,Savings,Active,2023-07-30,BR029,106050.32,1000,5.95,0,0.0
ACC000910,CUST00631,Current,Active,2023-04-03,BR029,141659.49,10000,4.21,1,493.0
ACC000911,CUST00632,Current,Active,2022-12-06,BR021,2356044.31,10000,6.03,0,23740.0
ACC000912,CUST00633,Salary,Active,2023-06-27,BR004,169111.47,0,6.09,1,0.0
ACC000913,CUST00634,Fixed Deposit,Active,2020-05-12,BR004,7367041.75,0,4.63,1,0.0
ACC000914,CUST00635,Fixed Deposit,Active,2023-07-28,BR027,359571.43,0,6.39,1,0.0
ACC000915,CUST00636,Savings,Active,2023-08-09,BR020,321071.01,1000,7.31,0,0.0
ACC000916,CUST00636,Current,Active,2023-11-18,BR020,1808190.06,10000,4.91,0,40098.0
ACC000917,CUST00637,Savings,Active,2022-01-11,BR036,435464.31,1000,5.13,1,0.0
ACC000918,CUST00638,Savings,Active,2023-11-01,BR023,282561.4,1000,3.06,1,0.0
ACC000919,CUST00639,Current,Active,2018-10-09,BR009,4274104.06,10000,6.51,1,8797.0
ACC000920,CUST00639,Savings,Active,2021-11-21,BR009,303612.56,1000,5.57,1,0.0
ACC000921,CUST00640,Current,Active,2023-04-07,BR018,276819.34,10000,2.61,1,10788.0
ACC000922,CUST00641,Savings,Active,2023-12-08,BR001,10172.98,1000,6.35,1,0.0
ACC000923,CUST00641,Current,Active,2023-10-11,BR001,2875349.07,10000,6.29,1,14070.0
ACC000924,CUST00642,Savings,Active,2022-09-14,BR044,336697.54,1000,7.04,1,0.0
ACC000925,CUST00643,Salary,Active,2022-03-20,BR029,254879.78,0,3.81,1,0.0
ACC000926,CUST00644,Current,Active,2023-12-21,BR015,2316116.34,10000,2.97,1,17861.0
ACC000927,CUST00644,Savings,Active,2023-06-21,BR015,327108.69,1000,3.44,1,0.0
ACC000928,CUST00644,Fixed Deposit,Active,2023-06-13,BR015,9928146.87,0,4.42,1,0.0
ACC000929,CUST00645,Current,Dormant,2019-04-19,BR037,1092045.45,10000,3.95,1,33783.0
ACC000930,CUST00646,Savings,Active,2020-04-10,BR047,443420.82,1000,4.0,1,0.0
ACC000931,CUST00646,Fixed Deposit,Active,2019-07-01,BR047,3099586.71,0,6.39,1,0.0
ACC000932,CUST00647,Fixed Deposit,Active,2023-11-12,BR021,8748291.23,0,3.18,0,0.0
ACC000933,CUST00648,Current,Active,2021-01-03,BR035,2011145.34,10000,7.24,1,9893.0
ACC000934,CUST00648,Savings,Active,2023-04-27,BR035,303555.87,1000,6.71,1,0.0
ACC000935,CUST00648,Fixed Deposit,Active,2023-09-06,BR035,5134715.12,0,3.22,0,0.0
ACC000936,CUST00649,Salary,Active,2020-10-16,BR016,178809.2,0,5.05,1,0.0
ACC000937,CUST00649,Current,Active,2018-12-05,BR016,4304466.72,10000,3.36,1,21810.0
ACC000938,CUST00650,Current,Active,2018-02-10,BR016,2494338.49,10000,7.1,1,14728.0
ACC000939,CUST00651,Salary,Active,2023-04-28,BR041,236374.52,0,6.83,0,0.0
ACC000940,CUST00652,Savings,Active,2023-02-08,BR004,141567.57,1000,4.93,1,0.0
ACC000941,CUST00653,Savings,Active,2020-01-15,BR015,11073.67,1000,6.98,1,0.0
ACC000942,CUST00654,Savings,Active,2021-10-23,BR030,388020.29,1000,6.43,1,0.0
ACC000943,CUST00655,Fixed Deposit,Active,2023-06-18,BR017,3675909.17,0,3.0,1,0.0
ACC000944,CUST00656,Savings,Active,2017-10-05,BR020,40394.88,1000,3.55,1,0.0
ACC000945,CUST00657,Fixed Deposit,Active,2022-01-17,BR004,3266830.93,0,4.48,0,0.0
ACC000946,CUST00658,Savings,Active,2021-07-25,BR043,239097.62,1000,6.12,1,0.0
ACC000947,CUST00658,NRI,Active,2023-07-31,BR043,9277348.63,0,2.96,0,0.0
ACC000948,CUST00658,Current,Closed,2020-10-01,BR043,4011529.27,10000,2.53,0,35282.0
ACC000949,CUST00659,NRI,Active,2022-09-14,BR032,4340889.21,0,6.67,1,0.0
ACC000950,CUST00659,Current,Dormant,2019-04-17,BR032,426302.61,10000,2.53,1,47205.0
ACC000951,CUST00660,Savings,Closed,2021-07-01,BR014,413715.95,1000,5.58,1,0.0
ACC000952,CUST00661,Fixed Deposit,Active,2022-09-18,BR049,8969717.9,0,2.5,1,0.0
ACC000953,CUST00661,Savings,Active,2021-04-03,BR049,135691.97,1000,4.63,1,0.0
ACC000954,CUST00662,Salary,Active,2016-10-20,BR002,292875.63,0,4.21,1,0.0
ACC000955,CUST00663,Fixed Deposit,Active,2023-12-21,BR016,688237.76,0,6.77,0,0.0
ACC000956,CUST00663,Savings,Active,2023-12-26,BR016,170141.94,1000,4.08,1,0.0
ACC000957,CUST00664,Savings,Dormant,2023-01-02,BR013,306012.29,1000,7.31,0,0.0
ACC000958,CUST00665,Fixed Deposit,Active,2018-06-08,BR021,4845094.36,0,3.45,0,0.0
ACC000959,CUST00666,Salary,Active,2023-12-04,BR005,299023.52,0,4.59,0,0.0
ACC000960,CUST00666,Savings,Active,2023-12-05,BR005,421497.1,1000,3.25,1,0.0
ACC000961,CUST00667,Savings,Active,2017-02-23,BR031,155498.03,1000,6.29,1,0.0
ACC000962,CUST00668,Salary,Active,2022-04-30,BR037,152568.58,0,6.4,0,0.0
ACC000963,CUST00668,Savings,Active,2018-08-20,BR037,440025.17,1000,3.3,0,0.0
ACC000964,CUST00669,Savings,Active,2023-02-25,BR040,279479.49,1000,4.41,1,0.0
ACC000965,CUST00670,Fixed Deposit,Active,2023-12-27,BR023,6728084.81,0,4.27,1,0.0
ACC000966,CUST00671,Savings,Dormant,2023-12-01,BR035,191326.79,1000,6.94,1,0.0
ACC000967,CUST00672,Savings,Active,2022-03-02,BR017,453162.33,1000,3.19,0,0.0
ACC000968,CUST00672,Current,Active,2021-07-06,BR017,3746112.39,10000,5.65,1,3029.0
ACC000969,CUST00673,Savings,Active,2023-06-03,BR026,409750.57,1000,5.85,1,0.0
ACC000970,CUST00674,Fixed Deposit,Active,2022-12-24,BR021,5122985.83,0,7.24,1,0.0
ACC000971,CUST00674,Savings,Active,2022-08-24,BR021,32321.45,1000,5.83,1,0.0
ACC000972,CUST00674,Current,Active,2022-02-12,BR021,2231972.97,10000,5.19,1,530.0
ACC000973,CUST00675,Savings,Active,2022-02-27,BR048,110761.62,1000,4.86,1,0.0
ACC000974,CUST00676,Salary,Active,2021-05-05,BR021,120473.0,0,5.92,1,0.0
ACC000975,CUST00677,Current,Active,2018-11-30,BR014,1619005.71,10000,4.97,1,34391.0
ACC000976,CUST00678,Savings,Active,2023-06-07,BR044,355469.03,1000,2.53,0,0.0
ACC000977,CUST00678,NRI,Active,2023-11-25,BR044,5083384.35,0,7.37,1,0.0
ACC000978,CUST00679,Current,Active,2021-07-24,BR005,4605675.64,10000,2.73,1,6561.0
ACC000979,CUST00680,Salary,Active,2020-01-02,BR048,168203.95,0,5.43,1,0.0
ACC000980,CUST00681,NRI,Active,2023-06-19,BR013,15931456.66,0,3.29,0,0.0
ACC000981,CUST00682,Current,Active,2021-02-05,BR032,1118019.34,10000,6.64,0,14019.0
ACC000982,CUST00682,Salary,Active,2021-01-02,BR032,204971.74,0,5.93,1,0.0
ACC000983,CUST00683,Fixed Deposit,Active,2020-06-28,BR040,6896334.04,0,6.37,1,0.0
ACC000984,CUST00684,NRI,Active,2022-04-11,BR045,682206.74,0,6.37,1,0.0
ACC000985,CUST00684,Savings,Active,2018-10-13,BR045,31353.24,1000,2.98,1,0.0
ACC000986,CUST00685,Savings,Active,2022-10-17,BR032,245953.7,1000,6.46,0,0.0
ACC000987,CUST00686,Savings,Active,2022-12-16,BR033,367876.96,1000,3.7,1,0.0
ACC000988,CUST00686,Fixed Deposit,Dormant,2023-07-29,BR033,6209597.01,0,5.61,1,0.0
ACC000989,CUST00687,Fixed Deposit,Active,2022-07-27,BR021,815043.44,0,3.26,1,0.0
ACC000990,CUST00688,NRI,Dormant,2022-04-22,BR011,17207071.7,0,6.23,1,0.0
ACC000991,CUST00688,Fixed Deposit,Active,2020-07-26,BR011,7816456.17,0,6.81,1,0.0
ACC000992,CUST00689,Savings,Active,2019-03-12,BR029,309795.87,1000,6.87,1,0.0
ACC000993,CUST00690,NRI,Active,2015-05-30,BR025,7805485.55,0,5.56,1,0.0
ACC000994,CUST00690,Fixed Deposit,Dormant,2018-07-21,BR025,8232450.8,0,6.81,1,0.0
ACC000995,CUST00691,Fixed Deposit,Active,2019-12-20,BR002,6378193.02,0,3.09,1,0.0
ACC000996,CUST00692,Savings,Active,2022-03-22,BR047,161984.0,1000,3.94,0,0.0
ACC000997,CUST00693,Fixed Deposit,Active,2019-03-12,BR015,9548822.36,0,3.88,1,0.0
ACC000998,CUST00693,Current,Active,2020-08-01,BR015,4184342.28,10000,2.51,1,34816.0
ACC000999,CUST00693,NRI,Active,2023-09-14,BR015,17762924.29,0,5.33,0,0.0
ACC001000,CUST00694,Savings,Active,2018-10-06,BR042,143029.36,1000,5.55,1,0.0
ACC001001,CUST00695,Savings,Active,2023-12-20,BR011,410896.22,1000,4.85,1,0.0
ACC001002,CUST00695,Fixed Deposit,Active,2021-09-16,BR011,1640067.97,0,3.81,1,0.0
ACC001003,CUST00696,Salary,Active,2022-09-27,BR043,99589.29,0,2.75,0,0.0
ACC001004,CUST00697,Current,Active,2022-12-26,BR040,4578629.28,10000,4.91,0,25397.0
ACC001005,CUST00697,Savings,Active,2022-11-21,BR040,90794.87,1000,4.41,1,0.0
ACC001006,CUST00698,Salary,Active,2023-06-30,BR014,53319.97,0,3.42,1,0.0
ACC001007,CUST00699,Current,Active,2020-12-11,BR042,1604818.35,10000,2.78,1,7850.0
ACC001008,CUST00700,Savings,Active,2023-06-15,BR039,276876.01,1000,6.3,0,0.0
ACC001009,CUST00701,Savings,Active,2020-03-31,BR009,491709.59,1000,5.96,0,0.0
ACC001010,CUST00702,Savings,Active,2022-09-05,BR012,180069.26,1000,3.95,1,0.0
ACC001011,CUST00703,Fixed Deposit,Active,2022-05-19,BR011,4951503.32,0,2.71,1,0.0
ACC001012,CUST00703,NRI,Active,2022-07-08,BR011,6691289.2,0,7.07,1,0.0
ACC001013,CUST00703,Current,Active,2022-09-13,BR011,2369381.33,10000,3.23,0,28088.0
ACC001014,CUST00704,Current,Active,2021-05-30,BR049,1138370.14,10000,5.56,1,46784.0
ACC001015,CUST00704,Salary,Active,2019-02-11,BR049,255977.46,0,4.38,1,0.0
ACC001016,CUST00705,Savings,Active,2018-09-18,BR031,220030.11,1000,6.65,0,0.0
ACC001017,CUST00706,Savings,Active,2023-08-23,BR027,308209.34,1000,4.06,0,0.0
ACC001018,CUST00707,Savings,Active,2023-01-01,BR037,195296.23,1000,3.45,1,0.0
ACC001019,CUST00708,Savings,Active,2020-10-11,BR042,42935.0,1000,6.2,1,0.0
ACC001020,CUST00708,NRI,Active,2021-07-02,BR042,7519368.96,0,6.3,1,0.0
ACC001021,CUST00708,Fixed Deposit,Dormant,2021-11-03,BR042,9922718.36,0,4.41,1,0.0
ACC001022,CUST00709,NRI,Active,2023-10-02,BR017,9010151.0,0,4.89,1,0.0
ACC001023,CUST00709,Savings,Active,2019-08-09,BR017,65235.15,1000,3.28,0,0.0
ACC001024,CUST00710,Savings,Active,2022-08-14,BR026,263051.71,1000,3.02,1,0.0
ACC001025,CUST00711,Savings,Active,2016-09-28,BR038,305680.59,1000,3.27,1,0.0
ACC001026,CUST00712,Salary,Active,2019-03-13,BR045,233560.91,0,4.68,1,0.0
ACC001027,CUST00713,Current,Active,2023-10-22,BR012,3265062.67,10000,6.19,1,23832.0
ACC001028,CUST00714,Savings,Active,2020-06-26,BR049,102066.09,1000,4.28,0,0.0
ACC001029,CUST00715,Current,Dormant,2017-08-31,BR016,1014224.47,10000,2.72,1,4668.0
ACC001030,CUST00716,Current,Active,2020-12-18,BR034,1480077.75,10000,5.65,1,4964.0
ACC001031,CUST00716,Salary,Active,2022-11-21,BR034,45889.55,0,5.04,1,0.0
ACC001032,CUST00717,Fixed Deposit,Active,2019-06-30,BR016,8402979.23,0,5.14,0,0.0
ACC001033,CUST00717,Savings,Active,2021-06-29,BR016,325435.44,1000,5.22,1,0.0
ACC001034,CUST00718,Savings,Active,2022-08-15,BR002,426906.16,1000,7.04,1,0.0
ACC001035,CUST00719,Current,Active,2021-04-29,BR041,1564773.87,10000,4.35,1,13313.0
ACC001036,CUST00719,Savings,Active,2021-03-24,BR041,211722.59,1000,5.89,1,0.0
ACC001037,CUST00720,Savings,Active,2022-05-16,BR006,305962.03,1000,7.47,1,0.0
ACC001038,CUST00721,Savings,Active,2023-01-03,BR003,266055.1,1000,6.12,1,0.0
ACC001039,CUST00722,Savings,Dormant,2023-12-10,BR049,129980.78,1000,7.43,1,0.0
ACC001040,CUST00722,Current,Active,2022-12-23,BR049,4487930.93,10000,3.46,1,39796.0
ACC001041,CUST00723,Fixed Deposit,Active,2021-03-15,BR043,9164061.44,0,4.43,1,0.0
ACC001042,CUST00724,Salary,Active,2023-07-23,BR050,207884.17,0,4.61,1,0.0
ACC001043,CUST00725,Savings,Active,2022-05-04,BR015,303314.42,1000,5.68,1,0.0
ACC001044,CUST00726,Current,Active,2023-05-15,BR021,2783353.73,10000,3.56,1,46117.0
ACC001045,CUST00727,Savings,Active,2022-10-01,BR034,219968.77,1000,6.17,0,0.0
ACC001046,CUST00728,Savings,Active,2023-03-14,BR044,41067.51,1000,4.1,1,0.0
ACC001047,CUST00729,Savings,Active,2023-04-11,BR031,100942.97,1000,6.59,0,0.0
ACC001048,CUST00730,Current,Active,2023-08-27,BR045,1944610.73,10000,4.9,1,48274.0
ACC001049,CUST00731,Savings,Active,2021-05-25,BR026,248893.5,1000,4.75,1,0.0
ACC001050,CUST00732,Current,Active,2021-03-01,BR026,2393187.62,10000,2.66,1,702.0
ACC001051,CUST00733,Current,Active,2021-12-22,BR014,1272802.4,10000,3.07,1,14715.0
ACC001052,CUST00733,NRI,Active,2017-07-08,BR014,2425199.51,0,4.93,1,0.0
ACC001053,CUST00734,Savings,Active,2023-03-12,BR044,158731.69,1000,6.77,1,0.0
ACC001054,CUST00734,Current,Active,2023-11-25,BR044,2115335.17,10000,5.55,1,2742.0
ACC001055,CUST00735,Savings,Active,2023-03-16,BR016,210591.74,1000,2.72,1,0.0
ACC001056,CUST00736,NRI,Active,2021-11-22,BR050,2173848.06,0,4.69,0,0.0
ACC001057,CUST00737,Savings,Closed,2023-09-23,BR015,263281.55,1000,5.58,0,0.0
ACC001058,CUST00738,Salary,Active,2023-04-19,BR020,159797.45,0,4.29,0,0.0
ACC001059,CUST00738,Savings,Active,2022-05-28,BR020,370080.71,1000,4.56,1,0.0
ACC001060,CUST00739,Savings,Active,2020-07-11,BR005,187089.75,1000,5.27,1,0.0
ACC001061,CUST00740,Current,Active,2023-07-18,BR001,405218.69,10000,6.36,1,7283.0
ACC001062,CUST00741,Savings,Active,2023-06-05,BR008,199995.56,1000,2.89,0,0.0
ACC001063,CUST00742,Savings,Active,2021-12-25,BR043,318711.75,1000,6.5,1,0.0
ACC001064,CUST00743,Savings,Active,2019-05-16,BR016,4171.08,1000,4.65,1,0.0
ACC001065,CUST00744,Fixed Deposit,Active,2020-05-27,BR036,3431194.22,0,6.1,1,0.0
ACC001066,CUST00744,Savings,Active,2022-03-11,BR036,434774.69,1000,3.15,1,0.0
ACC001067,CUST00745,Savings,Active,2023-10-24,BR005,345749.57,1000,2.52,1,0.0
ACC001068,CUST00746,Salary,Active,2022-02-05,BR021,201238.13,0,5.03,0,0.0
ACC001069,CUST00747,Fixed Deposit,Dormant,2019-04-27,BR024,5015795.08,0,3.29,1,0.0
ACC001070,CUST00747,Savings,Active,2022-03-29,BR024,285205.61,1000,6.25,1,0.0
ACC001071,CUST00748,Salary,Active,2023-05-26,BR012,260036.52,0,2.97,1,0.0
ACC001072,CUST00749,Current,Active,2022-05-23,BR011,177289.88,10000,3.85,1,22919.0
ACC001073,CUST00750,Salary,Active,2019-09-24,BR009,96482.89,0,4.03,1,0.0
ACC001074,CUST00751,Fixed Deposit,Active,2023-07-18,BR046,655678.8,0,3.46,1,0.0
ACC001075,CUST00752,Fixed Deposit,Active,2017-02-26,BR046,862852.48,0,3.28,1,0.0
ACC001076,CUST00753,Savings,Active,2023-12-20,BR011,269204.85,1000,4.3,1,0.0
ACC001077,CUST00754,Fixed Deposit,Active,2018-04-23,BR045,640377.2,0,5.87,0,0.0
ACC001078,CUST00755,Salary,Active,2022-05-15,BR044,222637.8,0,3.32,1,0.0
ACC001079,CUST00756,Savings,Active,2022-08-12,BR033,364538.64,1000,5.79,1,0.0
ACC001080,CUST00756,NRI,Active,2023-07-21,BR033,9213893.13,0,5.72,1,0.0
ACC001081,CUST00757,Salary,Active,2017-07-05,BR019,179977.27,0,5.9,1,0.0
ACC001082,CUST00758,Fixed Deposit,Active,2021-11-15,BR003,6453355.26,0,6.04,1,0.0
ACC001083,CUST00758,Salary,Active,2019-12-30,BR003,283212.04,0,5.68,0,0.0
ACC001084,CUST00758,Current,Active,2023-10-01,BR003,3105576.46,10000,6.84,1,25497.0
ACC001085,CUST00759,Savings,Active,2023-02-23,BR026,397748.68,1000,5.64,0,0.0
ACC001086,CUST00759,Fixed Deposit,Active,2018-07-18,BR026,370306.14,0,5.3,1,0.0
ACC001087,CUST00760,Current,Active,2023-07-08,BR015,2853893.35,10000,5.68,1,6434.0
ACC001088,CUST00761,Savings,Active,2021-05-05,BR023,480242.87,1000,6.37,0,0.0
ACC001089,CUST00762,Savings,Active,2023-11-28,BR043,296477.62,1000,5.72,1,0.0
ACC001090,CUST00762,Salary,Active,2020-04-10,BR043,111689.9,0,5.14,1,0.0
ACC001091,CUST00763,NRI,Active,2023-03-24,BR033,7070533.63,0,3.24,0,0.0
ACC001092,CUST00764,Fixed Deposit,Active,2019-10-26,BR004,605944.85,0,5.96,1,0.0
ACC001093,CUST00765,Fixed Deposit,Active,2021-04-28,BR012,757600.79,0,5.45,1,0.0
ACC001094,CUST00766,Savings,Active,2021-05-10,BR040,270398.29,1000,7.08,0,0.0
ACC001095,CUST00767,Salary,Active,2023-12-17,BR040,299060.47,0,3.12,1,0.0
ACC001096,CUST00768,Savings,Active,2020-01-28,BR042,92061.59,1000,3.26,0,0.0
ACC001097,CUST00769,Savings,Closed,2018-12-12,BR014,384315.46,1000,5.03,1,0.0
ACC001098,CUST00770,NRI,Active,2021-05-14,BR044,9803101.21,0,2.64,1,0.0
ACC001099,CUST00771,Current,Dormant,2017-03-20,BR006,3195919.85,10000,4.42,1,22189.0
ACC001100,CUST00772,Savings,Active,2023-10-07,BR005,436887.94,1000,3.51,1,0.0
ACC001101,CUST00773,Savings,Active,2023-05-03,BR049,303577.77,1000,6.19,1,0.0
ACC001102,CUST00774,NRI,Active,2023-07-05,BR002,16969492.08,0,5.52,1,0.0
ACC001103,CUST00775,Savings,Active,2023-10-09,BR032,485291.13,1000,5.44,1,0.0
ACC001104,CUST00776,Savings,Active,2017-01-01,BR001,405569.56,1000,3.89,1,0.0
ACC001105,CUST00776,Fixed Deposit,Dormant,2018-12-21,BR001,9818913.72,0,4.76,1,0.0
ACC001106,CUST00777,Current,Active,2022-06-15,BR036,4044781.32,10000,2.59,1,45897.0
ACC001107,CUST00778,Current,Active,2021-11-19,BR042,1575150.22,10000,3.92,0,27170.0
ACC001108,CUST00779,Current,Active,2020-06-08,BR017,1811975.18,10000,3.62,0,3534.0
ACC001109,CUST00779,Salary,Active,2022-06-16,BR017,282530.25,0,6.46,1,0.0
ACC001110,CUST00780,Current,Active,2020-01-25,BR017,4400495.45,10000,4.62,1,23240.0
ACC001111,CUST00781,Savings,Active,2019-06-05,BR014,401511.39,1000,6.43,1,0.0
ACC001112,CUST00782,Savings,Active,2023-04-13,BR024,385784.75,1000,6.58,1,0.0
ACC001113,CUST00783,Fixed Deposit,Active,2022-02-21,BR002,611191.19,0,3.1,1,0.0
ACC001114,CUST00783,Savings,Active,2022-07-23,BR002,448839.99,1000,5.75,1,0.0
ACC001115,CUST00784,Salary,Dormant,2019-07-06,BR009,270600.06,0,6.67,1,0.0
ACC001116,CUST00785,Savings,Dormant,2023-03-08,BR016,317214.79,1000,5.92,1,0.0
ACC001117,CUST00786,Current,Active,2023-02-07,BR031,4214295.5,10000,3.44,1,25781.0
ACC001118,CUST00786,Salary,Active,2021-07-30,BR031,62358.27,0,6.91,1,0.0
ACC001119,CUST00787,Salary,Active,2023-03-18,BR003,150139.84,0,2.63,1,0.0
ACC001120,CUST00788,Salary,Active,2019-07-21,BR015,259029.03,0,5.77,1,0.0
ACC001121,CUST00789,Savings,Active,2023-07-30,BR022,282678.18,1000,4.08,1,0.0
ACC001122,CUST00789,NRI,Active,2023-02-10,BR022,7748845.73,0,5.85,1,0.0
ACC001123,CUST00790,Current,Active,2020-10-23,BR040,3836910.45,10000,5.82,0,22523.0
ACC001124,CUST00791,Salary,Active,2023-05-29,BR010,160743.02,0,4.72,1,0.0
ACC001125,CUST00791,Savings,Active,2023-12-13,BR010,78871.37,1000,7.04,0,0.0
ACC001126,CUST00792,Savings,Active,2023-10-23,BR010,217846.72,1000,2.59,1,0.0
ACC001127,CUST00792,Current,Active,2022-09-24,BR010,4145070.96,10000,4.65,0,30962.0
ACC001128,CUST00792,Fixed Deposit,Active,2023-07-03,BR010,6878654.13,0,7.34,1,0.0
ACC001129,CUST00793,Savings,Active,2022-09-04,BR009,497408.17,1000,2.51,1,0.0
ACC001130,CUST00794,Savings,Active,2021-12-12,BR038,347498.4,1000,4.6,1,0.0
ACC001131,CUST00794,Fixed Deposit,Active,2022-02-01,BR038,3659396.82,0,3.46,1,0.0
ACC001132,CUST00795,Current,Active,2022-06-02,BR009,427109.6,10000,2.51,1,30715.0
ACC001133,CUST00796,Fixed Deposit,Active,2018-08-20,BR016,2450963.87,0,6.42,0,0.0
ACC001134,CUST00796,Savings,Active,2023-04-28,BR016,93723.69,1000,4.93,1,0.0
ACC001135,CUST00797,Savings,Active,2020-11-17,BR045,475435.66,1000,6.75,0,0.0
ACC001136,CUST00798,Fixed Deposit,Active,2023-12-22,BR010,3253677.66,0,6.87,1,0.0
ACC001137,CUST00799,NRI,Active,2023-12-26,BR008,10610886.16,0,6.66,1,0.0
ACC001138,CUST00800,Fixed Deposit,Active,2023-03-11,BR037,3809423.17,0,2.78,1,0.0
ACC001139,CUST00801,Savings,Active,2017-05-07,BR015,199256.5,1000,4.67,0,0.0
ACC001140,CUST00801,Current,Active,2021-03-19,BR015,302433.57,10000,4.8,0,31989.0
ACC001141,CUST00802,Savings,Active,2019-12-27,BR042,337691.77,1000,5.38,1,0.0
ACC001142,CUST00802,Salary,Active,2021-02-24,BR042,279375.38,0,2.74,1,0.0
ACC001143,CUST00803,Fixed Deposit,Active,2019-06-17,BR014,1538266.06,0,5.06,1,0.0
ACC001144,CUST00804,Current,Active,2022-07-20,BR037,1561742.19,10000,6.75,1,45316.0
ACC001145,CUST00804,Savings,Active,2023-08-29,BR037,109181.32,1000,4.52,1,0.0
ACC001146,CUST00805,Salary,Active,2018-02-28,BR049,136862.51,0,5.01,0,0.0
ACC001147,CUST00806,Fixed Deposit,Active,2017-11-18,BR025,5720310.44,0,7.0,1,0.0
ACC001148,CUST00807,Current,Active,2023-12-13,BR050,89617.17,10000,3.47,0,47056.0
ACC001149,CUST00807,Savings,Active,2023-12-03,BR050,363684.8,1000,6.68,1,0.0
ACC001150,CUST00808,Current,Active,2016-11-02,BR046,1392346.68,10000,7.03,1,14689.0
ACC001151,CUST00808,Fixed Deposit,Active,2018-11-25,BR046,9385102.69,0,6.66,0,0.0
ACC001152,CUST00809,Savings,Active,2017-02-27,BR036,210650.05,1000,5.34,1,0.0
ACC001153,CUST00810,Fixed Deposit,Active,2023-04-19,BR023,6623592.72,0,5.35,1,0.0
ACC001154,CUST00811,Current,Dormant,2023-12-20,BR032,1121330.59,10000,6.65,1,5310.0
ACC001155,CUST00812,Salary,Active,2019-03-19,BR029,243108.96,0,2.63,0,0.0
ACC001156,CUST00812,Current,Active,2018-07-22,BR029,2166722.23,10000,5.49,1,17356.0
ACC001157,CUST00813,Savings,Active,2023-01-27,BR011,302819.19,1000,3.77,1,0.0
ACC001158,CUST00813,Salary,Active,2023-01-23,BR011,299899.12,0,7.39,1,0.0
ACC001159,CUST00814,Savings,Active,2022-12-10,BR012,298666.31,1000,5.0,0,0.0
ACC001160,CUST00814,NRI,Active,2018-10-26,BR012,12845792.49,0,5.11,0,0.0
ACC001161,CUST00815,Savings,Active,2023-01-30,BR008,215020.77,1000,6.86,1,0.0
ACC001162,CUST00815,Current,Active,2023-10-20,BR008,2338314.92,10000,5.55,1,98.0
ACC001163,CUST00816,Current,Active,2015-11-24,BR028,1718008.05,10000,7.39,1,14007.0
ACC001164,CUST00816,Salary,Active,2019-09-23,BR028,188807.47,0,6.06,1,0.0
ACC001165,CUST00817,Salary,Active,2022-07-08,BR006,89037.12,0,3.65,1,0.0
ACC001166,CUST00817,Savings,Active,2023-09-23,BR006,393402.08,1000,2.96,1,0.0
ACC001167,CUST00818,Savings,Active,2021-08-03,BR022,343443.53,1000,5.67,1,0.0
ACC001168,CUST00819,NRI,Closed,2023-07-26,BR025,5482566.61,0,4.23,1,0.0
ACC001169,CUST00820,NRI,Active,2023-07-15,BR001,12021765.85,0,2.55,0,0.0
ACC001170,CUST00821,Savings,Active,2020-12-13,BR041,466200.01,1000,7.42,1,0.0
ACC001171,CUST00821,Fixed Deposit,Active,2022-09-30,BR041,595907.48,0,4.03,1,0.0
ACC001172,CUST00822,Savings,Active,2023-12-03,BR013,329701.61,1000,4.35,1,0.0
ACC001173,CUST00823,Current,Active,2022-08-19,BR027,466102.73,10000,2.52,1,32398.0
ACC001174,CUST00824,Savings,Active,2023-01-11,BR011,389559.73,1000,4.35,0,0.0
ACC001175,CUST00825,Current,Active,2019-11-06,BR006,4913527.75,10000,3.74,0,10239.0
ACC001176,CUST00826,Current,Active,2023-03-11,BR043,3052870.06,10000,4.81,0,40791.0
ACC001177,CUST00827,NRI,Active,2022-09-02,BR027,3029424.52,0,5.99,1,0.0
ACC001178,CUST00828,Savings,Dormant,2023-08-28,BR044,396009.04,1000,4.13,1,0.0
ACC001179,CUST00829,Current,Active,2022-08-08,BR037,1875191.37,10000,6.05,0,16285.0
ACC001180,CUST00830,Current,Active,2023-02-01,BR047,3911808.86,10000,6.96,1,42896.0
ACC001181,CUST00831,Current,Active,2018-03-06,BR036,1832917.78,10000,4.7,1,9464.0
ACC001182,CUST00832,Current,Active,2023-08-18,BR037,4384481.03,10000,5.7,0,47587.0
ACC001183,CUST00832,Salary,Active,2023-07-12,BR037,10743.48,0,4.26,1,0.0
ACC001184,CUST00833,Savings,Active,2021-02-26,BR016,468602.95,1000,7.36,0,0.0
ACC001185,CUST00833,Salary,Active,2019-08-08,BR016,23737.29,0,6.75,1,0.0
ACC001186,CUST00834,Savings,Active,2019-03-30,BR008,417936.85,1000,6.65,0,0.0
ACC001187,CUST00835,Savings,Active,2019-02-14,BR026,378802.74,1000,5.22,1,0.0
ACC001188,CUST00835,Salary,Active,2022-07-07,BR026,148828.32,0,4.7,1,0.0
ACC001189,CUST00835,Fixed Deposit,Active,2016-04-26,BR026,5273886.47,0,5.95,0,0.0
ACC001190,CUST00836,Savings,Active,2023-06-28,BR011,292078.84,1000,2.88,1,0.0
ACC001191,CUST00837,Salary,Active,2017-05-25,BR048,295413.18,0,4.45,0,0.0
ACC001192,CUST00838,Salary,Active,2018-10-24,BR002,229042.69,0,6.3,1,0.0
ACC001193,CUST00839,Savings,Active,2023-03-14,BR048,463454.0,1000,3.35,1,0.0
ACC001194,CUST00840,Salary,Active,2020-11-19,BR038,232625.09,0,5.88,0,0.0
ACC001195,CUST00840,Savings,Active,2023-04-24,BR038,343921.91,1000,3.55,1,0.0
ACC001196,CUST00840,Current,Active,2021-09-12,BR038,231379.58,10000,5.35,0,10121.0
ACC001197,CUST00841,Savings,Active,2021-02-27,BR007,475632.53,1000,5.15,1,0.0
ACC001198,CUST00842,Savings,Active,2022-08-12,BR038,73705.86,1000,7.5,1,0.0
ACC001199,CUST00843,Savings,Active,2022-07-03,BR014,187255.3,1000,6.49,0,0.0
ACC001200,CUST00844,Salary,Active,2018-09-18,BR015,111286.77,0,5.76,1,0.0
ACC001201,CUST00845,Savings,Active,2023-09-26,BR037,18246.43,1000,5.57,1,0.0
ACC001202,CUST00846,Savings,Active,2023-10-05,BR008,273602.94,1000,6.47,1,0.0
ACC001203,CUST00847,Current,Active,2023-12-28,BR019,3800881.65,10000,4.42,1,3429.0
ACC001204,CUST00847,Fixed Deposit,Active,2023-12-22,BR019,4630878.52,0,6.22,0,0.0
ACC001205,CUST00847,Savings,Active,2023-12-26,BR019,13807.89,1000,4.57,1,0.0
ACC001206,CUST00848,NRI,Active,2023-02-21,BR018,10161215.53,0,6.35,1,0.0
ACC001207,CUST00848,Salary,Active,2020-11-23,BR018,234973.58,0,3.37,0,0.0
ACC001208,CUST00849,Current,Active,2020-01-12,BR024,4269854.48,10000,5.3,0,38789.0
ACC001209,CUST00849,Savings,Dormant,2020-10-22,BR024,38885.59,1000,2.77,1,0.0
ACC001210,CUST00850,Savings,Active,2019-03-06,BR013,24281.91,1000,4.84,0,0.0
ACC001211,CUST00851,Salary,Active,2023-08-21,BR017,216211.17,0,3.09,1,0.0
ACC001212,CUST00852,Savings,Active,2023-12-23,BR049,263279.09,1000,3.9,1,0.0
ACC001213,CUST00852,Current,Active,2022-12-21,BR049,4454684.53,10000,3.3,1,30956.0
ACC001214,CUST00853,Savings,Active,2018-04-03,BR015,29573.66,1000,3.03,1,0.0
ACC001215,CUST00854,Savings,Active,2018-10-27,BR005,154901.6,1000,6.84,1,0.0
ACC001216,CUST00855,Current,Active,2022-12-02,BR033,4365705.5,10000,5.56,1,20725.0
ACC001217,CUST00856,Savings,Active,2019-05-29,BR040,172690.78,1000,3.34,1,0.0
ACC001218,CUST00857,Current,Active,2022-11-10,BR007,2878226.54,10000,7.17,1,44943.0
ACC001219,CUST00858,Current,Active,2023-12-27,BR006,912552.84,10000,3.63,0,8495.0
ACC001220,CUST00859,Salary,Active,2020-05-01,BR013,68522.08,0,2.66,1,0.0
ACC001221,CUST00860,Fixed Deposit,Active,2019-11-01,BR008,8333579.09,0,2.87,0,0.0
ACC001222,CUST00861,Current,Active,2020-04-05,BR007,4327877.62,10000,4.51,0,24767.0
ACC001223,CUST00862,Savings,Active,2022-11-19,BR007,371752.69,1000,5.98,1,0.0
ACC001224,CUST00862,Salary,Dormant,2022-01-15,BR007,222067.23,0,5.95,0,0.0
ACC001225,CUST00863,Savings,Active,2019-10-12,BR001,181847.49,1000,4.51,1,0.0
ACC001226,CUST00864,NRI,Active,2016-01-26,BR001,6314952.87,0,3.86,0,0.0
ACC001227,CUST00865,Savings,Active,2022-04-03,BR050,333105.65,1000,7.24,1,0.0
ACC001228,CUST00866,Savings,Active,2023-12-19,BR001,198507.18,1000,6.82,0,0.0
ACC001229,CUST00867,Fixed Deposit,Active,2020-01-08,BR047,2969493.58,0,4.05,1,0.0
ACC001230,CUST00867,Savings,Active,2023-07-27,BR047,316251.34,1000,4.19,1,0.0
ACC001231,CUST00868,Salary,Active,2022-05-20,BR014,199975.95,0,7.26,1,0.0
ACC001232,CUST00869,Current,Active,2023-02-18,BR012,1607222.01,10000,6.01,1,27631.0
ACC001233,CUST00870,Savings,Active,2022-07-04,BR040,244583.15,1000,6.07,1,0.0
ACC001234,CUST00871,Savings,Closed,2023-09-12,BR019,181998.76,1000,6.41,1,0.0
ACC001235,CUST00872,Current,Active,2021-04-22,BR004,4337565.28,10000,6.08,1,47530.0
ACC001236,CUST00873,Salary,Active,2023-10-25,BR010,52594.3,0,3.03,1,0.0
ACC001237,CUST00874,Savings,Active,2020-11-08,BR028,2093.12,1000,4.24,1,0.0
ACC001238,CUST00875,Current,Active,2021-11-30,BR017,3723205.95,10000,3.06,1,17453.0
ACC001239,CUST00876,Savings,Active,2023-12-19,BR007,289606.29,1000,6.57,1,0.0
ACC001240,CUST00877,Fixed Deposit,Dormant,2019-10-11,BR036,4042354.67,0,5.74,1,0.0
ACC001241,CUST00878,Fixed Deposit,Active,2019-12-05,BR019,9916460.34,0,5.87,1,0.0
ACC001242,CUST00878,Current,Active,2023-08-03,BR019,3925073.83,10000,3.21,1,42266.0
ACC001243,CUST00879,NRI,Active,2023-04-11,BR022,17806350.82,0,4.42,1,0.0
ACC001244,CUST00879,Savings,Active,2023-09-16,BR022,188920.76,1000,3.76,0,0.0
ACC001245,CUST00879,Fixed Deposit,Active,2023-12-12,BR022,8611884.32,0,5.93,1,0.0
ACC001246,CUST00880,Savings,Active,2023-08-28,BR045,33148.83,1000,5.4,1,0.0
ACC001247,CUST00881,NRI,Active,2015-11-06,BR032,2988431.98,0,2.59,1,0.0
ACC001248,CUST00881,Current,Closed,2020-03-10,BR032,2357649.97,10000,4.62,0,6762.0
ACC001249,CUST00881,Savings,Active,2017-05-13,BR032,297158.03,1000,5.65,1,0.0
ACC001250,CUST00882,Savings,Active,2023-10-13,BR029,470265.52,1000,2.78,1,0.0
ACC001251,CUST00882,Current,Active,2023-09-08,BR029,3328420.46,10000,3.25,1,302.0
ACC001252,CUST00883,Current,Active,2021-01-18,BR008,73643.1,10000,3.35,1,45788.0
ACC001253,CUST00884,Savings,Active,2021-11-05,BR019,371758.35,1000,3.43,1,0.0
ACC001254,CUST00884,Current,Active,2022-08-17,BR019,1502851.54,10000,4.35,1,4811.0
ACC001255,CUST00885,NRI,Active,2022-10-05,BR030,819825.87,0,3.84,1,0.0
ACC001256,CUST00886,Savings,Active,2019-06-06,BR030,106432.09,1000,6.21,1,0.0
ACC001257,CUST00887,Savings,Active,2023-01-30,BR005,82653.55,1000,5.76,0,0.0
ACC001258,CUST00887,Salary,Active,2021-03-27,BR005,45302.3,0,6.7,1,0.0
ACC001259,CUST00888,Salary,Active,2023-11-30,BR005,283018.62,0,3.8,1,0.0
ACC001260,CUST00889,Savings,Dormant,2022-01-26,BR045,277985.22,1000,2.79,1,0.0
ACC001261,CUST00890,NRI,Closed,2021-08-16,BR021,5031485.37,0,7.32,1,0.0
ACC001262,CUST00891,Current,Active,2016-05-15,BR004,4404343.95,10000,3.35,1,414.0
ACC001263,CUST00892,Current,Active,2019-04-23,BR025,1261912.6,10000,6.79,1,16678.0
ACC001264,CUST00893,Savings,Active,2022-05-10,BR013,434642.99,1000,4.55,0,0.0
ACC001265,CUST00894,Salary,Active,2023-12-26,BR022,259024.48,0,6.77,1,0.0
ACC001266,CUST00895,Current,Active,2022-04-09,BR009,4048513.86,10000,6.91,0,16943.0
ACC001267,CUST00896,Savings,Active,2020-11-11,BR039,444890.25,1000,5.21,0,0.0
ACC001268,CUST00897,Fixed Deposit,Active,2023-08-30,BR037,234677.57,0,5.69,1,0.0
ACC001269,CUST00898,Savings,Active,2018-12-18,BR042,291256.07,1000,6.17,1,0.0
ACC001270,CUST00899,Fixed Deposit,Active,2020-07-09,BR016,4609074.29,0,7.39,1,0.0
ACC001271,CUST00899,Salary,Active,2018-03-17,BR016,107763.17,0,2.62,1,0.0
ACC001272,CUST00900,NRI,Active,2023-10-11,BR009,5019950.34,0,4.67,1,0.0
ACC001273,CUST00900,Current,Active,2023-09-16,BR009,591067.0,10000,5.67,1,18633.0
ACC001274,CUST00900,Savings,Active,2023-10-13,BR009,300132.41,1000,3.32,1,0.0
ACC001275,CUST00901,Savings,Closed,2023-06-24,BR004,110001.6,1000,7.24,1,0.0
ACC001276,CUST00901,Current,Closed,2021-10-15,BR004,2859165.82,10000,4.13,1,16057.0
ACC001277,CUST00902,Savings,Active,2023-01-06,BR028,32382.76,1000,3.46,0,0.0
ACC001278,CUST00902,Salary,Active,2023-11-02,BR028,257497.78,0,5.39,1,0.0
ACC001279,CUST00903,Salary,Active,2022-03-17,BR016,194077.45,0,2.67,1,0.0
ACC001280,CUST00904,Savings,Active,2020-03-30,BR004,235924.84,1000,5.9,1,0.0
ACC001281,CUST00904,Current,Active,2022-12-29,BR004,1209171.89,10000,5.81,1,26706.0
ACC001282,CUST00905,NRI,Active,2023-09-22,BR031,19906467.12,0,2.88,1,0.0
ACC001283,CUST00906,Salary,Active,2023-05-27,BR046,134044.72,0,4.57,1,0.0
ACC001284,CUST00906,Current,Dormant,2021-03-13,BR046,2311719.04,10000,3.35,1,12767.0
ACC001285,CUST00907,Fixed Deposit,Active,2022-09-18,BR027,2328111.65,0,3.11,0,0.0
ACC001286,CUST00908,Savings,Active,2022-07-20,BR024,435539.9,1000,7.19,1,0.0
ACC001287,CUST00909,Salary,Active,2020-10-16,BR018,162468.63,0,4.52,1,0.0
ACC001288,CUST00909,Current,Active,2016-08-06,BR018,78833.07,10000,5.11,1,11180.0
ACC001289,CUST00910,Savings,Active,2020-07-16,BR015,334279.98,1000,6.18,0,0.0
ACC001290,CUST00911,Fixed Deposit,Closed,2015-08-18,BR017,5214868.93,0,6.95,0,0.0
ACC001291,CUST00912,Savings,Active,2022-10-18,BR007,310789.66,1000,5.85,1,0.0
ACC001292,CUST00913,Fixed Deposit,Active,2018-05-25,BR048,5579678.56,0,4.66,1,0.0
ACC001293,CUST00913,Savings,Dormant,2021-09-05,BR048,17958.16,1000,5.23,1,0.0
ACC001294,CUST00913,Salary,Active,2018-09-08,BR048,28066.78,0,5.95,1,0.0
ACC001295,CUST00914,Fixed Deposit,Active,2020-11-10,BR037,5915250.49,0,6.22,1,0.0
ACC001296,CUST00915,Current,Active,2022-06-28,BR017,3883393.72,10000,6.44,1,28384.0
ACC001297,CUST00916,Savings,Active,2022-06-05,BR038,206797.15,1000,6.13,1,0.0
ACC001298,CUST00916,Fixed Deposit,Active,2022-01-27,BR038,5572081.7,0,6.89,0,0.0
ACC001299,CUST00917,Savings,Active,2020-04-30,BR041,318188.68,1000,6.4,1,0.0
ACC001300,CUST00918,Savings,Active,2021-02-21,BR046,329921.96,1000,5.94,1,0.0
ACC001301,CUST00919,Savings,Active,2018-01-07,BR007,199365.1,1000,2.76,1,0.0
ACC001302,CUST00920,Savings,Active,2023-02-21,BR019,379853.85,1000,2.57,1,0.0
ACC001303,CUST00921,NRI,Dormant,2023-06-19,BR024,3281297.24,0,5.93,1,0.0
ACC001304,CUST00922,Savings,Active,2015-10-24,BR046,124842.43,1000,4.9,1,0.0
ACC001305,CUST00923,Salary,Active,2023-01-21,BR037,184826.95,0,5.74,1,0.0
ACC001306,CUST00924,Savings,Active,2023-03-16,BR034,497774.61,1000,6.96,0,0.0
ACC001307,CUST00925,Salary,Active,2023-05-07,BR045,286723.32,0,4.63,1,0.0
ACC001308,CUST00925,Current,Active,2022-06-30,BR045,4139400.48,10000,5.08,1,47321.0
ACC001309,CUST00926,Savings,Active,2018-07-22,BR029,316537.32,1000,4.57,0,0.0
ACC001310,CUST00926,Current,Active,2020-10-20,BR029,4000853.88,10000,6.44,0,11560.0
ACC001311,CUST00927,Salary,Active,2023-11-09,BR022,167999.47,0,5.38,1,0.0
ACC001312,CUST00928,Savings,Active,2023-09-28,BR011,491828.76,1000,5.31,0,0.0
ACC001313,CUST00929,Savings,Active,2021-09-13,BR033,19537.02,1000,6.29,1,0.0
ACC001314,CUST00930,Savings,Active,2018-07-29,BR038,201944.51,1000,4.74,1,0.0
ACC001315,CUST00931,Salary,Active,2022-03-14,BR019,278367.15,0,3.15,1,0.0
ACC001316,CUST00932,Savings,Active,2022-03-22,BR038,487139.8,1000,6.88,1,0.0
ACC001317,CUST00932,Fixed Deposit,Active,2023-06-15,BR038,2439779.25,0,6.8,1,0.0
ACC001318,CUST00932,Current,Active,2022-06-21,BR038,1465969.72,10000,5.47,1,10965.0
ACC001319,CUST00933,Savings,Active,2023-10-11,BR022,338052.6,1000,6.67,1,0.0
ACC001320,CUST00933,Fixed Deposit,Active,2023-12-01,BR022,2759969.76,0,4.91,1,0.0
ACC001321,CUST00934,Current,Active,2022-09-28,BR028,699099.61,10000,7.32,1,20700.0
ACC001322,CUST00935,Salary,Active,2023-08-26,BR019,156352.56,0,4.7,1,0.0
ACC001323,CUST00936,Fixed Deposit,Dormant,2019-12-08,BR039,7597903.66,0,4.39,1,0.0
ACC001324,CUST00936,Savings,Active,2021-01-28,BR039,3168.96,1000,6.74,1,0.0
ACC001325,CUST00937,Savings,Active,2022-01-20,BR047,406194.01,1000,4.16,0,0.0
ACC001326,CUST00938,Fixed Deposit,Active,2022-09-16,BR009,7602288.23,0,7.31,1,0.0
ACC001327,CUST00939,Salary,Active,2022-11-11,BR041,91067.01,0,6.46,0,0.0
ACC001328,CUST00940,Savings,Active,2022-04-23,BR041,245932.53,1000,3.28,1,0.0
ACC001329,CUST00940,Fixed Deposit,Active,2021-06-09,BR041,5149449.59,0,4.1,1,0.0
ACC001330,CUST00941,Salary,Active,2019-07-04,BR009,186342.03,0,7.09,1,0.0
ACC001331,CUST00942,Salary,Active,2023-01-25,BR040,66058.58,0,5.89,1,0.0
ACC001332,CUST00943,Savings,Active,2023-11-25,BR032,236003.32,1000,3.95,1,0.0
ACC001333,CUST00944,Fixed Deposit,Active,2023-10-06,BR021,3766128.03,0,4.1,1,0.0
ACC001334,CUST00945,Current,Active,2020-02-29,BR039,4862992.03,10000,5.83,1,37724.0
ACC001335,CUST00946,Savings,Active,2022-04-21,BR027,495375.38,1000,5.12,1,0.0
ACC001336,CUST00946,NRI,Active,2021-11-05,BR027,2404375.84,0,2.53,1,0.0
ACC001337,CUST00947,Savings,Closed,2017-11-12,BR015,204602.1,1000,5.87,1,0.0
ACC001338,CUST00948,NRI,Active,2019-10-29,BR006,7631480.78,0,5.96,1,0.0
ACC001339,CUST00949,Savings,Active,2023-05-01,BR046,351487.8,1000,2.92,1,0.0
ACC001340,CUST00949,Fixed Deposit,Closed,2023-01-03,BR046,8674748.22,0,4.14,1,0.0
ACC001341,CUST00950,Savings,Active,2017-10-23,BR007,192868.26,1000,6.37,1,0.0
ACC001342,CUST00950,Current,Active,2019-04-28,BR007,1184980.3,10000,3.29,1,30400.0
ACC001343,CUST00951,Savings,Active,2022-12-30,BR025,189206.16,1000,6.02,0,0.0
ACC001344,CUST00952,Salary,Active,2023-11-03,BR039,142544.56,0,5.28,1,0.0
ACC001345,CUST00952,Savings,Closed,2021-09-26,BR039,97288.56,1000,7.19,1,0.0
ACC001346,CUST00953,Savings,Active,2023-11-15,BR018,371823.63,1000,5.32,1,0.0
ACC001347,CUST00954,Savings,Active,2022-05-25,BR033,79924.62,1000,5.54,0,0.0
ACC001348,CUST00955,Salary,Dormant,2021-07-15,BR029,68557.34,0,5.93,1,0.0
ACC001349,CUST00956,NRI,Active,2023-10-24,BR038,6538486.27,0,5.53,1,0.0
ACC001350,CUST00957,Current,Active,2022-08-24,BR048,2011365.63,10000,6.76,1,6556.0
ACC001351,CUST00957,Savings,Dormant,2022-09-23,BR048,320676.87,1000,4.24,0,0.0
ACC001352,CUST00958,Savings,Active,2017-01-04,BR021,324028.11,1000,7.32,1,0.0
ACC001353,CUST00958,Current,Active,2019-10-12,BR021,2433552.58,10000,4.4,1,18064.0
ACC001354,CUST00958,Fixed Deposit,Active,2022-04-13,BR021,6455418.35,0,6.1,1,0.0
ACC001355,CUST00959,Savings,Active,2022-09-05,BR011,234489.36,1000,4.86,1,0.0
ACC001356,CUST00959,Salary,Active,2022-06-19,BR011,243671.99,0,5.52,1,0.0
ACC001357,CUST00960,Fixed Deposit,Active,2021-12-22,BR001,9026463.3,0,7.13,1,0.0
ACC001358,CUST00960,Savings,Active,2023-05-31,BR001,202437.46,1000,3.11,1,0.0
ACC001359,CUST00961,Savings,Active,2023-12-02,BR040,260932.3,1000,5.52,1,0.0
ACC001360,CUST00962,Savings,Active,2023-09-16,BR011,239985.7,1000,5.32,1,0.0
ACC001361,CUST00963,Savings,Active,2023-09-17,BR035,120435.51,1000,6.23,0,0.0
ACC001362,CUST00963,Current,Active,2023-01-11,BR035,3438123.54,10000,3.8,1,22902.0
ACC001363,CUST00963,Fixed Deposit,Active,2023-05-11,BR035,3036561.68,0,3.25,1,0.0
ACC001364,CUST00964,Current,Active,2021-04-10,BR018,2305733.79,10000,5.25,1,2741.0
ACC001365,CUST00965,Savings,Active,2023-04-03,BR038,123598.36,1000,3.76,0,0.0
ACC001366,CUST00966,Current,Active,2023-08-25,BR050,4703733.83,10000,4.07,1,29917.0
ACC001367,CUST00967,Salary,Active,2016-01-17,BR010,170149.55,0,5.17,1,0.0
ACC001368,CUST00967,Savings,Active,2022-01-03,BR010,235376.26,1000,3.46,1,0.0
ACC001369,CUST00968,Fixed Deposit,Closed,2023-09-17,BR016,6297832.35,0,4.47,0,0.0
ACC001370,CUST00969,Fixed Deposit,Active,2023-06-15,BR041,6931550.41,0,5.88,1,0.0
ACC001371,CUST00969,Savings,Active,2023-06-16,BR041,389075.69,1000,4.52,1,0.0
ACC001372,CUST00970,Salary,Active,2023-02-16,BR012,126292.87,0,3.66,1,0.0
ACC001373,CUST00970,Current,Active,2021-10-07,BR012,3957691.24,10000,2.55,1,37211.0
ACC001374,CUST00971,Savings,Active,2023-10-04,BR012,258340.85,1000,5.55,1,0.0
ACC001375,CUST00972,Fixed Deposit,Active,2023-09-30,BR001,4890784.63,0,4.06,1,0.0
ACC001376,CUST00973,NRI,Closed,2023-08-09,BR046,16360803.26,0,5.75,1,0.0
ACC001377,CUST00974,Salary,Dormant,2021-03-30,BR040,55264.19,0,5.76,0,0.0
ACC001378,CUST00975,Fixed Deposit,Active,2023-07-17,BR007,2532850.65,0,5.04,1,0.0
ACC001379,CUST00975,Salary,Active,2023-04-25,BR007,53055.38,0,3.73,1,0.0
ACC001380,CUST00976,Current,Active,2023-07-23,BR038,2627935.89,10000,5.49,1,3982.0
ACC001381,CUST00977,Savings,Active,2019-02-20,BR006,393031.49,1000,6.53,1,0.0
ACC001382,CUST00978,NRI,Active,2019-02-16,BR036,12781559.42,0,5.95,1,0.0
ACC001383,CUST00979,Savings,Active,2022-04-10,BR038,488053.91,1000,6.55,1,0.0
ACC001384,CUST00980,Salary,Active,2023-11-17,BR048,224114.81,0,3.71,1,0.0
ACC001385,CUST00980,Savings,Active,2022-10-09,BR048,452348.67,1000,5.26,1,0.0
ACC001386,CUST00981,Savings,Active,2023-04-13,BR013,42903.11,1000,6.09,0,0.0
ACC001387,CUST00982,Fixed Deposit,Active,2021-09-05,BR003,577841.66,0,2.83,1,0.0
ACC001388,CUST00982,Current,Dormant,2019-02-13,BR003,3185214.79,10000,7.46,0,33418.0
ACC001389,CUST00983,Savings,Active,2023-10-22,BR036,106763.24,1000,4.64,1,0.0
ACC001390,CUST00984,Savings,Active,2021-09-12,BR031,64609.76,1000,2.81,0,0.0
ACC001391,CUST00984,Salary,Active,2023-03-07,BR031,139213.56,0,3.8,1,0.0
ACC001392,CUST00985,Current,Active,2023-09-12,BR011,3770833.69,10000,6.03,1,30081.0
ACC001393,CUST00986,Salary,Active,2023-03-19,BR030,294713.7,0,6.58,1,0.0
ACC001394,CUST00986,Savings,Closed,2023-08-15,BR030,63560.58,1000,5.84,1,0.0
ACC001395,CUST00987,Savings,Active,2023-12-29,BR003,494880.67,1000,6.29,0,0.0
ACC001396,CUST00987,NRI,Active,2023-10-11,BR003,19379804.22,0,4.17,1,0.0
ACC001397,CUST00988,Savings,Active,2023-12-03,BR011,232136.11,1000,2.94,0,0.0
ACC001398,CUST00988,Current,Active,2023-12-19,BR011,3497025.66,10000,7.34,1,2590.0
ACC001399,CUST00989,Fixed Deposit,Active,2020-02-08,BR050,4205795.91,0,3.16,1,0.0
ACC001400,CUST00990,Current,Active,2023-03-14,BR014,552161.45,10000,6.41,1,29593.0
ACC001401,CUST00991,Savings,Active,2019-06-03,BR043,119962.19,1000,3.09,1,0.0
ACC001402,CUST00992,Savings,Active,2019-09-19,BR039,136461.18,1000,3.14,1,0.0
ACC001403,CUST00993,Salary,Active,2019-06-08,BR040,177414.82,0,7.06,0,0.0
ACC001404,CUST00994,Savings,Active,2023-03-24,BR028,477963.0,1000,3.71,0,0.0
ACC001405,CUST00995,Savings,Active,2016-12-14,BR030,424717.0,1000,3.86,1,0.0
ACC001406,CUST00996,Fixed Deposit,Active,2022-07-06,BR044,8805319.73,0,6.97,1,0.0
ACC001407,CUST00997,Savings,Active,2022-09-05,BR033,469735.55,1000,4.41,1,0.0
ACC001408,CUST00997,Salary,Active,2023-10-15,BR033,151858.59,0,4.23,0,0.0
ACC001409,CUST00998,Savings,Active,2020-04-23,BR001,297554.9,1000,6.36,1,0.0
ACC001410,CUST00999,Salary,Active,2021-08-14,BR032,291472.3,0,4.27,1,0.0
ACC001411,CUST01000,Fixed Deposit,Dormant,2022-04-14,BR023,8812851.83,0,2.58,0,0.0
ACC001412,CUST01001,Savings,Active,2023-06-01,BR007,121882.25,1000,3.49,1,0.0
ACC001413,CUST01002,Current,Active,2019-04-29,BR037,4069979.62,10000,5.44,0,26131.0
ACC001414,CUST01003,Salary,Active,2021-11-22,BR022,250610.54,0,4.21,1,0.0
ACC001415,CUST01004,Salary,Active,2021-10-05,BR008,193897.41,0,3.55,1,0.0
ACC001416,CUST01004,Savings,Active,2022-06-06,BR008,403809.4,1000,4.28,1,0.0
ACC001417,CUST01005,Salary,Active,2022-11-08,BR014,261851.98,0,2.67,1,0.0
ACC001418,CUST01006,Fixed Deposit,Active,2017-08-05,BR027,2558227.4,0,5.43,1,0.0
ACC001419,CUST01006,Savings,Active,2019-08-27,BR027,104870.41,1000,4.49,1,0.0
ACC001420,CUST01006,Salary,Active,2021-04-16,BR027,298705.32,0,3.34,1,0.0
ACC001421,CUST01007,Savings,Active,2023-05-29,BR046,7502.32,1000,5.68,1,0.0
ACC001422,CUST01008,Current,Active,2022-11-10,BR022,612755.1,10000,6.29,0,24415.0
ACC001423,CUST01009,Salary,Active,2021-12-07,BR006,26244.26,0,6.53,1,0.0
ACC001424,CUST01010,Savings,Active,2023-09-12,BR002,388536.54,1000,5.81,1,0.0
ACC001425,CUST01011,Savings,Active,2023-01-03,BR016,286996.76,1000,4.71,1,0.0
ACC001426,CUST01012,Salary,Active,2019-12-15,BR036,165393.87,0,5.92,0,0.0
ACC001427,CUST01013,Savings,Active,2021-11-23,BR033,38542.41,1000,5.68,1,0.0
ACC001428,CUST01013,Current,Active,2023-04-12,BR033,800106.63,10000,2.73,0,24615.0
ACC001429,CUST01014,Salary,Active,2021-02-21,BR019,214845.88,0,7.25,1,0.0
ACC001430,CUST01015,Savings,Active,2021-02-06,BR040,428806.06,1000,4.49,1,0.0
ACC001431,CUST01016,NRI,Active,2023-04-01,BR044,16751844.5,0,3.9,1,0.0
ACC001432,CUST01017,Salary,Dormant,2020-10-01,BR012,131867.29,0,3.68,0,0.0
ACC001433,CUST01018,Fixed Deposit,Active,2023-03-14,BR029,770377.31,0,3.09,1,0.0
ACC001434,CUST01019,Current,Active,2019-11-01,BR030,3306907.44,10000,6.55,0,36000.0
ACC001435,CUST01020,Salary,Active,2023-03-01,BR017,22981.22,0,4.45,1,0.0
ACC001436,CUST01020,Fixed Deposit,Active,2022-09-10,BR017,7414978.51,0,4.35,0,0.0
ACC001437,CUST01021,Savings,Active,2022-12-18,BR024,402972.5,1000,5.64,0,0.0
ACC001438,CUST01022,Current,Active,2023-08-10,BR047,4607524.81,10000,7.16,0,41673.0
ACC001439,CUST01023,Current,Active,2023-11-18,BR049,3583482.79,10000,5.63,1,47079.0
ACC001440,CUST01024,Current,Active,2022-11-17,BR034,1579297.29,10000,2.71,1,15791.0
ACC001441,CUST01025,Savings,Active,2018-12-27,BR044,13377.44,1000,5.22,1,0.0
ACC001442,CUST01026,Savings,Dormant,2023-08-31,BR020,77803.48,1000,4.84,1,0.0
ACC001443,CUST01027,Savings,Active,2023-04-11,BR038,402666.78,1000,2.95,1,0.0
ACC001444,CUST01028,Savings,Active,2020-08-14,BR022,236081.51,1000,6.6,1,0.0
ACC001445,CUST01029,Fixed Deposit,Active,2021-11-08,BR048,5094224.48,0,6.51,1,0.0
ACC001446,CUST01030,Savings,Active,2018-06-18,BR018,432922.06,1000,7.03,0,0.0
ACC001447,CUST01031,Savings,Active,2019-08-19,BR015,268097.87,1000,6.07,0,0.0
ACC001448,CUST01031,Current,Active,2020-12-07,BR015,3861145.55,10000,4.01,1,11583.0
ACC001449,CUST01032,Savings,Dormant,2023-12-31,BR034,389642.54,1000,3.13,1,0.0
ACC001450,CUST01033,Salary,Active,2023-01-18,BR008,36182.37,0,7.0,0,0.0
ACC001451,CUST01034,Fixed Deposit,Closed,2023-08-24,BR050,9007993.89,0,7.06,1,0.0
ACC001452,CUST01034,Savings,Active,2023-08-26,BR050,242513.1,1000,4.76,1,0.0
ACC001453,CUST01035,Savings,Active,2022-08-06,BR033,267531.66,1000,4.67,1,0.0
ACC001454,CUST01036,Savings,Active,2020-03-31,BR032,236856.99,1000,6.87,0,0.0
ACC001455,CUST01036,Salary,Active,2022-08-13,BR032,104026.57,0,3.96,1,0.0
ACC001456,CUST01037,Current,Active,2021-11-09,BR012,2696458.69,10000,5.7,1,24119.0
ACC001457,CUST01038,Salary,Active,2023-02-18,BR014,115308.5,0,7.0,1,0.0
ACC001458,CUST01038,Current,Active,2023-12-12,BR014,3257558.92,10000,6.2,1,13252.0
ACC001459,CUST01039,Fixed Deposit,Closed,2022-08-01,BR042,7139206.08,0,5.89,0,0.0
ACC001460,CUST01039,Salary,Active,2022-07-26,BR042,195019.44,0,5.6,0,0.0
ACC001461,CUST01040,Current,Active,2021-03-08,BR047,712759.34,10000,4.03,0,7547.0
ACC001462,CUST01040,Salary,Active,2022-01-07,BR047,27214.05,0,5.69,1,0.0
ACC001463,CUST01041,Savings,Active,2019-03-30,BR042,115821.86,1000,6.37,1,0.0
ACC001464,CUST01041,Current,Active,2015-08-17,BR042,2177699.32,10000,6.32,1,35982.0
ACC001465,CUST01041,Fixed Deposit,Active,2022-02-04,BR042,583016.9,0,7.04,1,0.0
ACC001466,CUST01042,Current,Active,2021-08-23,BR025,4708816.53,10000,3.58,0,13706.0
ACC001467,CUST01042,Salary,Active,2022-02-13,BR025,78655.19,0,2.81,0,0.0
ACC001468,CUST01042,Savings,Dormant,2022-06-04,BR025,308155.03,1000,7.33,1,0.0
ACC001469,CUST01043,Savings,Active,2022-09-28,BR047,47953.88,1000,4.44,1,0.0
ACC001470,CUST01044,Salary,Active,2022-12-19,BR004,11074.23,0,5.0,1,0.0
ACC001471,CUST01045,Savings,Active,2022-11-23,BR010,118892.18,1000,4.92,1,0.0
ACC001472,CUST01046,Savings,Active,2023-05-17,BR019,168464.05,1000,3.34,1,0.0
ACC001473,CUST01046,Current,Active,2018-10-23,BR019,1748762.37,10000,3.27,1,23839.0
ACC001474,CUST01046,Salary,Active,2017-01-09,BR019,259157.62,0,5.11,1,0.0
ACC001475,CUST01047,Fixed Deposit,Active,2022-08-23,BR012,3963823.58,0,3.83,1,0.0
ACC001476,CUST01047,Savings,Active,2022-07-19,BR012,487390.11,1000,3.81,0,0.0
ACC001477,CUST01048,Salary,Active,2023-01-17,BR042,231901.34,0,6.72,1,0.0
ACC001478,CUST01049,Fixed Deposit,Active,2021-03-01,BR021,4151622.56,0,4.88,1,0.0
ACC001479,CUST01049,Savings,Active,2022-04-04,BR021,344149.34,1000,5.27,1,0.0
ACC001480,CUST01050,Savings,Active,2023-08-20,BR033,417171.08,1000,2.62,0,0.0
ACC001481,CUST01051,Salary,Active,2023-08-21,BR029,160331.04,0,4.58,1,0.0
ACC001482,CUST01052,Savings,Active,2022-08-05,BR002,273266.41,1000,3.39,1,0.0
ACC001483,CUST01053,Salary,Active,2021-11-13,BR035,108293.52,0,3.38,0,0.0
ACC001484,CUST01054,Fixed Deposit,Active,2022-06-20,BR035,1311637.57,0,6.52,1,0.0
ACC001485,CUST01054,Savings,Active,2020-12-29,BR035,332016.38,1000,6.53,1,0.0
ACC001486,CUST01055,Salary,Active,2021-06-19,BR018,96863.95,0,3.81,1,0.0
ACC001487,CUST01056,Salary,Active,2018-10-10,BR025,197966.28,0,6.38,0,0.0
ACC001488,CUST01056,Current,Active,2019-03-04,BR025,3150483.79,10000,5.03,1,47033.0
ACC001489,CUST01057,Savings,Active,2023-12-01,BR008,491640.08,1000,5.87,1,0.0
ACC001490,CUST01058,Savings,Active,2023-09-18,BR024,489843.53,1000,7.07,1,0.0
ACC001491,CUST01059,Savings,Active,2023-06-23,BR005,417066.78,1000,5.45,1,0.0
ACC001492,CUST01060,Current,Active,2019-06-14,BR003,79905.53,10000,5.79,1,40106.0
ACC001493,CUST01061,Current,Active,2023-12-02,BR048,808270.76,10000,2.72,1,41406.0
ACC001494,CUST01061,Salary,Active,2020-12-26,BR048,101108.89,0,2.66,1,0.0
ACC001495,CUST01062,Savings,Active,2018-04-01,BR024,64247.21,1000,4.09,1,0.0
ACC001496,CUST01063,Savings,Active,2018-11-20,BR002,119763.38,1000,4.1,1,0.0
ACC001497,CUST01064,NRI,Active,2020-11-04,BR023,262177.42,0,2.63,0,0.0
ACC001498,CUST01065,Salary,Active,2023-09-21,BR041,8984.97,0,2.5,1,0.0
ACC001499,CUST01065,Savings,Closed,2023-12-12,BR041,77734.39,1000,6.83,1,0.0
ACC001500,CUST01066,Salary,Active,2020-01-17,BR048,20079.25,0,3.45,1,0.0
ACC001501,CUST01067,Fixed Deposit,Active,2019-10-18,BR019,9001353.57,0,6.19,0,0.0
ACC001502,CUST01068,Salary,Active,2021-03-20,BR037,116646.21,0,3.34,1,0.0
ACC001503,CUST01069,Fixed Deposit,Closed,2016-05-24,BR041,9756613.45,0,2.8,1,0.0
ACC001504,CUST01070,Fixed Deposit,Active,2022-11-12,BR031,7351849.86,0,3.33,0,0.0
ACC001505,CUST01070,Current,Active,2023-09-15,BR031,4109313.49,10000,5.29,1,26897.0
ACC001506,CUST01071,Savings,Active,2023-06-21,BR022,352040.85,1000,5.3,0,0.0
ACC001507,CUST01071,Fixed Deposit,Active,2023-11-12,BR022,4898909.87,0,5.58,1,0.0
ACC001508,CUST01072,Current,Active,2023-09-16,BR024,3871592.14,10000,3.7,1,26224.0
ACC001509,CUST01073,Fixed Deposit,Active,2017-09-03,BR020,8927670.71,0,3.81,1,0.0
ACC001510,CUST01074,Fixed Deposit,Active,2023-12-12,BR050,8880482.87,0,5.5,1,0.0
ACC001511,CUST01075,Current,Active,2020-10-23,BR015,1047702.12,10000,3.25,1,13594.0
ACC001512,CUST01075,Salary,Closed,2023-05-24,BR015,228609.18,0,6.88,0,0.0
ACC001513,CUST01075,NRI,Active,2020-03-25,BR015,1383237.01,0,4.14,1,0.0
ACC001514,CUST01076,Savings,Active,2023-07-05,BR035,390593.72,1000,5.91,1,0.0
ACC001515,CUST01076,Current,Active,2020-09-04,BR035,4611467.33,10000,2.86,0,47920.0
ACC001516,CUST01077,Savings,Active,2019-10-06,BR030,169256.36,1000,5.18,1,0.0
ACC001517,CUST01078,Savings,Active,2018-02-06,BR004,288582.19,1000,3.42,0,0.0
ACC001518,CUST01079,Savings,Active,2019-11-20,BR038,490045.38,1000,3.43,1,0.0
ACC001519,CUST01080,Current,Active,2017-03-08,BR010,1783909.09,10000,2.9,0,14261.0
ACC001520,CUST01081,Salary,Active,2021-11-06,BR008,298328.01,0,5.93,1,0.0
ACC001521,CUST01082,Savings,Active,2023-09-09,BR008,436748.47,1000,2.62,1,0.0
ACC001522,CUST01083,Fixed Deposit,Active,2023-11-28,BR016,181964.13,0,5.97,1,0.0
ACC001523,CUST01084,Savings,Active,2020-07-27,BR041,137326.06,1000,5.6,0,0.0
ACC001524,CUST01085,Current,Closed,2023-05-04,BR028,33297.25,10000,4.22,1,1989.0
ACC001525,CUST01086,Savings,Active,2017-11-09,BR039,154824.35,1000,4.62,1,0.0
ACC001526,CUST01086,Current,Dormant,2020-09-12,BR039,3448588.85,10000,6.69,1,24220.0
ACC001527,CUST01087,Savings,Active,2021-02-20,BR027,472018.76,1000,4.17,1,0.0
ACC001528,CUST01088,Savings,Active,2017-01-07,BR043,429468.6,1000,2.68,1,0.0
ACC001529,CUST01089,Savings,Active,2023-02-22,BR023,154389.87,1000,2.9,1,0.0
ACC001530,CUST01090,Salary,Active,2022-01-07,BR014,204997.3,0,2.58,0,0.0
ACC001531,CUST01091,Fixed Deposit,Closed,2022-02-22,BR035,2529464.19,0,6.63,0,0.0
ACC001532,CUST01092,Salary,Active,2022-11-12,BR013,255447.11,0,7.29,1,0.0
ACC001533,CUST01092,Savings,Active,2021-04-28,BR013,166599.68,1000,4.12,1,0.0
ACC001534,CUST01093,Savings,Active,2021-11-07,BR020,381340.29,1000,7.34,1,0.0
ACC001535,CUST01094,Savings,Active,2022-12-15,BR043,237014.44,1000,2.76,1,0.0
ACC001536,CUST01095,Savings,Active,2021-01-29,BR040,170945.38,1000,3.93,1,0.0
ACC001537,CUST01096,Current,Active,2023-11-04,BR045,3137119.23,10000,3.94,1,40913.0
ACC001538,CUST01097,Savings,Active,2018-07-27,BR029,165141.42,1000,3.56,1,0.0
ACC001539,CUST01097,Current,Active,2023-05-27,BR029,4548469.46,10000,6.76,1,29527.0
ACC001540,CUST01098,Savings,Active,2023-03-26,BR046,427897.09,1000,5.58,1,0.0
ACC001541,CUST01099,Savings,Active,2021-08-26,BR021,469664.39,1000,3.73,0,0.0
ACC001542,CUST01100,Savings,Dormant,2022-09-21,BR015,423725.72,1000,6.09,1,0.0
ACC001543,CUST01101,Savings,Active,2021-11-16,BR011,189336.65,1000,4.8,0,0.0
ACC001544,CUST01102,Savings,Closed,2023-08-18,BR037,273206.46,1000,6.83,1,0.0
ACC001545,CUST01103,Savings,Active,2023-10-12,BR045,112452.45,1000,6.35,1,0.0
ACC001546,CUST01104,Savings,Active,2021-08-13,BR046,153577.5,1000,5.99,1,0.0
ACC001547,CUST01104,Salary,Active,2022-04-17,BR046,154164.94,0,5.66,1,0.0
ACC001548,CUST01104,NRI,Active,2021-11-13,BR046,9662232.08,0,4.04,1,0.0
ACC001549,CUST01105,Savings,Active,2021-11-21,BR012,95336.87,1000,4.57,1,0.0
ACC001550,CUST01106,Fixed Deposit,Active,2022-03-12,BR045,8380414.2,0,5.7,1,0.0
ACC001551,CUST01106,Savings,Closed,2023-02-11,BR045,33328.49,1000,2.6,1,0.0
ACC001552,CUST01107,Savings,Closed,2021-05-16,BR015,453434.07,1000,5.16,0,0.0
ACC001553,CUST01107,NRI,Active,2023-06-02,BR015,7410309.35,0,7.21,1,0.0
ACC001554,CUST01108,Current,Active,2016-10-24,BR044,3205513.95,10000,2.95,1,25921.0
ACC001555,CUST01109,Savings,Active,2023-02-20,BR012,347766.95,1000,5.41,1,0.0
ACC001556,CUST01110,Savings,Active,2023-11-09,BR046,494537.06,1000,6.08,1,0.0
ACC001557,CUST01111,Salary,Active,2023-11-01,BR019,289563.2,0,4.24,0,0.0
ACC001558,CUST01111,Savings,Closed,2023-11-05,BR019,383162.39,1000,6.55,1,0.0
ACC001559,CUST01112,Savings,Active,2023-08-23,BR043,142213.94,1000,6.61,1,0.0
ACC001560,CUST01112,Salary,Active,2017-06-11,BR043,50388.28,0,3.78,0,0.0
ACC001561,CUST01113,Current,Active,2023-04-02,BR026,231913.87,10000,6.41,0,19394.0
ACC001562,CUST01114,Savings,Active,2022-08-03,BR034,140637.65,1000,3.41,0,0.0
ACC001563,CUST01114,Fixed Deposit,Active,2023-04-21,BR034,9706444.82,0,6.12,1,0.0
ACC001564,CUST01115,Savings,Active,2023-07-19,BR026,296616.76,1000,7.21,1,0.0
ACC001565,CUST01116,Savings,Active,2018-10-08,BR050,360825.67,1000,3.84,1,0.0
ACC001566,CUST01117,Fixed Deposit,Active,2023-10-15,BR048,8731261.24,0,5.75,1,0.0
ACC001567,CUST01117,Salary,Active,2021-09-16,BR048,17849.27,0,6.47,1,0.0
ACC001568,CUST01118,Savings,Active,2021-02-23,BR034,441928.21,1000,6.11,1,0.0
ACC001569,CUST01119,Current,Active,2023-03-26,BR032,850601.75,10000,4.1,1,18010.0
ACC001570,CUST01120,Savings,Closed,2023-07-25,BR012,447540.01,1000,7.47,1,0.0
ACC001571,CUST01120,Current,Dormant,2023-05-23,BR012,3283555.55,10000,3.18,1,31728.0
ACC001572,CUST01121,Savings,Active,2023-10-27,BR046,18844.62,1000,5.31,0,0.0
ACC001573,CUST01122,Savings,Active,2018-07-22,BR017,183625.58,1000,3.7,1,0.0
ACC001574,CUST01122,Salary,Active,2020-03-07,BR017,232190.56,0,6.91,1,0.0
ACC001575,CUST01122,Fixed Deposit,Active,2018-03-28,BR017,5322255.6,0,5.3,1,0.0
ACC001576,CUST01123,Savings,Active,2021-02-18,BR032,412981.85,1000,7.04,1,0.0
ACC001577,CUST01124,Salary,Active,2019-07-04,BR007,124786.53,0,5.39,1,0.0
ACC001578,CUST01125,Current,Active,2023-11-17,BR008,1857650.53,10000,6.54,1,20619.0
ACC001579,CUST01126,Savings,Active,2021-10-13,BR050,258395.87,1000,5.67,1,0.0
ACC001580,CUST01126,Fixed Deposit,Active,2021-10-12,BR050,5372328.63,0,5.45,0,0.0
ACC001581,CUST01127,Salary,Active,2022-02-28,BR030,64576.91,0,2.71,1,0.0
ACC001582,CUST01127,Savings,Active,2022-06-25,BR030,345410.06,1000,6.84,0,0.0
ACC001583,CUST01128,Current,Active,2023-12-31,BR002,512643.22,10000,4.41,1,29587.0
ACC001584,CUST01128,Fixed Deposit,Active,2023-12-31,BR002,8038998.17,0,7.41,1,0.0
ACC001585,CUST01129,Fixed Deposit,Active,2022-10-19,BR034,4009061.12,0,3.22,1,0.0
ACC001586,CUST01130,Fixed Deposit,Active,2023-11-12,BR025,7614531.86,0,6.08,1,0.0
ACC001587,CUST01131,Savings,Active,2020-03-14,BR019,73675.67,1000,3.28,1,0.0
ACC001588,CUST01132,Savings,Active,2020-06-09,BR030,387224.84,1000,2.64,1,0.0
ACC001589,CUST01133,Fixed Deposit,Active,2022-05-06,BR028,5468503.34,0,3.82,1,0.0
ACC001590,CUST01134,Current,Active,2023-09-25,BR026,2840200.62,10000,3.67,1,8090.0
ACC001591,CUST01135,Savings,Closed,2023-11-21,BR016,470549.55,1000,3.42,1,0.0
ACC001592,CUST01136,Current,Active,2022-11-16,BR031,3678911.14,10000,3.93,0,26868.0
ACC001593,CUST01136,NRI,Active,2023-11-03,BR031,11962014.77,0,5.4,1,0.0
ACC001594,CUST01137,Fixed Deposit,Active,2021-07-31,BR012,5540679.61,0,4.82,1,0.0
ACC001595,CUST01138,Fixed Deposit,Active,2021-05-23,BR037,3798341.58,0,7.24,0,0.0
ACC001596,CUST01139,Savings,Active,2020-02-09,BR034,419917.6,1000,2.84,1,0.0
ACC001597,CUST01139,NRI,Active,2017-10-17,BR034,8643501.09,0,3.96,0,0.0
ACC001598,CUST01140,Current,Active,2022-02-21,BR013,2257859.72,10000,5.22,1,34560.0
ACC001599,CUST01140,Savings,Active,2020-05-25,BR013,78943.68,1000,3.33,1,0.0
ACC001600,CUST01141,Savings,Active,2022-02-03,BR019,427218.09,1000,6.1,1,0.0
ACC001601,CUST01142,Fixed Deposit,Active,2020-09-28,BR045,7232612.12,0,5.51,1,0.0
ACC001602,CUST01143,Salary,Active,2023-08-20,BR031,259230.26,0,7.43,0,0.0
ACC001603,CUST01144,Salary,Active,2018-07-15,BR023,93291.83,0,4.19,1,0.0
ACC001604,CUST01144,Current,Active,2017-06-28,BR023,1265683.7,10000,4.71,1,33267.0
ACC001605,CUST01145,Savings,Active,2022-06-03,BR041,114120.49,1000,5.72,1,0.0
ACC001606,CUST01146,Savings,Dormant,2018-08-13,BR017,99111.32,1000,3.89,1,0.0
ACC001607,CUST01147,Savings,Active,2023-04-16,BR022,104404.22,1000,5.04,0,0.0
ACC001608,CUST01148,Current,Active,2021-07-22,BR002,1708323.73,10000,5.4,1,17014.0
ACC001609,CUST01149,Current,Closed,2019-12-14,BR027,2548746.84,10000,4.23,0,6456.0
ACC001610,CUST01150,Salary,Active,2018-06-12,BR033,9132.59,0,5.3,0,0.0
ACC001611,CUST01151,Savings,Active,2023-02-12,BR001,152446.86,1000,4.47,1,0.0
ACC001612,CUST01152,Current,Active,2019-05-11,BR040,849256.24,10000,3.84,1,18337.0
ACC001613,CUST01153,Fixed Deposit,Active,2018-08-18,BR046,5582187.68,0,5.36,1,0.0
ACC001614,CUST01154,Fixed Deposit,Active,2023-08-11,BR004,56723.8,0,6.59,1,0.0
ACC001615,CUST01155,Fixed Deposit,Active,2021-02-12,BR013,8928490.34,0,3.05,1,0.0
ACC001616,CUST01156,Fixed Deposit,Active,2021-02-27,BR028,7401700.06,0,4.02,1,0.0
ACC001617,CUST01156,Savings,Dormant,2022-01-23,BR028,223403.13,1000,5.04,0,0.0
ACC001618,CUST01157,Fixed Deposit,Active,2022-06-03,BR023,7402736.44,0,4.01,1,0.0
ACC001619,CUST01157,Savings,Active,2022-11-19,BR023,86092.15,1000,6.33,0,0.0
ACC001620,CUST01157,NRI,Active,2022-08-25,BR023,566896.48,0,6.75,1,0.0
ACC001621,CUST01158,Savings,Active,2016-09-09,BR038,148170.98,1000,6.84,1,0.0
ACC001622,CUST01159,Fixed Deposit,Active,2020-01-02,BR020,4810633.33,0,6.95,1,0.0
ACC001623,CUST01159,Savings,Active,2019-04-04,BR020,22462.31,1000,5.88,0,0.0
ACC001624,CUST01160,Salary,Dormant,2017-09-02,BR030,187633.34,0,4.33,1,0.0
ACC001625,CUST01161,Salary,Active,2019-07-10,BR026,53242.18,0,6.19,0,0.0
ACC001626,CUST01161,Savings,Active,2021-09-19,BR026,141580.92,1000,2.81,1,0.0
ACC001627,CUST01161,Fixed Deposit,Active,2021-03-07,BR026,2940193.98,0,4.57,0,0.0
ACC001628,CUST01162,Current,Active,2019-12-23,BR013,2306412.61,10000,2.7,1,1833.0
ACC001629,CUST01163,NRI,Active,2021-09-24,BR043,10521856.49,0,4.46,1,0.0
ACC001630,CUST01164,Savings,Active,2023-11-25,BR032,255124.34,1000,5.43,1,0.0
ACC001631,CUST01164,Current,Active,2023-03-30,BR032,357188.08,10000,7.34,1,21966.0
ACC001632,CUST01164,Fixed Deposit,Active,2023-09-07,BR032,760294.63,0,3.97,1,0.0
ACC001633,CUST01165,Savings,Active,2023-11-04,BR047,104792.55,1000,4.57,1,0.0
ACC001634,CUST01165,Current,Active,2021-11-03,BR047,376188.81,10000,5.86,1,48388.0
ACC001635,CUST01165,Salary,Active,2022-10-07,BR047,114288.18,0,2.94,1,0.0
ACC001636,CUST01166,Current,Active,2020-12-17,BR021,1941317.0,10000,4.65,0,17886.0
ACC001637,CUST01167,Savings,Dormant,2023-09-05,BR015,114744.15,1000,4.16,1,0.0
ACC001638,CUST01168,Savings,Active,2020-08-22,BR040,465734.65,1000,5.93,1,0.0
ACC001639,CUST01169,Current,Active,2021-07-19,BR031,532540.59,10000,3.09,0,21721.0
ACC001640,CUST01169,Fixed Deposit,Active,2023-01-23,BR031,8468390.05,0,6.26,1,0.0
ACC001641,CUST01170,Savings,Active,2017-12-09,BR035,323931.33,1000,4.13,1,0.0
ACC001642,CUST01171,Fixed Deposit,Active,2020-01-24,BR028,9473125.93,0,3.11,1,0.0
ACC001643,CUST01171,Savings,Active,2022-09-21,BR028,448447.78,1000,2.53,1,0.0
ACC001644,CUST01171,Salary,Active,2023-02-12,BR028,196145.52,0,6.57,1,0.0
ACC001645,CUST01172,Savings,Active,2023-08-28,BR029,219040.9,1000,6.2,1,0.0
ACC001646,CUST01173,Savings,Active,2019-01-24,BR011,406470.57,1000,3.0,1,0.0
ACC001647,CUST01174,Salary,Active,2023-03-30,BR002,174652.26,0,6.67,1,0.0
ACC001648,CUST01174,Savings,Active,2020-04-25,BR002,386523.8,1000,5.48,1,0.0
ACC001649,CUST01174,Current,Active,2023-05-04,BR002,2263834.0,10000,7.47,1,33088.0
ACC001650,CUST01175,Current,Active,2023-12-31,BR033,2608728.23,10000,4.03,1,35499.0
ACC001651,CUST01175,Fixed Deposit,Active,2023-09-21,BR033,6245092.9,0,3.82,1,0.0
ACC001652,CUST01176,Fixed Deposit,Active,2022-05-03,BR049,4081489.14,0,3.37,1,0.0
ACC001653,CUST01176,Salary,Active,2022-12-10,BR049,189478.68,0,6.7,0,0.0
ACC001654,CUST01177,Fixed Deposit,Dormant,2018-11-04,BR045,3376033.14,0,3.36,1,0.0
ACC001655,CUST01178,Fixed Deposit,Active,2016-12-25,BR002,8200973.98,0,6.18,1,0.0
ACC001656,CUST01179,Current,Active,2023-11-19,BR025,2283028.7,10000,2.56,1,34558.0
ACC001657,CUST01180,NRI,Active,2023-09-07,BR038,12232622.86,0,4.29,1,0.0
ACC001658,CUST01181,Savings,Closed,2022-12-11,BR010,381224.65,1000,4.77,1,0.0
ACC001659,CUST01181,Salary,Active,2022-08-23,BR010,78439.46,0,2.92,1,0.0
ACC001660,CUST01182,Savings,Dormant,2021-10-02,BR013,413306.65,1000,5.45,0,0.0
ACC001661,CUST01183,Salary,Active,2021-09-27,BR008,195101.43,0,2.79,1,0.0
ACC001662,CUST01183,Fixed Deposit,Active,2022-01-21,BR008,9513496.63,0,3.05,1,0.0
ACC001663,CUST01184,Current,Active,2018-12-03,BR020,3370306.57,10000,6.21,1,32760.0
ACC001664,CUST01184,NRI,Active,2022-12-20,BR020,7882497.31,0,6.29,1,0.0
ACC001665,CUST01184,Savings,Active,2020-11-07,BR020,444105.02,1000,6.58,1,0.0
ACC001666,CUST01185,Savings,Active,2022-03-26,BR022,351402.41,1000,4.97,1,0.0
ACC001667,CUST01185,Fixed Deposit,Active,2022-01-28,BR022,247012.63,0,5.74,1,0.0
ACC001668,CUST01185,NRI,Active,2023-06-16,BR022,12207493.8,0,2.72,1,0.0
ACC001669,CUST01186,Savings,Active,2021-11-19,BR005,295679.36,1000,2.68,0,0.0
ACC001670,CUST01187,Fixed Deposit,Active,2022-10-29,BR004,3150712.36,0,5.37,1,0.0
ACC001671,CUST01187,Savings,Active,2022-06-20,BR004,131363.4,1000,4.46,1,0.0
ACC001672,CUST01187,Salary,Dormant,2023-06-20,BR004,192529.87,0,5.55,1,0.0
ACC001673,CUST01188,Current,Active,2023-11-04,BR020,2528719.12,10000,7.0,1,26830.0
ACC001674,CUST01189,Current,Active,2022-10-10,BR012,1192680.99,10000,2.97,1,28175.0
ACC001675,CUST01190,Savings,Active,2016-08-22,BR014,383645.49,1000,4.16,1,0.0
ACC001676,CUST01190,Fixed Deposit,Active,2021-04-24,BR014,7912602.04,0,6.63,1,0.0
ACC001677,CUST01190,Salary,Active,2021-11-27,BR014,262974.88,0,4.73,1,0.0
ACC001678,CUST01191,Savings,Active,2023-05-04,BR050,310776.48,1000,5.19,0,0.0
ACC001679,CUST01191,Salary,Active,2023-05-12,BR050,284314.29,0,4.62,1,0.0
ACC001680,CUST01192,Fixed Deposit,Active,2023-04-01,BR001,4746217.14,0,3.52,0,0.0
ACC001681,CUST01193,Fixed Deposit,Active,2019-11-25,BR039,2624176.16,0,7.39,1,0.0
ACC001682,CUST01193,Current,Active,2018-12-13,BR039,2487379.71,10000,3.35,1,2238.0
ACC001683,CUST01193,Salary,Active,2018-01-03,BR039,66209.08,0,6.78,1,0.0
ACC001684,CUST01194,Savings,Active,2020-12-06,BR027,251886.25,1000,3.79,1,0.0
ACC001685,CUST01195,Savings,Active,2023-07-29,BR028,307644.43,1000,4.24,1,0.0
ACC001686,CUST01195,Salary,Active,2022-03-01,BR028,38562.37,0,2.92,1,0.0
ACC001687,CUST01196,Savings,Active,2021-12-10,BR033,448001.99,1000,3.62,1,0.0
ACC001688,CUST01196,Fixed Deposit,Active,2023-10-24,BR033,8924466.26,0,2.87,0,0.0
ACC001689,CUST01197,Salary,Dormant,2020-11-13,BR045,208496.27,0,3.16,1,0.0
ACC001690,CUST01198,Salary,Active,2023-05-12,BR048,54965.11,0,6.23,1,0.0
ACC001691,CUST01199,Fixed Deposit,Active,2020-04-25,BR015,3589221.22,0,3.21,1,0.0
ACC001692,CUST01200,Savings,Active,2020-10-29,BR033,254064.14,1000,3.75,0,0.0
ACC001693,CUST01201,Savings,Active,2019-10-16,BR002,334669.04,1000,3.87,1,0.0
ACC001694,CUST01202,Savings,Active,2021-07-23,BR001,88936.45,1000,5.28,1,0.0
ACC001695,CUST01203,Savings,Active,2023-04-30,BR003,112704.94,1000,3.62,1,0.0
ACC001696,CUST01203,Salary,Active,2023-04-21,BR003,116434.07,0,2.68,0,0.0
ACC001697,CUST01204,Savings,Active,2019-05-13,BR002,112139.46,1000,5.51,1,0.0
ACC001698,CUST01205,Savings,Active,2023-09-29,BR030,109690.74,1000,6.05,1,0.0
ACC001699,CUST01205,Current,Active,2023-12-23,BR030,2972258.03,10000,5.19,0,7853.0
ACC001700,CUST01206,Savings,Active,2016-10-24,BR001,159355.01,1000,6.99,1,0.0
ACC001701,CUST01207,Savings,Active,2023-11-24,BR042,367839.35,1000,7.16,1,0.0
ACC001702,CUST01207,Current,Active,2023-11-21,BR042,4727678.76,10000,4.09,0,22289.0
ACC001703,CUST01208,Salary,Active,2023-05-30,BR008,221839.03,0,4.3,1,0.0
ACC001704,CUST01208,Current,Active,2023-11-12,BR008,4091751.03,10000,5.69,1,32951.0
ACC001705,CUST01209,Current,Dormant,2023-05-30,BR020,3450198.37,10000,5.25,1,44179.0
ACC001706,CUST01209,Savings,Dormant,2023-08-30,BR020,189128.36,1000,4.45,0,0.0
ACC001707,CUST01210,NRI,Active,2023-01-29,BR048,12182474.04,0,2.72,1,0.0
ACC001708,CUST01211,Savings,Active,2022-08-29,BR007,92470.84,1000,6.96,0,0.0
ACC001709,CUST01212,Fixed Deposit,Active,2018-05-13,BR009,4819749.87,0,5.5,0,0.0
ACC001710,CUST01213,Salary,Active,2022-12-03,BR038,210326.85,0,7.22,1,0.0
ACC001711,CUST01214,Salary,Active,2018-12-29,BR008,274048.19,0,7.48,0,0.0
ACC001712,CUST01215,Current,Active,2019-03-14,BR043,3018460.02,10000,3.76,1,4348.0
ACC001713,CUST01216,Salary,Active,2020-12-31,BR010,158658.47,0,4.96,0,0.0
ACC001714,CUST01217,Fixed Deposit,Dormant,2020-07-20,BR027,4605669.26,0,3.61,0,0.0
ACC001715,CUST01218,Savings,Active,2023-11-10,BR048,413209.37,1000,6.05,1,0.0
ACC001716,CUST01219,Savings,Active,2023-10-27,BR028,167138.3,1000,6.39,1,0.0
ACC001717,CUST01220,Current,Active,2023-04-10,BR042,3165125.56,10000,6.06,1,19623.0
ACC001718,CUST01220,Savings,Active,2021-06-27,BR042,498719.75,1000,3.4,1,0.0
ACC001719,CUST01221,NRI,Active,2023-11-02,BR045,16581758.2,0,6.17,1,0.0
ACC001720,CUST01222,Savings,Active,2023-10-02,BR017,320991.07,1000,6.35,0,0.0
ACC001721,CUST01223,Salary,Active,2023-08-06,BR022,76412.73,0,4.21,1,0.0
ACC001722,CUST01224,Savings,Active,2021-12-31,BR013,372545.47,1000,2.8,1,0.0
ACC001723,CUST01225,Fixed Deposit,Active,2018-05-13,BR014,846256.52,0,6.33,1,0.0
ACC001724,CUST01226,Fixed Deposit,Active,2019-10-23,BR035,660950.86,0,3.28,1,0.0
ACC001725,CUST01227,Savings,Active,2022-07-09,BR032,463681.54,1000,4.63,1,0.0
ACC001726,CUST01228,Current,Active,2022-02-11,BR007,2374601.36,10000,4.14,1,11221.0
ACC001727,CUST01229,Current,Active,2022-06-17,BR036,1422768.88,10000,3.47,1,43904.0
ACC001728,CUST01229,Fixed Deposit,Active,2023-05-01,BR036,6492547.0,0,6.59,0,0.0
ACC001729,CUST01229,Savings,Active,2023-02-13,BR036,482091.58,1000,3.61,1,0.0
ACC001730,CUST01230,Savings,Active,2023-05-27,BR019,185547.55,1000,5.87,1,0.0
ACC001731,CUST01231,Savings,Active,2023-02-13,BR025,484355.04,1000,7.35,1,0.0
ACC001732,CUST01232,Current,Active,2020-10-01,BR027,1191944.09,10000,5.64,1,34292.0
ACC001733,CUST01233,Savings,Dormant,2022-01-08,BR029,166515.04,1000,4.97,1,0.0
ACC001734,CUST01233,Salary,Active,2023-06-16,BR029,210998.94,0,7.39,1,0.0
ACC001735,CUST01234,Savings,Active,2023-12-17,BR035,364549.06,1000,6.36,0,0.0
ACC001736,CUST01234,Current,Active,2023-11-02,BR035,321559.59,10000,5.06,1,36135.0
ACC001737,CUST01234,NRI,Active,2023-11-30,BR035,9069802.26,0,4.27,1,0.0
ACC001738,CUST01235,Salary,Active,2022-07-23,BR039,71289.5,0,5.42,1,0.0
ACC001739,CUST01236,Salary,Active,2023-10-28,BR015,98786.4,0,6.74,0,0.0
ACC001740,CUST01237,Current,Dormant,2023-11-07,BR002,1305070.42,10000,6.32,1,21216.0
ACC001741,CUST01238,Salary,Dormant,2023-09-02,BR011,187929.13,0,5.68,1,0.0
ACC001742,CUST01239,Savings,Active,2021-07-05,BR045,469109.52,1000,3.33,1,0.0
ACC001743,CUST01239,Salary,Active,2020-04-15,BR045,108531.06,0,3.47,0,0.0
ACC001744,CUST01240,Savings,Dormant,2020-01-11,BR020,62174.36,1000,3.28,1,0.0
ACC001745,CUST01241,Fixed Deposit,Active,2019-09-30,BR019,2383741.78,0,4.98,1,0.0
ACC001746,CUST01242,Current,Active,2022-03-11,BR035,4529961.74,10000,6.72,1,20770.0
ACC001747,CUST01243,Savings,Active,2023-09-02,BR050,156046.67,1000,4.49,1,0.0
ACC001748,CUST01243,Salary,Active,2023-11-21,BR050,194699.51,0,6.9,1,0.0
ACC001749,CUST01244,Savings,Active,2023-01-12,BR024,90898.28,1000,7.37,1,0.0
ACC001750,CUST01244,Current,Closed,2023-10-15,BR024,2030046.33,10000,7.14,1,2121.0
ACC001751,CUST01244,Fixed Deposit,Active,2022-12-15,BR024,3954607.99,0,5.69,1,0.0
ACC001752,CUST01245,Current,Active,2023-06-26,BR009,1676572.6,10000,5.96,1,15772.0
ACC001753,CUST01246,Current,Active,2023-12-24,BR023,4987870.4,10000,3.45,0,11135.0
ACC001754,CUST01247,Savings,Active,2019-04-03,BR014,65159.7,1000,6.66,0,0.0
ACC001755,CUST01248,Savings,Active,2023-04-28,BR014,259429.14,1000,3.4,1,0.0
ACC001756,CUST01249,Current,Active,2023-02-10,BR015,2228631.97,10000,7.34,1,1300.0
ACC001757,CUST01250,Salary,Active,2023-10-20,BR041,183687.86,0,3.08,1,0.0
ACC001758,CUST01251,Fixed Deposit,Active,2021-11-26,BR036,3161504.13,0,3.47,0,0.0
ACC001759,CUST01251,Savings,Active,2022-01-03,BR036,493872.0,1000,7.3,1,0.0
ACC001760,CUST01252,Salary,Active,2023-11-28,BR018,245528.38,0,3.0,1,0.0
ACC001761,CUST01252,Savings,Active,2023-12-21,BR018,226125.63,1000,5.48,1,0.0
ACC001762,CUST01253,Current,Active,2023-09-03,BR024,3817189.7,10000,4.86,1,35144.0
ACC001763,CUST01254,Savings,Active,2023-09-11,BR033,329315.53,1000,5.26,1,0.0
ACC001764,CUST01255,Savings,Active,2023-07-24,BR006,108985.21,1000,4.44,0,0.0
ACC001765,CUST01256,Savings,Active,2022-08-02,BR028,308422.87,1000,6.52,0,0.0
ACC001766,CUST01257,Savings,Active,2023-09-16,BR011,316720.49,1000,7.41,1,0.0
ACC001767,CUST01258,Current,Active,2021-01-19,BR036,161486.79,10000,7.27,0,39199.0
ACC001768,CUST01259,Salary,Active,2023-07-31,BR050,46186.94,0,6.6,0,0.0
ACC001769,CUST01259,Savings,Active,2023-08-12,BR050,147969.07,1000,6.82,0,0.0
ACC001770,CUST01260,Fixed Deposit,Dormant,2019-10-13,BR038,4496640.07,0,5.71,0,0.0
ACC001771,CUST01261,Savings,Active,2023-11-09,BR045,271206.04,1000,5.38,1,0.0
ACC001772,CUST01262,Savings,Dormant,2022-08-09,BR050,48105.3,1000,3.58,1,0.0
ACC001773,CUST01263,Current,Closed,2023-02-22,BR032,3785955.83,10000,6.9,0,5243.0
ACC001774,CUST01264,Salary,Active,2023-01-14,BR038,204882.06,0,4.25,1,0.0
ACC001775,CUST01264,NRI,Closed,2017-01-25,BR038,8748072.81,0,2.8,1,0.0
ACC001776,CUST01265,Savings,Active,2020-12-18,BR004,20022.83,1000,6.77,1,0.0
ACC001777,CUST01266,Salary,Active,2022-04-30,BR020,84676.72,0,2.58,0,0.0
ACC001778,CUST01266,Fixed Deposit,Dormant,2017-05-29,BR020,8210073.44,0,3.56,1,0.0
ACC001779,CUST01266,Savings,Active,2019-06-11,BR020,247306.63,1000,3.01,0,0.0
ACC001780,CUST01267,NRI,Active,2023-12-19,BR007,11528900.95,0,6.2,1,0.0
ACC001781,CUST01268,Savings,Active,2021-05-11,BR007,237514.12,1000,3.04,1,0.0
ACC001782,CUST01269,Fixed Deposit,Active,2019-05-27,BR019,6042562.47,0,4.4,1,0.0
ACC001783,CUST01269,Current,Active,2021-09-11,BR019,4771773.93,10000,2.59,0,18431.0
ACC001784,CUST01269,Savings,Active,2023-08-12,BR019,317604.97,1000,2.63,1,0.0
ACC001785,CUST01270,Fixed Deposit,Active,2022-10-17,BR038,4234428.19,0,3.04,1,0.0
ACC001786,CUST01271,Fixed Deposit,Active,2021-01-24,BR028,9900788.08,0,5.62,1,0.0
ACC001787,CUST01271,Current,Closed,2021-09-10,BR028,3162018.04,10000,5.78,0,24645.0
ACC001788,CUST01272,Savings,Dormant,2023-02-19,BR004,207612.52,1000,4.36,1,0.0
ACC001789,CUST01273,NRI,Active,2018-05-18,BR048,7240356.1,0,6.36,0,0.0
ACC001790,CUST01273,Salary,Closed,2020-10-01,BR048,204761.9,0,5.23,0,0.0
ACC001791,CUST01274,Salary,Active,2023-06-12,BR003,259925.2,0,5.48,1,0.0
ACC001792,CUST01275,Current,Active,2023-11-24,BR040,1659003.69,10000,7.45,1,28509.0
ACC001793,CUST01276,Salary,Dormant,2018-08-13,BR026,253800.95,0,5.69,1,0.0
ACC001794,CUST01277,NRI,Dormant,2021-11-20,BR035,2084873.87,0,5.33,1,0.0
ACC001795,CUST01277,Current,Active,2023-04-28,BR035,17335.64,10000,6.38,1,19822.0
ACC001796,CUST01278,Current,Active,2019-01-07,BR039,3126106.35,10000,4.3,1,25368.0
ACC001797,CUST01278,Fixed Deposit,Active,2023-01-30,BR039,8512421.8,0,6.88,1,0.0
ACC001798,CUST01279,Savings,Active,2017-11-26,BR017,73057.54,1000,7.48,1,0.0
ACC001799,CUST01279,Fixed Deposit,Active,2020-09-05,BR017,9871549.73,0,7.06,1,0.0
ACC001800,CUST01280,Current,Active,2018-09-05,BR035,3047606.17,10000,5.22,1,1185.0
ACC001801,CUST01281,Savings,Active,2020-03-29,BR032,77548.77,1000,5.26,1,0.0
ACC001802,CUST01282,Salary,Active,2022-10-19,BR042,109658.68,0,4.78,1,0.0
ACC001803,CUST01283,Savings,Active,2022-08-27,BR043,128916.12,1000,5.46,1,0.0
ACC001804,CUST01283,Current,Active,2022-11-01,BR043,81145.63,10000,2.86,1,35521.0
ACC001805,CUST01283,Fixed Deposit,Active,2022-05-31,BR043,4967952.21,0,2.69,1,0.0
ACC001806,CUST01284,Savings,Active,2016-11-29,BR041,362143.31,1000,6.21,1,0.0
ACC001807,CUST01284,Fixed Deposit,Active,2023-09-02,BR041,9256151.23,0,6.13,1,0.0
ACC001808,CUST01285,Savings,Active,2023-06-12,BR022,350159.42,1000,4.12,1,0.0
ACC001809,CUST01286,Savings,Active,2020-07-30,BR012,331918.14,1000,5.96,1,0.0
ACC001810,CUST01287,Savings,Active,2018-11-01,BR010,455796.49,1000,3.45,1,0.0
ACC001811,CUST01288,Current,Active,2019-07-13,BR007,2486300.3,10000,3.05,0,15395.0
ACC001812,CUST01289,Savings,Active,2022-11-14,BR043,299856.89,1000,7.14,1,0.0
ACC001813,CUST01289,Fixed Deposit,Active,2022-12-14,BR043,1360561.29,0,6.44,0,0.0
ACC001814,CUST01289,Salary,Active,2023-11-20,BR043,30972.39,0,5.69,1,0.0
ACC001815,CUST01290,Salary,Active,2021-09-10,BR023,293252.25,0,4.6,1,0.0
ACC001816,CUST01291,NRI,Active,2022-08-18,BR039,19740264.78,0,7.03,1,0.0
ACC001817,CUST01292,Current,Active,2022-08-25,BR041,1947270.86,10000,3.97,1,19654.0
ACC001818,CUST01293,Fixed Deposit,Active,2022-01-21,BR025,7512170.96,0,5.51,1,0.0
ACC001819,CUST01294,Current,Active,2023-12-06,BR021,1720267.86,10000,2.54,0,46004.0
ACC001820,CUST01294,NRI,Active,2023-12-13,BR021,10541700.77,0,5.22,1,0.0
ACC001821,CUST01294,Savings,Active,2023-12-27,BR021,246426.37,1000,6.0,1,0.0
ACC001822,CUST01295,NRI,Active,2017-05-19,BR008,19073158.65,0,4.36,1,0.0
ACC001823,CUST01296,Savings,Active,2022-01-05,BR046,452681.31,1000,6.24,1,0.0
ACC001824,CUST01296,Current,Active,2021-07-01,BR046,1687396.19,10000,5.46,1,39503.0
ACC001825,CUST01296,Salary,Active,2021-11-09,BR046,80515.7,0,3.2,1,0.0
ACC001826,CUST01297,Current,Active,2018-07-13,BR006,1329799.45,10000,7.13,1,28326.0
ACC001827,CUST01298,Savings,Active,2020-07-12,BR026,308991.95,1000,4.79,1,0.0
ACC001828,CUST01299,Savings,Active,2023-10-20,BR031,359778.01,1000,4.06,1,0.0
ACC001829,CUST01300,Salary,Active,2022-08-24,BR032,36473.42,0,6.31,1,0.0
ACC001830,CUST01301,Savings,Active,2018-12-24,BR019,31170.82,1000,6.75,1,0.0
ACC001831,CUST01301,Current,Active,2018-01-30,BR019,1062559.69,10000,4.01,1,4182.0
ACC001832,CUST01302,Current,Active,2021-04-24,BR048,3392663.64,10000,7.32,1,33190.0
ACC001833,CUST01303,Salary,Active,2020-12-25,BR044,289904.75,0,5.8,1,0.0
ACC001834,CUST01304,Current,Active,2020-06-29,BR014,3118520.81,10000,5.56,1,25907.0
ACC001835,CUST01304,Savings,Active,2018-08-29,BR014,176416.9,1000,4.68,0,0.0
ACC001836,CUST01305,Savings,Active,2019-04-05,BR041,427170.03,1000,6.43,1,0.0
ACC001837,CUST01306,Savings,Active,2022-12-25,BR004,353566.87,1000,5.32,1,0.0
ACC001838,CUST01307,Savings,Active,2019-09-19,BR005,308362.1,1000,4.07,1,0.0
ACC001839,CUST01307,Fixed Deposit,Active,2020-05-18,BR005,1324960.78,0,3.22,0,0.0
ACC001840,CUST01307,Salary,Active,2018-11-19,BR005,221005.47,0,7.28,1,0.0
ACC001841,CUST01308,Savings,Active,2020-02-29,BR015,105904.06,1000,6.54,1,0.0
ACC001842,CUST01309,Fixed Deposit,Active,2017-04-25,BR018,4342238.08,0,6.81,0,0.0
ACC001843,CUST01310,Salary,Active,2021-08-17,BR016,176753.38,0,3.07,1,0.0
ACC001844,CUST01311,Salary,Active,2020-12-30,BR027,269767.97,0,3.09,1,0.0
ACC001845,CUST01312,Savings,Active,2023-07-20,BR041,30954.35,1000,3.09,1,0.0
ACC001846,CUST01312,NRI,Active,2023-04-07,BR041,8072936.67,0,4.01,1,0.0
ACC001847,CUST01313,Salary,Active,2021-06-11,BR031,104980.88,0,6.11,1,0.0
ACC001848,CUST01313,Savings,Active,2023-10-24,BR031,425487.28,1000,6.56,1,0.0
ACC001849,CUST01314,Savings,Active,2016-06-15,BR014,260060.67,1000,5.73,1,0.0
ACC001850,CUST01315,Fixed Deposit,Active,2023-09-14,BR024,8457846.99,0,5.66,1,0.0
ACC001851,CUST01316,Salary,Active,2021-04-26,BR040,233290.57,0,3.35,1,0.0
ACC001852,CUST01317,Current,Active,2023-09-04,BR014,2036008.96,10000,2.76,1,37789.0
ACC001853,CUST01318,Salary,Active,2017-05-07,BR036,40261.03,0,4.54,1,0.0
ACC001854,CUST01318,Current,Active,2022-11-09,BR036,3226636.12,10000,4.73,1,20881.0
ACC001855,CUST01319,Salary,Active,2023-06-11,BR014,211577.06,0,3.68,0,0.0
ACC001856,CUST01319,Current,Active,2022-11-11,BR014,3206532.99,10000,7.02,1,20770.0
ACC001857,CUST01319,Savings,Active,2023-04-02,BR014,61333.1,1000,4.18,1,0.0
ACC001858,CUST01320,Savings,Active,2023-05-03,BR044,219654.73,1000,6.54,1,0.0
ACC001859,CUST01320,Salary,Dormant,2023-10-28,BR044,23003.3,0,5.71,0,0.0
ACC001860,CUST01321,Savings,Active,2019-05-28,BR007,14373.54,1000,4.92,1,0.0
ACC001861,CUST01322,Savings,Active,2022-08-13,BR044,86872.13,1000,3.38,1,0.0
ACC001862,CUST01322,Salary,Active,2022-12-20,BR044,110426.33,0,3.14,1,0.0
ACC001863,CUST01323,Salary,Active,2023-01-13,BR012,52961.96,0,3.02,1,0.0
ACC001864,CUST01324,Savings,Active,2019-09-09,BR025,78850.45,1000,4.04,1,0.0
ACC001865,CUST01325,Savings,Active,2021-01-09,BR031,154594.32,1000,3.18,1,0.0
ACC001866,CUST01325,Current,Active,2017-09-26,BR031,1383252.14,10000,3.96,1,2098.0
ACC001867,CUST01326,Savings,Active,2022-06-30,BR039,31788.79,1000,5.93,1,0.0
ACC001868,CUST01327,Savings,Active,2022-04-01,BR028,226256.56,1000,3.35,1,0.0
ACC001869,CUST01328,NRI,Active,2020-09-11,BR006,14721759.99,0,6.1,0,0.0
ACC001870,CUST01329,Savings,Active,2019-07-25,BR006,366501.87,1000,4.24,1,0.0
ACC001871,CUST01330,Fixed Deposit,Active,2017-05-15,BR004,6746615.31,0,4.18,1,0.0
ACC001872,CUST01331,Salary,Active,2018-08-05,BR049,69139.14,0,7.03,1,0.0
ACC001873,CUST01332,Savings,Active,2016-01-02,BR012,397586.08,1000,2.67,1,0.0
ACC001874,CUST01332,Salary,Active,2022-01-27,BR012,15056.87,0,6.45,1,0.0
ACC001875,CUST01333,Savings,Closed,2022-05-08,BR043,60789.78,1000,4.83,1,0.0
ACC001876,CUST01333,Salary,Dormant,2023-04-26,BR043,238841.84,0,4.54,1,0.0
ACC001877,CUST01333,Current,Active,2021-10-21,BR043,412269.18,10000,6.48,1,8907.0
ACC001878,CUST01334,Fixed Deposit,Active,2021-09-09,BR027,2209034.51,0,2.73,1,0.0
ACC001879,CUST01335,Savings,Dormant,2022-11-29,BR036,127645.18,1000,5.49,1,0.0
ACC001880,CUST01336,Savings,Active,2023-12-21,BR050,243832.49,1000,5.2,1,0.0
ACC001881,CUST01337,Salary,Active,2023-02-05,BR034,201965.47,0,7.28,0,0.0
ACC001882,CUST01338,Current,Active,2019-03-13,BR016,528117.25,10000,2.67,1,34352.0
ACC001883,CUST01338,Salary,Active,2019-12-17,BR016,161241.06,0,7.33,1,0.0
ACC001884,CUST01339,Savings,Active,2021-05-18,BR040,143975.24,1000,2.65,1,0.0
ACC001885,CUST01340,Savings,Active,2023-12-18,BR028,340950.78,1000,3.75,1,0.0
ACC001886,CUST01341,Fixed Deposit,Active,2021-10-12,BR023,1734689.13,0,6.12,1,0.0
ACC001887,CUST01341,Current,Active,2016-10-27,BR023,2340744.52,10000,5.79,1,2785.0
ACC001888,CUST01342,Fixed Deposit,Active,2022-02-20,BR013,3839712.92,0,5.56,1,0.0
ACC001889,CUST01343,Current,Active,2020-02-01,BR033,373573.53,10000,5.55,1,37892.0
ACC001890,CUST01344,Savings,Active,2022-01-12,BR030,42189.15,1000,6.29,1,0.0
ACC001891,CUST01345,Fixed Deposit,Active,2023-12-18,BR014,6198552.73,0,7.12,1,0.0
ACC001892,CUST01346,Savings,Active,2023-04-17,BR006,119594.13,1000,3.43,0,0.0
ACC001893,CUST01347,Savings,Active,2022-07-31,BR041,491098.93,1000,2.55,1,0.0
ACC001894,CUST01348,Savings,Active,2020-12-08,BR049,43428.8,1000,7.06,1,0.0
ACC001895,CUST01348,Salary,Active,2021-07-27,BR049,56902.76,0,4.52,1,0.0
ACC001896,CUST01349,Savings,Active,2023-10-24,BR001,254831.4,1000,4.24,1,0.0
ACC001897,CUST01349,Fixed Deposit,Active,2018-06-28,BR001,7975334.36,0,4.53,1,0.0
ACC001898,CUST01350,Savings,Active,2023-08-12,BR001,462102.38,1000,3.79,1,0.0
ACC001899,CUST01351,Fixed Deposit,Active,2022-07-17,BR040,912056.03,0,5.9,1,0.0
ACC001900,CUST01352,Fixed Deposit,Dormant,2023-04-20,BR019,8414490.66,0,5.1,0,0.0
ACC001901,CUST01352,Savings,Active,2023-08-05,BR019,8016.35,1000,3.58,0,0.0
ACC001902,CUST01353,Current,Active,2023-12-30,BR047,4070072.95,10000,5.06,1,31775.0
ACC001903,CUST01354,Current,Active,2023-11-21,BR045,4260978.51,10000,4.53,1,1180.0
ACC001904,CUST01355,Current,Active,2018-12-06,BR016,2091227.99,10000,2.63,1,7156.0
ACC001905,CUST01355,NRI,Active,2015-11-27,BR016,12356669.84,0,5.8,1,0.0
ACC001906,CUST01355,Savings,Active,2015-11-02,BR016,309777.14,1000,3.67,1,0.0
ACC001907,CUST01356,Savings,Active,2022-03-30,BR004,108744.07,1000,4.75,1,0.0
ACC001908,CUST01356,Fixed Deposit,Active,2022-09-26,BR004,5808905.08,0,5.93,0,0.0
ACC001909,CUST01357,Current,Active,2022-02-09,BR048,1307546.96,10000,4.58,0,30537.0
ACC001910,CUST01357,Salary,Active,2021-06-01,BR048,282267.11,0,6.86,1,0.0
ACC001911,CUST01358,Savings,Active,2023-03-15,BR041,236193.16,1000,5.08,0,0.0
ACC001912,CUST01359,Savings,Dormant,2023-09-06,BR020,53303.57,1000,4.58,1,0.0
ACC001913,CUST01360,Current,Active,2023-07-09,BR009,4096107.68,10000,5.17,1,13139.0
ACC001914,CUST01361,Savings,Active,2022-04-02,BR004,89320.53,1000,3.84,1,0.0
ACC001915,CUST01362,Savings,Active,2022-12-03,BR011,301544.57,1000,4.94,0,0.0
ACC001916,CUST01362,Fixed Deposit,Active,2023-09-02,BR011,7075309.12,0,6.98,1,0.0
ACC001917,CUST01363,Savings,Active,2023-01-26,BR049,160722.9,1000,4.46,0,0.0
ACC001918,CUST01364,Fixed Deposit,Active,2022-11-22,BR016,2573343.84,0,6.02,1,0.0
ACC001919,CUST01365,NRI,Active,2019-05-17,BR007,8499450.92,0,3.37,0,0.0
ACC001920,CUST01365,Salary,Active,2021-07-22,BR007,264230.09,0,5.41,1,0.0
ACC001921,CUST01366,Fixed Deposit,Active,2023-03-22,BR040,8288012.99,0,3.24,1,0.0
ACC001922,CUST01366,Savings,Active,2023-01-25,BR040,453473.46,1000,7.38,1,0.0
ACC001923,CUST01367,Fixed Deposit,Active,2019-11-23,BR020,6600631.93,0,3.47,1,0.0
ACC001924,CUST01368,Savings,Active,2020-12-17,BR043,486714.9,1000,4.32,1,0.0
ACC001925,CUST01369,Savings,Active,2022-06-09,BR040,347835.07,1000,4.2,0,0.0
ACC001926,CUST01370,Savings,Active,2023-09-29,BR025,368969.77,1000,6.87,1,0.0
ACC001927,CUST01371,Salary,Active,2021-01-18,BR050,282755.84,0,7.49,1,0.0
ACC001928,CUST01372,Savings,Active,2017-04-02,BR050,69817.89,1000,7.42,1,0.0
ACC001929,CUST01373,Salary,Active,2021-10-10,BR028,35721.61,0,4.75,1,0.0
ACC001930,CUST01374,Fixed Deposit,Active,2017-12-15,BR022,9739659.44,0,3.02,1,0.0
ACC001931,CUST01375,Savings,Active,2021-12-29,BR048,235218.34,1000,7.0,1,0.0
ACC001932,CUST01376,Fixed Deposit,Active,2020-05-31,BR047,1355337.55,0,6.55,0,0.0
ACC001933,CUST01377,Savings,Active,2021-09-12,BR047,47229.52,1000,6.51,1,0.0
ACC001934,CUST01377,NRI,Active,2019-07-10,BR047,8930762.06,0,4.13,1,0.0
ACC001935,CUST01378,Fixed Deposit,Active,2020-09-25,BR025,2402283.48,0,2.57,1,0.0
ACC001936,CUST01379,Current,Active,2017-06-18,BR013,1499119.63,10000,7.28,1,10879.0
ACC001937,CUST01380,Salary,Closed,2023-07-06,BR035,214145.14,0,2.83,1,0.0
ACC001938,CUST01380,Savings,Closed,2023-07-11,BR035,481863.02,1000,6.97,1,0.0
ACC001939,CUST01381,Savings,Active,2023-10-21,BR033,131334.77,1000,6.01,0,0.0
ACC001940,CUST01381,Fixed Deposit,Active,2023-08-29,BR033,2468925.45,0,5.03,0,0.0
ACC001941,CUST01382,Savings,Closed,2021-05-11,BR019,272710.73,1000,5.95,1,0.0
ACC001942,CUST01383,Current,Active,2023-05-01,BR028,4733494.19,10000,6.13,1,27553.0
ACC001943,CUST01384,Fixed Deposit,Active,2020-10-03,BR048,3498388.21,0,5.28,1,0.0
ACC001944,CUST01385,Savings,Active,2023-05-05,BR012,332241.35,1000,2.93,1,0.0
ACC001945,CUST01385,Salary,Active,2022-10-06,BR012,181091.99,0,7.1,1,0.0
ACC001946,CUST01386,Savings,Active,2020-11-02,BR015,109275.4,1000,4.67,0,0.0
ACC001947,CUST01386,Salary,Active,2021-08-10,BR015,255367.36,0,3.0,0,0.0
ACC001948,CUST01387,Savings,Active,2023-04-03,BR037,341294.32,1000,5.84,1,0.0
ACC001949,CUST01388,Current,Active,2018-07-28,BR016,2495797.11,10000,2.52,1,45721.0
ACC001950,CUST01389,Savings,Active,2017-02-16,BR015,87865.77,1000,5.14,0,0.0
ACC001951,CUST01390,Savings,Active,2022-01-31,BR044,194547.09,1000,3.2,1,0.0
ACC001952,CUST01391,Savings,Active,2020-01-06,BR030,137153.25,1000,3.35,1,0.0
ACC001953,CUST01392,NRI,Active,2022-02-11,BR003,17788493.66,0,6.93,1,0.0
ACC001954,CUST01393,Fixed Deposit,Active,2023-12-01,BR042,6917977.6,0,3.79,0,0.0
ACC001955,CUST01393,Salary,Active,2023-10-15,BR042,193265.22,0,6.89,1,0.0
ACC001956,CUST01394,Salary,Active,2018-10-10,BR049,120372.07,0,3.06,1,0.0
ACC001957,CUST01395,Salary,Active,2023-04-08,BR050,19414.58,0,4.83,0,0.0
ACC001958,CUST01396,Savings,Active,2023-05-12,BR040,209664.47,1000,2.79,1,0.0
ACC001959,CUST01397,Savings,Active,2023-03-22,BR032,376452.2,1000,4.46,1,0.0
ACC001960,CUST01398,Savings,Active,2022-07-14,BR045,323516.56,1000,6.28,1,0.0
ACC001961,CUST01398,Current,Active,2022-01-09,BR045,751359.01,10000,4.64,1,44702.0
ACC001962,CUST01399,Savings,Active,2022-05-10,BR011,268354.97,1000,4.32,1,0.0
ACC001963,CUST01399,Fixed Deposit,Active,2022-10-19,BR011,8826317.42,0,3.74,1,0.0
ACC001964,CUST01400,Salary,Active,2020-06-14,BR023,46818.97,0,5.99,1,0.0
ACC001965,CUST01400,Savings,Active,2022-08-28,BR023,98877.92,1000,5.01,1,0.0
ACC001966,CUST01400,Current,Active,2020-03-07,BR023,4825701.57,10000,6.81,0,17125.0
ACC001967,CUST01401,Savings,Dormant,2021-08-13,BR013,303142.03,1000,6.53,1,0.0
ACC001968,CUST01401,Salary,Active,2023-05-27,BR013,104381.22,0,3.14,1,0.0
ACC001969,CUST01402,Salary,Active,2021-02-05,BR047,183988.29,0,6.02,1,0.0
ACC001970,CUST01403,Current,Active,2017-10-09,BR022,2238903.04,10000,6.66,1,45619.0
ACC001971,CUST01404,Fixed Deposit,Active,2023-07-07,BR042,1231195.32,0,2.86,1,0.0
ACC001972,CUST01405,NRI,Active,2023-09-25,BR013,11637899.12,0,4.45,1,0.0
ACC001973,CUST01405,Savings,Active,2023-11-28,BR013,247817.14,1000,2.61,0,0.0
ACC001974,CUST01406,Salary,Active,2023-09-14,BR034,192802.56,0,7.14,1,0.0
ACC001975,CUST01407,Fixed Deposit,Active,2021-08-14,BR021,3834578.81,0,6.57,1,0.0
ACC001976,CUST01408,NRI,Active,2023-04-11,BR016,8887095.54,0,4.94,1,0.0
ACC001977,CUST01409,Current,Active,2021-05-17,BR050,3522925.39,10000,6.58,0,31073.0
ACC001978,CUST01410,Current,Active,2018-12-31,BR004,1409646.12,10000,3.01,1,13597.0
ACC001979,CUST01411,Savings,Active,2022-05-22,BR011,257173.62,1000,3.2,1,0.0
ACC001980,CUST01411,Fixed Deposit,Active,2022-06-21,BR011,7582776.99,0,2.64,1,0.0
ACC001981,CUST01412,Savings,Active,2023-08-11,BR035,47740.2,1000,7.01,0,0.0
ACC001982,CUST01412,Salary,Active,2022-08-06,BR035,173796.04,0,7.5,1,0.0
ACC001983,CUST01413,Current,Active,2023-05-08,BR047,3093986.27,10000,7.3,1,24004.0
ACC001984,CUST01414,Savings,Active,2020-03-31,BR006,142492.96,1000,3.66,1,0.0
ACC001985,CUST01414,NRI,Active,2020-08-29,BR006,17697873.78,0,4.21,1,0.0
ACC001986,CUST01415,Salary,Active,2023-10-19,BR038,63949.93,0,3.19,1,0.0
ACC001987,CUST01416,Savings,Active,2015-12-28,BR005,203388.22,1000,3.77,0,0.0
ACC001988,CUST01417,Current,Active,2022-06-02,BR019,1837040.26,10000,3.72,0,46363.0
ACC001989,CUST01418,Current,Active,2022-01-13,BR028,3699043.74,10000,3.47,1,34363.0
ACC001990,CUST01419,Salary,Active,2023-04-21,BR024,17529.25,0,6.67,0,0.0
ACC001991,CUST01420,Salary,Active,2020-10-30,BR039,250430.26,0,6.75,1,0.0
ACC001992,CUST01421,Salary,Active,2022-09-17,BR032,201219.67,0,7.31,1,0.0
ACC001993,CUST01421,Fixed Deposit,Active,2022-10-30,BR032,9914447.28,0,3.07,1,0.0
ACC001994,CUST01422,Savings,Active,2019-12-11,BR012,77971.47,1000,7.09,1,0.0
ACC001995,CUST01422,Fixed Deposit,Active,2023-07-05,BR012,9102851.83,0,3.2,0,0.0
ACC001996,CUST01423,Savings,Active,2023-05-22,BR021,120645.73,1000,4.05,1,0.0
ACC001997,CUST01423,Fixed Deposit,Dormant,2023-02-12,BR021,3519362.14,0,4.76,1,0.0
ACC001998,CUST01424,Current,Active,2022-10-18,BR046,3510022.47,10000,6.54,1,11577.0
ACC001999,CUST01425,NRI,Active,2016-09-20,BR042,1245852.0,0,5.67,1,0.0
ACC002000,CUST01425,Savings,Active,2015-08-01,BR042,303995.14,1000,2.62,1,0.0
ACC002001,CUST01426,Salary,Active,2021-02-24,BR011,158751.8,0,3.71,1,0.0
ACC002002,CUST01426,Current,Active,2023-04-12,BR011,3913193.28,10000,2.95,1,35896.0
ACC002003,CUST01427,Savings,Active,2022-11-16,BR021,92971.43,1000,7.43,0,0.0
ACC002004,CUST01428,Savings,Active,2016-03-23,BR015,429691.97,1000,5.38,1,0.0
ACC002005,CUST01428,Salary,Active,2018-03-31,BR015,74463.68,0,5.24,1,0.0
ACC002006,CUST01428,Fixed Deposit,Active,2015-10-18,BR015,780592.56,0,3.06,1,0.0
ACC002007,CUST01429,Salary,Active,2023-11-29,BR012,112422.33,0,6.37,1,0.0
ACC002008,CUST01429,Savings,Active,2023-09-23,BR012,71460.95,1000,2.78,1,0.0
ACC002009,CUST01429,Fixed Deposit,Closed,2023-12-07,BR012,5516204.78,0,2.57,1,0.0
ACC002010,CUST01430,Savings,Active,2022-06-28,BR030,228675.46,1000,2.77,1,0.0
ACC002011,CUST01431,Fixed Deposit,Active,2021-10-02,BR016,9385150.54,0,5.37,1,0.0
ACC002012,CUST01432,Savings,Active,2023-08-11,BR003,53807.75,1000,5.7,1,0.0
ACC002013,CUST01432,Fixed Deposit,Dormant,2023-05-18,BR003,9873306.54,0,6.91,1,0.0
ACC002014,CUST01432,Salary,Active,2023-10-18,BR003,101385.95,0,7.35,1,0.0
ACC002015,CUST01433,Savings,Active,2021-07-26,BR023,247441.38,1000,6.35,0,0.0
ACC002016,CUST01434,Savings,Active,2021-09-11,BR013,398580.96,1000,3.02,1,0.0
ACC002017,CUST01434,Salary,Active,2023-11-12,BR013,188782.92,0,7.03,1,0.0
ACC002018,CUST01435,Savings,Active,2018-05-11,BR011,107827.94,1000,6.95,1,0.0
ACC002019,CUST01436,Current,Dormant,2022-11-03,BR043,4810159.94,10000,4.49,1,47719.0
ACC002020,CUST01437,Salary,Active,2023-12-15,BR027,181487.67,0,6.17,1,0.0
ACC002021,CUST01438,Salary,Active,2023-11-22,BR014,112521.48,0,4.69,0,0.0
ACC002022,CUST01439,Salary,Active,2019-07-25,BR008,107910.85,0,3.96,1,0.0
ACC002023,CUST01439,Current,Active,2020-09-21,BR008,4975763.16,10000,5.42,0,16163.0
ACC002024,CUST01440,Salary,Active,2021-05-18,BR049,39695.39,0,4.33,0,0.0
ACC002025,CUST01441,Current,Active,2023-12-22,BR030,4617671.35,10000,2.83,1,32058.0
ACC002026,CUST01442,Savings,Active,2022-02-22,BR044,207002.26,1000,4.05,1,0.0
ACC002027,CUST01443,NRI,Active,2023-01-28,BR038,12384862.75,0,6.15,1,0.0
ACC002028,CUST01444,Salary,Active,2023-11-18,BR046,252582.26,0,5.64,1,0.0
ACC002029,CUST01444,Current,Active,2023-08-23,BR046,2527608.46,10000,3.98,1,38151.0
ACC002030,CUST01445,Fixed Deposit,Active,2022-07-28,BR036,6410219.29,0,5.57,1,0.0
ACC002031,CUST01446,Savings,Active,2019-08-30,BR031,280977.71,1000,6.59,1,0.0
ACC002032,CUST01447,Fixed Deposit,Active,2020-01-09,BR028,8985386.06,0,4.12,1,0.0
ACC002033,CUST01448,Savings,Active,2023-01-09,BR011,132514.18,1000,5.65,1,0.0
ACC002034,CUST01448,Current,Active,2020-09-21,BR011,1386234.6,10000,5.3,1,49242.0
ACC002035,CUST01449,Fixed Deposit,Active,2023-03-01,BR026,3348391.54,0,3.97,1,0.0
ACC002036,CUST01450,Salary,Active,2019-11-03,BR024,132810.87,0,7.22,0,0.0
ACC002037,CUST01450,Current,Active,2022-03-01,BR024,724332.34,10000,4.87,1,3958.0
ACC002038,CUST01451,Current,Active,2023-10-05,BR036,338055.43,10000,5.84,0,22876.0
ACC002039,CUST01451,Fixed Deposit,Dormant,2023-10-12,BR036,841622.8,0,4.62,1,0.0
ACC002040,CUST01451,Salary,Active,2023-11-24,BR036,165121.35,0,7.15,1,0.0
ACC002041,CUST01452,Savings,Active,2023-08-30,BR029,302977.27,1000,6.75,1,0.0
ACC002042,CUST01452,Salary,Active,2023-08-09,BR029,23170.89,0,4.31,1,0.0
ACC002043,CUST01453,Savings,Active,2022-07-24,BR029,496043.57,1000,6.18,1,0.0
ACC002044,CUST01453,Current,Active,2019-05-23,BR029,822918.96,10000,7.02,0,43821.0
ACC002045,CUST01454,Current,Active,2023-11-21,BR004,2041258.81,10000,2.68,1,22147.0
ACC002046,CUST01455,Savings,Active,2023-03-12,BR008,156105.31,1000,6.93,1,0.0
ACC002047,CUST01456,Current,Closed,2022-09-16,BR017,3798060.92,10000,7.41,0,41420.0
ACC002048,CUST01457,Savings,Active,2017-10-14,BR017,493487.66,1000,2.96,1,0.0
ACC002049,CUST01458,Savings,Active,2023-11-09,BR003,183160.11,1000,6.59,1,0.0
ACC002050,CUST01459,Savings,Active,2021-12-14,BR029,489154.42,1000,5.44,1,0.0
ACC002051,CUST01459,NRI,Active,2023-05-30,BR029,9314140.3,0,4.55,1,0.0
ACC002052,CUST01460,Savings,Active,2020-07-10,BR046,410492.0,1000,5.86,0,0.0
ACC002053,CUST01461,Savings,Active,2020-02-25,BR017,425609.19,1000,4.99,1,0.0
ACC002054,CUST01462,Salary,Active,2023-03-22,BR041,245205.46,0,2.64,1,0.0
ACC002055,CUST01463,Savings,Active,2020-10-27,BR007,354526.75,1000,3.05,0,0.0
ACC002056,CUST01463,Salary,Active,2021-10-27,BR007,81971.72,0,3.47,1,0.0
ACC002057,CUST01464,Savings,Active,2020-10-14,BR014,238851.2,1000,5.06,1,0.0
ACC002058,CUST01465,Savings,Dormant,2023-03-30,BR011,368000.13,1000,5.14,0,0.0
ACC002059,CUST01466,Current,Active,2016-12-14,BR004,608730.56,10000,6.48,1,43871.0
ACC002060,CUST01467,Savings,Active,2023-10-11,BR016,133708.75,1000,2.91,0,0.0
ACC002061,CUST01467,Current,Active,2023-12-22,BR016,4392684.63,10000,3.22,1,38594.0
ACC002062,CUST01467,Salary,Active,2023-11-09,BR016,224975.38,0,6.56,1,0.0
ACC002063,CUST01468,Salary,Active,2023-09-02,BR029,204144.46,0,6.18,0,0.0
ACC002064,CUST01468,Fixed Deposit,Active,2023-08-31,BR029,8797940.26,0,5.1,1,0.0
ACC002065,CUST01469,Fixed Deposit,Active,2018-04-21,BR035,6057056.9,0,6.88,1,0.0
ACC002066,CUST01469,Savings,Active,2019-07-10,BR035,293478.37,1000,6.52,1,0.0
ACC002067,CUST01470,Savings,Active,2020-12-28,BR037,495822.59,1000,2.57,0,0.0
ACC002068,CUST01471,Current,Active,2022-03-01,BR043,674224.72,10000,4.99,1,26959.0
ACC002069,CUST01472,Fixed Deposit,Active,2021-07-01,BR033,8525900.39,0,3.69,1,0.0
ACC002070,CUST01472,Savings,Closed,2021-10-15,BR033,18423.13,1000,7.04,0,0.0
ACC002071,CUST01473,Current,Active,2023-04-19,BR038,1667147.0,10000,2.95,1,12296.0
ACC002072,CUST01473,Savings,Active,2023-03-28,BR038,117088.48,1000,6.3,1,0.0
ACC002073,CUST01474,Savings,Dormant,2023-07-29,BR038,306986.28,1000,4.93,1,0.0
ACC002074,CUST01475,Savings,Active,2023-03-15,BR015,41585.25,1000,4.76,1,0.0
ACC002075,CUST01476,Savings,Active,2021-12-25,BR039,472559.93,1000,3.84,1,0.0
ACC002076,CUST01477,Savings,Active,2021-12-16,BR020,359798.11,1000,5.84,1,0.0
ACC002077,CUST01477,Current,Active,2023-03-13,BR020,648067.44,10000,3.73,1,2191.0
ACC002078,CUST01478,Savings,Active,2021-01-29,BR018,128887.06,1000,5.21,1,0.0
ACC002079,CUST01478,NRI,Active,2023-09-16,BR018,6591845.73,0,6.6,1,0.0
ACC002080,CUST01479,Savings,Active,2023-12-31,BR017,293142.27,1000,4.28,1,0.0
ACC002081,CUST01479,Fixed Deposit,Active,2023-12-23,BR017,7366100.02,0,4.26,1,0.0
ACC002082,CUST01480,Fixed Deposit,Active,2019-09-10,BR014,2924002.33,0,6.67,0,0.0
ACC002083,CUST01481,Savings,Active,2022-09-13,BR046,206550.99,1000,5.43,0,0.0
ACC002084,CUST01481,Fixed Deposit,Active,2022-08-16,BR046,1053867.75,0,3.79,1,0.0
ACC002085,CUST01482,Current,Active,2022-03-18,BR026,350421.5,10000,4.09,1,35166.0
ACC002086,CUST01482,Savings,Active,2022-02-28,BR026,267536.62,1000,3.99,1,0.0
ACC002087,CUST01483,Current,Active,2020-11-22,BR028,4476388.6,10000,7.41,1,27905.0
ACC002088,CUST01484,Savings,Active,2020-03-26,BR048,112681.08,1000,5.55,0,0.0
ACC002089,CUST01485,Current,Active,2021-06-11,BR026,2443504.01,10000,7.5,1,49824.0
ACC002090,CUST01486,NRI,Active,2021-08-23,BR040,16733427.48,0,3.08,0,0.0
ACC002091,CUST01486,Fixed Deposit,Active,2019-07-09,BR040,7179953.48,0,5.89,1,0.0
ACC002092,CUST01487,Savings,Closed,2023-09-10,BR045,91033.4,1000,6.78,0,0.0
ACC002093,CUST01488,Savings,Active,2018-08-28,BR043,300000.35,1000,6.62,1,0.0
ACC002094,CUST01489,Fixed Deposit,Active,2018-01-22,BR023,1653889.85,0,7.12,1,0.0
ACC002095,CUST01489,Current,Active,2023-09-24,BR023,2452893.36,10000,3.63,1,4849.0
ACC002096,CUST01490,Savings,Active,2021-03-15,BR016,95405.65,1000,4.33,1,0.0
ACC002097,CUST01491,Salary,Dormant,2018-11-01,BR039,290956.1,0,3.3,1,0.0
ACC002098,CUST01492,Fixed Deposit,Active,2023-11-09,BR048,8796246.69,0,5.28,1,0.0
ACC002099,CUST01493,Salary,Active,2023-10-08,BR021,157188.56,0,2.97,1,0.0
ACC002100,CUST01494,NRI,Active,2023-07-20,BR013,5478348.07,0,4.98,0,0.0
ACC002101,CUST01495,Savings,Active,2023-03-27,BR041,321620.45,1000,3.45,1,0.0
ACC002102,CUST01496,Salary,Active,2020-11-21,BR045,105123.59,0,3.48,1,0.0
ACC002103,CUST01497,Salary,Active,2023-08-24,BR045,180757.98,0,2.56,1,0.0
ACC002104,CUST01497,Fixed Deposit,Active,2022-10-11,BR045,6766052.1,0,3.96,1,0.0
ACC002105,CUST01498,Current,Active,2019-07-18,BR024,4330874.81,10000,2.91,1,38145.0
ACC002106,CUST01499,Savings,Active,2023-06-04,BR007,67754.93,1000,2.52,1,0.0
ACC002107,CUST01500,Current,Active,2021-02-05,BR029,1535848.91,10000,3.7,1,1420.0
ACC002108,CUST01500,Savings,Dormant,2020-10-18,BR029,42696.82,1000,4.33,1,0.0
ACC002109,CUST01501,Current,Active,2023-11-10,BR005,3004670.93,10000,3.23,0,28445.0
ACC002110,CUST01502,Fixed Deposit,Active,2017-05-04,BR045,4734052.59,0,3.9,1,0.0
ACC002111,CUST01503,NRI,Active,2022-09-15,BR020,7739631.32,0,6.57,1,0.0
ACC002112,CUST01504,Current,Active,2021-08-12,BR044,459220.47,10000,4.82,1,17842.0
ACC002113,CUST01504,Savings,Active,2022-10-10,BR044,427380.67,1000,3.03,1,0.0
ACC002114,CUST01505,Savings,Active,2022-08-28,BR009,375962.56,1000,4.45,1,0.0
ACC002115,CUST01506,Savings,Active,2021-10-25,BR029,69670.24,1000,4.34,1,0.0
ACC002116,CUST01506,Current,Active,2020-05-04,BR029,1935818.4,10000,5.19,1,15613.0
ACC002117,CUST01507,Fixed Deposit,Active,2020-04-11,BR036,9937587.17,0,3.85,0,0.0
ACC002118,CUST01508,Fixed Deposit,Active,2019-01-29,BR016,7463612.42,0,6.51,1,0.0
ACC002119,CUST01508,Savings,Active,2021-08-10,BR016,114208.91,1000,3.38,1,0.0
ACC002120,CUST01508,Salary,Active,2022-11-12,BR016,51886.32,0,7.41,1,0.0
ACC002121,CUST01509,Fixed Deposit,Active,2019-09-13,BR018,1436496.12,0,7.17,1,0.0
ACC002122,CUST01510,Salary,Active,2023-08-21,BR005,20551.83,0,3.66,1,0.0
ACC002123,CUST01511,Salary,Active,2021-08-21,BR043,91972.24,0,3.37,1,0.0
ACC002124,CUST01512,Savings,Active,2021-02-17,BR029,163678.17,1000,6.51,1,0.0
ACC002125,CUST01512,Fixed Deposit,Active,2023-06-12,BR029,6740408.39,0,3.61,1,0.0
ACC002126,CUST01513,Savings,Dormant,2022-12-28,BR035,449789.45,1000,2.77,1,0.0
ACC002127,CUST01514,NRI,Dormant,2023-06-15,BR021,3255268.37,0,4.7,0,0.0
ACC002128,CUST01515,Savings,Active,2023-02-13,BR047,372932.66,1000,4.55,1,0.0
ACC002129,CUST01516,Current,Active,2022-03-26,BR029,2206674.43,10000,6.52,0,16767.0
ACC002130,CUST01517,Savings,Active,2023-12-13,BR037,378650.55,1000,4.3,0,0.0
ACC002131,CUST01518,NRI,Active,2021-07-04,BR001,5850593.26,0,2.76,1,0.0
ACC002132,CUST01519,Current,Active,2023-11-16,BR041,4635468.17,10000,5.73,1,37537.0
ACC002133,CUST01520,Current,Active,2023-12-11,BR019,1118352.12,10000,2.73,1,42294.0
ACC002134,CUST01521,Fixed Deposit,Dormant,2022-06-25,BR018,3736686.5,0,2.98,1,0.0
ACC002135,CUST01522,Salary,Active,2020-01-19,BR003,244473.37,0,2.97,1,0.0
ACC002136,CUST01522,Current,Active,2018-12-03,BR003,4204685.81,10000,7.38,1,26234.0
ACC002137,CUST01523,Savings,Active,2022-10-24,BR048,121239.74,1000,6.24,0,0.0
ACC002138,CUST01523,NRI,Active,2023-05-19,BR048,18952828.76,0,3.8,1,0.0
ACC002139,CUST01524,Savings,Active,2023-12-02,BR006,225026.57,1000,6.31,1,0.0
ACC002140,CUST01525,Salary,Active,2022-06-22,BR001,191453.86,0,2.79,0,0.0
ACC002141,CUST01526,Savings,Active,2022-09-02,BR001,398834.0,1000,5.08,1,0.0
ACC002142,CUST01527,Salary,Active,2020-11-01,BR026,23210.58,0,7.11,1,0.0
ACC002143,CUST01528,Savings,Active,2023-01-21,BR034,241123.12,1000,4.09,1,0.0
ACC002144,CUST01529,Savings,Active,2019-01-28,BR030,272123.49,1000,4.7,1,0.0
ACC002145,CUST01530,Current,Active,2021-05-08,BR041,550456.04,10000,6.98,0,33966.0
ACC002146,CUST01530,Fixed Deposit,Active,2020-08-02,BR041,4156645.31,0,6.07,1,0.0
ACC002147,CUST01531,Current,Dormant,2021-11-14,BR024,1089645.35,10000,2.6,1,7345.0
ACC002148,CUST01532,NRI,Active,2021-04-10,BR043,17382374.69,0,3.45,1,0.0
ACC002149,CUST01532,Salary,Active,2022-04-11,BR043,108504.99,0,3.52,1,0.0
ACC002150,CUST01533,Savings,Active,2018-08-30,BR046,111408.4,1000,2.83,1,0.0
ACC002151,CUST01534,Salary,Active,2017-09-16,BR047,188424.56,0,6.05,0,0.0
ACC002152,CUST01535,Savings,Active,2021-06-28,BR009,106452.38,1000,5.15,1,0.0
ACC002153,CUST01535,Salary,Active,2022-03-11,BR009,50339.63,0,6.37,1,0.0
ACC002154,CUST01536,Savings,Active,2016-09-03,BR015,228574.63,1000,6.92,0,0.0
ACC002155,CUST01537,Current,Active,2022-05-24,BR011,2304925.57,10000,4.56,1,2854.0
ACC002156,CUST01537,Savings,Active,2023-03-01,BR011,349320.48,1000,7.36,1,0.0
ACC002157,CUST01537,Salary,Active,2022-03-11,BR011,239423.11,0,5.55,1,0.0
ACC002158,CUST01538,Savings,Active,2017-09-07,BR045,9095.82,1000,5.55,1,0.0
ACC002159,CUST01539,Savings,Active,2016-01-07,BR031,297607.55,1000,2.81,1,0.0
ACC002160,CUST01540,Salary,Active,2022-05-26,BR043,122477.2,0,2.86,1,0.0
ACC002161,CUST01541,Current,Active,2023-01-15,BR013,3934351.97,10000,2.71,1,41467.0
ACC002162,CUST01542,Fixed Deposit,Active,2023-10-04,BR033,1447654.03,0,3.35,1,0.0
ACC002163,CUST01543,Fixed Deposit,Active,2019-09-23,BR036,3220378.61,0,2.68,0,0.0
ACC002164,CUST01543,Salary,Active,2019-12-14,BR036,221511.85,0,6.45,1,0.0
ACC002165,CUST01544,Salary,Active,2020-05-06,BR010,133729.2,0,4.88,1,0.0
ACC002166,CUST01545,Savings,Active,2023-05-04,BR050,153152.86,1000,6.52,0,0.0
ACC002167,CUST01545,Salary,Active,2019-08-23,BR050,169799.61,0,4.31,1,0.0
ACC002168,CUST01546,Savings,Active,2022-08-05,BR017,468510.45,1000,4.43,1,0.0
ACC002169,CUST01547,Savings,Active,2023-05-25,BR029,10860.57,1000,6.56,1,0.0
ACC002170,CUST01548,Fixed Deposit,Active,2021-09-23,BR025,3195647.55,0,3.29,1,0.0
ACC002171,CUST01549,Fixed Deposit,Active,2021-01-23,BR046,8452661.37,0,6.46,0,0.0
ACC002172,CUST01549,Salary,Active,2021-10-30,BR046,192771.58,0,5.98,0,0.0
ACC002173,CUST01550,NRI,Active,2020-07-12,BR039,19659250.38,0,3.21,1,0.0
ACC002174,CUST01551,Savings,Active,2023-05-24,BR015,482461.74,1000,3.08,1,0.0
ACC002175,CUST01551,Current,Dormant,2023-12-10,BR015,2218733.98,10000,6.72,0,7682.0
ACC002176,CUST01552,Savings,Active,2023-11-19,BR046,103972.73,1000,3.15,1,0.0
ACC002177,CUST01553,Savings,Active,2022-03-31,BR045,416019.34,1000,4.81,1,0.0
ACC002178,CUST01553,Fixed Deposit,Active,2018-01-14,BR045,5127290.34,0,2.55,0,0.0
ACC002179,CUST01554,Savings,Active,2022-12-16,BR004,449344.11,1000,3.65,1,0.0
ACC002180,CUST01555,Savings,Active,2022-09-09,BR042,379064.09,1000,5.34,1,0.0
ACC002181,CUST01555,Current,Active,2023-10-18,BR042,3047348.27,10000,5.75,0,29911.0
ACC002182,CUST01556,Current,Active,2022-02-10,BR009,3962124.81,10000,7.42,1,49884.0
ACC002183,CUST01556,Savings,Closed,2022-02-10,BR009,493726.45,1000,5.69,0,0.0
ACC002184,CUST01557,Fixed Deposit,Active,2021-08-09,BR004,4704353.45,0,3.09,1,0.0
ACC002185,CUST01557,Salary,Active,2022-07-04,BR004,37821.87,0,3.34,1,0.0
ACC002186,CUST01558,Current,Active,2023-09-16,BR009,2610411.53,10000,6.35,1,39150.0
ACC002187,CUST01559,Current,Active,2021-03-05,BR015,2136987.18,10000,6.28,1,14477.0
ACC002188,CUST01560,Savings,Active,2023-03-13,BR003,385451.57,1000,4.64,1,0.0
ACC002189,CUST01561,Current,Active,2023-04-29,BR004,4462237.53,10000,2.64,1,42489.0
ACC002190,CUST01562,Savings,Closed,2023-02-18,BR046,425723.72,1000,3.97,0,0.0
ACC002191,CUST01563,NRI,Active,2018-01-25,BR030,19666493.36,0,7.4,1,0.0
ACC002192,CUST01564,Salary,Active,2018-08-28,BR017,107987.13,0,6.55,0,0.0
ACC002193,CUST01564,Fixed Deposit,Active,2021-04-03,BR017,6006770.71,0,4.58,1,0.0
ACC002194,CUST01564,Savings,Dormant,2019-12-08,BR017,152329.76,1000,3.24,1,0.0
ACC002195,CUST01565,Savings,Active,2022-07-28,BR015,307758.91,1000,3.51,0,0.0
ACC002196,CUST01565,Salary,Active,2019-12-29,BR015,26601.39,0,7.0,1,0.0
ACC002197,CUST01566,Savings,Active,2023-12-27,BR023,156042.39,1000,7.13,1,0.0
ACC002198,CUST01567,Savings,Active,2021-05-29,BR015,419026.49,1000,4.27,1,0.0
ACC002199,CUST01567,Current,Active,2020-02-06,BR015,574642.01,10000,6.88,0,16894.0
ACC002200,CUST01568,Savings,Active,2018-03-18,BR035,449282.08,1000,5.69,1,0.0
ACC002201,CUST01569,Fixed Deposit,Active,2022-07-23,BR027,7544390.79,0,3.1,0,0.0
ACC002202,CUST01569,Savings,Active,2022-12-25,BR027,469333.97,1000,2.96,1,0.0
ACC002203,CUST01570,Savings,Active,2018-10-29,BR045,8550.12,1000,4.94,1,0.0
ACC002204,CUST01571,Savings,Active,2021-04-14,BR028,283364.15,1000,5.72,1,0.0
ACC002205,CUST01572,Fixed Deposit,Active,2021-05-19,BR044,1772680.58,0,7.17,0,0.0
ACC002206,CUST01573,Savings,Active,2019-10-10,BR037,347793.09,1000,4.05,1,0.0
ACC002207,CUST01573,Current,Active,2020-09-26,BR037,1151128.47,10000,6.82,0,23787.0
ACC002208,CUST01574,Savings,Dormant,2020-04-02,BR016,216505.14,1000,3.17,1,0.0
ACC002209,CUST01575,Salary,Active,2023-06-12,BR033,80896.71,0,3.06,0,0.0
ACC002210,CUST01575,Savings,Active,2018-05-07,BR033,417030.67,1000,6.86,1,0.0
ACC002211,CUST01576,Salary,Active,2020-01-12,BR040,208705.44,0,6.67,0,0.0
ACC002212,CUST01577,Savings,Active,2019-04-14,BR047,328663.54,1000,5.29,1,0.0
ACC002213,CUST01577,Salary,Active,2019-09-22,BR047,44406.93,0,5.45,0,0.0
ACC002214,CUST01578,Savings,Active,2022-05-02,BR044,229666.02,1000,7.21,1,0.0
ACC002215,CUST01579,Salary,Active,2020-01-20,BR009,106722.91,0,6.14,0,0.0
ACC002216,CUST01580,Savings,Active,2022-03-01,BR033,150803.15,1000,4.5,1,0.0
ACC002217,CUST01581,Current,Active,2023-04-18,BR015,1615398.39,10000,3.54,1,32445.0
ACC002218,CUST01581,Salary,Active,2022-12-04,BR015,212521.87,0,4.42,1,0.0
ACC002219,CUST01582,Current,Active,2023-06-26,BR042,3926942.27,10000,4.19,1,46473.0
ACC002220,CUST01582,Fixed Deposit,Active,2016-07-14,BR042,7473262.71,0,3.14,1,0.0
ACC002221,CUST01583,Savings,Active,2022-01-23,BR014,430466.6,1000,5.7,1,0.0
ACC002222,CUST01584,Fixed Deposit,Active,2023-10-13,BR013,6698521.27,0,3.38,1,0.0
ACC002223,CUST01585,Current,Active,2023-10-14,BR030,4035442.74,10000,7.5,1,5849.0
ACC002224,CUST01586,Savings,Active,2017-08-20,BR050,333850.63,1000,3.48,1,0.0
ACC002225,CUST01587,Current,Active,2022-02-28,BR037,630414.7,10000,4.64,1,11014.0
ACC002226,CUST01588,Current,Active,2022-02-20,BR006,2293472.47,10000,4.12,1,30428.0
ACC002227,CUST01589,Salary,Dormant,2023-10-11,BR044,274331.73,0,6.42,1,0.0
ACC002228,CUST01590,Salary,Active,2020-07-24,BR007,102584.95,0,7.04,1,0.0
ACC002229,CUST01590,Savings,Active,2021-06-20,BR007,100354.47,1000,6.78,1,0.0
ACC002230,CUST01591,Savings,Dormant,2022-05-18,BR015,308576.68,1000,4.6,1,0.0
ACC002231,CUST01591,Fixed Deposit,Active,2021-04-28,BR015,5605634.38,0,5.97,1,0.0
ACC002232,CUST01592,Savings,Active,2022-03-08,BR035,395302.01,1000,5.45,0,0.0
ACC002233,CUST01593,Savings,Active,2022-10-22,BR032,188374.78,1000,5.92,1,0.0
ACC002234,CUST01593,NRI,Active,2022-03-18,BR032,19319589.05,0,5.09,1,0.0
ACC002235,CUST01594,Savings,Active,2021-12-28,BR022,410983.33,1000,3.0,0,0.0
ACC002236,CUST01595,Savings,Active,2023-11-22,BR024,354048.49,1000,7.32,1,0.0
ACC002237,CUST01596,Savings,Active,2022-11-07,BR024,21602.65,1000,5.78,1,0.0
ACC002238,CUST01596,Current,Active,2022-05-22,BR024,1256616.87,10000,4.35,1,16267.0
ACC002239,CUST01597,Current,Active,2022-02-18,BR010,2143428.37,10000,2.97,1,3092.0
ACC002240,CUST01598,Fixed Deposit,Dormant,2023-10-26,BR009,6220191.7,0,2.89,1,0.0
ACC002241,CUST01599,Salary,Active,2022-08-23,BR038,95836.64,0,2.65,1,0.0
ACC002242,CUST01600,Savings,Closed,2022-07-08,BR027,381889.95,1000,6.19,1,0.0
ACC002243,CUST01601,Current,Active,2023-03-22,BR011,4494504.01,10000,6.24,0,43391.0
ACC002244,CUST01602,Savings,Active,2023-09-23,BR048,101119.32,1000,4.33,0,0.0
ACC002245,CUST01603,Savings,Active,2022-10-21,BR013,99229.63,1000,6.17,1,0.0
ACC002246,CUST01603,Salary,Active,2021-11-21,BR013,124139.95,0,7.5,1,0.0
ACC002247,CUST01603,NRI,Active,2021-02-26,BR013,562242.1,0,4.41,1,0.0
ACC002248,CUST01604,Current,Active,2023-05-17,BR030,1792046.98,10000,4.31,1,4094.0
ACC002249,CUST01604,Savings,Active,2022-09-09,BR030,308524.63,1000,6.8,1,0.0
ACC002250,CUST01604,Salary,Active,2023-10-03,BR030,293492.67,0,6.83,1,0.0
ACC002251,CUST01605,Savings,Active,2023-01-19,BR049,7986.07,1000,3.8,1,0.0
ACC002252,CUST01606,Current,Active,2019-10-27,BR002,1598580.4,10000,4.44,1,44093.0
ACC002253,CUST01607,Salary,Active,2017-03-01,BR028,270994.17,0,4.44,1,0.0
ACC002254,CUST01608,Savings,Active,2021-10-19,BR003,355751.28,1000,5.7,1,0.0
ACC002255,CUST01608,Salary,Active,2023-01-13,BR003,179762.04,0,5.3,0,0.0
ACC002256,CUST01609,Current,Active,2023-06-03,BR037,651591.28,10000,2.51,0,47755.0
ACC002257,CUST01609,Savings,Active,2022-05-23,BR037,228843.36,1000,3.01,1,0.0
ACC002258,CUST01609,Fixed Deposit,Active,2023-11-19,BR037,4423384.34,0,6.25,1,0.0
ACC002259,CUST01610,Current,Active,2022-09-18,BR016,1675618.93,10000,5.57,1,5368.0
ACC002260,CUST01611,Fixed Deposit,Active,2022-11-17,BR031,3403108.3,0,4.94,1,0.0
ACC002261,CUST01611,Savings,Active,2021-05-17,BR031,423029.15,1000,4.8,1,0.0
ACC002262,CUST01612,Savings,Active,2016-12-11,BR006,356883.28,1000,4.94,0,0.0
ACC002263,CUST01613,Salary,Active,2020-01-19,BR013,106092.59,0,4.96,1,0.0
ACC002264,CUST01613,Savings,Active,2021-07-13,BR013,439195.33,1000,6.27,1,0.0
ACC002265,CUST01614,Savings,Active,2023-08-13,BR044,298473.17,1000,4.84,0,0.0
ACC002266,CUST01614,Current,Active,2023-08-05,BR044,2072906.21,10000,6.84,0,9761.0
ACC002267,CUST01615,Salary,Active,2019-09-01,BR050,60409.7,0,2.56,1,0.0
ACC002268,CUST01616,Savings,Active,2022-03-15,BR011,480640.71,1000,4.73,1,0.0
ACC002269,CUST01616,Current,Active,2022-10-04,BR011,1583364.09,10000,5.19,1,42367.0
ACC002270,CUST01616,Fixed Deposit,Closed,2020-12-16,BR011,2215826.27,0,5.8,1,0.0
ACC002271,CUST01617,Savings,Dormant,2020-11-26,BR010,255541.68,1000,7.29,1,0.0
ACC002272,CUST01618,Salary,Active,2019-08-13,BR014,69291.99,0,2.83,1,0.0
ACC002273,CUST01619,Savings,Active,2023-03-24,BR004,162285.08,1000,5.31,1,0.0
ACC002274,CUST01619,Fixed Deposit,Active,2023-11-11,BR004,7902568.86,0,6.92,1,0.0
ACC002275,CUST01620,Savings,Active,2022-07-20,BR042,119938.89,1000,6.68,0,0.0
ACC002276,CUST01621,Savings,Active,2021-08-02,BR015,13730.13,1000,4.79,0,0.0
ACC002277,CUST01621,Salary,Active,2023-11-09,BR015,283569.5,0,4.41,1,0.0
ACC002278,CUST01622,Salary,Active,2021-06-12,BR005,263626.14,0,5.66,0,0.0
ACC002279,CUST01623,Savings,Active,2019-10-01,BR022,220859.44,1000,4.77,1,0.0
ACC002280,CUST01623,Current,Closed,2023-11-21,BR022,3679448.13,10000,5.29,1,23456.0
ACC002281,CUST01624,Salary,Closed,2018-04-13,BR012,158332.74,0,2.77,1,0.0
ACC002282,CUST01625,Fixed Deposit,Active,2020-05-18,BR007,6241585.25,0,6.19,1,0.0
ACC002283,CUST01625,Savings,Dormant,2023-02-20,BR007,57563.38,1000,3.49,1,0.0
ACC002284,CUST01626,NRI,Active,2023-11-28,BR035,4302186.4,0,4.69,1,0.0
ACC002285,CUST01627,Salary,Active,2017-02-13,BR050,253551.2,0,3.83,1,0.0
ACC002286,CUST01627,Savings,Active,2023-06-04,BR050,263450.53,1000,4.02,0,0.0
ACC002287,CUST01628,Salary,Active,2022-11-19,BR023,221075.72,0,6.0,1,0.0
ACC002288,CUST01629,Fixed Deposit,Closed,2018-10-29,BR044,4608135.97,0,6.71,1,0.0
ACC002289,CUST01630,Current,Dormant,2023-07-23,BR032,2948641.47,10000,3.38,1,35888.0
ACC002290,CUST01631,Savings,Active,2023-08-30,BR020,474179.3,1000,5.85,0,0.0
ACC002291,CUST01631,Salary,Active,2023-11-24,BR020,164889.57,0,5.53,1,0.0
ACC002292,CUST01632,Savings,Dormant,2017-03-01,BR013,471090.94,1000,4.15,1,0.0
ACC002293,CUST01633,Fixed Deposit,Active,2020-10-27,BR013,2652194.49,0,6.27,1,0.0
ACC002294,CUST01633,Savings,Active,2023-02-04,BR013,187585.4,1000,6.53,1,0.0
ACC002295,CUST01633,Current,Active,2022-01-12,BR013,3004943.09,10000,2.77,1,31522.0
ACC002296,CUST01634,Fixed Deposit,Active,2019-05-23,BR042,9938562.12,0,6.43,0,0.0
ACC002297,CUST01635,Savings,Active,2023-07-14,BR008,239448.87,1000,4.09,1,0.0
ACC002298,CUST01635,Salary,Active,2022-04-16,BR008,122537.13,0,6.26,1,0.0
ACC002299,CUST01636,Savings,Active,2022-07-11,BR036,168300.48,1000,4.52,1,0.0
ACC002300,CUST01637,Savings,Active,2023-06-24,BR019,61125.91,1000,7.17,0,0.0
ACC002301,CUST01638,Salary,Active,2023-04-26,BR046,169749.34,0,5.38,1,0.0
ACC002302,CUST01639,Savings,Closed,2023-07-20,BR011,89947.88,1000,2.75,1,0.0
ACC002303,CUST01639,Current,Closed,2023-07-16,BR011,1565944.37,10000,2.65,1,5200.0
ACC002304,CUST01640,Savings,Active,2023-01-10,BR042,358479.45,1000,3.72,1,0.0
ACC002305,CUST01640,Current,Active,2020-03-31,BR042,1030739.93,10000,3.25,1,44222.0
ACC002306,CUST01641,Fixed Deposit,Active,2020-08-09,BR004,8991114.49,0,4.47,0,0.0
ACC002307,CUST01642,Salary,Dormant,2021-02-15,BR024,183635.18,0,6.57,1,0.0
ACC002308,CUST01642,Savings,Active,2018-05-03,BR024,480948.24,1000,3.39,1,0.0
ACC002309,CUST01643,Savings,Active,2020-01-07,BR010,271449.0,1000,6.04,0,0.0
ACC002310,CUST01644,Salary,Active,2021-09-29,BR022,220951.91,0,5.34,1,0.0
ACC002311,CUST01644,Savings,Active,2022-10-29,BR022,344026.38,1000,6.13,1,0.0
ACC002312,CUST01645,Savings,Active,2023-10-30,BR006,210453.21,1000,5.67,1,0.0
ACC002313,CUST01646,Savings,Active,2016-08-06,BR006,138899.58,1000,7.45,1,0.0
ACC002314,CUST01647,Fixed Deposit,Active,2021-10-28,BR003,7799735.5,0,6.68,0,0.0
ACC002315,CUST01647,Savings,Active,2022-02-26,BR003,186645.62,1000,4.81,1,0.0
ACC002316,CUST01648,Savings,Active,2022-01-08,BR027,288035.85,1000,3.47,1,0.0
ACC002317,CUST01648,Fixed Deposit,Active,2022-02-09,BR027,4951909.95,0,4.89,1,0.0
ACC002318,CUST01648,Salary,Active,2023-10-28,BR027,192895.43,0,3.36,1,0.0
ACC002319,CUST01649,Salary,Active,2022-02-12,BR037,86611.2,0,4.71,0,0.0
ACC002320,CUST01649,Savings,Closed,2017-07-08,BR037,1038.89,1000,3.6,1,0.0
ACC002321,CUST01650,Salary,Closed,2021-12-04,BR005,296343.96,0,4.62,0,0.0
ACC002322,CUST01651,Savings,Active,2022-04-22,BR011,44752.03,1000,5.2,1,0.0
ACC002323,CUST01651,Fixed Deposit,Active,2023-04-22,BR011,3075078.32,0,4.93,1,0.0
ACC002324,CUST01652,Salary,Active,2019-01-15,BR013,66808.49,0,3.33,1,0.0
ACC002325,CUST01652,Fixed Deposit,Active,2023-03-29,BR013,4734543.67,0,3.54,1,0.0
ACC002326,CUST01653,Salary,Active,2023-06-28,BR015,161732.73,0,3.93,1,0.0
ACC002327,CUST01653,Current,Active,2023-05-19,BR015,4435256.03,10000,5.4,1,47666.0
ACC002328,CUST01653,Savings,Active,2022-12-27,BR015,455597.83,1000,3.14,1,0.0
ACC002329,CUST01654,Savings,Active,2022-01-03,BR029,38936.51,1000,4.47,0,0.0
ACC002330,CUST01654,Fixed Deposit,Active,2022-07-01,BR029,7322659.63,0,3.91,0,0.0
ACC002331,CUST01654,Current,Active,2023-08-29,BR029,3225047.05,10000,3.93,1,32975.0
ACC002332,CUST01655,Savings,Active,2021-07-19,BR004,246164.77,1000,3.51,1,0.0
ACC002333,CUST01656,NRI,Active,2016-04-15,BR009,9677580.8,0,2.74,1,0.0
ACC002334,CUST01656,Current,Active,2022-07-27,BR009,1371449.56,10000,5.78,1,30150.0
ACC002335,CUST01657,Current,Active,2021-06-26,BR004,3293607.34,10000,6.44,1,39772.0
ACC002336,CUST01658,Savings,Active,2019-10-10,BR021,362499.01,1000,6.59,1,0.0
ACC002337,CUST01658,Current,Active,2021-07-02,BR021,2614799.39,10000,3.25,1,47980.0
ACC002338,CUST01659,Fixed Deposit,Active,2019-10-12,BR044,9669304.09,0,7.49,1,0.0
ACC002339,CUST01660,Savings,Active,2023-08-25,BR026,246086.48,1000,5.52,1,0.0
ACC002340,CUST01660,Salary,Active,2023-11-19,BR026,165308.91,0,6.16,1,0.0
ACC002341,CUST01661,Current,Active,2016-01-05,BR012,1890733.84,10000,7.12,1,1524.0
ACC002342,CUST01662,Savings,Dormant,2018-09-19,BR027,89078.32,1000,6.4,1,0.0
ACC002343,CUST01663,Savings,Active,2020-08-04,BR039,498799.48,1000,5.81,1,0.0
ACC002344,CUST01664,Fixed Deposit,Active,2023-02-25,BR012,4071383.81,0,7.4,0,0.0
ACC002345,CUST01665,Savings,Active,2023-03-15,BR008,335673.65,1000,5.51,1,0.0
ACC002346,CUST01666,NRI,Active,2020-02-15,BR045,7241768.26,0,3.82,1,0.0
ACC002347,CUST01666,Fixed Deposit,Active,2022-05-16,BR045,8952251.38,0,2.67,1,0.0
ACC002348,CUST01666,Savings,Active,2020-02-11,BR045,334647.96,1000,3.78,1,0.0
ACC002349,CUST01667,Savings,Active,2023-03-24,BR033,140547.69,1000,4.86,1,0.0
ACC002350,CUST01668,Current,Active,2023-03-16,BR005,3901841.93,10000,5.18,1,19673.0
ACC002351,CUST01669,Current,Dormant,2018-04-30,BR039,2007078.84,10000,7.36,1,23355.0
ACC002352,CUST01670,Current,Active,2019-05-21,BR002,2384240.13,10000,4.48,1,16140.0
ACC002353,CUST01670,Savings,Active,2017-08-12,BR002,276825.36,1000,4.0,1,0.0
ACC002354,CUST01671,Salary,Active,2023-02-05,BR038,233559.88,0,2.64,1,0.0
ACC002355,CUST01672,Current,Dormant,2021-04-23,BR028,4497897.93,10000,5.34,0,48796.0
ACC002356,CUST01673,Fixed Deposit,Dormant,2023-11-01,BR028,6916358.96,0,2.82,1,0.0
ACC002357,CUST01674,Current,Active,2022-10-16,BR049,3740720.78,10000,5.54,1,11284.0
ACC002358,CUST01675,Salary,Active,2018-11-29,BR005,297462.52,0,5.59,1,0.0
ACC002359,CUST01676,Current,Active,2023-08-17,BR001,4591069.11,10000,4.72,1,8035.0
ACC002360,CUST01676,Salary,Active,2021-11-12,BR001,261724.93,0,5.87,0,0.0
ACC002361,CUST01677,Savings,Active,2023-07-26,BR003,6228.41,1000,3.18,0,0.0
ACC002362,CUST01678,Fixed Deposit,Active,2021-01-25,BR041,8431592.76,0,7.42,1,0.0
ACC002363,CUST01678,Current,Active,2022-11-29,BR041,2190117.07,10000,6.78,1,44856.0
ACC002364,CUST01679,Savings,Active,2023-11-26,BR010,277490.48,1000,5.89,1,0.0
ACC002365,CUST01680,Fixed Deposit,Dormant,2017-07-02,BR047,1591694.14,0,2.69,1,0.0
ACC002366,CUST01681,Savings,Dormant,2022-12-09,BR040,429477.2,1000,5.92,0,0.0
ACC002367,CUST01682,Fixed Deposit,Active,2020-12-05,BR027,9283022.2,0,5.43,1,0.0
ACC002368,CUST01683,Fixed Deposit,Dormant,2017-12-19,BR013,3222245.83,0,4.19,1,0.0
ACC002369,CUST01683,Savings,Active,2018-05-16,BR013,371790.52,1000,5.58,1,0.0
ACC002370,CUST01684,Current,Active,2022-10-09,BR023,2877218.94,10000,7.05,1,29985.0
ACC002371,CUST01685,Savings,Active,2023-11-04,BR011,40489.04,1000,4.14,0,0.0
ACC002372,CUST01686,Savings,Active,2023-12-06,BR044,337231.12,1000,4.35,1,0.0
ACC002373,CUST01687,Fixed Deposit,Active,2021-01-26,BR012,4141465.36,0,6.43,0,0.0
ACC002374,CUST01687,Savings,Active,2022-03-30,BR012,146343.34,1000,5.01,1,0.0
ACC002375,CUST01688,Savings,Active,2023-08-28,BR015,343731.09,1000,5.51,0,0.0
ACC002376,CUST01689,Savings,Dormant,2017-08-02,BR031,273067.46,1000,6.53,1,0.0
ACC002377,CUST01690,Fixed Deposit,Active,2023-12-11,BR038,1392817.0,0,7.2,1,0.0
ACC002378,CUST01690,Current,Active,2023-12-18,BR038,1441620.33,10000,2.87,1,16021.0
ACC002379,CUST01691,Current,Active,2023-08-29,BR029,3722795.36,10000,3.25,1,13134.0
ACC002380,CUST01691,Salary,Active,2023-09-30,BR029,224566.54,0,4.61,1,0.0
ACC002381,CUST01692,Savings,Active,2019-11-28,BR045,136897.7,1000,6.87,1,0.0
ACC002382,CUST01692,NRI,Active,2022-07-24,BR045,7128856.06,0,2.85,0,0.0
ACC002383,CUST01692,Fixed Deposit,Active,2016-02-27,BR045,6888964.04,0,5.05,1,0.0
ACC002384,CUST01693,Savings,Active,2022-08-22,BR035,77434.56,1000,6.43,1,0.0
ACC002385,CUST01694,Savings,Closed,2022-06-01,BR011,292621.78,1000,3.86,1,0.0
ACC002386,CUST01694,Current,Active,2022-06-04,BR011,4296718.94,10000,6.95,0,38932.0
ACC002387,CUST01695,Savings,Active,2022-11-23,BR002,197971.54,1000,4.38,0,0.0
ACC002388,CUST01696,Fixed Deposit,Active,2022-11-03,BR002,9845886.43,0,6.67,0,0.0
ACC002389,CUST01696,Current,Active,2023-10-02,BR002,2146712.95,10000,6.96,1,40221.0
ACC002390,CUST01697,NRI,Active,2023-11-20,BR026,2014770.46,0,4.94,1,0.0
ACC002391,CUST01698,Current,Active,2021-11-12,BR014,217918.5,10000,6.85,1,39537.0
ACC002392,CUST01699,Salary,Active,2021-10-05,BR011,243368.05,0,3.12,1,0.0
ACC002393,CUST01699,Savings,Dormant,2019-10-18,BR011,249047.89,1000,6.35,1,0.0
ACC002394,CUST01700,Salary,Active,2017-06-22,BR026,28794.61,0,5.66,1,0.0
ACC002395,CUST01701,Savings,Active,2023-12-18,BR001,67695.51,1000,3.46,1,0.0
ACC002396,CUST01702,Salary,Active,2023-07-06,BR039,78551.91,0,7.41,1,0.0
ACC002397,CUST01703,Savings,Active,2021-07-23,BR001,125695.39,1000,6.34,1,0.0
ACC002398,CUST01703,Current,Active,2021-10-15,BR001,4003015.52,10000,3.4,1,31654.0
ACC002399,CUST01703,Fixed Deposit,Closed,2022-08-22,BR001,3232908.05,0,7.04,1,0.0
ACC002400,CUST01704,Savings,Dormant,2022-04-02,BR042,479260.52,1000,2.7,1,0.0
ACC002401,CUST01704,Current,Active,2021-05-19,BR042,2883082.69,10000,6.9,0,27224.0
ACC002402,CUST01705,Fixed Deposit,Active,2023-03-21,BR028,9133011.56,0,3.85,1,0.0
ACC002403,CUST01706,Salary,Active,2022-10-01,BR002,138946.72,0,5.68,0,0.0
ACC002404,CUST01706,Savings,Active,2022-07-01,BR002,309992.35,1000,3.03,1,0.0
ACC002405,CUST01706,Fixed Deposit,Active,2023-07-18,BR002,8719677.0,0,5.85,0,0.0
ACC002406,CUST01707,Fixed Deposit,Active,2022-03-05,BR039,2747443.77,0,6.94,1,0.0
ACC002407,CUST01707,Savings,Active,2020-08-09,BR039,227617.9,1000,6.84,1,0.0
ACC002408,CUST01707,Current,Active,2020-11-13,BR039,4554390.12,10000,5.18,1,42834.0
ACC002409,CUST01708,Savings,Active,2023-10-03,BR020,437013.24,1000,3.6,0,0.0
ACC002410,CUST01709,Savings,Active,2021-02-15,BR050,309523.59,1000,5.81,1,0.0
ACC002411,CUST01710,Salary,Active,2020-11-24,BR032,268749.01,0,6.67,1,0.0
ACC002412,CUST01710,Savings,Active,2021-01-20,BR032,255675.74,1000,5.73,1,0.0
ACC002413,CUST01711,Savings,Active,2023-12-07,BR035,80925.45,1000,4.52,1,0.0
ACC002414,CUST01712,Savings,Active,2021-04-29,BR004,376181.52,1000,5.79,1,0.0
ACC002415,CUST01713,Salary,Active,2021-04-12,BR041,106924.84,0,3.05,1,0.0
ACC002416,CUST01714,Current,Active,2021-06-03,BR036,2379358.4,10000,4.78,0,39436.0
ACC002417,CUST01715,Salary,Dormant,2018-01-22,BR021,232096.32,0,6.24,1,0.0
ACC002418,CUST01716,Current,Dormant,2022-05-20,BR017,2792250.27,10000,4.23,1,33314.0
ACC002419,CUST01717,Fixed Deposit,Active,2023-07-27,BR008,2769970.0,0,3.58,1,0.0
ACC002420,CUST01718,Salary,Active,2019-09-24,BR003,94801.75,0,4.04,1,0.0
ACC002421,CUST01719,Savings,Active,2022-02-25,BR016,76589.62,1000,3.02,1,0.0
ACC002422,CUST01719,Salary,Active,2021-11-01,BR016,148105.94,0,6.74,1,0.0
ACC002423,CUST01720,Savings,Active,2023-05-23,BR005,132008.57,1000,2.93,1,0.0
ACC002424,CUST01721,Savings,Dormant,2019-04-13,BR008,292928.92,1000,3.13,1,0.0
ACC002425,CUST01722,Current,Active,2021-10-24,BR007,1192099.83,10000,2.53,0,42245.0
ACC002426,CUST01722,Savings,Active,2021-11-23,BR007,24929.37,1000,5.84,1,0.0
ACC002427,CUST01723,Savings,Active,2021-08-30,BR038,106960.06,1000,5.95,1,0.0
ACC002428,CUST01723,Current,Active,2020-09-08,BR038,4096801.57,10000,2.98,1,33659.0
ACC002429,CUST01724,Fixed Deposit,Active,2016-10-17,BR017,3539496.41,0,3.44,1,0.0
ACC002430,CUST01725,Savings,Active,2023-12-10,BR035,309926.95,1000,2.86,1,0.0
ACC002431,CUST01725,Current,Active,2023-01-18,BR035,38775.02,10000,4.37,1,32849.0
ACC002432,CUST01725,Salary,Active,2020-09-19,BR035,34990.51,0,2.99,1,0.0
ACC002433,CUST01726,Savings,Active,2023-11-23,BR042,387626.47,1000,6.79,1,0.0
ACC002434,CUST01726,Current,Active,2023-12-26,BR042,2340326.1,10000,4.63,1,43447.0
ACC002435,CUST01727,Savings,Active,2023-07-10,BR038,259771.35,1000,6.64,1,0.0
ACC002436,CUST01728,Current,Active,2018-11-19,BR048,4895389.55,10000,2.62,1,1573.0
ACC002437,CUST01729,Salary,Active,2023-07-04,BR009,86264.71,0,3.68,1,0.0
ACC002438,CUST01729,Savings,Active,2022-09-10,BR009,131596.32,1000,3.12,1,0.0
ACC002439,CUST01730,Savings,Active,2023-04-30,BR007,240224.71,1000,2.64,1,0.0
ACC002440,CUST01731,Savings,Active,2023-08-17,BR047,404077.61,1000,3.33,0,0.0
ACC002441,CUST01731,Current,Active,2023-10-12,BR047,3069410.97,10000,3.81,1,45840.0
ACC002442,CUST01732,Savings,Active,2016-03-14,BR035,130922.62,1000,3.55,0,0.0
ACC002443,CUST01733,Salary,Active,2023-03-01,BR007,273708.53,0,3.53,0,0.0
ACC002444,CUST01734,Savings,Active,2023-09-11,BR006,480730.35,1000,6.94,0,0.0
ACC002445,CUST01734,Fixed Deposit,Active,2023-08-20,BR006,1987650.79,0,6.55,1,0.0
ACC002446,CUST01735,Savings,Active,2022-06-16,BR013,190542.51,1000,2.63,1,0.0
ACC002447,CUST01736,Savings,Active,2021-06-12,BR037,441360.36,1000,2.95,1,0.0
ACC002448,CUST01736,Current,Active,2023-12-27,BR037,1939891.35,10000,2.84,1,4451.0
ACC002449,CUST01737,Savings,Closed,2021-02-21,BR007,358875.5,1000,7.39,1,0.0
ACC002450,CUST01738,Savings,Active,2022-03-09,BR045,214580.81,1000,3.14,0,0.0
ACC002451,CUST01739,Savings,Active,2017-08-21,BR026,260803.63,1000,6.75,1,0.0
ACC002452,CUST01740,Current,Active,2021-11-26,BR006,4619734.58,10000,6.88,1,8361.0
ACC002453,CUST01741,Current,Active,2021-02-13,BR023,4337299.55,10000,5.48,1,22921.0
ACC002454,CUST01742,Savings,Active,2019-01-28,BR031,257941.78,1000,5.07,0,0.0
ACC002455,CUST01743,NRI,Active,2021-01-19,BR019,10767804.23,0,4.54,1,0.0
ACC002456,CUST01743,Savings,Active,2021-02-13,BR019,41061.89,1000,3.34,1,0.0
ACC002457,CUST01744,Current,Active,2023-01-27,BR021,4828468.56,10000,6.43,1,34014.0
ACC002458,CUST01745,Savings,Active,2020-01-10,BR035,368809.59,1000,6.46,1,0.0
ACC002459,CUST01746,Savings,Active,2023-08-24,BR017,227580.12,1000,5.13,1,0.0
ACC002460,CUST01746,Salary,Active,2021-05-26,BR017,291322.32,0,3.14,1,0.0
ACC002461,CUST01747,Savings,Active,2021-01-22,BR037,469178.83,1000,7.16,1,0.0
ACC002462,CUST01747,NRI,Active,2022-06-02,BR037,1357109.93,0,7.42,0,0.0
ACC002463,CUST01748,Fixed Deposit,Active,2023-05-30,BR037,9530903.42,0,5.7,0,0.0
ACC002464,CUST01749,Savings,Active,2023-09-05,BR050,128622.0,1000,4.29,0,0.0
ACC002465,CUST01749,Salary,Active,2018-03-16,BR050,10069.62,0,7.05,1,0.0
ACC002466,CUST01750,Savings,Active,2022-04-16,BR036,445187.23,1000,3.55,1,0.0
ACC002467,CUST01751,Savings,Active,2022-01-18,BR049,298559.62,1000,3.46,1,0.0
ACC002468,CUST01752,Savings,Active,2020-05-07,BR026,467803.99,1000,3.65,1,0.0
ACC002469,CUST01752,Fixed Deposit,Active,2020-05-10,BR026,1182223.4,0,3.51,1,0.0
ACC002470,CUST01753,Savings,Active,2020-11-26,BR033,63193.49,1000,4.94,0,0.0
ACC002471,CUST01754,Current,Closed,2019-03-26,BR005,3831256.11,10000,5.89,1,38078.0
ACC002472,CUST01755,Savings,Dormant,2022-03-02,BR005,93915.28,1000,6.03,1,0.0
ACC002473,CUST01756,Salary,Active,2020-03-15,BR004,185194.67,0,3.46,1,0.0
ACC002474,CUST01757,Salary,Active,2022-02-08,BR031,15353.76,0,4.21,1,0.0
ACC002475,CUST01757,Savings,Active,2022-04-18,BR031,100926.4,1000,4.27,1,0.0
ACC002476,CUST01758,NRI,Active,2023-05-25,BR019,14618642.22,0,6.39,1,0.0
ACC002477,CUST01759,Savings,Active,2017-09-07,BR034,165536.36,1000,7.44,1,0.0
ACC002478,CUST01760,Current,Active,2023-07-26,BR050,2173618.33,10000,2.89,1,623.0
ACC002479,CUST01761,Savings,Active,2022-09-28,BR038,495608.99,1000,5.53,1,0.0
ACC002480,CUST01761,Salary,Closed,2020-10-13,BR038,299581.0,0,3.12,0,0.0
ACC002481,CUST01762,Current,Active,2022-07-19,BR030,4556861.23,10000,4.44,1,48161.0
ACC002482,CUST01763,Salary,Active,2023-06-10,BR048,15654.48,0,4.31,1,0.0
ACC002483,CUST01764,Savings,Active,2023-05-10,BR048,198830.15,1000,7.11,1,0.0
ACC002484,CUST01764,Current,Active,2018-08-11,BR048,837443.56,10000,3.15,0,29657.0
ACC002485,CUST01765,NRI,Dormant,2021-09-23,BR020,8711899.51,0,5.17,0,0.0
ACC002486,CUST01766,Savings,Active,2018-09-03,BR006,45358.05,1000,2.84,1,0.0
ACC002487,CUST01766,Fixed Deposit,Active,2021-02-04,BR006,8639159.67,0,4.02,1,0.0
ACC002488,CUST01767,Savings,Active,2023-09-22,BR038,467503.34,1000,5.92,1,0.0
ACC002489,CUST01767,Current,Active,2023-02-03,BR038,1706166.87,10000,2.83,1,10245.0
ACC002490,CUST01768,Salary,Active,2017-07-26,BR007,140979.92,0,2.71,0,0.0
ACC002491,CUST01769,Current,Active,2022-05-16,BR018,2744547.6,10000,5.54,0,43382.0
ACC002492,CUST01770,Savings,Active,2022-08-28,BR038,94981.92,1000,3.88,1,0.0
ACC002493,CUST01771,Savings,Dormant,2023-12-04,BR017,435040.15,1000,4.67,1,0.0
ACC002494,CUST01771,Fixed Deposit,Active,2023-12-09,BR017,98704.66,0,5.06,1,0.0
ACC002495,CUST01772,Savings,Active,2023-10-23,BR018,436527.93,1000,6.14,1,0.0
ACC002496,CUST01772,Current,Active,2019-12-24,BR018,3992911.61,10000,3.02,1,39378.0
ACC002497,CUST01773,Savings,Active,2022-08-09,BR019,352313.63,1000,4.9,1,0.0
ACC002498,CUST01774,Current,Active,2021-10-09,BR026,4545280.7,10000,3.77,0,8588.0
ACC002499,CUST01775,Current,Active,2022-08-29,BR011,3463527.27,10000,6.0,1,8915.0
ACC002500,CUST01776,Current,Active,2023-09-07,BR048,1995205.36,10000,3.13,1,47718.0
ACC002501,CUST01777,Salary,Active,2021-02-19,BR002,45778.36,0,7.15,1,0.0
ACC002502,CUST01778,Fixed Deposit,Active,2019-12-08,BR034,5302828.81,0,5.63,1,0.0
ACC002503,CUST01778,Salary,Active,2020-03-17,BR034,153418.66,0,5.34,1,0.0
ACC002504,CUST01779,Savings,Active,2021-08-09,BR025,391888.89,1000,4.45,0,0.0
ACC002505,CUST01780,Salary,Active,2023-11-21,BR047,16541.89,0,2.51,1,0.0
ACC002506,CUST01780,Current,Active,2023-08-06,BR047,2938724.73,10000,4.68,1,43339.0
ACC002507,CUST01781,Fixed Deposit,Active,2018-05-25,BR028,6246346.63,0,4.21,1,0.0
ACC002508,CUST01782,Savings,Active,2022-02-19,BR016,447760.3,1000,5.49,1,0.0
ACC002509,CUST01783,Savings,Active,2022-11-29,BR042,118599.12,1000,7.11,1,0.0
ACC002510,CUST01784,Savings,Active,2023-09-12,BR005,44121.9,1000,5.92,1,0.0
ACC002511,CUST01785,Savings,Active,2022-10-09,BR038,462554.65,1000,7.26,1,0.0
ACC002512,CUST01786,Savings,Active,2023-10-04,BR009,458184.44,1000,7.12,1,0.0
ACC002513,CUST01786,NRI,Active,2023-10-25,BR009,1919631.77,0,3.63,1,0.0
ACC002514,CUST01787,Salary,Active,2022-03-06,BR010,51575.57,0,4.66,1,0.0
ACC002515,CUST01788,Savings,Active,2023-10-29,BR041,440375.77,1000,7.48,1,0.0
ACC002516,CUST01789,Savings,Active,2021-10-23,BR009,59631.76,1000,6.6,1,0.0
ACC002517,CUST01789,Current,Active,2023-12-14,BR009,3550344.64,10000,2.94,1,20936.0
ACC002518,CUST01790,Savings,Active,2016-04-01,BR002,373697.54,1000,3.34,1,0.0
ACC002519,CUST01790,Fixed Deposit,Active,2017-05-07,BR002,1435097.02,0,3.58,1,0.0
ACC002520,CUST01791,Salary,Active,2023-06-25,BR009,216424.8,0,5.56,1,0.0
ACC002521,CUST01791,Savings,Closed,2023-09-11,BR009,203758.56,1000,4.78,1,0.0
ACC002522,CUST01792,Savings,Active,2021-09-19,BR048,60523.24,1000,2.5,1,0.0
ACC002523,CUST01792,Current,Active,2022-10-23,BR048,1449236.14,10000,7.15,0,36904.0
ACC002524,CUST01792,Salary,Active,2022-03-01,BR048,17068.16,0,7.4,1,0.0
ACC002525,CUST01793,Fixed Deposit,Active,2022-03-28,BR048,194618.69,0,3.21,1,0.0
ACC002526,CUST01794,Salary,Active,2017-05-20,BR027,79544.18,0,5.88,1,0.0
ACC002527,CUST01794,NRI,Dormant,2022-03-07,BR027,4100032.92,0,7.17,1,0.0
ACC002528,CUST01794,Fixed Deposit,Active,2016-09-08,BR027,1915599.05,0,7.24,1,0.0
ACC002529,CUST01795,Savings,Active,2022-08-06,BR047,243737.58,1000,7.22,1,0.0
ACC002530,CUST01796,Current,Active,2020-09-19,BR048,1955449.29,10000,7.13,1,25691.0
ACC002531,CUST01796,Salary,Active,2018-02-26,BR048,268233.65,0,3.66,1,0.0
ACC002532,CUST01796,Savings,Dormant,2022-11-20,BR048,368587.76,1000,5.25,1,0.0
ACC002533,CUST01797,Current,Active,2021-02-24,BR045,3208497.51,10000,6.8,1,28334.0
ACC002534,CUST01798,Fixed Deposit,Active,2018-10-11,BR018,6249756.1,0,4.26,1,0.0
ACC002535,CUST01799,Savings,Active,2020-08-25,BR033,487361.2,1000,6.48,1,0.0
ACC002536,CUST01800,Savings,Active,2022-10-04,BR048,75966.79,1000,4.59,0,0.0
ACC002537,CUST01801,NRI,Active,2023-02-02,BR011,11369553.25,0,2.86,0,0.0
ACC002538,CUST01801,Salary,Active,2021-10-05,BR011,117848.18,0,4.34,1,0.0
ACC002539,CUST01802,Savings,Active,2019-03-28,BR043,476638.77,1000,5.5,0,0.0
ACC002540,CUST01802,Salary,Active,2023-02-22,BR043,266079.4,0,2.57,1,0.0
ACC002541,CUST01803,Salary,Dormant,2023-09-14,BR044,222097.49,0,6.18,0,0.0
ACC002542,CUST01803,NRI,Active,2023-12-10,BR044,1516713.33,0,3.19,1,0.0
ACC002543,CUST01804,Current,Active,2018-09-01,BR026,4367604.96,10000,7.3,1,41620.0
ACC002544,CUST01804,Salary,Active,2023-08-28,BR026,33722.8,0,5.46,1,0.0
ACC002545,CUST01805,Current,Active,2016-10-01,BR006,993037.98,10000,3.71,1,7505.0
ACC002546,CUST01805,Savings,Active,2020-02-06,BR006,309026.38,1000,3.03,1,0.0
ACC002547,CUST01805,Salary,Active,2022-01-01,BR006,297604.88,0,6.32,1,0.0
ACC002548,CUST01806,Current,Active,2023-12-12,BR032,2294082.4,10000,5.26,1,49014.0
ACC002549,CUST01806,NRI,Active,2023-09-05,BR032,4992693.29,0,5.26,1,0.0
ACC002550,CUST01807,Salary,Active,2022-09-23,BR029,262403.7,0,4.54,1,0.0
ACC002551,CUST01808,Savings,Active,2021-01-04,BR008,189024.55,1000,3.49,0,0.0
ACC002552,CUST01809,Savings,Active,2020-05-09,BR010,33228.5,1000,7.37,1,0.0
ACC002553,CUST01810,Current,Active,2021-08-20,BR022,625572.56,10000,4.7,1,42148.0
ACC002554,CUST01811,Savings,Active,2015-03-25,BR036,379841.52,1000,3.69,1,0.0
ACC002555,CUST01812,NRI,Active,2017-08-09,BR007,11626129.32,0,6.27,1,0.0
ACC002556,CUST01813,Savings,Active,2020-07-16,BR041,125342.63,1000,5.63,0,0.0
ACC002557,CUST01813,NRI,Active,2023-06-16,BR041,19042822.31,0,4.2,0,0.0
ACC002558,CUST01813,Current,Active,2018-07-03,BR041,2210678.23,10000,5.45,1,44342.0
ACC002559,CUST01814,Savings,Dormant,2023-06-11,BR001,141203.9,1000,3.82,0,0.0
ACC002560,CUST01814,Fixed Deposit,Active,2022-12-21,BR001,910372.11,0,3.57,1,0.0
ACC002561,CUST01814,Current,Active,2021-12-28,BR001,1372308.33,10000,6.2,0,49087.0
ACC002562,CUST01815,Fixed Deposit,Active,2023-07-18,BR013,2364805.06,0,3.02,1,0.0
ACC002563,CUST01816,Salary,Active,2023-10-12,BR043,215017.52,0,2.69,1,0.0
ACC002564,CUST01816,Fixed Deposit,Active,2023-02-16,BR043,4173239.33,0,5.5,1,0.0
ACC002565,CUST01816,Savings,Active,2023-07-09,BR043,465626.82,1000,3.55,1,0.0
ACC002566,CUST01817,Savings,Closed,2023-04-20,BR028,258994.32,1000,3.09,1,0.0
ACC002567,CUST01817,Fixed Deposit,Active,2023-01-18,BR028,4134894.19,0,6.53,1,0.0
ACC002568,CUST01818,Salary,Dormant,2023-10-30,BR020,22316.67,0,6.38,0,0.0
ACC002569,CUST01819,Current,Active,2019-10-17,BR011,2611861.38,10000,6.79,0,34257.0
ACC002570,CUST01819,Fixed Deposit,Active,2021-08-07,BR011,3708003.77,0,3.1,0,0.0
ACC002571,CUST01820,Savings,Active,2022-07-06,BR015,96468.93,1000,3.75,1,0.0
ACC002572,CUST01821,NRI,Active,2023-05-16,BR024,3343868.7,0,2.99,1,0.0
ACC002573,CUST01821,Savings,Active,2021-09-08,BR024,424706.79,1000,4.18,1,0.0
ACC002574,CUST01822,Current,Active,2022-03-18,BR015,1982108.19,10000,2.98,1,9004.0
ACC002575,CUST01823,Current,Active,2023-12-08,BR032,1380514.83,10000,6.36,0,47916.0
ACC002576,CUST01824,Fixed Deposit,Active,2018-07-31,BR036,8445320.5,0,4.04,1,0.0
ACC002577,CUST01825,Savings,Active,2023-09-01,BR015,7299.19,1000,6.21,1,0.0
ACC002578,CUST01826,Savings,Active,2022-12-11,BR030,277820.84,1000,5.09,0,0.0
ACC002579,CUST01827,Salary,Active,2022-01-11,BR050,92929.33,0,4.06,0,0.0
ACC002580,CUST01828,Salary,Active,2020-11-25,BR017,11168.26,0,4.05,1,0.0
ACC002581,CUST01829,Current,Active,2017-06-26,BR002,3984071.5,10000,3.61,1,41820.0
ACC002582,CUST01830,Savings,Active,2023-12-26,BR012,295781.56,1000,6.1,1,0.0
ACC002583,CUST01831,Savings,Active,2021-09-05,BR027,129901.64,1000,2.95,1,0.0
ACC002584,CUST01832,Savings,Active,2021-02-14,BR047,388252.99,1000,2.85,1,0.0
ACC002585,CUST01833,Savings,Active,2022-11-23,BR004,278622.96,1000,4.57,0,0.0
ACC002586,CUST01833,Salary,Closed,2020-08-17,BR004,239794.44,0,7.16,1,0.0
ACC002587,CUST01834,Savings,Dormant,2023-02-15,BR050,459395.74,1000,5.06,1,0.0
ACC002588,CUST01835,Current,Active,2023-02-15,BR048,3905898.34,10000,3.78,1,21997.0
ACC002589,CUST01836,Savings,Active,2023-11-12,BR004,86393.69,1000,6.4,1,0.0
ACC002590,CUST01836,Current,Active,2023-09-28,BR004,772059.77,10000,5.41,1,47517.0
ACC002591,CUST01837,Current,Active,2020-08-01,BR016,4761142.52,10000,6.0,0,3414.0
ACC002592,CUST01837,Salary,Active,2018-08-11,BR016,134469.87,0,4.45,0,0.0
ACC002593,CUST01837,Savings,Active,2021-04-10,BR016,122149.04,1000,3.0,1,0.0
ACC002594,CUST01838,Current,Active,2018-08-03,BR046,4213100.61,10000,3.75,1,37534.0
ACC002595,CUST01839,Fixed Deposit,Active,2020-01-25,BR008,441975.98,0,4.33,1,0.0
ACC002596,CUST01840,Fixed Deposit,Closed,2021-07-13,BR026,3210416.83,0,4.42,0,0.0
ACC002597,CUST01840,Savings,Active,2023-10-11,BR026,214765.19,1000,4.6,1,0.0
ACC002598,CUST01841,Salary,Active,2017-02-21,BR002,291485.68,0,3.2,0,0.0
ACC002599,CUST01842,Current,Active,2015-08-18,BR035,3466009.72,10000,6.34,1,18361.0
ACC002600,CUST01843,Current,Dormant,2019-12-15,BR044,4021976.08,10000,3.41,1,16954.0
ACC002601,CUST01844,Savings,Active,2022-09-17,BR008,15110.32,1000,6.73,0,0.0
ACC002602,CUST01845,Fixed Deposit,Active,2022-10-29,BR048,7991071.42,0,3.79,1,0.0
ACC002603,CUST01846,Savings,Active,2021-05-09,BR048,336475.44,1000,5.68,1,0.0
ACC002604,CUST01847,Savings,Dormant,2022-11-03,BR015,102873.07,1000,3.31,1,0.0
ACC002605,CUST01848,Current,Active,2022-08-23,BR030,1092306.31,10000,3.12,1,3227.0
ACC002606,CUST01848,Savings,Active,2023-07-14,BR030,272522.4,1000,2.55,1,0.0
ACC002607,CUST01849,Savings,Active,2022-03-14,BR033,173002.94,1000,6.18,0,0.0
ACC002608,CUST01850,Fixed Deposit,Active,2018-10-28,BR035,8922499.09,0,4.2,1,0.0
ACC002609,CUST01851,Fixed Deposit,Active,2019-06-01,BR040,5505263.28,0,6.2,0,0.0
ACC002610,CUST01852,Savings,Dormant,2021-08-09,BR011,72367.17,1000,6.18,1,0.0
ACC002611,CUST01853,Savings,Active,2020-09-16,BR022,429512.86,1000,6.31,0,0.0
ACC002612,CUST01854,Savings,Active,2022-03-12,BR040,210567.69,1000,6.27,1,0.0
ACC002613,CUST01855,Current,Active,2022-06-13,BR002,406827.47,10000,4.44,1,48337.0
ACC002614,CUST01856,Current,Active,2023-08-18,BR004,1598218.27,10000,6.08,1,35330.0
ACC002615,CUST01856,Fixed Deposit,Active,2022-06-12,BR004,6904919.63,0,4.29,1,0.0
ACC002616,CUST01857,Current,Active,2022-07-20,BR032,2725522.69,10000,5.68,1,6913.0
ACC002617,CUST01858,Savings,Active,2022-09-15,BR042,376369.51,1000,4.31,0,0.0
ACC002618,CUST01859,Current,Active,2022-12-03,BR031,214295.79,10000,3.83,0,26714.0
ACC002619,CUST01859,Savings,Active,2023-11-26,BR031,434586.41,1000,7.4,1,0.0
ACC002620,CUST01860,Savings,Active,2023-05-05,BR007,480505.71,1000,6.82,1,0.0
ACC002621,CUST01860,Fixed Deposit,Active,2022-06-25,BR007,9205425.94,0,4.81,1,0.0
ACC002622,CUST01861,Salary,Active,2020-10-16,BR018,263322.75,0,3.7,0,0.0
ACC002623,CUST01862,Salary,Closed,2019-05-05,BR007,67479.33,0,6.24,1,0.0
ACC002624,CUST01862,Current,Active,2017-05-06,BR007,4678688.3,10000,3.96,1,23738.0
ACC002625,CUST01863,Salary,Active,2023-12-04,BR038,110525.67,0,6.26,1,0.0
ACC002626,CUST01864,Current,Active,2021-06-06,BR046,1170684.06,10000,5.35,1,15925.0
ACC002627,CUST01864,Savings,Active,2022-02-25,BR046,327996.03,1000,7.01,0,0.0
ACC002628,CUST01865,Savings,Active,2023-06-05,BR050,432773.51,1000,3.98,1,0.0
ACC002629,CUST01866,Savings,Active,2023-01-18,BR038,401285.24,1000,2.79,0,0.0
ACC002630,CUST01867,Savings,Active,2023-10-01,BR004,38917.81,1000,5.36,1,0.0
ACC002631,CUST01868,Salary,Active,2022-03-09,BR046,254329.8,0,6.95,1,0.0
ACC002632,CUST01868,Savings,Active,2021-11-18,BR046,10575.66,1000,3.09,0,0.0
ACC002633,CUST01868,Current,Closed,2020-11-28,BR046,2025800.12,10000,4.09,1,6650.0
ACC002634,CUST01869,NRI,Active,2023-02-01,BR020,11942157.01,0,2.63,1,0.0
ACC002635,CUST01870,Current,Active,2023-05-26,BR001,1723719.57,10000,6.52,0,14891.0
ACC002636,CUST01870,Savings,Active,2022-10-23,BR001,425871.69,1000,4.41,1,0.0
ACC002637,CUST01871,Savings,Active,2021-09-13,BR012,448093.1,1000,4.67,0,0.0
ACC002638,CUST01871,Fixed Deposit,Active,2019-06-24,BR012,266336.56,0,4.1,1,0.0
ACC002639,CUST01871,Salary,Active,2022-08-29,BR012,67573.27,0,4.1,1,0.0
ACC002640,CUST01872,Savings,Active,2023-07-24,BR039,354722.57,1000,2.64,0,0.0
ACC002641,CUST01873,Savings,Active,2023-05-08,BR038,77175.95,1000,5.1,1,0.0
ACC002642,CUST01874,Savings,Dormant,2023-07-14,BR037,233288.75,1000,7.08,1,0.0
ACC002643,CUST01874,Salary,Active,2020-04-28,BR037,280978.32,0,5.23,1,0.0
ACC002644,CUST01875,Savings,Active,2023-12-05,BR045,147475.4,1000,4.59,0,0.0
ACC002645,CUST01876,NRI,Active,2021-10-19,BR004,17761427.75,0,4.88,1,0.0
ACC002646,CUST01877,Salary,Active,2023-09-10,BR030,104934.75,0,5.25,1,0.0
ACC002647,CUST01878,Savings,Active,2020-12-06,BR027,139241.94,1000,3.71,1,0.0
ACC002648,CUST01879,Fixed Deposit,Dormant,2023-08-04,BR023,6700858.09,0,2.96,1,0.0
ACC002649,CUST01879,Savings,Dormant,2022-10-11,BR023,245776.61,1000,4.13,1,0.0
ACC002650,CUST01880,Current,Active,2020-12-29,BR028,1305342.5,10000,3.87,1,23922.0
ACC002651,CUST01881,Savings,Active,2019-12-09,BR022,389000.31,1000,5.79,1,0.0
ACC002652,CUST01882,Savings,Active,2020-02-14,BR019,262413.13,1000,6.38,0,0.0
ACC002653,CUST01882,Fixed Deposit,Active,2023-10-12,BR019,4890188.7,0,4.59,1,0.0
ACC002654,CUST01882,Current,Active,2023-11-06,BR019,3974925.02,10000,4.69,1,14136.0
ACC002655,CUST01883,NRI,Active,2020-10-20,BR033,13752362.15,0,6.6,1,0.0
ACC002656,CUST01883,Current,Active,2020-03-20,BR033,2023164.93,10000,2.85,1,38581.0
ACC002657,CUST01884,Current,Active,2023-05-21,BR027,4289208.21,10000,4.23,1,3184.0
ACC002658,CUST01885,Salary,Active,2021-04-25,BR022,215126.38,0,5.58,1,0.0
ACC002659,CUST01885,Savings,Active,2020-07-09,BR022,266291.65,1000,4.65,1,0.0
ACC002660,CUST01886,Savings,Active,2020-11-26,BR039,218913.59,1000,2.77,0,0.0
ACC002661,CUST01887,Salary,Active,2023-12-27,BR048,108231.36,0,4.57,1,0.0
ACC002662,CUST01888,Fixed Deposit,Active,2022-03-18,BR042,3727440.04,0,3.42,1,0.0
ACC002663,CUST01888,Current,Dormant,2021-08-06,BR042,4974505.41,10000,4.37,1,32905.0
ACC002664,CUST01888,Salary,Active,2022-06-08,BR042,216887.4,0,7.33,0,0.0
ACC002665,CUST01889,Savings,Active,2022-12-15,BR024,271955.79,1000,7.2,1,0.0
ACC002666,CUST01890,Current,Active,2020-10-08,BR037,421884.19,10000,5.0,1,4113.0
ACC002667,CUST01890,Savings,Active,2022-06-12,BR037,26696.22,1000,7.38,1,0.0
ACC002668,CUST01891,Savings,Active,2022-11-18,BR024,167100.3,1000,4.93,1,0.0
ACC002669,CUST01891,Fixed Deposit,Active,2016-11-22,BR024,5625992.93,0,5.53,1,0.0
ACC002670,CUST01891,NRI,Active,2021-08-16,BR024,19996635.1,0,6.62,1,0.0
ACC002671,CUST01892,Fixed Deposit,Active,2019-11-05,BR026,6255612.21,0,5.44,1,0.0
ACC002672,CUST01893,Savings,Active,2021-12-23,BR027,406679.04,1000,3.19,0,0.0
ACC002673,CUST01894,Savings,Active,2018-02-11,BR014,378717.08,1000,4.87,0,0.0
ACC002674,CUST01895,Savings,Active,2022-05-31,BR045,130451.03,1000,6.75,1,0.0
ACC002675,CUST01896,Current,Active,2021-03-23,BR037,3634092.98,10000,4.4,0,1405.0
ACC002676,CUST01897,Current,Active,2018-12-19,BR044,4083720.65,10000,6.72,1,36025.0
ACC002677,CUST01898,Fixed Deposit,Active,2022-10-31,BR031,5923030.91,0,7.43,1,0.0
ACC002678,CUST01899,Fixed Deposit,Active,2021-07-10,BR032,866962.07,0,5.92,0,0.0
ACC002679,CUST01900,Savings,Active,2019-05-22,BR035,229807.43,1000,5.93,0,0.0
ACC002680,CUST01900,Salary,Active,2018-09-13,BR035,207203.04,0,2.69,0,0.0
ACC002681,CUST01901,Salary,Active,2020-09-25,BR006,195401.6,0,2.89,1,0.0
ACC002682,CUST01902,Savings,Active,2023-03-24,BR029,54978.92,1000,4.16,0,0.0
ACC002683,CUST01903,Savings,Active,2023-12-17,BR011,249581.23,1000,5.57,0,0.0
ACC002684,CUST01904,Savings,Active,2023-12-04,BR030,216024.88,1000,3.93,0,0.0
ACC002685,CUST01905,Savings,Dormant,2017-03-31,BR042,213651.46,1000,6.9,1,0.0
ACC002686,CUST01906,Current,Active,2022-10-19,BR042,3884467.81,10000,7.45,1,49219.0
ACC002687,CUST01907,Salary,Active,2023-12-01,BR003,244245.49,0,6.08,0,0.0
ACC002688,CUST01908,Savings,Active,2022-10-23,BR026,274442.74,1000,2.89,1,0.0
ACC002689,CUST01909,Salary,Active,2023-12-15,BR043,288130.53,0,3.24,1,0.0
ACC002690,CUST01909,Savings,Active,2023-09-16,BR043,340494.76,1000,3.25,0,0.0
ACC002691,CUST01910,Current,Active,2022-02-16,BR006,2603297.72,10000,3.34,1,23859.0
ACC002692,CUST01911,Savings,Active,2020-11-23,BR009,234216.7,1000,4.75,1,0.0
ACC002693,CUST01912,Current,Active,2020-04-19,BR013,4209828.07,10000,6.99,0,15022.0
ACC002694,CUST01913,Current,Active,2022-10-21,BR001,3016422.05,10000,3.02,0,18693.0
ACC002695,CUST01913,Fixed Deposit,Active,2021-10-15,BR001,8014124.41,0,3.55,1,0.0
ACC002696,CUST01914,Savings,Active,2023-06-06,BR002,159329.3,1000,4.65,1,0.0
ACC002697,CUST01915,NRI,Active,2023-12-31,BR016,5805602.92,0,6.04,0,0.0
ACC002698,CUST01915,Salary,Active,2015-04-05,BR016,61750.99,0,5.9,1,0.0
ACC002699,CUST01915,Savings,Active,2021-06-10,BR016,96011.76,1000,6.51,1,0.0
ACC002700,CUST01916,Current,Active,2022-05-19,BR003,3033643.17,10000,3.42,1,8650.0
ACC002701,CUST01916,Savings,Dormant,2023-02-28,BR003,407233.94,1000,5.08,0,0.0
ACC002702,CUST01917,Savings,Dormant,2023-02-24,BR044,466951.98,1000,6.07,1,0.0
ACC002703,CUST01918,Savings,Active,2023-02-09,BR034,312869.89,1000,6.05,1,0.0
ACC002704,CUST01918,Fixed Deposit,Active,2022-12-15,BR034,1214150.4,0,5.82,0,0.0
ACC002705,CUST01918,Current,Active,2023-03-23,BR034,4975202.78,10000,4.57,1,16666.0
ACC002706,CUST01919,Savings,Dormant,2021-09-02,BR034,431159.23,1000,7.44,1,0.0
ACC002707,CUST01920,NRI,Active,2023-12-04,BR009,10797888.5,0,3.14,1,0.0
ACC002708,CUST01920,Savings,Active,2023-12-11,BR009,22214.93,1000,5.38,1,0.0
ACC002709,CUST01921,Savings,Active,2022-11-13,BR005,264641.03,1000,4.41,0,0.0
ACC002710,CUST01921,Current,Active,2018-02-21,BR005,4323796.9,10000,6.82,1,40442.0
ACC002711,CUST01921,Fixed Deposit,Active,2022-10-26,BR005,6157799.45,0,3.11,1,0.0
ACC002712,CUST01922,Salary,Active,2022-10-11,BR038,100637.6,0,5.07,1,0.0
ACC002713,CUST01923,Current,Active,2023-04-17,BR046,3896419.88,10000,7.24,1,21236.0
ACC002714,CUST01924,NRI,Active,2023-12-25,BR039,3159218.6,0,6.85,1,0.0
ACC002715,CUST01925,NRI,Active,2023-03-16,BR001,14865628.79,0,7.26,0,0.0
ACC002716,CUST01925,Salary,Dormant,2023-09-05,BR001,50572.5,0,7.07,1,0.0
ACC002717,CUST01926,Current,Active,2018-05-22,BR003,3891851.73,10000,4.07,0,19080.0
ACC002718,CUST01926,Savings,Active,2020-03-04,BR003,198878.3,1000,5.8,1,0.0
ACC002719,CUST01926,Salary,Active,2023-06-29,BR003,281685.85,0,6.07,1,0.0
ACC002720,CUST01927,Fixed Deposit,Active,2022-06-04,BR031,8377063.68,0,6.3,0,0.0
ACC002721,CUST01928,Savings,Active,2019-11-18,BR019,245062.92,1000,6.29,1,0.0
ACC002722,CUST01929,Savings,Active,2020-12-21,BR028,74487.72,1000,7.21,1,0.0
ACC002723,CUST01929,Fixed Deposit,Active,2021-05-03,BR028,4834764.04,0,7.02,1,0.0
ACC002724,CUST01930,NRI,Active,2023-05-16,BR003,4782705.87,0,3.08,1,0.0
ACC002725,CUST01931,Savings,Active,2022-08-19,BR027,269961.8,1000,6.57,1,0.0
ACC002726,CUST01932,Savings,Active,2017-03-18,BR020,443706.23,1000,6.76,1,0.0
ACC002727,CUST01932,Fixed Deposit,Active,2018-06-07,BR020,6459003.03,0,5.54,1,0.0
ACC002728,CUST01933,NRI,Active,2023-10-04,BR026,10213216.07,0,3.93,1,0.0
ACC002729,CUST01934,Current,Dormant,2019-01-27,BR049,4819305.4,10000,2.93,1,34966.0
ACC002730,CUST01934,Salary,Active,2021-07-07,BR049,160081.04,0,5.02,1,0.0
ACC002731,CUST01934,Fixed Deposit,Dormant,2019-09-08,BR049,3318518.4,0,3.56,1,0.0
ACC002732,CUST01935,Salary,Active,2020-05-17,BR013,45064.7,0,2.77,1,0.0
ACC002733,CUST01935,Savings,Dormant,2017-11-11,BR013,194693.1,1000,4.1,1,0.0
ACC002734,CUST01936,Current,Active,2023-08-26,BR019,2537701.57,10000,7.03,1,5457.0
ACC002735,CUST01937,Savings,Active,2023-03-30,BR005,81258.94,1000,3.9,1,0.0
ACC002736,CUST01937,Current,Dormant,2023-07-03,BR005,4310382.51,10000,7.31,1,42048.0
ACC002737,CUST01937,Fixed Deposit,Active,2023-01-16,BR005,714425.58,0,3.46,1,0.0
ACC002738,CUST01938,Salary,Active,2023-11-14,BR050,148485.14,0,5.39,1,0.0
ACC002739,CUST01939,Savings,Active,2022-09-02,BR003,83349.18,1000,4.84,1,0.0
ACC002740,CUST01940,Salary,Active,2021-09-04,BR029,133111.08,0,3.08,1,0.0
ACC002741,CUST01940,Fixed Deposit,Active,2021-09-20,BR029,6126714.12,0,4.51,0,0.0
ACC002742,CUST01941,Salary,Active,2018-05-24,BR001,167442.23,0,2.93,1,0.0
ACC002743,CUST01942,Current,Active,2020-08-14,BR039,1104676.32,10000,3.69,1,16089.0
ACC002744,CUST01943,Salary,Active,2022-08-20,BR016,38300.82,0,6.82,0,0.0
ACC002745,CUST01943,Savings,Active,2023-07-12,BR016,494257.43,1000,5.93,1,0.0
ACC002746,CUST01943,Current,Active,2023-06-22,BR016,2731900.22,10000,7.01,1,39929.0
ACC002747,CUST01944,Fixed Deposit,Active,2023-08-02,BR010,6856575.75,0,4.58,0,0.0
ACC002748,CUST01944,Current,Active,2023-12-24,BR010,2871194.48,10000,6.37,1,12030.0
ACC002749,CUST01944,Savings,Active,2022-03-27,BR010,267816.23,1000,6.04,0,0.0
ACC002750,CUST01945,Current,Active,2020-04-26,BR022,1277262.02,10000,2.98,0,1959.0
ACC002751,CUST01946,Fixed Deposit,Dormant,2023-07-11,BR032,9811070.79,0,3.7,1,0.0
ACC002752,CUST01947,Salary,Closed,2020-08-04,BR035,134992.44,0,7.18,0,0.0
ACC002753,CUST01948,Savings,Active,2022-06-18,BR007,105644.17,1000,5.41,1,0.0
ACC002754,CUST01948,Fixed Deposit,Active,2016-12-20,BR007,9400458.09,0,7.19,1,0.0
ACC002755,CUST01949,Savings,Active,2021-11-17,BR003,226507.03,1000,2.53,1,0.0
ACC002756,CUST01949,Current,Active,2021-11-18,BR003,4359897.35,10000,4.99,1,37843.0
ACC002757,CUST01950,Current,Active,2021-03-07,BR024,341099.86,10000,5.14,1,3108.0
ACC002758,CUST01951,Fixed Deposit,Active,2021-02-24,BR049,2315230.66,0,6.69,1,0.0
ACC002759,CUST01951,Current,Active,2021-12-10,BR049,4124515.61,10000,3.78,1,4683.0
ACC002760,CUST01952,Savings,Active,2023-10-27,BR027,81670.81,1000,5.68,0,0.0
ACC002761,CUST01952,Fixed Deposit,Active,2023-11-11,BR027,1542456.06,0,7.2,1,0.0
ACC002762,CUST01953,Savings,Active,2023-07-10,BR002,475335.77,1000,2.88,1,0.0
ACC002763,CUST01954,Fixed Deposit,Dormant,2022-05-23,BR016,5630710.65,0,4.37,1,0.0
ACC002764,CUST01954,Current,Active,2018-06-23,BR016,1039729.91,10000,4.14,0,15478.0
ACC002765,CUST01955,Fixed Deposit,Active,2023-09-14,BR001,1087460.24,0,6.21,1,0.0
ACC002766,CUST01955,Current,Active,2023-11-11,BR001,3771859.65,10000,6.44,1,26109.0
ACC002767,CUST01956,Salary,Active,2022-03-30,BR010,129508.07,0,5.17,0,0.0
ACC002768,CUST01957,Current,Active,2018-10-09,BR024,686724.69,10000,5.92,1,19252.0
ACC002769,CUST01958,Fixed Deposit,Closed,2020-12-28,BR032,7300631.67,0,6.85,1,0.0
ACC002770,CUST01958,Current,Active,2023-12-03,BR032,4061008.89,10000,6.42,1,46011.0
ACC002771,CUST01959,Fixed Deposit,Active,2022-10-11,BR045,4270977.27,0,4.75,1,0.0
ACC002772,CUST01959,Savings,Active,2020-06-26,BR045,245731.08,1000,5.96,0,0.0
ACC002773,CUST01960,Savings,Active,2023-09-27,BR034,159733.47,1000,4.56,1,0.0
ACC002774,CUST01961,Savings,Dormant,2023-04-15,BR032,118266.13,1000,5.33,1,0.0
ACC002775,CUST01961,Fixed Deposit,Active,2016-10-16,BR032,9269620.92,0,4.67,1,0.0
ACC002776,CUST01962,Savings,Active,2018-01-25,BR029,223931.64,1000,5.22,0,0.0
ACC002777,CUST01963,Savings,Closed,2021-06-10,BR033,78549.64,1000,7.47,0,0.0
ACC002778,CUST01964,Savings,Active,2022-06-29,BR007,319456.14,1000,4.69,1,0.0
ACC002779,CUST01965,Current,Closed,2023-08-15,BR020,4437447.32,10000,7.42,0,47121.0
ACC002780,CUST01966,Fixed Deposit,Active,2019-03-13,BR038,7783324.11,0,5.0,1,0.0
ACC002781,CUST01967,Current,Active,2023-11-22,BR046,1084287.02,10000,2.66,1,29106.0
ACC002782,CUST01968,Salary,Active,2023-08-12,BR030,236192.08,0,3.14,1,0.0
ACC002783,CUST01969,Savings,Active,2019-02-08,BR035,113199.2,1000,5.62,1,0.0
ACC002784,CUST01970,Fixed Deposit,Active,2021-02-16,BR045,80372.97,0,6.95,1,0.0
ACC002785,CUST01971,Savings,Active,2023-10-06,BR021,377484.41,1000,5.55,1,0.0
ACC002786,CUST01972,Savings,Active,2021-11-03,BR040,101817.82,1000,6.44,1,0.0
ACC002787,CUST01972,Current,Active,2023-05-18,BR040,1260551.46,10000,3.21,1,34706.0
ACC002788,CUST01973,Current,Active,2020-03-29,BR005,64072.13,10000,3.32,1,2840.0
ACC002789,CUST01974,Savings,Active,2023-04-30,BR034,186720.51,1000,4.62,1,0.0
ACC002790,CUST01974,Fixed Deposit,Active,2023-11-17,BR034,812400.74,0,4.82,1,0.0
ACC002791,CUST01975,Salary,Active,2021-01-17,BR004,241621.07,0,6.95,1,0.0
ACC002792,CUST01975,Savings,Active,2020-07-26,BR004,433339.01,1000,5.84,1,0.0
ACC002793,CUST01976,Savings,Active,2023-07-16,BR016,291728.59,1000,4.07,1,0.0
ACC002794,CUST01977,Savings,Active,2023-06-06,BR005,317361.85,1000,3.98,0,0.0
ACC002795,CUST01978,Salary,Active,2023-05-04,BR036,30957.47,0,7.22,1,0.0
ACC002796,CUST01979,Fixed Deposit,Active,2020-11-02,BR047,9585422.64,0,7.17,1,0.0
ACC002797,CUST01980,Savings,Active,2023-10-03,BR049,151545.48,1000,4.24,1,0.0
ACC002798,CUST01981,Salary,Active,2022-09-11,BR016,63943.66,0,6.07,1,0.0
ACC002799,CUST01982,Savings,Active,2023-07-30,BR019,131693.08,1000,7.0,1,0.0
ACC002800,CUST01983,Savings,Active,2020-06-21,BR044,207197.4,1000,3.8,1,0.0
ACC002801,CUST01983,Salary,Active,2023-06-05,BR044,185932.47,0,5.63,1,0.0
ACC002802,CUST01984,Current,Active,2020-04-19,BR021,1331062.52,10000,4.21,1,42815.0
ACC002803,CUST01985,Savings,Active,2023-04-10,BR038,292405.86,1000,4.08,1,0.0
ACC002804,CUST01986,Savings,Active,2021-02-18,BR022,98971.1,1000,6.28,0,0.0
ACC002805,CUST01987,Fixed Deposit,Active,2021-10-14,BR009,9385349.3,0,5.51,1,0.0
ACC002806,CUST01988,Savings,Active,2023-12-10,BR048,452213.35,1000,4.78,1,0.0
ACC002807,CUST01988,Current,Active,2023-11-28,BR048,2918414.49,10000,4.65,0,45209.0
ACC002808,CUST01989,Salary,Active,2022-02-17,BR042,83257.94,0,2.63,1,0.0
ACC002809,CUST01990,Fixed Deposit,Dormant,2019-10-04,BR037,3655603.88,0,2.98,1,0.0
ACC002810,CUST01991,Current,Active,2020-05-24,BR050,3297488.07,10000,6.5,1,29127.0
ACC002811,CUST01992,Fixed Deposit,Active,2023-05-11,BR035,3645002.71,0,3.1,0,0.0
ACC002812,CUST01993,Current,Active,2023-12-27,BR027,1472460.1,10000,3.04,1,37199.0
ACC002813,CUST01993,Fixed Deposit,Active,2023-11-23,BR027,8843819.49,0,6.85,0,0.0
ACC002814,CUST01994,Savings,Active,2022-04-19,BR031,134858.51,1000,4.97,1,0.0
ACC002815,CUST01995,Savings,Active,2023-06-10,BR044,218919.65,1000,6.55,1,0.0
ACC002816,CUST01996,Fixed Deposit,Dormant,2019-09-13,BR038,2409592.39,0,6.02,1,0.0
ACC002817,CUST01997,Savings,Active,2018-11-05,BR031,42076.76,1000,4.26,1,0.0
ACC002818,CUST01998,Fixed Deposit,Active,2023-09-20,BR033,1415995.6,0,4.27,0,0.0
ACC002819,CUST01998,Savings,Closed,2021-10-26,BR033,359653.29,1000,5.96,1,0.0
ACC002820,CUST01999,Salary,Active,2023-08-26,BR048,31566.98,0,5.25,1,0.0
ACC002821,CUST02000,Savings,Active,2022-02-27,BR032,325612.95,1000,4.43,1,0.0
ACC002822,CUST02001,Savings,Active,2023-01-08,BR003,65955.74,1000,3.56,1,0.0
ACC002823,CUST02001,Fixed Deposit,Active,2023-04-17,BR003,8787583.56,0,6.08,1,0.0
ACC002824,CUST02002,Savings,Active,2018-01-08,BR041,428182.83,1000,7.42,1,0.0
ACC002825,CUST02003,Current,Active,2016-06-03,BR011,801219.62,10000,3.97,0,46693.0
ACC002826,CUST02004,Fixed Deposit,Active,2022-08-12,BR040,2837133.47,0,2.54,1,0.0
ACC002827,CUST02004,Savings,Active,2020-09-10,BR040,221947.69,1000,3.87,1,0.0
ACC002828,CUST02005,Current,Active,2022-08-12,BR028,3663316.87,10000,4.11,0,10846.0
ACC002829,CUST02006,Current,Active,2019-06-23,BR047,1501542.12,10000,5.19,1,36343.0
ACC002830,CUST02007,NRI,Active,2021-11-16,BR037,6453164.89,0,5.25,1,0.0
ACC002831,CUST02008,Savings,Active,2023-06-16,BR049,247555.88,1000,6.42,1,0.0
ACC002832,CUST02009,Savings,Active,2020-02-10,BR026,212335.19,1000,6.07,1,0.0
ACC002833,CUST02009,Salary,Active,2017-12-11,BR026,60223.89,0,5.8,1,0.0
ACC002834,CUST02010,Savings,Active,2022-09-14,BR033,274423.7,1000,3.91,1,0.0
ACC002835,CUST02010,NRI,Active,2023-04-26,BR033,2431308.35,0,5.09,0,0.0
ACC002836,CUST02010,Fixed Deposit,Active,2022-07-02,BR033,107770.53,0,5.25,1,0.0
ACC002837,CUST02011,Current,Active,2019-02-22,BR010,2548487.61,10000,4.87,1,216.0
ACC002838,CUST02011,Savings,Active,2020-04-17,BR010,86352.4,1000,6.64,1,0.0
ACC002839,CUST02012,Savings,Active,2021-08-05,BR015,400965.27,1000,3.22,1,0.0
ACC002840,CUST02013,Current,Active,2020-02-14,BR041,1065781.79,10000,4.95,0,6535.0
ACC002841,CUST02013,Fixed Deposit,Active,2022-03-29,BR041,161769.2,0,2.61,0,0.0
ACC002842,CUST02014,Savings,Active,2020-10-04,BR021,281154.29,1000,6.72,0,0.0
ACC002843,CUST02014,Salary,Active,2022-05-24,BR021,173335.06,0,5.13,1,0.0
ACC002844,CUST02015,Fixed Deposit,Active,2022-09-17,BR004,9287228.87,0,6.45,1,0.0
ACC002845,CUST02016,Savings,Active,2023-09-25,BR034,3215.79,1000,4.87,1,0.0
ACC002846,CUST02016,Current,Active,2023-12-20,BR034,2675426.04,10000,6.43,1,18989.0
ACC002847,CUST02017,Savings,Dormant,2016-10-22,BR002,253619.3,1000,5.31,1,0.0
ACC002848,CUST02018,Savings,Active,2023-05-13,BR033,271135.95,1000,4.29,0,0.0
ACC002849,CUST02018,Current,Active,2023-11-08,BR033,2089069.88,10000,2.73,0,29169.0
ACC002850,CUST02019,NRI,Dormant,2019-12-17,BR004,11599167.43,0,3.01,1,0.0
ACC002851,CUST02019,Savings,Active,2022-06-14,BR004,449132.71,1000,3.98,0,0.0
ACC002852,CUST02020,Savings,Active,2022-12-28,BR043,348749.65,1000,6.51,0,0.0
ACC002853,CUST02020,Fixed Deposit,Active,2023-01-13,BR043,3195076.59,0,5.03,1,0.0
ACC002854,CUST02021,Salary,Dormant,2019-05-26,BR034,295816.18,0,5.94,1,0.0
ACC002855,CUST02022,Current,Closed,2020-12-01,BR043,1682699.82,10000,7.47,0,40473.0
ACC002856,CUST02022,Salary,Dormant,2023-01-05,BR043,208516.01,0,5.87,0,0.0
ACC002857,CUST02023,Fixed Deposit,Active,2022-11-29,BR009,863125.57,0,4.7,0,0.0
ACC002858,CUST02024,Savings,Active,2020-08-16,BR014,300495.88,1000,5.72,1,0.0
ACC002859,CUST02025,Savings,Active,2018-10-19,BR004,201404.78,1000,4.25,1,0.0
ACC002860,CUST02026,Current,Dormant,2017-08-17,BR038,1335874.33,10000,6.27,1,16027.0
ACC002861,CUST02027,Fixed Deposit,Active,2022-09-27,BR019,9862709.87,0,6.59,1,0.0
ACC002862,CUST02027,Current,Active,2021-02-23,BR019,3336875.53,10000,2.78,1,17142.0
ACC002863,CUST02027,Savings,Active,2023-10-29,BR019,499166.43,1000,7.0,1,0.0
ACC002864,CUST02028,Fixed Deposit,Active,2023-01-13,BR002,2605057.4,0,3.07,1,0.0
ACC002865,CUST02029,Savings,Active,2022-06-12,BR024,168565.41,1000,3.66,1,0.0
ACC002866,CUST02029,Salary,Active,2022-03-04,BR024,40395.29,0,3.59,1,0.0
ACC002867,CUST02030,NRI,Active,2021-04-07,BR009,14028902.9,0,2.79,1,0.0
ACC002868,CUST02031,Fixed Deposit,Active,2021-12-15,BR025,5574541.99,0,6.69,1,0.0
ACC002869,CUST02032,Salary,Active,2022-01-02,BR020,28686.3,0,5.63,1,0.0
ACC002870,CUST02033,Current,Active,2022-07-07,BR041,3322972.78,10000,2.83,1,5639.0
ACC002871,CUST02034,Savings,Active,2022-05-04,BR043,279467.08,1000,6.96,0,0.0
ACC002872,CUST02035,Current,Active,2023-07-22,BR046,2673853.31,10000,2.64,0,30851.0
ACC002873,CUST02036,Savings,Active,2019-01-05,BR026,17696.17,1000,5.43,1,0.0
ACC002874,CUST02037,Current,Closed,2020-01-08,BR037,949152.19,10000,6.98,1,23532.0
ACC002875,CUST02038,Savings,Active,2023-09-24,BR027,193015.39,1000,7.08,1,0.0
ACC002876,CUST02038,Fixed Deposit,Active,2022-03-26,BR027,3502500.13,0,6.59,1,0.0
ACC002877,CUST02038,Salary,Active,2022-02-28,BR027,87036.3,0,2.8,1,0.0
ACC002878,CUST02039,Savings,Active,2020-12-24,BR009,188547.51,1000,6.52,0,0.0
ACC002879,CUST02040,Fixed Deposit,Active,2023-02-04,BR032,5426066.02,0,6.12,1,0.0
ACC002880,CUST02041,Salary,Active,2023-12-29,BR019,162230.04,0,2.93,1,0.0
ACC002881,CUST02042,Savings,Active,2023-06-01,BR004,358689.66,1000,5.32,1,0.0
ACC002882,CUST02042,NRI,Active,2021-07-08,BR004,2209304.91,0,7.45,1,0.0
ACC002883,CUST02043,Savings,Active,2021-09-04,BR040,314235.2,1000,6.21,0,0.0
ACC002884,CUST02044,Salary,Active,2023-05-11,BR039,75297.26,0,5.49,1,0.0
ACC002885,CUST02044,Fixed Deposit,Active,2020-08-06,BR039,4930766.5,0,3.1,1,0.0
ACC002886,CUST02044,Savings,Active,2023-07-22,BR039,87228.26,1000,5.16,1,0.0
ACC002887,CUST02045,Salary,Active,2022-04-15,BR050,53797.32,0,4.59,0,0.0
ACC002888,CUST02046,Current,Active,2020-04-01,BR015,4987460.38,10000,4.06,1,23415.0
ACC002889,CUST02046,Fixed Deposit,Active,2023-03-14,BR015,9713881.88,0,6.85,0,0.0
ACC002890,CUST02047,Savings,Active,2023-05-30,BR045,440966.53,1000,2.96,1,0.0
ACC002891,CUST02047,Current,Active,2023-04-23,BR045,2729865.22,10000,4.7,1,39940.0
ACC002892,CUST02048,Savings,Dormant,2022-12-12,BR021,287250.64,1000,2.59,0,0.0
ACC002893,CUST02049,Salary,Active,2021-05-22,BR007,13275.2,0,7.28,1,0.0
ACC002894,CUST02049,Fixed Deposit,Active,2021-09-11,BR007,3147049.29,0,3.35,1,0.0
ACC002895,CUST02049,Savings,Active,2020-01-26,BR007,211080.93,1000,7.02,1,0.0
ACC002896,CUST02050,NRI,Closed,2018-12-10,BR031,15903707.45,0,6.47,1,0.0
ACC002897,CUST02050,Savings,Active,2022-02-12,BR031,195796.81,1000,4.28,1,0.0
ACC002898,CUST02051,Savings,Active,2022-10-02,BR021,483714.36,1000,6.69,0,0.0
ACC002899,CUST02052,Current,Dormant,2021-05-16,BR043,2027866.46,10000,6.42,1,49898.0
ACC002900,CUST02053,Salary,Active,2022-09-17,BR012,134110.35,0,3.62,1,0.0
ACC002901,CUST02054,Savings,Active,2023-09-19,BR019,25356.27,1000,3.2,1,0.0
ACC002902,CUST02054,Current,Active,2023-12-31,BR019,2098061.6,10000,6.78,1,11447.0
ACC002903,CUST02055,Savings,Active,2023-11-09,BR026,231095.07,1000,4.74,0,0.0
ACC002904,CUST02056,Current,Closed,2022-04-17,BR009,644596.79,10000,2.99,1,39709.0
ACC002905,CUST02057,Fixed Deposit,Closed,2018-08-08,BR008,868215.33,0,7.35,1,0.0
ACC002906,CUST02057,Savings,Dormant,2019-09-08,BR008,322177.88,1000,2.76,1,0.0
ACC002907,CUST02057,NRI,Active,2020-06-14,BR008,957470.15,0,6.85,1,0.0
ACC002908,CUST02058,Savings,Dormant,2022-08-19,BR014,47851.82,1000,7.45,0,0.0
ACC002909,CUST02058,Current,Active,2021-03-09,BR014,3803269.67,10000,3.98,1,16187.0
ACC002910,CUST02059,NRI,Active,2023-05-28,BR040,6855743.46,0,6.38,1,0.0
ACC002911,CUST02060,Fixed Deposit,Active,2023-04-23,BR023,3818039.03,0,3.05,1,0.0
ACC002912,CUST02060,Current,Active,2023-09-05,BR023,2080639.09,10000,5.1,0,18910.0
ACC002913,CUST02060,Savings,Active,2023-09-15,BR023,105410.35,1000,7.47,1,0.0
ACC002914,CUST02061,NRI,Active,2022-08-18,BR012,15651065.53,0,2.52,1,0.0
ACC002915,CUST02062,Savings,Active,2023-08-23,BR005,411995.2,1000,4.17,1,0.0
ACC002916,CUST02062,NRI,Active,2023-05-29,BR005,1843452.16,0,6.53,1,0.0
ACC002917,CUST02063,Current,Active,2020-05-06,BR007,4813671.46,10000,3.95,0,3898.0
ACC002918,CUST02064,Savings,Active,2021-07-21,BR049,133810.31,1000,4.21,1,0.0
ACC002919,CUST02065,Savings,Active,2021-07-30,BR036,464041.11,1000,4.38,1,0.0
ACC002920,CUST02066,Fixed Deposit,Active,2023-01-01,BR007,4880806.86,0,2.72,1,0.0
ACC002921,CUST02067,NRI,Active,2023-07-13,BR018,5440963.39,0,7.34,1,0.0
ACC002922,CUST02068,Fixed Deposit,Active,2020-06-27,BR010,2121495.04,0,7.17,1,0.0
ACC002923,CUST02069,Savings,Closed,2023-08-12,BR015,46689.06,1000,4.06,0,0.0
ACC002924,CUST02069,Fixed Deposit,Active,2022-07-08,BR015,7372819.47,0,5.97,0,0.0
ACC002925,CUST02069,Salary,Active,2023-08-14,BR015,189930.19,0,2.83,1,0.0
ACC002926,CUST02070,NRI,Active,2019-03-14,BR031,8894422.75,0,6.69,0,0.0
ACC002927,CUST02071,Current,Active,2023-07-20,BR036,287183.89,10000,4.64,1,2373.0
ACC002928,CUST02071,NRI,Active,2023-04-27,BR036,15796066.9,0,2.97,0,0.0
ACC002929,CUST02071,Fixed Deposit,Active,2019-06-21,BR036,797842.27,0,5.56,1,0.0
ACC002930,CUST02072,Salary,Active,2023-05-09,BR013,15580.88,0,3.43,0,0.0
ACC002931,CUST02072,Savings,Dormant,2023-03-30,BR013,414197.88,1000,5.17,1,0.0
ACC002932,CUST02072,Current,Active,2022-07-25,BR013,1009178.48,10000,4.29,1,31645.0
ACC002933,CUST02073,Salary,Active,2023-07-21,BR025,161142.93,0,7.03,1,0.0
ACC002934,CUST02074,Savings,Active,2021-04-14,BR041,91510.72,1000,5.22,0,0.0
ACC002935,CUST02075,Salary,Active,2022-11-04,BR046,181577.91,0,4.68,1,0.0
ACC002936,CUST02076,Savings,Closed,2021-11-10,BR008,286317.3,1000,7.27,1,0.0
ACC002937,CUST02076,Current,Active,2022-10-03,BR008,1187804.66,10000,6.87,0,17125.0
ACC002938,CUST02077,Current,Closed,2023-11-22,BR003,3519936.44,10000,6.84,0,20310.0
ACC002939,CUST02078,Savings,Active,2022-08-20,BR044,233280.08,1000,3.1,1,0.0
ACC002940,CUST02078,Current,Active,2021-03-30,BR044,3571210.19,10000,5.67,0,13922.0
ACC002941,CUST02079,Salary,Active,2021-11-02,BR032,163081.02,0,6.43,1,0.0
ACC002942,CUST02079,Current,Active,2021-11-28,BR032,1513054.49,10000,6.0,1,31466.0
ACC002943,CUST02080,Current,Active,2022-09-25,BR050,474323.21,10000,6.09,1,10971.0
ACC002944,CUST02081,Savings,Active,2017-08-30,BR035,451861.52,1000,4.52,1,0.0
ACC002945,CUST02081,Salary,Active,2023-09-07,BR035,231002.24,0,5.51,1,0.0
ACC002946,CUST02082,Fixed Deposit,Dormant,2023-12-26,BR020,9209298.11,0,6.12,0,0.0
ACC002947,CUST02083,Savings,Active,2023-06-30,BR038,481954.6,1000,6.47,1,0.0
ACC002948,CUST02083,Fixed Deposit,Active,2018-03-18,BR038,649724.27,0,5.88,1,0.0
ACC002949,CUST02084,Current,Active,2023-05-06,BR009,1077146.97,10000,4.48,1,23944.0
ACC002950,CUST02085,Fixed Deposit,Active,2021-10-25,BR036,1201738.58,0,6.3,0,0.0
ACC002951,CUST02085,Current,Active,2018-08-24,BR036,2749535.48,10000,7.17,1,4193.0
ACC002952,CUST02085,Salary,Active,2018-10-26,BR036,265589.34,0,2.57,1,0.0
ACC002953,CUST02086,Current,Active,2023-06-12,BR050,1705230.37,10000,4.46,1,4696.0
ACC002954,CUST02087,Savings,Active,2020-10-22,BR006,484623.24,1000,6.35,1,0.0
ACC002955,CUST02088,Current,Active,2022-05-19,BR023,4630586.53,10000,6.88,1,11502.0
ACC002956,CUST02089,Savings,Active,2022-02-25,BR025,135295.92,1000,6.84,0,0.0
ACC002957,CUST02090,Fixed Deposit,Active,2018-05-22,BR001,5948057.87,0,3.52,1,0.0
ACC002958,CUST02091,Savings,Active,2020-07-24,BR028,122811.91,1000,4.12,1,0.0
ACC002959,CUST02092,Savings,Dormant,2021-10-19,BR023,70756.83,1000,7.37,0,0.0
ACC002960,CUST02093,Current,Active,2023-07-14,BR030,509660.56,10000,7.36,0,43800.0
ACC002961,CUST02094,Current,Active,2021-04-26,BR019,3091997.55,10000,7.49,1,32686.0
ACC002962,CUST02095,Salary,Dormant,2018-02-23,BR017,216657.11,0,6.88,0,0.0
ACC002963,CUST02096,Fixed Deposit,Active,2022-08-04,BR049,503998.25,0,6.59,1,0.0
ACC002964,CUST02097,Salary,Active,2019-04-30,BR009,168045.51,0,4.54,1,0.0
ACC002965,CUST02098,Savings,Closed,2015-08-09,BR023,299570.02,1000,4.9,1,0.0
ACC002966,CUST02098,Fixed Deposit,Active,2018-01-15,BR023,5824352.41,0,4.33,0,0.0
ACC002967,CUST02099,Savings,Active,2017-12-11,BR015,71419.04,1000,4.16,1,0.0
ACC002968,CUST02100,Savings,Active,2019-05-19,BR010,342600.99,1000,6.14,1,0.0
ACC002969,CUST02101,Current,Active,2023-12-22,BR036,2383095.22,10000,4.67,1,10527.0
ACC002970,CUST02102,Current,Active,2020-09-08,BR040,606410.35,10000,3.8,0,47624.0
ACC002971,CUST02103,Current,Active,2022-10-06,BR042,4449798.31,10000,4.1,1,5041.0
ACC002972,CUST02103,Fixed Deposit,Active,2023-11-24,BR042,8406219.75,0,4.26,1,0.0
ACC002973,CUST02104,Fixed Deposit,Active,2022-01-25,BR040,7994659.01,0,7.33,0,0.0
ACC002974,CUST02105,Savings,Active,2020-02-15,BR038,75249.21,1000,3.91,1,0.0
ACC002975,CUST02105,Current,Active,2023-09-15,BR038,757406.01,10000,5.16,0,36543.0
ACC002976,CUST02106,Fixed Deposit,Active,2022-08-25,BR039,5806040.82,0,2.66,1,0.0
ACC002977,CUST02106,Savings,Active,2023-10-08,BR039,444736.61,1000,5.15,1,0.0
ACC002978,CUST02107,Savings,Active,2020-05-09,BR049,88166.16,1000,7.48,1,0.0
ACC002979,CUST02108,Fixed Deposit,Active,2021-10-28,BR034,4350087.52,0,7.35,1,0.0
ACC002980,CUST02109,Current,Active,2022-07-12,BR024,4561911.27,10000,6.98,1,48957.0
ACC002981,CUST02110,Current,Active,2021-04-17,BR036,274189.99,10000,3.97,0,44327.0
ACC002982,CUST02110,Savings,Active,2019-03-17,BR036,301448.91,1000,6.17,1,0.0
ACC002983,CUST02111,Fixed Deposit,Active,2023-10-04,BR019,3725977.01,0,4.24,1,0.0
ACC002984,CUST02112,Fixed Deposit,Active,2016-12-29,BR017,8826172.12,0,6.29,1,0.0
ACC002985,CUST02112,Current,Active,2018-03-01,BR017,532700.63,10000,7.34,1,33994.0
ACC002986,CUST02113,Fixed Deposit,Active,2023-11-26,BR039,4656339.18,0,6.3,0,0.0
ACC002987,CUST02113,Savings,Active,2023-08-27,BR039,305328.01,1000,3.17,1,0.0
ACC002988,CUST02114,Current,Active,2022-07-29,BR001,2915775.64,10000,4.49,1,33715.0
ACC002989,CUST02115,Current,Active,2022-03-13,BR023,3451221.97,10000,6.4,1,46522.0
ACC002990,CUST02116,Salary,Active,2021-08-12,BR039,34517.53,0,4.07,0,0.0
ACC002991,CUST02117,Salary,Active,2022-04-09,BR020,94083.73,0,7.22,1,0.0
ACC002992,CUST02118,Current,Active,2016-06-07,BR001,2172791.14,10000,4.72,0,36749.0
ACC002993,CUST02118,Fixed Deposit,Active,2019-04-24,BR001,5580320.54,0,3.53,1,0.0
ACC002994,CUST02119,Savings,Active,2016-05-28,BR001,326875.64,1000,2.97,1,0.0
ACC002995,CUST02120,Current,Active,2021-09-08,BR006,4952957.8,10000,2.85,1,21514.0
ACC002996,CUST02121,Current,Active,2023-07-19,BR025,1579390.88,10000,3.86,1,8664.0
ACC002997,CUST02122,Savings,Active,2020-03-16,BR040,14507.79,1000,6.52,1,0.0
ACC002998,CUST02123,Savings,Active,2020-12-26,BR030,286234.46,1000,3.85,1,0.0
ACC002999,CUST02124,Savings,Active,2023-08-21,BR040,41751.24,1000,4.03,1,0.0
ACC003000,CUST02125,NRI,Active,2023-07-28,BR023,9553986.34,0,7.47,0,0.0
ACC003001,CUST02126,Savings,Active,2022-08-23,BR031,250823.87,1000,2.84,1,0.0
ACC003002,CUST02127,Current,Active,2022-10-31,BR002,4280647.3,10000,2.54,0,37471.0
ACC003003,CUST02127,Savings,Active,2022-08-28,BR002,231210.04,1000,4.32,1,0.0
ACC003004,CUST02128,Salary,Active,2023-11-01,BR010,102371.03,0,4.05,1,0.0
ACC003005,CUST02129,Savings,Active,2017-04-30,BR010,315015.84,1000,5.81,1,0.0
ACC003006,CUST02129,Salary,Active,2017-09-23,BR010,276944.71,0,6.38,1,0.0
ACC003007,CUST02129,Current,Active,2017-09-23,BR010,3920657.58,10000,6.0,1,26162.0
ACC003008,CUST02130,Savings,Active,2023-09-22,BR045,205711.77,1000,3.54,0,0.0
ACC003009,CUST02131,Savings,Dormant,2021-05-07,BR040,291502.25,1000,6.87,1,0.0
ACC003010,CUST02131,Current,Dormant,2019-07-24,BR040,3444140.15,10000,6.1,1,35023.0
ACC003011,CUST02132,Savings,Active,2017-10-12,BR022,279005.2,1000,7.17,1,0.0
ACC003012,CUST02133,Savings,Active,2019-11-14,BR026,329851.65,1000,7.04,0,0.0
ACC003013,CUST02134,Savings,Dormant,2023-04-03,BR016,437813.4,1000,6.54,1,0.0
ACC003014,CUST02135,Savings,Active,2021-04-14,BR028,41890.77,1000,4.95,1,0.0
ACC003015,CUST02136,Current,Active,2023-05-08,BR038,115115.0,10000,6.5,1,34173.0
ACC003016,CUST02137,NRI,Active,2018-03-10,BR049,374420.88,0,5.47,1,0.0
ACC003017,CUST02138,Current,Active,2023-08-13,BR044,2765818.62,10000,4.61,1,10127.0
ACC003018,CUST02139,Savings,Active,2017-12-30,BR019,61350.59,1000,3.02,1,0.0
ACC003019,CUST02140,NRI,Active,2022-11-08,BR008,10776933.98,0,7.36,1,0.0
ACC003020,CUST02141,Savings,Active,2022-06-29,BR044,72675.22,1000,3.19,1,0.0
ACC003021,CUST02141,Fixed Deposit,Active,2021-08-13,BR044,8504109.16,0,5.28,0,0.0
ACC003022,CUST02142,Savings,Active,2023-09-23,BR021,292469.66,1000,5.21,1,0.0
ACC003023,CUST02142,NRI,Dormant,2022-12-03,BR021,4370826.19,0,3.13,1,0.0
ACC003024,CUST02143,Savings,Active,2020-09-17,BR028,60611.29,1000,4.72,1,0.0
ACC003025,CUST02143,Fixed Deposit,Active,2023-11-14,BR028,5114819.02,0,7.18,0,0.0
ACC003026,CUST02144,Savings,Active,2022-01-04,BR033,358124.85,1000,3.39,0,0.0
ACC003027,CUST02145,Savings,Active,2022-07-16,BR025,129420.27,1000,4.89,1,0.0
ACC003028,CUST02146,NRI,Active,2022-06-15,BR039,18375902.36,0,7.45,0,0.0
ACC003029,CUST02146,Salary,Active,2018-09-01,BR039,273029.05,0,5.57,0,0.0
ACC003030,CUST02147,Savings,Active,2018-09-29,BR013,258040.0,1000,5.74,1,0.0
ACC003031,CUST02148,Savings,Active,2023-05-15,BR007,423458.41,1000,2.75,0,0.0
ACC003032,CUST02148,NRI,Active,2023-02-20,BR007,8063137.24,0,5.74,1,0.0
ACC003033,CUST02149,NRI,Active,2019-10-02,BR014,4938966.76,0,5.82,1,0.0
ACC003034,CUST02150,Current,Dormant,2023-07-31,BR025,2598860.08,10000,7.27,1,45585.0
ACC003035,CUST02151,Fixed Deposit,Closed,2017-08-22,BR030,2364494.08,0,5.01,1,0.0
ACC003036,CUST02152,NRI,Active,2021-01-10,BR008,5008239.65,0,7.46,1,0.0
ACC003037,CUST02152,Fixed Deposit,Active,2019-12-09,BR008,3298892.9,0,3.95,0,0.0
ACC003038,CUST02152,Savings,Active,2020-05-08,BR008,476020.52,1000,7.2,0,0.0
ACC003039,CUST02153,Salary,Active,2018-11-05,BR026,141118.03,0,3.27,1,0.0
ACC003040,CUST02154,Salary,Active,2023-01-21,BR028,51690.43,0,3.16,1,0.0
ACC003041,CUST02154,Savings,Dormant,2023-06-20,BR028,358598.06,1000,4.73,1,0.0
ACC003042,CUST02155,Salary,Active,2015-11-12,BR031,23774.36,0,5.69,1,0.0
ACC003043,CUST02156,Current,Active,2022-07-16,BR028,2404784.75,10000,2.72,1,35774.0
ACC003044,CUST02157,Savings,Active,2022-07-24,BR011,394964.98,1000,5.32,1,0.0
ACC003045,CUST02157,Fixed Deposit,Active,2018-06-22,BR011,7024872.61,0,4.96,0,0.0
ACC003046,CUST02158,Current,Active,2023-07-01,BR035,100555.97,10000,3.93,0,42437.0
ACC003047,CUST02158,Savings,Closed,2023-12-19,BR035,365488.0,1000,2.55,1,0.0
ACC003048,CUST02159,Fixed Deposit,Active,2023-08-29,BR022,8063488.09,0,4.1,1,0.0
ACC003049,CUST02160,NRI,Active,2023-11-11,BR048,12378857.4,0,6.39,1,0.0
ACC003050,CUST02160,Fixed Deposit,Active,2023-10-23,BR048,1944221.08,0,3.53,0,0.0
ACC003051,CUST02161,Salary,Active,2018-01-21,BR001,49547.26,0,4.35,1,0.0
ACC003052,CUST02162,Savings,Closed,2021-05-08,BR031,313847.08,1000,6.16,1,0.0
ACC003053,CUST02162,Salary,Active,2021-03-19,BR031,212021.71,0,7.44,1,0.0
ACC003054,CUST02163,Savings,Active,2017-05-30,BR025,437504.36,1000,2.69,1,0.0
ACC003055,CUST02164,Savings,Active,2022-09-12,BR013,350576.2,1000,5.2,1,0.0
ACC003056,CUST02164,Salary,Active,2021-03-26,BR013,16503.09,0,3.88,1,0.0
ACC003057,CUST02165,Savings,Active,2022-09-07,BR049,453991.08,1000,5.21,0,0.0
ACC003058,CUST02166,Fixed Deposit,Active,2023-07-11,BR023,2611487.72,0,2.7,1,0.0
ACC003059,CUST02167,Fixed Deposit,Active,2022-12-20,BR050,8475016.73,0,3.86,1,0.0
ACC003060,CUST02167,Savings,Active,2023-07-23,BR050,176179.7,1000,4.22,1,0.0
ACC003061,CUST02168,NRI,Active,2020-11-05,BR013,6751368.95,0,2.57,1,0.0
ACC003062,CUST02169,Savings,Active,2023-05-05,BR030,68650.21,1000,3.38,1,0.0
ACC003063,CUST02170,Current,Dormant,2023-10-10,BR003,4638175.38,10000,3.4,1,41570.0
ACC003064,CUST02171,Salary,Active,2023-11-14,BR036,286046.58,0,7.3,0,0.0
ACC003065,CUST02172,Savings,Active,2017-02-07,BR033,432775.41,1000,3.61,1,0.0
ACC003066,CUST02172,Salary,Active,2023-11-12,BR033,73988.12,0,4.81,0,0.0
ACC003067,CUST02173,Savings,Active,2023-01-07,BR016,220934.36,1000,5.36,1,0.0
ACC003068,CUST02173,Salary,Dormant,2022-10-11,BR016,60664.04,0,7.26,0,0.0
ACC003069,CUST02174,Fixed Deposit,Active,2022-07-18,BR006,8971125.88,0,5.57,0,0.0
ACC003070,CUST02175,Salary,Active,2022-03-16,BR011,286558.27,0,5.48,1,0.0
ACC003071,CUST02176,Savings,Active,2023-02-12,BR026,394529.43,1000,5.32,0,0.0
ACC003072,CUST02177,Savings,Active,2018-08-13,BR032,163493.15,1000,5.49,0,0.0
ACC003073,CUST02178,Fixed Deposit,Active,2019-02-21,BR042,7831858.67,0,4.91,1,0.0
ACC003074,CUST02178,Current,Active,2019-05-30,BR042,4960051.06,10000,7.4,1,10168.0
ACC003075,CUST02178,Savings,Active,2019-01-06,BR042,293830.77,1000,6.23,1,0.0
ACC003076,CUST02179,Savings,Active,2023-03-05,BR038,258088.33,1000,3.65,1,0.0
ACC003077,CUST02180,NRI,Active,2021-12-08,BR042,13004412.18,0,3.83,1,0.0
ACC003078,CUST02181,Savings,Dormant,2023-02-22,BR048,456178.97,1000,4.72,0,0.0
ACC003079,CUST02181,Fixed Deposit,Active,2022-11-30,BR048,2937154.07,0,6.58,1,0.0
ACC003080,CUST02182,Fixed Deposit,Active,2021-03-16,BR033,3152519.97,0,4.46,1,0.0
ACC003081,CUST02183,Current,Active,2023-05-06,BR050,637081.25,10000,6.36,1,23619.0
ACC003082,CUST02184,Current,Active,2020-07-25,BR023,963447.34,10000,6.61,1,48836.0
ACC003083,CUST02185,Fixed Deposit,Active,2021-02-11,BR009,9124148.4,0,5.09,0,0.0
ACC003084,CUST02186,Current,Active,2022-08-23,BR049,2506510.41,10000,7.23,0,44914.0
ACC003085,CUST02187,Salary,Active,2023-09-28,BR035,37937.14,0,2.87,1,0.0
ACC003086,CUST02188,Savings,Active,2023-03-18,BR050,378215.29,1000,5.54,1,0.0
ACC003087,CUST02188,Salary,Active,2023-12-27,BR050,260243.95,0,4.94,1,0.0
ACC003088,CUST02189,Fixed Deposit,Active,2023-11-18,BR001,2578706.39,0,3.0,1,0.0
ACC003089,CUST02190,Savings,Active,2019-06-24,BR039,133422.88,1000,5.31,1,0.0
ACC003090,CUST02190,Current,Active,2020-02-11,BR039,775874.29,10000,5.59,1,21552.0
ACC003091,CUST02191,Current,Closed,2022-05-06,BR028,139765.63,10000,4.95,1,13325.0
ACC003092,CUST02191,Salary,Active,2022-05-21,BR028,263288.03,0,2.9,1,0.0
ACC003093,CUST02192,Salary,Active,2023-12-21,BR021,241715.77,0,4.02,1,0.0
ACC003094,CUST02192,Current,Active,2023-01-29,BR021,1910165.81,10000,6.79,0,27831.0
ACC003095,CUST02193,Savings,Active,2021-08-25,BR013,2429.27,1000,3.86,1,0.0
ACC003096,CUST02193,Salary,Active,2022-01-21,BR013,237858.77,0,7.03,1,0.0
ACC003097,CUST02194,Savings,Active,2022-05-17,BR034,377142.68,1000,6.53,1,0.0
ACC003098,CUST02195,Savings,Active,2023-06-18,BR034,24457.5,1000,6.82,1,0.0
ACC003099,CUST02196,NRI,Active,2022-10-19,BR013,9529498.13,0,7.33,1,0.0
ACC003100,CUST02196,Salary,Active,2023-02-24,BR013,213517.71,0,7.05,1,0.0
ACC003101,CUST02197,Salary,Dormant,2021-05-12,BR011,200316.34,0,3.42,1,0.0
ACC003102,CUST02198,Fixed Deposit,Active,2023-11-03,BR002,7801020.83,0,7.15,1,0.0
ACC003103,CUST02199,Savings,Active,2023-08-20,BR009,159281.79,1000,3.76,1,0.0
ACC003104,CUST02200,Savings,Active,2022-11-26,BR032,221423.6,1000,3.46,1,0.0
ACC003105,CUST02200,Salary,Active,2020-05-25,BR032,125098.23,0,4.5,1,0.0
ACC003106,CUST02200,Fixed Deposit,Active,2022-04-03,BR032,179582.2,0,6.68,0,0.0
ACC003107,CUST02201,Current,Closed,2023-07-13,BR017,857442.07,10000,3.06,1,26640.0
ACC003108,CUST02202,Savings,Active,2023-06-22,BR018,334251.41,1000,3.75,1,0.0
ACC003109,CUST02203,Savings,Active,2023-08-10,BR036,181671.3,1000,5.83,1,0.0
ACC003110,CUST02204,Current,Active,2018-03-24,BR026,4904666.92,10000,3.4,1,11196.0
ACC003111,CUST02205,Savings,Active,2023-06-16,BR039,67748.98,1000,3.67,1,0.0
ACC003112,CUST02206,Salary,Closed,2020-07-04,BR039,264053.32,0,5.67,1,0.0
ACC003113,CUST02207,Fixed Deposit,Active,2015-12-03,BR012,3533679.37,0,7.32,1,0.0
ACC003114,CUST02208,Salary,Active,2023-08-13,BR003,72513.62,0,3.02,1,0.0
ACC003115,CUST02208,Savings,Dormant,2023-10-19,BR003,81089.45,1000,2.83,0,0.0
ACC003116,CUST02209,Fixed Deposit,Dormant,2020-02-13,BR016,4000584.88,0,2.88,0,0.0
ACC003117,CUST02210,Current,Active,2019-12-24,BR020,528902.41,10000,4.18,1,35573.0
ACC003118,CUST02211,Savings,Active,2022-01-18,BR015,253311.87,1000,6.94,1,0.0
ACC003119,CUST02212,NRI,Active,2022-06-29,BR037,16798775.81,0,4.6,1,0.0
ACC003120,CUST02212,Current,Active,2020-12-12,BR037,399467.73,10000,7.29,0,27684.0
ACC003121,CUST02213,Savings,Active,2022-11-03,BR008,97876.31,1000,4.87,1,0.0
ACC003122,CUST02214,Savings,Dormant,2019-01-30,BR041,231227.37,1000,7.12,1,0.0
ACC003123,CUST02215,Current,Active,2020-12-15,BR021,3976280.61,10000,5.26,1,9541.0
ACC003124,CUST02216,Savings,Dormant,2020-11-28,BR029,142505.04,1000,3.66,1,0.0
ACC003125,CUST02217,Savings,Active,2022-05-23,BR049,487082.57,1000,6.62,1,0.0
ACC003126,CUST02218,Current,Active,2019-09-13,BR001,4652672.97,10000,7.22,1,19487.0
ACC003127,CUST02219,Current,Active,2020-07-31,BR022,415549.75,10000,4.34,1,40389.0
ACC003128,CUST02219,Savings,Active,2016-05-23,BR022,279572.07,1000,3.69,1,0.0
ACC003129,CUST02220,Salary,Active,2022-10-08,BR044,278235.66,0,7.38,1,0.0
ACC003130,CUST02220,Savings,Active,2023-04-30,BR044,101284.47,1000,4.92,1,0.0
ACC003131,CUST02221,Savings,Active,2020-12-19,BR003,101622.05,1000,3.63,1,0.0
ACC003132,CUST02221,Salary,Active,2022-01-28,BR003,50626.82,0,5.06,0,0.0
ACC003133,CUST02222,Current,Active,2023-05-07,BR024,877549.75,10000,7.19,1,21739.0
ACC003134,CUST02222,Savings,Dormant,2022-03-29,BR024,305662.01,1000,6.34,1,0.0
ACC003135,CUST02223,Savings,Active,2022-12-02,BR030,466456.68,1000,2.6,0,0.0
ACC003136,CUST02224,Savings,Active,2021-09-19,BR042,233780.62,1000,6.09,0,0.0
ACC003137,CUST02224,Fixed Deposit,Dormant,2022-08-25,BR042,6956042.33,0,5.4,1,0.0
ACC003138,CUST02225,Savings,Active,2022-07-22,BR031,347696.47,1000,4.23,1,0.0
ACC003139,CUST02225,Fixed Deposit,Active,2023-09-13,BR031,2985243.79,0,4.27,0,0.0
ACC003140,CUST02225,Current,Active,2023-11-29,BR031,4384540.73,10000,7.28,1,22825.0
ACC003141,CUST02226,NRI,Active,2023-01-08,BR025,19526510.83,0,5.46,0,0.0
ACC003142,CUST02226,Salary,Active,2022-12-08,BR025,115909.14,0,5.53,0,0.0
ACC003143,CUST02226,Savings,Active,2022-09-28,BR025,55592.26,1000,6.32,1,0.0
ACC003144,CUST02227,Savings,Dormant,2021-07-26,BR047,377497.0,1000,4.04,1,0.0
ACC003145,CUST02227,Current,Active,2022-05-27,BR047,4551749.71,10000,3.09,1,477.0
ACC003146,CUST02228,Fixed Deposit,Active,2018-08-28,BR014,996866.98,0,3.52,1,0.0
ACC003147,CUST02229,Salary,Active,2018-09-12,BR023,181570.92,0,3.02,1,0.0
ACC003148,CUST02230,Savings,Active,2023-12-01,BR009,226813.59,1000,3.03,1,0.0
ACC003149,CUST02231,Savings,Active,2023-07-08,BR004,264599.32,1000,3.44,0,0.0
ACC003150,CUST02231,Salary,Active,2023-08-31,BR004,203820.84,0,7.27,1,0.0
ACC003151,CUST02232,Savings,Active,2023-02-26,BR018,145645.67,1000,6.72,0,0.0
ACC003152,CUST02233,Savings,Closed,2020-04-10,BR007,328105.67,1000,2.84,1,0.0
ACC003153,CUST02234,Fixed Deposit,Active,2016-06-04,BR004,2662348.81,0,6.07,1,0.0
ACC003154,CUST02235,Fixed Deposit,Active,2023-01-05,BR048,5788081.72,0,2.54,0,0.0
ACC003155,CUST02236,Savings,Active,2023-12-03,BR037,244517.62,1000,7.32,0,0.0
ACC003156,CUST02237,Savings,Active,2023-11-01,BR028,294115.8,1000,4.07,0,0.0
ACC003157,CUST02237,Current,Active,2021-08-06,BR028,197500.27,10000,5.02,1,82.0
ACC003158,CUST02237,Fixed Deposit,Active,2022-01-24,BR028,8381408.41,0,2.61,1,0.0
ACC003159,CUST02238,Savings,Active,2021-08-20,BR030,402441.1,1000,3.93,1,0.0
ACC003160,CUST02239,Savings,Active,2017-01-21,BR001,21180.65,1000,3.92,1,0.0
ACC003161,CUST02240,Savings,Dormant,2019-10-08,BR010,354096.7,1000,5.09,0,0.0
ACC003162,CUST02241,Current,Active,2023-10-02,BR045,3220341.74,10000,3.92,1,4425.0
ACC003163,CUST02242,Fixed Deposit,Active,2023-06-14,BR050,2187373.03,0,5.6,1,0.0
ACC003164,CUST02243,Savings,Active,2022-05-07,BR003,417885.93,1000,2.55,1,0.0
ACC003165,CUST02243,Fixed Deposit,Active,2022-08-28,BR003,4950100.27,0,4.17,1,0.0
ACC003166,CUST02244,Salary,Active,2023-01-29,BR028,60433.68,0,7.03,1,0.0
ACC003167,CUST02244,Current,Active,2019-09-20,BR028,422280.97,10000,5.68,1,23232.0
ACC003168,CUST02245,Savings,Active,2022-07-31,BR024,349143.17,1000,4.73,1,0.0
ACC003169,CUST02246,Fixed Deposit,Active,2023-02-17,BR025,3461465.97,0,4.8,1,0.0
ACC003170,CUST02246,Savings,Active,2022-08-02,BR025,78837.13,1000,6.31,1,0.0
ACC003171,CUST02247,Savings,Active,2020-08-24,BR001,152735.58,1000,3.68,1,0.0
ACC003172,CUST02248,Fixed Deposit,Active,2019-10-28,BR050,8575559.4,0,6.98,1,0.0
ACC003173,CUST02248,Savings,Dormant,2020-12-10,BR050,463793.39,1000,3.74,1,0.0
ACC003174,CUST02249,Savings,Active,2019-02-10,BR004,449690.09,1000,4.08,1,0.0
ACC003175,CUST02250,Current,Active,2021-12-30,BR002,4072220.34,10000,7.16,1,13520.0
ACC003176,CUST02251,Savings,Active,2020-01-12,BR042,292371.95,1000,5.4,0,0.0
ACC003177,CUST02252,Savings,Active,2023-05-16,BR032,290369.8,1000,2.6,1,0.0
ACC003178,CUST02253,Fixed Deposit,Active,2022-01-18,BR028,5063059.23,0,4.46,1,0.0
ACC003179,CUST02253,Current,Active,2020-12-28,BR028,822167.71,10000,4.82,1,17583.0
ACC003180,CUST02254,Salary,Active,2023-11-03,BR024,231608.55,0,7.34,1,0.0
ACC003181,CUST02255,Savings,Active,2016-08-23,BR006,301898.37,1000,4.3,1,0.0
ACC003182,CUST02256,Savings,Active,2020-04-18,BR032,69671.09,1000,6.74,1,0.0
ACC003183,CUST02256,Salary,Active,2023-02-19,BR032,288469.53,0,3.45,0,0.0
ACC003184,CUST02257,Current,Active,2019-06-14,BR005,387816.34,10000,6.23,1,35022.0
ACC003185,CUST02257,Salary,Active,2019-07-04,BR005,264949.2,0,3.6,1,0.0
ACC003186,CUST02257,Savings,Active,2020-08-20,BR005,123446.7,1000,7.33,1,0.0
ACC003187,CUST02258,NRI,Active,2022-09-30,BR039,6824922.18,0,3.59,1,0.0
ACC003188,CUST02258,Current,Active,2022-09-19,BR039,4914067.84,10000,3.59,0,35854.0
ACC003189,CUST02259,NRI,Active,2022-10-07,BR038,10234651.48,0,6.52,0,0.0
ACC003190,CUST02260,Fixed Deposit,Dormant,2021-06-08,BR007,8571567.25,0,5.43,1,0.0
ACC003191,CUST02261,Fixed Deposit,Active,2021-08-27,BR032,4918848.58,0,5.7,1,0.0
ACC003192,CUST02261,Current,Dormant,2019-07-15,BR032,4997331.8,10000,7.1,1,33820.0
ACC003193,CUST02262,Savings,Active,2019-08-13,BR037,472267.51,1000,6.05,1,0.0
ACC003194,CUST02262,Salary,Active,2019-07-05,BR037,189098.19,0,2.62,1,0.0
ACC003195,CUST02263,Salary,Active,2023-04-22,BR039,112324.86,0,4.97,1,0.0
ACC003196,CUST02264,Current,Active,2022-02-02,BR024,2610746.2,10000,5.53,1,5220.0
ACC003197,CUST02265,Current,Active,2018-06-08,BR045,330025.49,10000,5.01,0,29634.0
ACC003198,CUST02266,Fixed Deposit,Active,2023-11-05,BR014,1901778.3,0,3.57,1,0.0
ACC003199,CUST02266,Current,Active,2022-08-27,BR014,3244221.15,10000,2.8,1,31950.0
ACC003200,CUST02267,Salary,Closed,2021-05-09,BR046,189371.45,0,4.59,1,0.0
ACC003201,CUST02267,Savings,Active,2020-10-03,BR046,382150.15,1000,6.88,0,0.0
ACC003202,CUST02267,Fixed Deposit,Dormant,2018-06-28,BR046,6066136.03,0,6.05,1,0.0
ACC003203,CUST02268,Salary,Active,2021-02-04,BR004,56068.44,0,2.66,0,0.0
ACC003204,CUST02268,Savings,Dormant,2021-02-01,BR004,63877.42,1000,4.33,0,0.0
ACC003205,CUST02269,Savings,Active,2019-11-29,BR019,403648.63,1000,4.0,1,0.0
ACC003206,CUST02270,Current,Active,2022-05-09,BR001,2054465.85,10000,6.5,0,43764.0
ACC003207,CUST02270,Savings,Active,2021-04-22,BR001,368830.29,1000,3.9,0,0.0
ACC003208,CUST02271,Fixed Deposit,Active,2023-03-17,BR027,757842.88,0,6.31,1,0.0
ACC003209,CUST02272,Salary,Active,2022-02-06,BR030,163521.05,0,6.75,1,0.0
ACC003210,CUST02272,Current,Active,2019-11-04,BR030,4611099.07,10000,3.45,1,11117.0
ACC003211,CUST02273,Savings,Dormant,2023-11-15,BR025,222175.73,1000,5.39,1,0.0
ACC003212,CUST02274,Savings,Active,2023-01-09,BR012,325993.12,1000,7.16,1,0.0
ACC003213,CUST02275,Fixed Deposit,Dormant,2020-02-02,BR037,2578824.54,0,3.05,1,0.0
ACC003214,CUST02276,Salary,Active,2022-11-16,BR044,178253.87,0,5.24,1,0.0
ACC003215,CUST02276,Savings,Dormant,2023-12-06,BR044,167186.27,1000,3.67,1,0.0
ACC003216,CUST02277,Savings,Active,2022-05-31,BR033,415496.59,1000,6.59,1,0.0
ACC003217,CUST02278,Savings,Active,2023-02-27,BR007,333552.22,1000,4.15,1,0.0
ACC003218,CUST02279,Savings,Active,2023-05-24,BR019,242249.91,1000,2.53,1,0.0
ACC003219,CUST02280,Savings,Active,2023-12-16,BR023,437238.59,1000,3.38,1,0.0
ACC003220,CUST02280,Fixed Deposit,Active,2023-12-30,BR023,8183158.5,0,3.86,0,0.0
ACC003221,CUST02280,Current,Active,2023-12-23,BR023,200812.0,10000,3.99,1,36628.0
ACC003222,CUST02281,Salary,Active,2023-05-12,BR016,61719.05,0,6.12,1,0.0
ACC003223,CUST02282,Current,Active,2018-08-04,BR017,3417631.3,10000,3.34,1,36347.0
ACC003224,CUST02282,Savings,Active,2020-09-19,BR017,93463.93,1000,7.42,1,0.0
ACC003225,CUST02283,Current,Active,2023-10-11,BR014,636524.25,10000,5.11,1,48309.0
ACC003226,CUST02283,Fixed Deposit,Dormant,2022-08-30,BR014,1700389.05,0,6.74,0,0.0
ACC003227,CUST02284,Savings,Active,2018-06-22,BR030,224193.71,1000,5.76,1,0.0
ACC003228,CUST02285,Savings,Active,2023-02-28,BR049,246583.47,1000,7.14,0,0.0
ACC003229,CUST02286,Fixed Deposit,Active,2023-09-11,BR005,7296358.6,0,3.41,1,0.0
ACC003230,CUST02287,Current,Dormant,2021-12-09,BR014,4894621.54,10000,2.67,1,31695.0
ACC003231,CUST02287,Savings,Dormant,2022-06-15,BR014,67297.37,1000,2.74,1,0.0
ACC003232,CUST02288,Current,Active,2022-05-28,BR021,2769567.1,10000,6.34,1,41782.0
ACC003233,CUST02288,Fixed Deposit,Active,2022-03-23,BR021,1014916.09,0,4.56,1,0.0
ACC003234,CUST02289,Savings,Active,2022-12-27,BR046,320322.72,1000,6.86,1,0.0
ACC003235,CUST02290,Fixed Deposit,Active,2019-09-12,BR020,6077269.79,0,5.97,1,0.0
ACC003236,CUST02290,Current,Dormant,2020-12-18,BR020,3551605.59,10000,3.97,1,16037.0
ACC003237,CUST02291,Current,Active,2023-06-24,BR033,2491646.79,10000,4.08,1,44413.0
ACC003238,CUST02291,Savings,Active,2019-12-30,BR033,252236.09,1000,5.79,1,0.0
ACC003239,CUST02292,Savings,Active,2020-10-29,BR043,406950.91,1000,5.06,1,0.0
ACC003240,CUST02292,Current,Active,2021-08-21,BR043,1305356.36,10000,5.05,1,39682.0
ACC003241,CUST02292,Fixed Deposit,Active,2021-10-13,BR043,6789748.44,0,5.37,1,0.0
ACC003242,CUST02293,Salary,Active,2018-10-24,BR037,283361.16,0,5.71,0,0.0
ACC003243,CUST02293,Savings,Dormant,2019-05-11,BR037,488635.97,1000,4.62,1,0.0
ACC003244,CUST02294,Salary,Active,2020-11-28,BR030,267919.2,0,6.52,1,0.0
ACC003245,CUST02294,Savings,Active,2017-12-10,BR030,131089.85,1000,3.32,1,0.0
ACC003246,CUST02295,Salary,Active,2022-02-27,BR020,129477.51,0,4.17,1,0.0
ACC003247,CUST02296,NRI,Active,2022-03-19,BR005,16933039.18,0,7.44,1,0.0
ACC003248,CUST02297,Current,Active,2022-12-25,BR008,2047348.09,10000,4.32,0,4188.0
ACC003249,CUST02298,Fixed Deposit,Dormant,2023-07-16,BR029,2339928.65,0,3.79,1,0.0
ACC003250,CUST02299,Current,Active,2022-04-28,BR042,2911432.48,10000,3.52,1,18581.0
ACC003251,CUST02300,Current,Active,2023-11-11,BR049,1438448.06,10000,7.13,0,37677.0
ACC003252,CUST02301,Salary,Dormant,2023-07-29,BR030,19069.31,0,2.92,1,0.0
ACC003253,CUST02302,Salary,Active,2020-03-03,BR004,129433.97,0,6.93,1,0.0
ACC003254,CUST02302,Fixed Deposit,Active,2020-04-01,BR004,9869607.31,0,7.08,1,0.0
ACC003255,CUST02303,Savings,Active,2021-03-17,BR010,487856.57,1000,3.77,0,0.0
ACC003256,CUST02304,NRI,Active,2022-11-02,BR012,15082926.79,0,7.26,1,0.0
ACC003257,CUST02304,Salary,Active,2022-12-29,BR012,207523.72,0,4.21,1,0.0
ACC003258,CUST02305,Current,Active,2023-02-25,BR030,114567.9,10000,2.89,1,40301.0
ACC003259,CUST02306,Current,Active,2023-12-02,BR005,4439364.67,10000,5.66,1,6069.0
ACC003260,CUST02306,Savings,Active,2023-10-17,BR005,145040.17,1000,4.06,1,0.0
ACC003261,CUST02307,Savings,Active,2022-10-01,BR033,41856.88,1000,3.33,1,0.0
ACC003262,CUST02308,Fixed Deposit,Active,2023-07-13,BR042,5678823.23,0,3.59,1,0.0
ACC003263,CUST02308,Current,Active,2015-11-04,BR042,3719013.54,10000,5.92,1,4366.0
ACC003264,CUST02309,Savings,Active,2021-06-19,BR036,156382.8,1000,7.14,1,0.0
ACC003265,CUST02310,Salary,Active,2020-03-21,BR005,164911.58,0,5.84,1,0.0
ACC003266,CUST02311,NRI,Active,2023-02-27,BR021,18031781.69,0,6.86,1,0.0
ACC003267,CUST02311,Savings,Active,2023-04-10,BR021,36576.42,1000,4.69,0,0.0
ACC003268,CUST02312,Salary,Active,2022-12-12,BR025,222509.27,0,5.94,1,0.0
ACC003269,CUST02313,Savings,Active,2022-11-19,BR011,23988.83,1000,3.85,1,0.0
ACC003270,CUST02313,Salary,Active,2019-01-26,BR011,256417.29,0,5.0,0,0.0
ACC003271,CUST02313,Fixed Deposit,Active,2021-04-22,BR011,4014121.15,0,2.89,1,0.0
ACC003272,CUST02314,NRI,Active,2023-04-01,BR047,13909857.73,0,7.45,1,0.0
ACC003273,CUST02315,Current,Dormant,2018-10-04,BR032,1757345.36,10000,3.52,1,35303.0
ACC003274,CUST02316,Savings,Active,2022-05-12,BR027,70479.27,1000,7.32,1,0.0
ACC003275,CUST02317,Savings,Active,2020-05-23,BR036,397878.0,1000,2.79,1,0.0
ACC003276,CUST02318,Fixed Deposit,Active,2018-04-04,BR025,8382314.98,0,4.99,1,0.0
ACC003277,CUST02319,Current,Active,2016-12-08,BR038,3694898.76,10000,4.65,1,13346.0
ACC003278,CUST02320,Savings,Active,2020-01-10,BR017,492001.09,1000,6.85,1,0.0
ACC003279,CUST02321,Savings,Active,2020-06-04,BR049,403259.5,1000,5.27,0,0.0
ACC003280,CUST02322,Salary,Active,2022-11-23,BR047,182986.79,0,3.19,1,0.0
ACC003281,CUST02323,Salary,Active,2023-10-21,BR004,66718.18,0,4.45,1,0.0
ACC003282,CUST02323,Current,Active,2023-09-12,BR004,1050639.7,10000,2.61,0,46273.0
ACC003283,CUST02324,Savings,Active,2020-10-18,BR024,316558.16,1000,6.89,0,0.0
ACC003284,CUST02324,Current,Active,2020-11-19,BR024,4338410.24,10000,6.2,0,26753.0
ACC003285,CUST02325,Current,Active,2023-11-11,BR020,1100774.56,10000,2.86,1,26908.0
ACC003286,CUST02326,Current,Active,2020-03-06,BR010,3916773.24,10000,2.7,0,16892.0
ACC003287,CUST02327,Savings,Active,2023-12-25,BR006,111320.55,1000,6.27,1,0.0
ACC003288,CUST02328,Current,Dormant,2022-11-06,BR027,575651.1,10000,3.21,1,7027.0
ACC003289,CUST02328,Savings,Active,2023-10-01,BR027,30000.73,1000,6.28,1,0.0
ACC003290,CUST02328,Salary,Closed,2021-06-24,BR027,226120.78,0,5.24,1,0.0
ACC003291,CUST02329,Current,Active,2022-01-31,BR037,2818443.89,10000,3.57,1,45772.0
ACC003292,CUST02330,Savings,Active,2022-05-29,BR037,386269.76,1000,5.34,0,0.0
ACC003293,CUST02331,Current,Active,2023-07-22,BR002,3544516.12,10000,2.53,1,6492.0
ACC003294,CUST02332,Current,Active,2023-06-08,BR010,782301.26,10000,3.67,1,37210.0
ACC003295,CUST02332,Savings,Active,2022-03-15,BR010,441286.49,1000,5.81,0,0.0
ACC003296,CUST02333,Salary,Active,2023-10-21,BR046,213241.22,0,2.89,0,0.0
ACC003297,CUST02334,Current,Active,2022-05-26,BR017,681138.3,10000,4.56,1,15607.0
ACC003298,CUST02334,Savings,Active,2023-09-07,BR017,74739.91,1000,3.62,1,0.0
ACC003299,CUST02334,Salary,Active,2020-03-10,BR017,215705.97,0,3.75,1,0.0
ACC003300,CUST02335,Savings,Active,2023-10-17,BR046,373844.24,1000,3.49,1,0.0
ACC003301,CUST02336,Salary,Active,2017-10-26,BR025,88737.58,0,2.88,1,0.0
ACC003302,CUST02337,Fixed Deposit,Active,2019-10-14,BR023,9066748.9,0,5.18,1,0.0
ACC003303,CUST02338,Savings,Active,2023-06-23,BR038,301584.97,1000,3.26,0,0.0
ACC003304,CUST02339,Savings,Active,2023-10-13,BR006,32683.17,1000,6.22,1,0.0
ACC003305,CUST02339,NRI,Active,2023-11-03,BR006,14305258.35,0,5.4,1,0.0
ACC003306,CUST02340,Savings,Active,2023-04-24,BR049,20344.41,1000,5.5,1,0.0
ACC003307,CUST02341,Savings,Active,2020-06-01,BR024,115607.22,1000,3.21,0,0.0
ACC003308,CUST02342,Fixed Deposit,Active,2023-10-26,BR022,3034986.33,0,5.09,0,0.0
ACC003309,CUST02342,Savings,Active,2023-01-05,BR022,134464.11,1000,7.23,1,0.0
ACC003310,CUST02343,Savings,Active,2018-10-29,BR048,170305.56,1000,3.19,1,0.0
ACC003311,CUST02343,Current,Active,2021-10-03,BR048,2510834.68,10000,4.88,1,7765.0
ACC003312,CUST02344,Current,Active,2018-04-04,BR034,417152.49,10000,4.37,0,29859.0
ACC003313,CUST02345,Savings,Active,2022-09-11,BR033,369734.64,1000,5.39,0,0.0
ACC003314,CUST02346,Savings,Active,2021-11-08,BR036,450236.32,1000,6.24,1,0.0
ACC003315,CUST02346,Fixed Deposit,Active,2021-02-24,BR036,3514561.92,0,5.93,1,0.0
ACC003316,CUST02347,Savings,Active,2019-01-14,BR023,212474.69,1000,3.91,1,0.0
ACC003317,CUST02348,Salary,Active,2021-08-23,BR046,237331.45,0,7.11,1,0.0
ACC003318,CUST02349,Current,Active,2022-10-27,BR032,3172379.28,10000,3.43,0,6267.0
ACC003319,CUST02350,Savings,Active,2023-03-25,BR040,184114.68,1000,5.64,1,0.0
ACC003320,CUST02350,Current,Active,2021-08-31,BR040,326185.13,10000,5.14,0,17204.0
ACC003321,CUST02351,Savings,Active,2016-01-16,BR004,194064.96,1000,4.89,1,0.0
ACC003322,CUST02352,Savings,Active,2019-09-01,BR010,160671.97,1000,6.47,1,0.0
ACC003323,CUST02352,Current,Dormant,2019-01-05,BR010,1556878.88,10000,7.21,0,13715.0
ACC003324,CUST02353,Savings,Active,2016-10-09,BR050,253487.48,1000,5.43,1,0.0
ACC003325,CUST02354,Current,Active,2022-06-29,BR036,4572695.86,10000,2.75,1,10534.0
ACC003326,CUST02354,Savings,Active,2023-07-29,BR036,414559.25,1000,6.61,1,0.0
ACC003327,CUST02354,Salary,Active,2022-12-09,BR036,52513.84,0,5.11,1,0.0
ACC003328,CUST02355,Savings,Active,2018-07-15,BR023,161478.54,1000,6.81,1,0.0
ACC003329,CUST02356,Savings,Active,2023-09-16,BR048,238826.29,1000,3.69,1,0.0
ACC003330,CUST02357,Savings,Active,2017-10-20,BR040,218883.82,1000,5.85,1,0.0
ACC003331,CUST02358,Savings,Dormant,2016-11-27,BR033,447046.18,1000,6.87,1,0.0
ACC003332,CUST02358,Current,Active,2019-10-19,BR033,4265959.47,10000,4.4,1,17085.0
ACC003333,CUST02359,Fixed Deposit,Active,2021-09-26,BR002,5869756.69,0,6.26,1,0.0
ACC003334,CUST02360,Fixed Deposit,Active,2023-03-14,BR026,6659977.79,0,3.93,1,0.0
ACC003335,CUST02361,Savings,Active,2018-08-30,BR043,29170.95,1000,3.58,0,0.0
ACC003336,CUST02362,Fixed Deposit,Active,2023-10-12,BR020,3422198.04,0,5.0,1,0.0
ACC003337,CUST02362,Savings,Active,2020-10-13,BR020,118864.74,1000,6.87,1,0.0
ACC003338,CUST02363,NRI,Active,2023-08-30,BR034,13305110.5,0,5.48,1,0.0
ACC003339,CUST02364,NRI,Active,2021-08-14,BR002,15495122.14,0,3.48,1,0.0
ACC003340,CUST02365,NRI,Active,2023-04-16,BR031,17447694.35,0,4.41,0,0.0
ACC003341,CUST02366,Savings,Active,2021-08-09,BR032,171167.42,1000,6.78,0,0.0
ACC003342,CUST02367,Current,Active,2023-07-14,BR008,958064.35,10000,6.28,0,33709.0
ACC003343,CUST02368,Salary,Active,2023-02-15,BR045,180245.47,0,6.79,0,0.0
ACC003344,CUST02369,Savings,Active,2021-09-08,BR020,273528.28,1000,6.89,1,0.0
ACC003345,CUST02369,Current,Active,2021-11-05,BR020,3150830.29,10000,6.15,1,22671.0
ACC003346,CUST02370,Fixed Deposit,Active,2022-01-07,BR023,231344.23,0,4.72,1,0.0
ACC003347,CUST02370,Current,Active,2022-08-23,BR023,3159848.21,10000,2.66,1,36629.0
ACC003348,CUST02371,Fixed Deposit,Active,2023-03-22,BR026,8061179.16,0,5.53,1,0.0
ACC003349,CUST02371,Savings,Active,2020-04-11,BR026,184672.61,1000,6.31,0,0.0
ACC003350,CUST02372,Fixed Deposit,Active,2022-01-02,BR029,2060316.56,0,4.14,0,0.0
ACC003351,CUST02372,Salary,Active,2023-12-05,BR029,115810.96,0,7.18,1,0.0
ACC003352,CUST02373,Fixed Deposit,Active,2019-07-30,BR043,377416.97,0,3.49,0,0.0
ACC003353,CUST02373,Savings,Active,2023-10-07,BR043,42732.14,1000,2.69,1,0.0
ACC003354,CUST02373,Current,Active,2023-03-14,BR043,4766118.02,10000,7.38,1,24551.0
ACC003355,CUST02374,Current,Dormant,2022-12-15,BR032,4350110.8,10000,4.23,1,46857.0
ACC003356,CUST02374,Savings,Active,2022-07-11,BR032,402483.09,1000,3.05,1,0.0
ACC003357,CUST02374,Salary,Active,2023-02-09,BR032,26431.09,0,7.2,1,0.0
ACC003358,CUST02375,Current,Active,2021-03-13,BR023,2961404.57,10000,5.71,1,39333.0
ACC003359,CUST02375,Fixed Deposit,Active,2022-11-28,BR023,2027372.88,0,6.6,1,0.0
ACC003360,CUST02376,Savings,Active,2021-02-23,BR037,370660.66,1000,6.45,0,0.0
ACC003361,CUST02377,Savings,Active,2023-10-16,BR038,116288.73,1000,3.75,1,0.0
ACC003362,CUST02377,Current,Active,2023-06-04,BR038,2816126.19,10000,3.21,1,23522.0
ACC003363,CUST02378,Savings,Active,2022-12-24,BR044,453356.97,1000,7.37,1,0.0
ACC003364,CUST02379,Current,Active,2020-03-25,BR014,4901771.44,10000,3.03,1,371.0
ACC003365,CUST02380,Savings,Active,2023-04-05,BR032,150532.85,1000,4.37,1,0.0
ACC003366,CUST02381,Savings,Dormant,2016-05-29,BR045,426085.92,1000,3.76,1,0.0
ACC003367,CUST02382,Savings,Active,2016-06-08,BR024,167458.78,1000,3.8,0,0.0
ACC003368,CUST02382,Fixed Deposit,Active,2021-02-25,BR024,8930235.56,0,5.07,0,0.0
ACC003369,CUST02383,Current,Dormant,2020-09-11,BR038,2796006.92,10000,2.9,0,32647.0
ACC003370,CUST02384,Savings,Active,2022-03-19,BR009,268154.93,1000,4.95,0,0.0
ACC003371,CUST02385,Fixed Deposit,Active,2018-07-14,BR038,3110352.03,0,4.22,1,0.0
ACC003372,CUST02385,Savings,Active,2021-11-30,BR038,408593.95,1000,7.06,1,0.0
ACC003373,CUST02386,Current,Dormant,2020-02-28,BR041,272339.07,10000,3.33,1,38216.0
ACC003374,CUST02386,Fixed Deposit,Active,2022-09-30,BR041,652442.54,0,3.7,0,0.0
ACC003375,CUST02387,Salary,Active,2020-12-12,BR050,52193.71,0,5.25,1,0.0
ACC003376,CUST02388,Current,Active,2017-02-18,BR004,835832.29,10000,3.74,1,4971.0
ACC003377,CUST02389,Savings,Active,2020-12-04,BR035,365154.69,1000,6.23,0,0.0
ACC003378,CUST02390,Salary,Active,2021-02-04,BR013,214565.16,0,4.94,0,0.0
ACC003379,CUST02391,Current,Active,2023-08-06,BR031,2870323.31,10000,4.99,1,43374.0
ACC003380,CUST02392,Salary,Active,2021-08-17,BR035,217986.66,0,3.22,0,0.0
ACC003381,CUST02392,Savings,Closed,2021-08-26,BR035,361411.76,1000,2.97,1,0.0
ACC003382,CUST02393,Savings,Active,2023-12-22,BR032,124376.07,1000,6.81,1,0.0
ACC003383,CUST02394,Fixed Deposit,Active,2022-12-28,BR015,3937845.44,0,5.25,0,0.0
ACC003384,CUST02395,Fixed Deposit,Active,2021-12-06,BR006,4660347.31,0,3.05,1,0.0
ACC003385,CUST02396,Fixed Deposit,Active,2023-09-15,BR047,1393408.19,0,5.73,0,0.0
ACC003386,CUST02396,Savings,Active,2022-07-20,BR047,207626.38,1000,5.67,1,0.0
ACC003387,CUST02397,Savings,Active,2016-09-12,BR008,256737.24,1000,3.4,0,0.0
ACC003388,CUST02398,Salary,Active,2018-06-24,BR012,115075.88,0,6.95,1,0.0
ACC003389,CUST02399,NRI,Active,2015-09-23,BR001,9808051.88,0,7.42,1,0.0
ACC003390,CUST02400,Savings,Active,2023-09-20,BR015,423576.19,1000,6.28,1,0.0
ACC003391,CUST02400,Current,Active,2023-08-14,BR015,1467151.56,10000,5.0,1,2900.0
ACC003392,CUST02401,Current,Active,2019-06-29,BR021,1294037.0,10000,6.93,0,19627.0
ACC003393,CUST02401,Savings,Active,2019-11-17,BR021,25798.69,1000,5.94,0,0.0
ACC003394,CUST02401,Fixed Deposit,Active,2023-05-17,BR021,2678804.16,0,3.5,1,0.0
ACC003395,CUST02402,Fixed Deposit,Active,2018-05-28,BR020,4030484.37,0,3.99,1,0.0
ACC003396,CUST02403,Current,Active,2023-04-24,BR037,3904752.94,10000,6.32,1,10177.0
ACC003397,CUST02403,Fixed Deposit,Active,2023-07-20,BR037,2832319.4,0,5.5,1,0.0
ACC003398,CUST02404,Salary,Active,2023-11-07,BR027,104109.59,0,6.5,1,0.0
ACC003399,CUST02405,Salary,Active,2022-03-25,BR035,44392.23,0,6.73,0,0.0
ACC003400,CUST02406,Fixed Deposit,Active,2023-08-13,BR030,1622003.03,0,4.89,1,0.0
ACC003401,CUST02407,Current,Active,2022-06-22,BR046,1943261.61,10000,6.46,1,36820.0
ACC003402,CUST02408,Salary,Active,2022-07-29,BR027,296457.89,0,6.56,1,0.0
ACC003403,CUST02409,Salary,Active,2020-04-06,BR035,231571.38,0,6.96,0,0.0
ACC003404,CUST02410,Salary,Active,2022-10-07,BR025,236500.01,0,3.01,1,0.0
ACC003405,CUST02411,Savings,Active,2023-12-01,BR046,137340.41,1000,5.79,1,0.0
ACC003406,CUST02412,Savings,Dormant,2022-10-15,BR024,295164.33,1000,3.36,1,0.0
ACC003407,CUST02413,Fixed Deposit,Active,2016-09-18,BR019,4765193.67,0,3.52,1,0.0
ACC003408,CUST02414,Savings,Active,2019-09-02,BR048,38052.45,1000,4.77,0,0.0
ACC003409,CUST02414,Current,Active,2021-05-12,BR048,718442.51,10000,6.8,1,21889.0
ACC003410,CUST02415,Salary,Active,2022-08-07,BR031,109213.24,0,6.56,1,0.0
ACC003411,CUST02416,Savings,Active,2021-08-17,BR010,262137.22,1000,2.51,1,0.0
ACC003412,CUST02417,Salary,Active,2021-10-25,BR023,228498.51,0,5.46,1,0.0
ACC003413,CUST02418,Savings,Active,2019-12-16,BR013,194594.31,1000,3.27,1,0.0
ACC003414,CUST02418,NRI,Active,2019-06-17,BR013,10938033.69,0,6.9,1,0.0
ACC003415,CUST02419,Fixed Deposit,Dormant,2022-05-31,BR026,6491654.96,0,6.16,1,0.0
ACC003416,CUST02420,Savings,Active,2022-02-02,BR013,193456.0,1000,3.14,1,0.0
ACC003417,CUST02420,Current,Active,2023-11-09,BR013,4012139.41,10000,2.56,1,27945.0
ACC003418,CUST02421,Savings,Active,2022-11-21,BR003,116486.05,1000,2.75,1,0.0
ACC003419,CUST02422,Savings,Active,2022-08-09,BR001,323189.55,1000,7.43,1,0.0
ACC003420,CUST02423,NRI,Dormant,2023-03-31,BR024,17064808.05,0,5.78,1,0.0
ACC003421,CUST02424,Savings,Active,2023-08-18,BR047,87913.7,1000,2.84,1,0.0
ACC003422,CUST02425,Savings,Dormant,2022-09-09,BR036,2829.02,1000,5.3,1,0.0
ACC003423,CUST02426,Savings,Active,2020-03-27,BR013,147797.34,1000,2.92,1,0.0
ACC003424,CUST02426,Current,Active,2021-09-13,BR013,3497597.58,10000,4.66,1,9158.0
ACC003425,CUST02427,NRI,Active,2019-06-08,BR026,6044268.12,0,6.56,1,0.0
ACC003426,CUST02428,Savings,Active,2023-08-16,BR045,365298.71,1000,5.61,1,0.0
ACC003427,CUST02428,Current,Active,2022-06-10,BR045,4451598.07,10000,4.53,1,27891.0
ACC003428,CUST02429,NRI,Active,2022-06-30,BR006,3432895.5,0,4.08,1,0.0
ACC003429,CUST02430,Savings,Active,2023-01-15,BR004,340427.99,1000,2.63,0,0.0
ACC003430,CUST02431,Current,Active,2019-04-27,BR029,3766057.27,10000,3.84,0,34392.0
ACC003431,CUST02432,Current,Active,2023-10-31,BR013,2301965.6,10000,3.76,1,25051.0
ACC003432,CUST02432,Fixed Deposit,Active,2023-06-23,BR013,7031509.1,0,2.72,1,0.0
ACC003433,CUST02433,Salary,Active,2017-12-31,BR004,13476.97,0,4.74,1,0.0
ACC003434,CUST02433,Savings,Active,2023-04-19,BR004,24194.36,1000,2.57,1,0.0
ACC003435,CUST02434,Salary,Active,2018-05-16,BR040,233026.81,0,3.33,1,0.0
ACC003436,CUST02435,Savings,Active,2022-05-07,BR002,156087.08,1000,3.8,1,0.0
ACC003437,CUST02436,Savings,Dormant,2016-11-28,BR046,74786.72,1000,2.62,1,0.0
ACC003438,CUST02436,NRI,Active,2015-07-06,BR046,11582746.01,0,6.92,1,0.0
ACC003439,CUST02437,Savings,Active,2021-03-02,BR007,165341.97,1000,4.72,1,0.0
ACC003440,CUST02438,Current,Active,2023-04-15,BR011,2114855.23,10000,7.2,1,29972.0
ACC003441,CUST02439,Savings,Active,2023-09-25,BR030,463918.94,1000,4.35,0,0.0
ACC003442,CUST02439,Current,Active,2022-05-16,BR030,3561125.42,10000,5.96,0,20267.0
ACC003443,CUST02440,Fixed Deposit,Active,2023-09-25,BR042,5029005.79,0,5.14,1,0.0
ACC003444,CUST02441,Current,Active,2023-04-22,BR020,4068389.26,10000,5.49,1,27358.0
ACC003445,CUST02442,Savings,Active,2023-08-01,BR031,421800.44,1000,3.79,1,0.0
ACC003446,CUST02443,Salary,Active,2019-02-14,BR004,199575.12,0,5.2,1,0.0
ACC003447,CUST02444,Savings,Active,2020-08-24,BR047,449792.55,1000,4.07,0,0.0
ACC003448,CUST02444,Current,Active,2016-12-21,BR047,719772.51,10000,6.48,1,39387.0
ACC003449,CUST02445,NRI,Active,2021-09-29,BR025,14887618.06,0,6.09,1,0.0
ACC003450,CUST02446,Savings,Closed,2022-03-17,BR039,380566.37,1000,7.45,1,0.0
ACC003451,CUST02446,Fixed Deposit,Active,2016-06-15,BR039,2337369.33,0,4.81,0,0.0
ACC003452,CUST02447,Savings,Active,2020-06-28,BR012,2601.4,1000,7.02,1,0.0
ACC003453,CUST02448,Savings,Active,2022-05-06,BR041,364686.92,1000,5.55,1,0.0
ACC003454,CUST02448,Current,Active,2018-11-09,BR041,4114017.2,10000,7.22,0,46589.0
ACC003455,CUST02448,Salary,Active,2023-06-25,BR041,293748.51,0,4.38,1,0.0
ACC003456,CUST02449,Fixed Deposit,Active,2021-08-07,BR037,5640025.27,0,5.58,1,0.0
ACC003457,CUST02449,Savings,Active,2020-11-21,BR037,32738.22,1000,5.72,1,0.0
ACC003458,CUST02450,Fixed Deposit,Active,2019-09-26,BR023,1731243.58,0,6.04,1,0.0
ACC003459,CUST02451,Savings,Active,2023-01-12,BR021,464677.01,1000,3.39,1,0.0
ACC003460,CUST02452,Current,Active,2023-12-04,BR042,4777969.69,10000,4.87,1,19925.0
ACC003461,CUST02453,Savings,Active,2023-08-16,BR012,164427.83,1000,6.04,1,0.0
ACC003462,CUST02454,Savings,Active,2021-03-27,BR037,62768.42,1000,4.95,1,0.0
ACC003463,CUST02455,Fixed Deposit,Active,2023-11-12,BR012,8109605.39,0,3.64,0,0.0
ACC003464,CUST02456,Salary,Active,2023-03-13,BR007,274250.84,0,7.17,0,0.0
ACC003465,CUST02457,Fixed Deposit,Active,2023-09-05,BR028,9472441.48,0,3.16,1,0.0
ACC003466,CUST02457,Savings,Active,2023-09-20,BR028,76677.27,1000,3.62,0,0.0
ACC003467,CUST02458,Salary,Active,2022-12-09,BR016,211536.66,0,7.49,1,0.0
ACC003468,CUST02459,Savings,Active,2023-08-23,BR024,97734.36,1000,5.02,1,0.0
ACC003469,CUST02460,Savings,Active,2022-07-11,BR010,185206.86,1000,4.71,1,0.0
ACC003470,CUST02461,Salary,Active,2018-06-10,BR009,165117.43,0,6.1,1,0.0
ACC003471,CUST02462,Savings,Active,2020-12-05,BR002,236950.22,1000,7.35,1,0.0
ACC003472,CUST02462,Salary,Active,2022-02-24,BR002,245478.09,0,4.31,1,0.0
ACC003473,CUST02463,Savings,Dormant,2023-07-02,BR045,496115.45,1000,5.53,0,0.0
ACC003474,CUST02463,NRI,Active,2023-08-11,BR045,17668597.86,0,5.98,1,0.0
ACC003475,CUST02464,Savings,Active,2022-07-23,BR018,167759.1,1000,4.86,1,0.0
ACC003476,CUST02465,Savings,Active,2016-10-15,BR046,106265.0,1000,7.49,0,0.0
ACC003477,CUST02466,Current,Active,2023-08-07,BR043,4211327.65,10000,3.85,0,27548.0
ACC003478,CUST02467,Current,Active,2019-01-06,BR033,2260319.03,10000,5.94,1,48250.0
ACC003479,CUST02467,Savings,Active,2021-02-14,BR033,162444.47,1000,5.09,1,0.0
ACC003480,CUST02468,Fixed Deposit,Active,2022-01-17,BR039,7747413.8,0,4.43,1,0.0
ACC003481,CUST02469,Salary,Active,2023-11-25,BR016,156937.6,0,5.53,1,0.0
ACC003482,CUST02470,Fixed Deposit,Active,2022-10-16,BR039,7685942.61,0,4.48,1,0.0
ACC003483,CUST02471,Salary,Active,2017-12-17,BR001,173470.14,0,4.04,1,0.0
ACC003484,CUST02472,Savings,Active,2023-05-07,BR010,263661.55,1000,3.44,1,0.0
ACC003485,CUST02473,Current,Dormant,2023-11-26,BR004,264891.24,10000,5.01,1,11491.0
ACC003486,CUST02473,Savings,Dormant,2023-11-29,BR004,104185.25,1000,6.49,1,0.0
ACC003487,CUST02474,Savings,Active,2020-07-18,BR039,289557.06,1000,5.2,1,0.0
ACC003488,CUST02475,Fixed Deposit,Active,2023-11-02,BR029,5899994.3,0,3.62,1,0.0
ACC003489,CUST02475,Salary,Active,2023-07-05,BR029,212311.34,0,5.3,0,0.0
ACC003490,CUST02476,Salary,Active,2022-05-22,BR026,10126.39,0,4.61,1,0.0
ACC003491,CUST02476,Savings,Active,2017-05-06,BR026,65215.65,1000,2.94,0,0.0
ACC003492,CUST02477,Savings,Dormant,2020-12-12,BR009,155709.09,1000,6.26,1,0.0
ACC003493,CUST02477,Fixed Deposit,Active,2022-02-08,BR009,6996464.94,0,5.96,1,0.0
ACC003494,CUST02478,Fixed Deposit,Dormant,2021-12-11,BR025,1067779.04,0,4.92,1,0.0
ACC003495,CUST02479,Savings,Active,2023-12-07,BR017,310297.16,1000,7.2,1,0.0
ACC003496,CUST02479,Salary,Active,2023-04-16,BR017,121158.64,0,6.83,1,0.0
ACC003497,CUST02480,Savings,Active,2020-01-25,BR048,470446.05,1000,2.55,1,0.0
ACC003498,CUST02481,Savings,Dormant,2021-09-09,BR025,278322.91,1000,7.31,0,0.0
ACC003499,CUST02482,Savings,Active,2021-06-26,BR021,100792.36,1000,4.19,0,0.0
ACC003500,CUST02482,Current,Active,2023-12-13,BR021,89033.7,10000,7.06,1,21738.0
ACC003501,CUST02483,Savings,Active,2021-04-29,BR021,173272.51,1000,6.98,0,0.0
ACC003502,CUST02483,Fixed Deposit,Active,2023-04-20,BR021,2052385.28,0,6.32,1,0.0
ACC003503,CUST02484,Current,Active,2022-01-28,BR010,2038166.8,10000,3.45,0,44931.0
ACC003504,CUST02485,Savings,Closed,2021-03-15,BR024,236593.58,1000,2.67,0,0.0
ACC003505,CUST02485,Salary,Closed,2021-02-12,BR024,143536.96,0,6.42,1,0.0
ACC003506,CUST02486,Fixed Deposit,Active,2023-12-14,BR034,1337519.27,0,4.81,0,0.0
ACC003507,CUST02487,NRI,Active,2023-05-01,BR014,7823523.16,0,6.36,1,0.0
ACC003508,CUST02488,Savings,Active,2021-02-03,BR006,387144.41,1000,5.62,0,0.0
ACC003509,CUST02489,Current,Active,2022-12-25,BR017,4872688.93,10000,5.89,1,47458.0
ACC003510,CUST02490,Savings,Active,2022-11-23,BR015,441899.11,1000,3.32,1,0.0
ACC003511,CUST02491,Savings,Dormant,2020-04-23,BR039,474141.41,1000,2.86,1,0.0
ACC003512,CUST02492,Savings,Active,2017-04-19,BR048,179431.66,1000,7.06,0,0.0
ACC003513,CUST02493,Savings,Active,2021-09-17,BR047,360982.71,1000,4.29,1,0.0
ACC003514,CUST02494,Fixed Deposit,Active,2022-02-19,BR034,7380547.11,0,3.88,1,0.0
ACC003515,CUST02495,Salary,Active,2016-04-03,BR038,51062.33,0,7.15,1,0.0
ACC003516,CUST02495,Fixed Deposit,Active,2017-02-03,BR038,879532.36,0,4.88,1,0.0
ACC003517,CUST02496,Savings,Active,2023-02-12,BR030,133907.6,1000,5.96,1,0.0
ACC003518,CUST02496,Salary,Active,2023-09-14,BR030,25748.41,0,3.78,1,0.0
ACC003519,CUST02497,Salary,Active,2021-04-28,BR018,52259.76,0,4.47,1,0.0
ACC003520,CUST02498,NRI,Active,2023-12-16,BR002,15530086.28,0,6.7,1,0.0
ACC003521,CUST02498,Current,Active,2023-12-20,BR002,1056755.15,10000,4.38,0,30163.0
ACC003522,CUST02499,Current,Active,2022-02-27,BR019,4555863.03,10000,6.36,1,12846.0
ACC003523,CUST02500,Savings,Active,2021-08-28,BR015,36989.53,1000,5.84,1,0.0
ACC003524,CUST02501,NRI,Active,2022-02-24,BR035,2759167.28,0,3.22,0,0.0
ACC003525,CUST02501,Savings,Active,2023-09-13,BR035,357288.29,1000,6.7,1,0.0
ACC003526,CUST02502,Current,Active,2021-04-30,BR029,3297020.58,10000,5.03,1,34651.0
ACC003527,CUST02503,Salary,Active,2020-03-24,BR034,57364.88,0,4.51,1,0.0
ACC003528,CUST02504,Fixed Deposit,Active,2023-07-12,BR049,4282626.43,0,3.44,1,0.0
ACC003529,CUST02505,Savings,Active,2018-07-09,BR029,260796.85,1000,6.75,1,0.0
ACC003530,CUST02506,Fixed Deposit,Active,2021-06-22,BR002,9164350.75,0,5.64,0,0.0
ACC003531,CUST02507,Current,Active,2022-10-25,BR043,4463927.42,10000,3.41,1,5542.0
ACC003532,CUST02507,Fixed Deposit,Active,2022-12-29,BR043,312037.91,0,4.61,0,0.0
ACC003533,CUST02508,Current,Active,2016-12-13,BR014,2107445.49,10000,7.49,0,44247.0
ACC003534,CUST02509,Savings,Closed,2023-07-12,BR023,63626.82,1000,4.5,0,0.0
ACC003535,CUST02510,Savings,Active,2023-12-05,BR049,270486.99,1000,4.44,1,0.0
ACC003536,CUST02510,Current,Active,2023-09-27,BR049,4314756.27,10000,7.16,1,49091.0
ACC003537,CUST02511,Current,Active,2023-12-16,BR034,4063581.78,10000,5.26,0,46411.0
ACC003538,CUST02512,Fixed Deposit,Active,2018-10-28,BR045,3428445.79,0,3.89,1,0.0
ACC003539,CUST02513,Salary,Active,2019-01-30,BR024,221139.05,0,6.32,1,0.0
ACC003540,CUST02514,Savings,Active,2020-11-18,BR026,284815.1,1000,3.56,1,0.0
ACC003541,CUST02515,Savings,Active,2022-10-23,BR029,313376.54,1000,3.28,1,0.0
ACC003542,CUST02515,Salary,Active,2021-04-15,BR029,37666.37,0,6.24,1,0.0
ACC003543,CUST02516,Savings,Active,2022-06-30,BR031,262806.46,1000,3.79,1,0.0
ACC003544,CUST02516,Salary,Active,2023-03-18,BR031,267134.11,0,5.45,0,0.0
ACC003545,CUST02517,Current,Dormant,2016-11-06,BR022,4773833.47,10000,7.11,0,33788.0
ACC003546,CUST02517,Savings,Active,2017-07-06,BR022,483148.16,1000,6.2,1,0.0
ACC003547,CUST02518,Savings,Active,2019-05-30,BR006,194921.85,1000,6.37,1,0.0
ACC003548,CUST02519,Current,Active,2019-10-26,BR006,1151257.3,10000,5.71,1,47142.0
ACC003549,CUST02520,Salary,Active,2023-08-12,BR043,105644.95,0,6.16,0,0.0
ACC003550,CUST02521,Savings,Active,2022-02-22,BR008,200075.48,1000,6.97,0,0.0
ACC003551,CUST02522,Savings,Active,2023-01-12,BR009,29710.4,1000,4.97,1,0.0
ACC003552,CUST02523,Salary,Active,2019-06-12,BR008,143947.43,0,5.88,1,0.0
ACC003553,CUST02524,Fixed Deposit,Active,2018-07-17,BR028,7502543.73,0,2.59,1,0.0
ACC003554,CUST02524,Current,Active,2016-05-13,BR028,755669.69,10000,6.15,1,47242.0
ACC003555,CUST02525,Savings,Dormant,2019-01-03,BR043,412068.64,1000,4.64,0,0.0
ACC003556,CUST02525,Salary,Active,2021-06-02,BR043,252770.21,0,6.53,1,0.0
ACC003557,CUST02526,Savings,Active,2022-10-02,BR007,157840.16,1000,5.96,1,0.0
ACC003558,CUST02527,Current,Active,2023-12-31,BR040,1486230.75,10000,3.63,1,33392.0
ACC003559,CUST02528,Savings,Dormant,2021-05-14,BR028,187556.89,1000,4.27,1,0.0
ACC003560,CUST02528,Fixed Deposit,Active,2022-08-26,BR028,2010203.16,0,4.21,1,0.0
ACC003561,CUST02529,Fixed Deposit,Active,2022-11-28,BR031,6449649.44,0,4.22,1,0.0
ACC003562,CUST02530,Savings,Active,2022-08-08,BR050,313930.14,1000,6.42,0,0.0
ACC003563,CUST02531,Current,Active,2022-02-18,BR016,1977516.31,10000,5.6,0,24968.0
ACC003564,CUST02532,Fixed Deposit,Active,2023-10-23,BR012,3963017.64,0,5.97,1,0.0
ACC003565,CUST02532,Salary,Active,2023-08-23,BR012,295602.36,0,5.17,0,0.0
ACC003566,CUST02532,Current,Active,2023-11-04,BR012,1788431.86,10000,2.69,1,49275.0
ACC003567,CUST02533,Current,Active,2019-11-25,BR032,3863360.28,10000,3.07,0,15803.0
ACC003568,CUST02534,Fixed Deposit,Active,2023-05-11,BR031,8219348.73,0,2.75,1,0.0
ACC003569,CUST02534,Current,Active,2023-07-28,BR031,4069061.55,10000,4.67,1,48070.0
ACC003570,CUST02534,NRI,Active,2023-02-07,BR031,15459804.68,0,7.45,1,0.0
ACC003571,CUST02535,Savings,Active,2020-09-15,BR028,405009.67,1000,7.11,0,0.0
ACC003572,CUST02535,Current,Active,2022-05-12,BR028,2071110.44,10000,4.02,1,25006.0
ACC003573,CUST02536,Savings,Active,2018-03-21,BR016,23297.0,1000,5.94,1,0.0
ACC003574,CUST02537,Savings,Active,2023-12-03,BR008,482573.38,1000,5.69,1,0.0
ACC003575,CUST02538,NRI,Active,2017-11-22,BR035,3237847.76,0,5.22,0,0.0
ACC003576,CUST02539,Salary,Active,2023-08-11,BR044,207296.89,0,6.89,1,0.0
ACC003577,CUST02539,Savings,Active,2023-11-09,BR044,343231.38,1000,2.51,1,0.0
ACC003578,CUST02540,Savings,Dormant,2018-02-25,BR047,274776.23,1000,2.75,1,0.0
ACC003579,CUST02540,Salary,Active,2023-12-30,BR047,265801.34,0,6.5,1,0.0
ACC003580,CUST02541,Fixed Deposit,Active,2018-12-25,BR046,233432.18,0,6.47,1,0.0
ACC003581,CUST02542,Current,Active,2022-09-25,BR003,1535897.81,10000,3.86,1,4149.0
ACC003582,CUST02543,Savings,Active,2023-01-01,BR030,472718.52,1000,4.39,1,0.0
ACC003583,CUST02543,Salary,Active,2022-10-06,BR030,24964.57,0,3.9,1,0.0
ACC003584,CUST02544,NRI,Dormant,2023-08-13,BR046,15845075.51,0,6.52,0,0.0
ACC003585,CUST02545,Salary,Active,2021-12-01,BR017,46789.32,0,4.67,1,0.0
ACC003586,CUST02546,Savings,Active,2022-08-15,BR019,172139.63,1000,6.91,0,0.0
ACC003587,CUST02547,Current,Active,2023-05-21,BR034,3717814.4,10000,2.98,1,17898.0
ACC003588,CUST02548,Savings,Active,2020-03-24,BR046,211539.2,1000,3.32,0,0.0
ACC003589,CUST02548,Current,Active,2018-08-24,BR046,2720434.07,10000,5.92,1,11881.0
ACC003590,CUST02549,Salary,Dormant,2020-08-15,BR009,262685.93,0,6.65,1,0.0
ACC003591,CUST02550,Current,Active,2021-06-16,BR018,2653037.78,10000,3.83,1,33607.0
ACC003592,CUST02551,Savings,Active,2023-08-18,BR050,222516.6,1000,6.2,1,0.0
ACC003593,CUST02551,Fixed Deposit,Active,2019-06-22,BR050,3141976.09,0,3.06,0,0.0
ACC003594,CUST02552,Savings,Closed,2023-05-24,BR035,45579.91,1000,4.49,1,0.0
ACC003595,CUST02552,Current,Active,2023-01-28,BR035,2922642.37,10000,4.37,1,33785.0
ACC003596,CUST02553,Current,Active,2020-04-09,BR033,419722.41,10000,3.17,1,16984.0
ACC003597,CUST02553,Fixed Deposit,Active,2023-01-04,BR033,95699.09,0,3.25,1,0.0
ACC003598,CUST02554,Fixed Deposit,Active,2021-12-31,BR039,6604891.04,0,5.6,0,0.0
ACC003599,CUST02554,Current,Active,2023-06-24,BR039,318457.66,10000,4.21,1,19733.0
ACC003600,CUST02555,Fixed Deposit,Active,2021-08-12,BR037,8605932.26,0,3.72,1,0.0
ACC003601,CUST02555,Salary,Active,2016-10-12,BR037,30821.98,0,5.43,0,0.0
ACC003602,CUST02556,Savings,Active,2022-09-08,BR049,382725.48,1000,4.47,0,0.0
ACC003603,CUST02557,Savings,Active,2017-12-31,BR023,54628.67,1000,7.12,1,0.0
ACC003604,CUST02558,NRI,Active,2023-08-05,BR013,6313675.45,0,7.2,1,0.0
ACC003605,CUST02558,Salary,Active,2023-11-13,BR013,297132.84,0,3.43,1,0.0
ACC003606,CUST02559,Salary,Active,2021-03-05,BR043,80166.5,0,2.64,1,0.0
ACC003607,CUST02560,Fixed Deposit,Active,2023-03-30,BR047,8528080.33,0,3.38,1,0.0
ACC003608,CUST02561,Current,Active,2022-01-09,BR045,3507852.04,10000,5.2,1,9406.0
ACC003609,CUST02562,Savings,Active,2023-11-22,BR033,344637.16,1000,3.6,0,0.0
ACC003610,CUST02562,Fixed Deposit,Active,2023-12-20,BR033,1746086.52,0,6.18,0,0.0
ACC003611,CUST02562,Current,Active,2023-10-21,BR033,286716.15,10000,5.26,1,47767.0
ACC003612,CUST02563,Savings,Active,2023-07-23,BR026,459315.7,1000,3.62,1,0.0
ACC003613,CUST02563,Current,Active,2018-06-26,BR026,756280.4,10000,7.03,0,34548.0
ACC003614,CUST02563,Salary,Active,2016-02-25,BR026,225305.98,0,5.34,1,0.0
ACC003615,CUST02564,Current,Active,2023-06-27,BR018,3641431.14,10000,4.9,1,28763.0
ACC003616,CUST02565,Salary,Active,2023-11-08,BR048,131986.47,0,6.23,1,0.0
ACC003617,CUST02566,Fixed Deposit,Active,2021-02-03,BR002,7298568.22,0,2.93,0,0.0
ACC003618,CUST02566,Savings,Active,2021-07-27,BR002,351444.13,1000,4.41,1,0.0
ACC003619,CUST02567,Current,Active,2023-05-11,BR048,276883.87,10000,3.96,1,8281.0
ACC003620,CUST02567,Savings,Active,2022-05-02,BR048,267715.99,1000,3.53,1,0.0
ACC003621,CUST02568,NRI,Active,2023-11-24,BR027,1824452.01,0,5.69,0,0.0
ACC003622,CUST02568,Savings,Active,2022-07-10,BR027,421787.1,1000,6.51,1,0.0
ACC003623,CUST02569,Savings,Active,2023-04-14,BR004,115661.22,1000,3.66,1,0.0
ACC003624,CUST02570,Current,Active,2023-02-15,BR042,2364656.3,10000,4.75,1,10519.0
ACC003625,CUST02571,Salary,Active,2022-01-27,BR016,46507.79,0,4.85,1,0.0
ACC003626,CUST02571,Fixed Deposit,Active,2023-12-10,BR016,5895669.32,0,7.19,0,0.0
ACC003627,CUST02571,Current,Active,2023-05-29,BR016,2140241.23,10000,4.8,1,1722.0
ACC003628,CUST02572,Current,Active,2023-08-02,BR044,754407.67,10000,7.34,1,49359.0
ACC003629,CUST02572,Savings,Active,2023-11-30,BR044,162000.15,1000,2.84,1,0.0
ACC003630,CUST02573,Current,Active,2019-05-26,BR017,1258823.68,10000,4.18,1,39758.0
ACC003631,CUST02573,Savings,Active,2019-07-27,BR017,472780.86,1000,3.53,1,0.0
ACC003632,CUST02574,Salary,Active,2023-08-21,BR038,154348.6,0,4.16,1,0.0
ACC003633,CUST02575,Current,Active,2022-12-14,BR031,4080090.98,10000,7.48,0,33220.0
ACC003634,CUST02576,Savings,Active,2017-04-08,BR050,170435.16,1000,6.43,0,0.0
ACC003635,CUST02577,Savings,Active,2021-04-01,BR029,349316.11,1000,4.74,1,0.0
ACC003636,CUST02578,Savings,Active,2023-06-11,BR019,486673.14,1000,7.23,0,0.0
ACC003637,CUST02578,Salary,Active,2023-01-19,BR019,239200.03,0,4.34,1,0.0
ACC003638,CUST02579,Savings,Active,2023-09-16,BR004,56873.13,1000,5.82,1,0.0
ACC003639,CUST02580,Savings,Active,2023-06-06,BR015,260586.04,1000,4.9,0,0.0
ACC003640,CUST02581,Current,Active,2022-04-09,BR045,459167.74,10000,2.94,0,44194.0
ACC003641,CUST02582,Salary,Active,2016-09-04,BR002,119556.7,0,6.07,1,0.0
ACC003642,CUST02582,Savings,Active,2018-05-11,BR002,452015.12,1000,5.5,1,0.0
ACC003643,CUST02583,Fixed Deposit,Active,2018-03-04,BR003,7508988.01,0,7.28,1,0.0
ACC003644,CUST02583,Salary,Active,2021-05-22,BR003,9034.21,0,3.86,1,0.0
ACC003645,CUST02584,NRI,Active,2019-03-06,BR040,19408985.69,0,6.79,0,0.0
ACC003646,CUST02584,Fixed Deposit,Active,2018-10-18,BR040,6014920.27,0,6.07,0,0.0
ACC003647,CUST02584,Current,Active,2021-12-05,BR040,4562713.43,10000,2.62,1,17635.0
ACC003648,CUST02585,Salary,Active,2022-06-10,BR038,65115.53,0,7.32,1,0.0
ACC003649,CUST02586,Fixed Deposit,Dormant,2023-11-12,BR002,9995545.73,0,7.38,1,0.0
ACC003650,CUST02587,Savings,Active,2022-01-03,BR029,466560.12,1000,4.36,1,0.0
ACC003651,CUST02588,Savings,Active,2021-02-04,BR036,283912.67,1000,3.12,1,0.0
ACC003652,CUST02589,Salary,Active,2022-09-30,BR027,278981.05,0,4.87,0,0.0
ACC003653,CUST02590,Savings,Active,2023-10-18,BR032,428217.55,1000,5.24,1,0.0
ACC003654,CUST02590,Salary,Active,2017-03-21,BR032,222508.55,0,4.63,1,0.0
ACC003655,CUST02591,Savings,Active,2023-05-22,BR012,395076.94,1000,3.31,1,0.0
ACC003656,CUST02591,Fixed Deposit,Dormant,2023-06-28,BR012,4895078.2,0,4.51,1,0.0
ACC003657,CUST02592,Fixed Deposit,Active,2018-07-03,BR018,54409.63,0,7.28,1,0.0
ACC003658,CUST02592,Savings,Active,2018-10-16,BR018,109169.36,1000,4.48,1,0.0
ACC003659,CUST02593,Fixed Deposit,Active,2017-07-29,BR035,780746.03,0,6.68,1,0.0
ACC003660,CUST02593,Savings,Active,2018-12-07,BR035,284291.79,1000,6.14,0,0.0
ACC003661,CUST02594,Savings,Active,2021-05-05,BR017,483180.54,1000,4.21,0,0.0
ACC003662,CUST02595,Savings,Active,2023-08-27,BR035,333844.57,1000,2.74,1,0.0
ACC003663,CUST02596,Current,Active,2020-01-14,BR030,4712639.69,10000,7.13,0,49588.0
ACC003664,CUST02597,Savings,Active,2016-12-15,BR006,345436.64,1000,7.23,1,0.0
ACC003665,CUST02598,Salary,Active,2022-02-17,BR031,156059.16,0,3.98,1,0.0
ACC003666,CUST02598,Savings,Active,2023-04-26,BR031,18873.95,1000,5.06,1,0.0
ACC003667,CUST02598,Fixed Deposit,Active,2023-01-21,BR031,686312.48,0,3.33,1,0.0
ACC003668,CUST02599,Fixed Deposit,Active,2020-09-22,BR031,8224105.4,0,4.54,0,0.0
ACC003669,CUST02600,NRI,Active,2023-08-08,BR027,3756961.22,0,6.86,1,0.0
ACC003670,CUST02600,Savings,Active,2021-07-05,BR027,287291.79,1000,6.95,1,0.0
ACC003671,CUST02601,NRI,Active,2022-11-20,BR032,1481002.61,0,6.0,1,0.0
ACC003672,CUST02602,Savings,Active,2015-07-03,BR046,176460.4,1000,2.94,1,0.0
ACC003673,CUST02603,Current,Active,2023-07-08,BR018,265891.42,10000,3.2,0,10847.0
ACC003674,CUST02603,Salary,Dormant,2022-08-17,BR018,175125.28,0,7.33,1,0.0
ACC003675,CUST02604,Savings,Active,2022-08-28,BR017,99541.11,1000,4.43,0,0.0
ACC003676,CUST02605,Current,Active,2023-10-14,BR006,1627764.57,10000,3.53,0,23842.0
ACC003677,CUST02606,Fixed Deposit,Active,2019-04-06,BR016,2266132.01,0,4.78,1,0.0
ACC003678,CUST02607,Fixed Deposit,Active,2022-05-29,BR029,2880029.62,0,4.33,1,0.0
ACC003679,CUST02608,NRI,Active,2023-11-24,BR020,12705027.35,0,6.52,1,0.0
ACC003680,CUST02608,Savings,Active,2023-11-12,BR020,55196.87,1000,4.22,1,0.0
ACC003681,CUST02609,Current,Active,2023-11-05,BR033,2480259.4,10000,2.99,1,20805.0
ACC003682,CUST02609,Savings,Active,2023-09-08,BR033,225841.22,1000,5.66,0,0.0
ACC003683,CUST02610,Salary,Active,2019-10-07,BR037,230812.73,0,4.34,1,0.0
ACC003684,CUST02611,Savings,Active,2023-11-25,BR008,176410.4,1000,6.2,1,0.0
ACC003685,CUST02612,Fixed Deposit,Dormant,2021-05-03,BR040,4609073.68,0,4.44,1,0.0
ACC003686,CUST02612,Savings,Dormant,2023-09-10,BR040,1725.62,1000,7.09,1,0.0
ACC003687,CUST02613,Current,Active,2022-11-08,BR043,2778866.49,10000,3.99,1,43416.0
ACC003688,CUST02614,Fixed Deposit,Dormant,2023-06-27,BR017,624092.49,0,7.49,0,0.0
ACC003689,CUST02615,Savings,Active,2018-11-10,BR034,193929.67,1000,5.85,1,0.0
ACC003690,CUST02616,Savings,Dormant,2023-12-26,BR039,412428.87,1000,4.3,1,0.0
ACC003691,CUST02617,Savings,Active,2018-06-18,BR017,146573.61,1000,2.91,1,0.0
ACC003692,CUST02617,Current,Active,2021-07-30,BR017,141220.44,10000,5.64,1,24136.0
ACC003693,CUST02618,Salary,Active,2022-11-07,BR010,55345.6,0,6.23,1,0.0
ACC003694,CUST02619,Savings,Active,2021-12-11,BR031,112014.19,1000,2.62,0,0.0
ACC003695,CUST02619,Current,Active,2020-02-09,BR031,3369344.26,10000,4.3,1,25604.0
ACC003696,CUST02620,Savings,Active,2023-08-06,BR047,120485.33,1000,3.54,1,0.0
ACC003697,CUST02621,Savings,Active,2020-02-01,BR045,319116.43,1000,2.84,1,0.0
ACC003698,CUST02622,Current,Active,2023-06-19,BR031,1805537.28,10000,6.85,1,46496.0
ACC003699,CUST02623,Savings,Active,2018-02-25,BR046,404528.74,1000,6.18,1,0.0
ACC003700,CUST02624,Savings,Dormant,2023-04-08,BR007,124824.29,1000,3.94,1,0.0
ACC003701,CUST02625,Savings,Active,2022-01-16,BR042,492373.6,1000,5.29,1,0.0
ACC003702,CUST02626,Fixed Deposit,Active,2017-04-07,BR007,9288289.77,0,6.19,1,0.0
ACC003703,CUST02627,Salary,Active,2023-04-25,BR027,260670.55,0,3.46,0,0.0
ACC003704,CUST02627,Savings,Active,2022-12-18,BR027,287412.96,1000,4.13,1,0.0
ACC003705,CUST02628,Current,Active,2023-12-10,BR006,1018374.15,10000,3.94,1,337.0
ACC003706,CUST02629,Salary,Active,2021-03-05,BR028,290850.82,0,4.22,1,0.0
ACC003707,CUST02630,Fixed Deposit,Active,2019-08-24,BR045,4138567.26,0,2.81,1,0.0
ACC003708,CUST02630,NRI,Dormant,2018-12-25,BR045,11012758.23,0,2.77,1,0.0
ACC003709,CUST02631,Savings,Active,2018-02-08,BR035,91946.33,1000,3.81,1,0.0
ACC003710,CUST02632,Fixed Deposit,Active,2023-05-12,BR019,8859277.61,0,2.6,1,0.0
ACC003711,CUST02633,Savings,Active,2019-04-27,BR010,150274.46,1000,3.01,1,0.0
ACC003712,CUST02634,Salary,Active,2022-07-07,BR029,17149.73,0,7.22,1,0.0
ACC003713,CUST02635,Savings,Active,2018-10-15,BR031,453481.02,1000,3.56,1,0.0
ACC003714,CUST02636,Savings,Active,2018-10-26,BR023,155639.7,1000,4.38,1,0.0
ACC003715,CUST02637,Current,Active,2023-11-27,BR002,958984.68,10000,2.7,1,31882.0
ACC003716,CUST02637,Savings,Active,2017-04-17,BR002,402918.52,1000,5.5,1,0.0
ACC003717,CUST02638,Savings,Active,2022-12-25,BR047,343365.38,1000,5.28,1,0.0
ACC003718,CUST02638,NRI,Active,2022-09-27,BR047,4416276.69,0,3.46,1,0.0
ACC003719,CUST02639,Current,Active,2023-08-19,BR024,177727.62,10000,5.0,0,30070.0
ACC003720,CUST02639,Fixed Deposit,Active,2020-04-03,BR024,8595711.76,0,5.26,0,0.0
ACC003721,CUST02639,Salary,Active,2022-10-21,BR024,277902.49,0,7.21,1,0.0
ACC003722,CUST02640,Fixed Deposit,Active,2021-05-28,BR025,9384458.29,0,2.66,1,0.0
ACC003723,CUST02641,Current,Active,2023-06-03,BR012,907841.84,10000,3.97,1,5404.0
ACC003724,CUST02642,Savings,Active,2022-01-17,BR043,100421.06,1000,3.9,0,0.0
ACC003725,CUST02642,Salary,Active,2023-11-20,BR043,83234.73,0,5.08,1,0.0
ACC003726,CUST02643,Fixed Deposit,Active,2022-07-26,BR032,1820464.19,0,5.09,1,0.0
ACC003727,CUST02644,Salary,Active,2023-12-09,BR033,281188.41,0,5.36,1,0.0
ACC003728,CUST02644,Savings,Active,2023-09-10,BR033,92062.98,1000,3.31,1,0.0
ACC003729,CUST02645,Savings,Dormant,2021-11-14,BR040,268427.34,1000,4.49,0,0.0
ACC003730,CUST02645,Salary,Active,2020-08-08,BR040,109680.37,0,4.32,1,0.0
ACC003731,CUST02646,Current,Dormant,2023-08-24,BR013,4243087.27,10000,7.18,1,7961.0
ACC003732,CUST02647,Savings,Active,2021-05-01,BR028,114077.53,1000,6.31,1,0.0
ACC003733,CUST02647,Current,Active,2023-04-19,BR028,3498359.34,10000,5.01,1,44364.0
ACC003734,CUST02648,Savings,Active,2022-10-02,BR021,309343.69,1000,4.11,1,0.0
ACC003735,CUST02649,NRI,Dormant,2022-03-16,BR005,11893543.27,0,3.83,1,0.0
ACC003736,CUST02650,Salary,Active,2023-07-25,BR030,135729.11,0,7.17,1,0.0
ACC003737,CUST02651,Savings,Active,2021-07-22,BR006,205633.27,1000,6.97,1,0.0
ACC003738,CUST02651,NRI,Active,2020-11-05,BR006,16977940.85,0,5.54,1,0.0
ACC003739,CUST02652,Fixed Deposit,Active,2015-12-18,BR049,9245906.52,0,3.38,0,0.0
ACC003740,CUST02653,Savings,Active,2020-06-26,BR044,188374.82,1000,7.31,0,0.0
ACC003741,CUST02654,Salary,Active,2021-09-04,BR013,293051.88,0,4.86,1,0.0
ACC003742,CUST02655,Salary,Active,2021-09-17,BR046,152874.97,0,4.92,1,0.0
ACC003743,CUST02656,Current,Closed,2022-12-27,BR006,751304.01,10000,5.61,1,37080.0
ACC003744,CUST02656,Savings,Active,2021-08-22,BR006,278955.49,1000,7.28,1,0.0
ACC003745,CUST02656,Fixed Deposit,Active,2018-07-23,BR006,4394844.24,0,5.12,1,0.0
ACC003746,CUST02657,Fixed Deposit,Active,2023-10-15,BR014,6012634.11,0,3.26,0,0.0
ACC003747,CUST02658,Salary,Active,2022-05-07,BR028,138169.22,0,2.93,1,0.0
ACC003748,CUST02658,Fixed Deposit,Active,2022-10-23,BR028,81718.78,0,6.87,1,0.0
ACC003749,CUST02659,Current,Active,2022-11-25,BR050,2388211.09,10000,7.11,1,13697.0
ACC003750,CUST02659,Savings,Active,2023-07-04,BR050,273770.13,1000,4.98,1,0.0
ACC003751,CUST02660,Salary,Active,2023-12-28,BR011,95297.7,0,6.63,0,0.0
ACC003752,CUST02661,Savings,Active,2017-10-31,BR037,240996.12,1000,6.76,1,0.0
ACC003753,CUST02661,Current,Dormant,2016-04-27,BR037,82173.38,10000,4.36,0,35964.0
ACC003754,CUST02662,Current,Active,2022-07-13,BR007,1762083.08,10000,4.28,1,3613.0
ACC003755,CUST02662,Savings,Active,2023-11-18,BR007,280887.23,1000,2.67,1,0.0
ACC003756,CUST02662,NRI,Dormant,2022-10-29,BR007,3048064.43,0,3.01,1,0.0
ACC003757,CUST02663,Salary,Active,2018-01-14,BR031,100192.46,0,5.91,1,0.0
ACC003758,CUST02664,Savings,Active,2023-05-19,BR008,201662.11,1000,2.78,0,0.0
ACC003759,CUST02665,Salary,Active,2022-07-24,BR032,250040.01,0,2.77,1,0.0
ACC003760,CUST02666,Savings,Dormant,2019-03-23,BR010,139421.97,1000,4.69,1,0.0
ACC003761,CUST02667,Savings,Active,2018-04-05,BR006,495862.94,1000,6.82,1,0.0
ACC003762,CUST02668,Salary,Active,2022-09-18,BR040,228514.15,0,2.84,1,0.0
ACC003763,CUST02668,NRI,Active,2023-04-20,BR040,9165599.11,0,5.15,0,0.0
ACC003764,CUST02668,Savings,Active,2023-06-02,BR040,37702.53,1000,7.36,0,0.0
ACC003765,CUST02669,Current,Active,2018-02-12,BR026,3955517.12,10000,5.29,1,3827.0
ACC003766,CUST02670,Savings,Active,2023-07-20,BR034,240604.6,1000,7.19,0,0.0
ACC003767,CUST02671,NRI,Closed,2023-06-26,BR002,12185837.53,0,5.95,1,0.0
ACC003768,CUST02672,Savings,Active,2023-10-25,BR016,353383.84,1000,4.42,0,0.0
ACC003769,CUST02673,Savings,Active,2023-03-13,BR036,8782.95,1000,6.78,1,0.0
ACC003770,CUST02673,Current,Active,2021-05-03,BR036,2593463.5,10000,2.57,1,13661.0
ACC003771,CUST02674,Salary,Active,2022-12-19,BR020,229475.11,0,3.04,1,0.0
ACC003772,CUST02675,Current,Active,2019-06-29,BR041,2959272.15,10000,4.63,1,34771.0
ACC003773,CUST02676,Savings,Active,2023-10-09,BR034,11996.44,1000,7.12,1,0.0
ACC003774,CUST02677,Savings,Dormant,2023-06-16,BR022,347348.45,1000,3.1,0,0.0
ACC003775,CUST02677,Current,Active,2023-07-09,BR022,2173528.95,10000,5.38,0,21521.0
ACC003776,CUST02678,Current,Active,2019-09-21,BR017,600054.95,10000,3.39,1,27834.0
ACC003777,CUST02678,Fixed Deposit,Active,2020-01-17,BR017,1502242.03,0,4.84,1,0.0
ACC003778,CUST02679,Fixed Deposit,Active,2021-03-28,BR008,9481707.12,0,6.0,1,0.0
ACC003779,CUST02680,Savings,Active,2023-06-15,BR022,279222.25,1000,5.22,1,0.0
ACC003780,CUST02680,Current,Active,2023-11-06,BR022,3919352.36,10000,7.42,1,9985.0
ACC003781,CUST02680,Fixed Deposit,Active,2021-03-14,BR022,5616985.26,0,5.99,1,0.0
ACC003782,CUST02681,Savings,Active,2021-07-23,BR032,229554.14,1000,7.26,1,0.0
ACC003783,CUST02682,Savings,Closed,2016-09-30,BR023,493881.05,1000,6.3,1,0.0
ACC003784,CUST02683,Savings,Active,2022-03-28,BR032,306902.88,1000,4.41,1,0.0
ACC003785,CUST02684,NRI,Active,2021-12-12,BR048,9333229.37,0,4.61,0,0.0
ACC003786,CUST02685,Current,Dormant,2016-12-06,BR002,3664362.89,10000,7.21,1,25959.0
ACC003787,CUST02686,Fixed Deposit,Active,2021-01-09,BR008,490193.03,0,7.01,1,0.0
ACC003788,CUST02687,Fixed Deposit,Active,2017-11-30,BR013,76020.01,0,6.0,1,0.0
ACC003789,CUST02688,Savings,Active,2022-11-15,BR022,480687.06,1000,6.4,1,0.0
ACC003790,CUST02688,NRI,Active,2021-02-13,BR022,4140539.29,0,3.09,1,0.0
ACC003791,CUST02689,Fixed Deposit,Active,2021-11-11,BR006,1853434.05,0,4.7,1,0.0
ACC003792,CUST02690,Savings,Active,2023-10-29,BR042,184932.29,1000,5.41,1,0.0
ACC003793,CUST02690,NRI,Active,2023-11-25,BR042,4356436.67,0,4.78,1,0.0
ACC003794,CUST02690,Salary,Active,2023-05-21,BR042,115474.52,0,5.94,1,0.0
ACC003795,CUST02691,Salary,Active,2019-06-30,BR027,6175.13,0,6.6,1,0.0
ACC003796,CUST02692,Fixed Deposit,Active,2017-03-13,BR004,2818751.79,0,4.6,1,0.0
ACC003797,CUST02693,Savings,Dormant,2022-10-08,BR003,382661.52,1000,7.18,1,0.0
ACC003798,CUST02694,NRI,Active,2022-04-13,BR021,13906251.99,0,7.2,1,0.0
ACC003799,CUST02694,Salary,Active,2022-03-30,BR021,48117.91,0,6.15,0,0.0
ACC003800,CUST02694,Savings,Active,2019-11-15,BR021,494551.26,1000,5.31,0,0.0
ACC003801,CUST02695,Salary,Active,2022-04-15,BR043,145446.89,0,4.08,1,0.0
ACC003802,CUST02696,Salary,Active,2019-06-27,BR007,88674.91,0,7.12,1,0.0
ACC003803,CUST02696,Current,Dormant,2018-06-04,BR007,482260.93,10000,7.48,1,42670.0
ACC003804,CUST02697,Savings,Active,2023-06-29,BR039,499497.38,1000,6.38,1,0.0
ACC003805,CUST02697,Current,Active,2023-04-28,BR039,3969153.04,10000,3.04,0,42700.0
ACC003806,CUST02698,Savings,Active,2023-05-11,BR017,140003.45,1000,4.78,1,0.0
ACC003807,CUST02698,Salary,Dormant,2021-06-09,BR017,194443.83,0,7.16,1,0.0
ACC003808,CUST02698,Current,Active,2016-12-18,BR017,3951318.35,10000,3.16,1,17906.0
ACC003809,CUST02699,Current,Active,2023-12-20,BR047,1988989.71,10000,5.27,1,24661.0
ACC003810,CUST02699,Savings,Active,2023-12-18,BR047,350894.3,1000,5.78,1,0.0
ACC003811,CUST02700,Savings,Active,2017-12-27,BR019,395658.43,1000,7.47,1,0.0
ACC003812,CUST02700,Current,Dormant,2020-03-25,BR019,2043740.57,10000,2.97,1,42167.0
ACC003813,CUST02701,Current,Active,2016-09-13,BR007,1940352.14,10000,5.22,0,14922.0
ACC003814,CUST02701,Savings,Active,2023-11-26,BR007,204214.78,1000,7.06,1,0.0
ACC003815,CUST02702,Savings,Active,2023-09-29,BR043,19860.57,1000,6.5,1,0.0
ACC003816,CUST02703,Savings,Active,2021-12-27,BR030,53439.55,1000,2.76,1,0.0
ACC003817,CUST02703,Fixed Deposit,Active,2017-06-20,BR030,5865480.76,0,5.55,0,0.0
ACC003818,CUST02704,Salary,Active,2019-12-20,BR049,116111.57,0,3.4,1,0.0
ACC003819,CUST02705,Savings,Active,2022-04-15,BR049,156690.58,1000,7.09,1,0.0
ACC003820,CUST02706,Savings,Closed,2023-03-01,BR016,373773.53,1000,2.52,1,0.0
ACC003821,CUST02707,Current,Dormant,2022-11-24,BR023,1434090.85,10000,6.54,1,35399.0
ACC003822,CUST02708,Salary,Active,2023-07-28,BR050,272695.91,0,4.96,1,0.0
ACC003823,CUST02709,Current,Dormant,2020-03-18,BR020,195034.97,10000,4.04,1,867.0
ACC003824,CUST02710,Fixed Deposit,Active,2022-10-26,BR048,4781519.86,0,2.88,1,0.0
ACC003825,CUST02711,Savings,Active,2021-04-30,BR050,426637.07,1000,3.22,1,0.0
ACC003826,CUST02712,Current,Active,2023-02-25,BR024,3869192.28,10000,7.33,1,41067.0
ACC003827,CUST02713,Fixed Deposit,Active,2018-08-21,BR026,4971418.7,0,6.56,0,0.0
ACC003828,CUST02714,Current,Active,2023-11-24,BR045,3638784.19,10000,4.95,1,44984.0
ACC003829,CUST02715,Current,Active,2016-09-09,BR012,4156816.12,10000,4.73,0,4863.0
ACC003830,CUST02715,Salary,Active,2018-01-27,BR012,19620.73,0,6.75,0,0.0
ACC003831,CUST02716,Savings,Active,2019-12-02,BR001,132539.08,1000,5.69,0,0.0
ACC003832,CUST02716,Fixed Deposit,Active,2021-08-17,BR001,4317803.4,0,4.47,1,0.0
ACC003833,CUST02717,Current,Active,2023-12-23,BR049,459097.87,10000,2.72,1,17693.0
ACC003834,CUST02718,Savings,Active,2023-08-24,BR036,306604.98,1000,3.87,1,0.0
ACC003835,CUST02718,Fixed Deposit,Active,2022-08-23,BR036,3592085.78,0,5.8,1,0.0
ACC003836,CUST02718,Current,Closed,2022-06-24,BR036,4024001.2,10000,6.07,1,35131.0
ACC003837,CUST02719,Fixed Deposit,Active,2020-01-06,BR031,9099924.16,0,4.01,1,0.0
ACC003838,CUST02720,NRI,Active,2020-12-16,BR007,14883816.64,0,3.18,1,0.0
ACC003839,CUST02721,Savings,Active,2023-11-13,BR013,67469.74,1000,2.98,1,0.0
ACC003840,CUST02721,Salary,Active,2021-12-25,BR013,98039.56,0,6.68,1,0.0
ACC003841,CUST02722,Salary,Active,2023-12-28,BR003,170361.7,0,2.88,1,0.0
ACC003842,CUST02723,Savings,Dormant,2023-07-28,BR011,43717.19,1000,4.91,1,0.0
ACC003843,CUST02724,Current,Active,2021-12-15,BR026,191468.33,10000,5.19,0,4562.0
ACC003844,CUST02725,Current,Active,2022-05-13,BR031,4843042.21,10000,2.79,0,10583.0
ACC003845,CUST02726,Fixed Deposit,Dormant,2023-05-21,BR034,1166989.97,0,7.39,1,0.0
ACC003846,CUST02727,Current,Active,2021-05-30,BR019,884540.11,10000,5.94,1,33883.0
ACC003847,CUST02727,Savings,Active,2021-08-10,BR019,2287.26,1000,6.46,1,0.0
ACC003848,CUST02728,Fixed Deposit,Active,2022-09-11,BR023,3402166.52,0,5.37,0,0.0
ACC003849,CUST02728,Current,Dormant,2023-08-04,BR023,3878979.09,10000,2.85,1,5561.0
ACC003850,CUST02729,Savings,Active,2018-12-14,BR003,190160.19,1000,5.23,1,0.0
ACC003851,CUST02730,Savings,Active,2022-03-12,BR044,274419.8,1000,3.26,1,0.0
ACC003852,CUST02731,Savings,Active,2021-01-28,BR019,134490.2,1000,6.04,1,0.0
ACC003853,CUST02732,Fixed Deposit,Active,2022-07-04,BR001,3412415.53,0,6.8,1,0.0
ACC003854,CUST02733,Savings,Active,2020-11-12,BR050,448856.72,1000,4.99,1,0.0
ACC003855,CUST02733,Current,Active,2022-07-24,BR050,1180372.99,10000,3.11,1,41634.0
ACC003856,CUST02734,Savings,Active,2020-02-07,BR004,181899.06,1000,5.49,0,0.0
ACC003857,CUST02734,Current,Active,2020-01-21,BR004,3324306.7,10000,3.51,0,38922.0
ACC003858,CUST02735,Fixed Deposit,Active,2021-09-27,BR041,3137575.23,0,5.83,1,0.0
ACC003859,CUST02735,Savings,Active,2023-07-12,BR041,56518.11,1000,5.97,1,0.0
ACC003860,CUST02735,Current,Active,2022-05-18,BR041,1142689.71,10000,6.8,1,19201.0
ACC003861,CUST02736,Fixed Deposit,Active,2022-07-17,BR017,7291980.86,0,2.55,1,0.0
ACC003862,CUST02737,Current,Active,2021-11-03,BR009,1296355.81,10000,3.6,1,45376.0
ACC003863,CUST02738,Savings,Active,2023-08-10,BR048,460789.97,1000,3.44,1,0.0
ACC003864,CUST02739,Savings,Active,2021-04-30,BR021,454342.95,1000,6.86,1,0.0
ACC003865,CUST02739,Salary,Active,2023-05-31,BR021,5948.25,0,4.43,1,0.0
ACC003866,CUST02739,Current,Active,2020-06-21,BR021,1311941.2,10000,5.03,1,48528.0
ACC003867,CUST02740,Fixed Deposit,Dormant,2018-07-25,BR018,1451902.91,0,5.9,0,0.0
ACC003868,CUST02740,Savings,Active,2017-10-30,BR018,461332.05,1000,6.56,1,0.0
ACC003869,CUST02741,Savings,Dormant,2017-10-26,BR022,283245.19,1000,5.86,1,0.0
ACC003870,CUST02741,NRI,Active,2018-11-06,BR022,7796389.81,0,3.47,0,0.0
ACC003871,CUST02742,Current,Active,2021-08-31,BR003,3745597.91,10000,4.48,1,28868.0
ACC003872,CUST02743,Current,Active,2018-02-01,BR029,3346347.58,10000,3.94,0,17929.0
ACC003873,CUST02744,Salary,Active,2023-10-17,BR049,187308.99,0,3.31,1,0.0
ACC003874,CUST02744,Savings,Active,2023-08-25,BR049,372905.29,1000,6.47,0,0.0
ACC003875,CUST02745,Savings,Active,2021-12-02,BR041,184607.52,1000,6.54,1,0.0
ACC003876,CUST02746,Current,Active,2022-10-02,BR046,1415163.52,10000,7.07,1,27148.0
ACC003877,CUST02747,Savings,Active,2019-12-22,BR013,487840.69,1000,6.73,0,0.0
ACC003878,CUST02748,Salary,Active,2017-08-27,BR024,73377.68,0,2.72,1,0.0
ACC003879,CUST02749,Salary,Active,2018-09-20,BR003,179209.79,0,6.64,0,0.0
ACC003880,CUST02750,Savings,Active,2022-04-05,BR006,73339.42,1000,5.21,1,0.0
ACC003881,CUST02751,Current,Dormant,2023-09-17,BR046,1485400.17,10000,6.23,1,23537.0
ACC003882,CUST02752,Savings,Active,2021-04-14,BR014,210394.58,1000,6.53,0,0.0
ACC003883,CUST02753,Current,Active,2023-05-18,BR003,4622809.86,10000,6.98,1,29125.0
ACC003884,CUST02753,Savings,Active,2023-04-09,BR003,298965.2,1000,5.08,0,0.0
ACC003885,CUST02754,Current,Dormant,2020-08-04,BR001,1617532.21,10000,5.1,0,6498.0
ACC003886,CUST02755,Current,Active,2023-11-06,BR038,1744618.07,10000,5.67,1,29368.0
ACC003887,CUST02756,Salary,Active,2020-08-20,BR035,92761.35,0,4.85,1,0.0
ACC003888,CUST02757,Current,Active,2023-10-17,BR013,4315585.24,10000,6.37,0,22359.0
ACC003889,CUST02758,Current,Active,2023-09-11,BR019,449259.63,10000,4.39,1,7158.0
ACC003890,CUST02758,Savings,Active,2023-11-18,BR019,67637.6,1000,3.79,1,0.0
ACC003891,CUST02759,NRI,Active,2016-10-26,BR041,12818601.64,0,2.65,1,0.0
ACC003892,CUST02759,Current,Dormant,2016-08-07,BR041,4882037.64,10000,6.84,1,18629.0
ACC003893,CUST02760,Current,Active,2023-09-22,BR028,4514161.94,10000,5.69,1,22178.0
ACC003894,CUST02761,Savings,Active,2023-11-19,BR003,372095.07,1000,3.12,1,0.0
ACC003895,CUST02762,Current,Active,2023-02-27,BR017,2298987.4,10000,3.46,1,6156.0
ACC003896,CUST02762,Salary,Active,2023-05-31,BR017,11673.39,0,3.43,1,0.0
ACC003897,CUST02763,Fixed Deposit,Closed,2021-04-28,BR027,9785665.93,0,5.07,0,0.0
ACC003898,CUST02764,Fixed Deposit,Active,2023-06-12,BR037,9865746.86,0,4.16,1,0.0
ACC003899,CUST02764,Salary,Active,2023-05-05,BR037,192027.07,0,4.37,1,0.0
ACC003900,CUST02764,Savings,Active,2023-12-21,BR037,283631.92,1000,6.6,1,0.0
ACC003901,CUST02765,Fixed Deposit,Active,2022-09-23,BR028,6264463.65,0,7.34,0,0.0
ACC003902,CUST02766,Fixed Deposit,Active,2023-12-10,BR007,6133325.36,0,2.67,1,0.0
ACC003903,CUST02767,Current,Active,2023-02-06,BR038,2805913.8,10000,4.07,1,7887.0
ACC003904,CUST02768,Savings,Active,2022-06-30,BR050,362827.63,1000,3.39,0,0.0
ACC003905,CUST02769,Savings,Active,2023-12-28,BR031,252480.29,1000,5.91,1,0.0
ACC003906,CUST02769,Current,Active,2022-12-29,BR031,3384028.51,10000,4.78,0,21423.0
ACC003907,CUST02770,Savings,Active,2017-07-15,BR032,313580.29,1000,5.54,0,0.0
ACC003908,CUST02771,NRI,Active,2023-12-31,BR003,9592237.07,0,3.16,0,0.0
ACC003909,CUST02772,Savings,Active,2022-05-24,BR022,64004.39,1000,5.95,1,0.0
ACC003910,CUST02773,Savings,Active,2022-04-14,BR002,369782.63,1000,3.91,1,0.0
ACC003911,CUST02773,Current,Active,2017-09-05,BR002,1070839.89,10000,7.28,1,33391.0
ACC003912,CUST02774,Savings,Active,2023-03-13,BR038,228041.16,1000,4.78,0,0.0
ACC003913,CUST02775,NRI,Active,2022-05-08,BR035,4604961.51,0,5.16,1,0.0
ACC003914,CUST02776,Savings,Active,2020-12-16,BR038,253911.84,1000,4.45,1,0.0
ACC003915,CUST02777,Savings,Active,2023-11-27,BR014,29917.29,1000,3.97,1,0.0
ACC003916,CUST02778,Current,Active,2023-04-01,BR020,4023114.25,10000,6.7,1,23839.0
ACC003917,CUST02779,Savings,Active,2023-11-05,BR031,283311.71,1000,2.58,0,0.0
ACC003918,CUST02780,Current,Active,2021-03-03,BR048,1344074.32,10000,3.79,0,34608.0
ACC003919,CUST02781,Savings,Active,2019-08-26,BR030,340596.15,1000,3.94,1,0.0
ACC003920,CUST02781,Current,Active,2020-12-19,BR030,3133484.12,10000,6.9,1,39554.0
ACC003921,CUST02782,Current,Active,2021-01-09,BR012,278621.99,10000,2.82,1,1504.0
ACC003922,CUST02782,Savings,Active,2021-05-25,BR012,297662.03,1000,2.87,1,0.0
ACC003923,CUST02782,Fixed Deposit,Active,2020-07-03,BR012,3556036.72,0,6.92,0,0.0
ACC003924,CUST02783,Savings,Active,2023-12-04,BR035,28331.98,1000,5.32,1,0.0
ACC003925,CUST02784,Current,Active,2018-11-11,BR046,4521769.47,10000,4.94,0,19171.0
ACC003926,CUST02784,Fixed Deposit,Active,2018-04-30,BR046,6589902.31,0,2.81,0,0.0
ACC003927,CUST02785,Fixed Deposit,Active,2022-06-30,BR031,8767708.86,0,3.95,1,0.0
ACC003928,CUST02786,Savings,Active,2023-11-04,BR006,365283.82,1000,5.99,1,0.0
ACC003929,CUST02787,Savings,Active,2023-02-05,BR031,310529.35,1000,7.06,0,0.0
ACC003930,CUST02788,Fixed Deposit,Active,2020-11-22,BR028,2289957.43,0,6.19,0,0.0
ACC003931,CUST02788,Savings,Active,2021-05-25,BR028,451217.91,1000,3.28,1,0.0
ACC003932,CUST02789,Savings,Active,2022-02-28,BR032,40382.28,1000,6.62,1,0.0
ACC003933,CUST02790,Current,Active,2018-05-10,BR033,4366692.95,10000,5.2,1,47309.0
ACC003934,CUST02791,Savings,Active,2017-07-03,BR033,424921.55,1000,7.25,1,0.0
ACC003935,CUST02792,Savings,Active,2022-09-20,BR003,358218.59,1000,7.04,1,0.0
ACC003936,CUST02793,Savings,Closed,2023-05-28,BR014,220099.09,1000,6.76,0,0.0
ACC003937,CUST02794,Current,Active,2023-11-24,BR049,2150473.99,10000,3.4,1,29719.0
ACC003938,CUST02795,Savings,Active,2023-10-14,BR044,128245.73,1000,4.81,1,0.0
ACC003939,CUST02796,Current,Active,2022-10-10,BR009,1318536.49,10000,6.1,1,8432.0
ACC003940,CUST02797,Savings,Closed,2023-11-10,BR037,58144.77,1000,4.05,1,0.0
ACC003941,CUST02797,Current,Active,2021-12-23,BR037,3271464.67,10000,3.25,1,41977.0
ACC003942,CUST02798,Current,Active,2022-04-12,BR012,2048854.26,10000,2.84,1,39255.0
ACC003943,CUST02798,Fixed Deposit,Active,2023-08-09,BR012,5419837.25,0,6.28,1,0.0
ACC003944,CUST02798,Savings,Active,2019-06-10,BR012,22929.24,1000,5.04,1,0.0
ACC003945,CUST02799,Salary,Active,2018-11-03,BR043,98197.93,0,6.37,0,0.0
ACC003946,CUST02800,Savings,Active,2019-12-22,BR031,45604.45,1000,5.97,1,0.0
ACC003947,CUST02801,Savings,Active,2021-09-13,BR023,4778.66,1000,6.13,1,0.0
ACC003948,CUST02801,Current,Active,2022-11-02,BR023,4492979.41,10000,7.18,1,17072.0
ACC003949,CUST02802,Fixed Deposit,Active,2022-06-08,BR014,6820318.62,0,6.75,1,0.0
ACC003950,CUST02803,Current,Dormant,2023-05-04,BR024,3267198.07,10000,5.71,1,39362.0
ACC003951,CUST02803,Savings,Active,2023-03-16,BR024,448381.32,1000,3.39,1,0.0
ACC003952,CUST02803,NRI,Closed,2023-02-22,BR024,15801878.72,0,5.92,1,0.0
ACC003953,CUST02804,Current,Active,2021-06-08,BR023,1443830.82,10000,6.11,1,24613.0
ACC003954,CUST02804,Savings,Dormant,2022-06-24,BR023,430978.24,1000,6.76,1,0.0
ACC003955,CUST02805,Salary,Active,2023-08-02,BR013,137024.69,0,3.74,1,0.0
ACC003956,CUST02805,Fixed Deposit,Active,2023-09-03,BR013,6918987.56,0,4.77,1,0.0
ACC003957,CUST02805,Current,Active,2023-12-14,BR013,1104232.47,10000,5.22,1,49630.0
ACC003958,CUST02806,Current,Active,2023-01-03,BR022,1377669.28,10000,4.97,0,21579.0
ACC003959,CUST02806,Fixed Deposit,Active,2019-04-06,BR022,2311764.07,0,5.61,0,0.0
ACC003960,CUST02807,Current,Closed,2023-12-07,BR039,529463.28,10000,3.22,0,37423.0
ACC003961,CUST02807,Savings,Active,2023-12-22,BR039,427774.02,1000,2.66,1,0.0
ACC003962,CUST02808,Fixed Deposit,Active,2019-03-25,BR046,5377223.33,0,5.92,0,0.0
ACC003963,CUST02808,Savings,Active,2017-09-30,BR046,184904.27,1000,7.04,1,0.0
ACC003964,CUST02809,Savings,Active,2020-03-17,BR025,66358.89,1000,3.86,1,0.0
ACC003965,CUST02809,Current,Active,2022-03-21,BR025,3926133.3,10000,5.67,1,37627.0
ACC003966,CUST02810,Savings,Active,2023-07-12,BR028,15199.0,1000,7.38,1,0.0
ACC003967,CUST02811,Salary,Active,2023-01-18,BR040,58065.82,0,6.98,1,0.0
ACC003968,CUST02811,Fixed Deposit,Active,2021-12-18,BR040,4801951.52,0,5.12,0,0.0
ACC003969,CUST02812,Savings,Active,2020-01-03,BR008,271541.42,1000,3.96,1,0.0
ACC003970,CUST02812,Current,Dormant,2022-03-12,BR008,3153551.55,10000,4.52,1,28718.0
ACC003971,CUST02813,NRI,Active,2023-06-10,BR038,15688558.64,0,3.23,1,0.0
ACC003972,CUST02813,Current,Active,2023-11-16,BR038,3705681.62,10000,2.66,1,6324.0
ACC003973,CUST02813,Savings,Active,2022-11-02,BR038,497810.36,1000,5.96,0,0.0
ACC003974,CUST02814,Fixed Deposit,Active,2023-03-04,BR033,190713.58,0,3.34,1,0.0
ACC003975,CUST02815,Salary,Active,2023-09-11,BR011,299097.7,0,7.16,1,0.0
ACC003976,CUST02815,Current,Active,2023-10-18,BR011,3842243.18,10000,2.98,1,3120.0
ACC003977,CUST02816,Current,Dormant,2022-09-06,BR048,4882527.52,10000,3.83,1,6634.0
ACC003978,CUST02817,Savings,Active,2023-01-14,BR023,11717.67,1000,6.29,1,0.0
ACC003979,CUST02817,Fixed Deposit,Dormant,2022-06-14,BR023,4216874.08,0,6.26,1,0.0
ACC003980,CUST02818,Savings,Dormant,2023-07-25,BR050,27013.24,1000,5.01,1,0.0
ACC003981,CUST02818,Current,Active,2017-08-26,BR050,4755227.58,10000,3.67,0,28074.0
ACC003982,CUST02819,Fixed Deposit,Active,2020-04-09,BR042,1557647.89,0,4.62,0,0.0
ACC003983,CUST02819,Savings,Active,2022-10-25,BR042,113622.24,1000,6.95,1,0.0
ACC003984,CUST02820,Savings,Active,2021-08-03,BR001,45573.87,1000,2.68,1,0.0
ACC003985,CUST02820,Fixed Deposit,Active,2022-09-12,BR001,7600692.82,0,6.06,1,0.0
ACC003986,CUST02820,Current,Active,2023-03-08,BR001,4483691.35,10000,5.42,0,7149.0
ACC003987,CUST02821,Current,Active,2022-09-30,BR048,1607475.46,10000,4.92,1,23517.0
ACC003988,CUST02822,Savings,Active,2021-06-04,BR047,429186.14,1000,6.5,1,0.0
ACC003989,CUST02822,Current,Active,2019-12-16,BR047,3861167.71,10000,5.76,1,12981.0
ACC003990,CUST02823,Savings,Active,2021-03-18,BR035,277414.45,1000,6.02,1,0.0
ACC003991,CUST02824,Savings,Active,2017-06-23,BR028,421709.72,1000,7.34,1,0.0
ACC003992,CUST02825,Savings,Active,2019-05-08,BR004,321282.97,1000,3.08,1,0.0
ACC003993,CUST02826,Current,Active,2022-09-07,BR008,48153.08,10000,7.27,0,24982.0
ACC003994,CUST02826,Savings,Dormant,2022-11-12,BR008,2652.16,1000,4.39,1,0.0
ACC003995,CUST02826,Salary,Dormant,2023-07-07,BR008,290819.95,0,6.02,1,0.0
ACC003996,CUST02827,Fixed Deposit,Active,2022-09-05,BR013,961071.1,0,6.08,1,0.0
ACC003997,CUST02827,Current,Active,2022-03-29,BR013,972956.44,10000,4.42,1,17831.0
ACC003998,CUST02828,Current,Active,2023-03-29,BR038,2403108.83,10000,2.78,1,23194.0
ACC003999,CUST02828,Fixed Deposit,Active,2021-09-18,BR038,3878576.96,0,4.2,1,0.0
ACC004000,CUST02829,Salary,Active,2023-11-19,BR047,119222.33,0,7.22,1,0.0
ACC004001,CUST02829,Current,Active,2022-07-12,BR047,660857.04,10000,6.57,1,7778.0
ACC004002,CUST02830,Salary,Active,2022-10-24,BR011,238170.4,0,4.77,1,0.0
ACC004003,CUST02830,Current,Active,2021-12-15,BR011,3984436.03,10000,6.58,0,29469.0
ACC004004,CUST02831,NRI,Active,2019-10-17,BR042,18949714.64,0,6.21,1,0.0
ACC004005,CUST02832,Salary,Active,2020-03-31,BR001,194815.66,0,5.45,1,0.0
ACC004006,CUST02833,Current,Active,2023-12-06,BR008,3865266.29,10000,3.86,1,24764.0
ACC004007,CUST02834,Savings,Active,2016-07-14,BR034,97469.66,1000,2.62,1,0.0
ACC004008,CUST02835,NRI,Active,2023-01-24,BR043,6454878.62,0,7.09,0,0.0
ACC004009,CUST02835,Savings,Active,2023-08-20,BR043,311205.86,1000,3.13,1,0.0
ACC004010,CUST02836,Fixed Deposit,Active,2022-09-26,BR036,956774.66,0,4.46,1,0.0
ACC004011,CUST02836,Savings,Active,2022-12-22,BR036,264427.4,1000,3.04,1,0.0
ACC004012,CUST02836,Current,Active,2022-07-17,BR036,63843.81,10000,6.54,1,11364.0
ACC004013,CUST02837,Salary,Active,2021-08-28,BR033,77017.52,0,3.53,0,0.0
ACC004014,CUST02838,Current,Active,2023-12-17,BR012,280054.71,10000,7.26,0,37064.0
ACC004015,CUST02838,Savings,Active,2022-01-26,BR012,370281.08,1000,6.57,1,0.0
ACC004016,CUST02839,Savings,Active,2020-07-05,BR008,275087.87,1000,2.74,1,0.0
ACC004017,CUST02840,Fixed Deposit,Active,2022-09-03,BR011,514752.9,0,2.82,1,0.0
ACC004018,CUST02841,Savings,Dormant,2023-07-19,BR023,304076.72,1000,6.56,0,0.0
ACC004019,CUST02842,Savings,Active,2023-10-10,BR023,411535.39,1000,5.31,1,0.0
ACC004020,CUST02843,Salary,Active,2022-07-22,BR049,39878.61,0,3.68,0,0.0
ACC004021,CUST02843,Fixed Deposit,Dormant,2022-08-17,BR049,8085575.66,0,4.61,0,0.0
ACC004022,CUST02844,Fixed Deposit,Active,2022-12-31,BR023,7192415.83,0,7.39,1,0.0
ACC004023,CUST02845,Current,Active,2023-02-03,BR048,2183829.3,10000,4.54,1,2574.0
ACC004024,CUST02845,Savings,Active,2022-05-08,BR048,131372.37,1000,3.5,1,0.0
ACC004025,CUST02846,Salary,Active,2022-11-30,BR049,85178.68,0,5.95,0,0.0
ACC004026,CUST02847,Salary,Active,2023-12-24,BR042,13637.95,0,2.7,1,0.0
ACC004027,CUST02848,NRI,Active,2023-12-21,BR008,16584020.13,0,6.98,1,0.0
ACC004028,CUST02849,Savings,Active,2021-10-24,BR033,232354.53,1000,5.25,0,0.0
ACC004029,CUST02850,Savings,Active,2023-05-27,BR016,336891.7,1000,4.18,1,0.0
ACC004030,CUST02851,Current,Active,2019-08-07,BR024,3388922.88,10000,3.03,1,12323.0
ACC004031,CUST02852,Fixed Deposit,Active,2023-10-02,BR050,9633724.55,0,4.61,1,0.0
ACC004032,CUST02853,Savings,Active,2020-09-09,BR033,453640.12,1000,3.8,1,0.0
ACC004033,CUST02853,Current,Active,2019-10-28,BR033,367679.75,10000,7.4,0,18890.0
ACC004034,CUST02854,NRI,Active,2021-07-09,BR024,6187555.84,0,4.37,1,0.0
ACC004035,CUST02854,Fixed Deposit,Active,2020-07-13,BR024,5269948.41,0,7.13,1,0.0
ACC004036,CUST02855,Current,Active,2022-06-07,BR028,590636.41,10000,2.57,1,32935.0
ACC004037,CUST02856,Savings,Dormant,2022-06-18,BR011,6740.28,1000,5.11,0,0.0
ACC004038,CUST02856,Current,Active,2021-07-07,BR011,124216.52,10000,3.94,1,40095.0
ACC004039,CUST02857,Current,Active,2023-12-31,BR026,1445750.75,10000,6.07,1,38119.0
ACC004040,CUST02858,Current,Active,2021-11-03,BR004,2203756.19,10000,4.51,0,21613.0
ACC004041,CUST02859,Savings,Dormant,2018-10-02,BR008,318026.19,1000,5.4,1,0.0
ACC004042,CUST02860,Savings,Active,2021-04-04,BR027,111154.99,1000,5.58,0,0.0
ACC004043,CUST02860,Current,Active,2023-01-18,BR027,1382095.94,10000,7.25,1,14872.0
ACC004044,CUST02860,Salary,Active,2023-12-16,BR027,139664.67,0,4.19,1,0.0
ACC004045,CUST02861,Salary,Active,2021-06-15,BR019,65946.87,0,7.22,1,0.0
ACC004046,CUST02861,Fixed Deposit,Closed,2021-07-29,BR019,7476057.35,0,4.85,1,0.0
ACC004047,CUST02862,Salary,Active,2021-01-29,BR015,282778.65,0,2.98,0,0.0
ACC004048,CUST02862,Savings,Active,2022-02-14,BR015,129405.72,1000,4.46,1,0.0
ACC004049,CUST02863,Savings,Closed,2023-03-04,BR037,422431.12,1000,3.26,1,0.0
ACC004050,CUST02863,Current,Active,2021-04-25,BR037,239464.64,10000,6.45,0,31348.0
ACC004051,CUST02864,Current,Active,2023-02-21,BR039,1413791.42,10000,2.66,0,6723.0
ACC004052,CUST02865,Savings,Active,2023-10-11,BR046,210336.7,1000,3.36,1,0.0
ACC004053,CUST02865,Current,Active,2023-08-30,BR046,240557.37,10000,5.23,1,21920.0
ACC004054,CUST02866,Salary,Active,2016-12-26,BR034,167168.92,0,5.02,0,0.0
ACC004055,CUST02866,Savings,Dormant,2021-07-27,BR034,178554.92,1000,6.24,1,0.0
ACC004056,CUST02867,Savings,Active,2022-06-14,BR049,263330.89,1000,5.3,1,0.0
ACC004057,CUST02868,Savings,Active,2019-12-15,BR020,397902.77,1000,3.67,1,0.0
ACC004058,CUST02869,Salary,Active,2022-10-19,BR018,123558.74,0,3.48,0,0.0
ACC004059,CUST02870,Savings,Active,2023-07-26,BR039,143492.42,1000,4.06,1,0.0
ACC004060,CUST02871,Savings,Active,2020-12-09,BR043,470106.12,1000,5.48,1,0.0
ACC004061,CUST02871,Fixed Deposit,Active,2023-10-19,BR043,5422290.69,0,3.14,1,0.0
ACC004062,CUST02872,Savings,Active,2017-08-22,BR020,362287.62,1000,3.85,0,0.0
ACC004063,CUST02873,Savings,Active,2022-08-21,BR018,294965.4,1000,4.76,1,0.0
ACC004064,CUST02874,Salary,Active,2019-06-14,BR037,250469.66,0,7.3,1,0.0
ACC004065,CUST02875,Savings,Active,2022-09-23,BR032,98133.8,1000,5.32,0,0.0
ACC004066,CUST02876,Savings,Active,2020-08-07,BR021,445004.23,1000,4.1,1,0.0
ACC004067,CUST02876,Current,Active,2023-10-11,BR021,1437142.63,10000,3.91,1,189.0
ACC004068,CUST02876,NRI,Active,2023-08-26,BR021,11853803.88,0,4.17,1,0.0
ACC004069,CUST02877,Salary,Dormant,2023-01-19,BR043,216372.96,0,7.36,1,0.0
ACC004070,CUST02878,Fixed Deposit,Active,2021-01-12,BR026,4959485.08,0,7.18,1,0.0
ACC004071,CUST02879,Fixed Deposit,Active,2023-11-20,BR003,8526054.23,0,5.1,1,0.0
ACC004072,CUST02879,Salary,Dormant,2023-06-05,BR003,222114.43,0,7.24,1,0.0
ACC004073,CUST02880,Current,Closed,2022-11-23,BR044,2886468.37,10000,7.23,1,26017.0
ACC004074,CUST02880,Fixed Deposit,Active,2017-08-12,BR044,9056029.98,0,6.9,1,0.0
ACC004075,CUST02881,Savings,Active,2023-04-02,BR043,167815.92,1000,6.08,1,0.0
ACC004076,CUST02882,Savings,Dormant,2020-08-04,BR006,437541.54,1000,4.56,0,0.0
ACC004077,CUST02883,Fixed Deposit,Dormant,2020-05-12,BR032,9359775.73,0,4.14,1,0.0
ACC004078,CUST02883,Current,Active,2021-09-24,BR032,3685575.78,10000,6.65,1,43634.0
ACC004079,CUST02884,Fixed Deposit,Active,2022-02-17,BR040,8307800.3,0,4.16,1,0.0
ACC004080,CUST02884,Savings,Closed,2015-12-23,BR040,64676.49,1000,6.18,1,0.0
ACC004081,CUST02885,Savings,Active,2023-01-22,BR038,432929.7,1000,3.98,1,0.0
ACC004082,CUST02885,Fixed Deposit,Active,2018-08-19,BR038,6778162.34,0,2.8,1,0.0
ACC004083,CUST02886,Current,Active,2023-08-31,BR008,3303413.3,10000,5.18,0,41343.0
ACC004084,CUST02886,Fixed Deposit,Active,2023-12-29,BR008,5739025.81,0,4.6,1,0.0
ACC004085,CUST02887,Fixed Deposit,Active,2019-08-05,BR008,6292108.02,0,7.2,1,0.0
ACC004086,CUST02888,Current,Active,2018-05-14,BR008,4123734.99,10000,5.35,1,46539.0
ACC004087,CUST02889,Savings,Active,2023-07-07,BR027,92762.11,1000,5.76,1,0.0
ACC004088,CUST02890,NRI,Active,2020-12-31,BR027,4812504.12,0,6.79,1,0.0
ACC004089,CUST02891,Savings,Active,2020-03-21,BR048,269178.18,1000,5.94,1,0.0
ACC004090,CUST02891,NRI,Active,2021-10-14,BR048,16437227.54,0,6.75,1,0.0
ACC004091,CUST02892,Current,Closed,2021-03-26,BR036,884559.55,10000,6.3,1,35380.0
ACC004092,CUST02893,Salary,Active,2020-08-12,BR030,83872.64,0,5.46,1,0.0
ACC004093,CUST02894,Fixed Deposit,Active,2019-10-18,BR002,5142131.42,0,6.55,1,0.0
ACC004094,CUST02895,Savings,Active,2019-01-03,BR029,1907.04,1000,4.41,0,0.0
ACC004095,CUST02896,Savings,Active,2017-12-05,BR022,255122.49,1000,3.94,1,0.0
ACC004096,CUST02897,Savings,Active,2023-06-30,BR021,288980.3,1000,2.63,1,0.0
ACC004097,CUST02897,Current,Closed,2023-07-09,BR021,798793.22,10000,6.56,1,28883.0
ACC004098,CUST02898,Fixed Deposit,Dormant,2023-10-10,BR027,3181213.25,0,5.04,1,0.0
ACC004099,CUST02898,NRI,Active,2023-09-23,BR027,4745740.36,0,3.19,1,0.0
ACC004100,CUST02899,Fixed Deposit,Active,2020-03-15,BR035,3956006.36,0,5.95,1,0.0
ACC004101,CUST02899,Salary,Active,2022-05-15,BR035,70980.98,0,2.96,1,0.0
ACC004102,CUST02900,Current,Active,2023-10-05,BR048,3954336.21,10000,6.78,1,4440.0
ACC004103,CUST02901,Salary,Active,2023-04-08,BR014,192601.52,0,6.06,1,0.0
ACC004104,CUST02902,Salary,Active,2021-12-02,BR039,258191.53,0,5.53,1,0.0
ACC004105,CUST02903,Savings,Active,2016-08-10,BR004,332619.26,1000,5.78,0,0.0
ACC004106,CUST02904,Savings,Active,2023-08-24,BR014,401125.24,1000,3.07,1,0.0
ACC004107,CUST02904,Salary,Active,2023-07-12,BR014,28114.61,0,7.22,1,0.0
ACC004108,CUST02905,Savings,Active,2023-03-18,BR023,261387.19,1000,4.53,1,0.0
ACC004109,CUST02905,Salary,Active,2019-09-08,BR023,196057.01,0,2.63,1,0.0
ACC004110,CUST02906,Salary,Active,2023-03-07,BR037,132853.83,0,5.74,1,0.0
ACC004111,CUST02907,Current,Active,2018-04-20,BR038,1872519.47,10000,6.01,1,49937.0
ACC004112,CUST02907,Savings,Active,2020-03-03,BR038,206597.19,1000,5.59,1,0.0
ACC004113,CUST02907,Fixed Deposit,Active,2020-12-20,BR038,9463928.84,0,7.4,1,0.0
ACC004114,CUST02908,Fixed Deposit,Active,2021-05-22,BR002,8048831.15,0,2.98,1,0.0
ACC004115,CUST02908,NRI,Active,2022-07-30,BR002,2698948.75,0,3.74,1,0.0
ACC004116,CUST02909,Current,Active,2022-03-16,BR005,4031078.48,10000,3.49,1,21267.0
ACC004117,CUST02910,Current,Active,2020-07-14,BR030,4200960.9,10000,5.37,0,41270.0
ACC004118,CUST02911,NRI,Active,2022-05-29,BR007,16402741.7,0,6.01,1,0.0
ACC004119,CUST02911,Savings,Active,2022-06-05,BR007,202276.25,1000,6.82,0,0.0
ACC004120,CUST02912,Savings,Active,2023-09-06,BR025,31306.69,1000,4.66,1,0.0
ACC004121,CUST02913,Salary,Active,2023-05-17,BR016,157916.48,0,2.59,1,0.0
ACC004122,CUST02914,Current,Active,2023-12-15,BR007,3535321.96,10000,3.92,1,1780.0
ACC004123,CUST02915,Savings,Active,2022-05-28,BR047,388141.31,1000,6.72,1,0.0
ACC004124,CUST02915,Current,Active,2021-07-02,BR047,2821336.72,10000,6.62,1,47723.0
ACC004125,CUST02916,Savings,Active,2022-08-10,BR042,409257.62,1000,5.68,1,0.0
ACC004126,CUST02917,Current,Active,2020-12-31,BR006,1054702.56,10000,6.06,0,47125.0
ACC004127,CUST02918,Salary,Active,2021-06-21,BR027,194585.98,0,4.19,1,0.0
ACC004128,CUST02919,Savings,Active,2023-10-14,BR003,171007.0,1000,4.69,1,0.0
ACC004129,CUST02919,Fixed Deposit,Active,2023-10-16,BR003,5860096.01,0,3.79,1,0.0
ACC004130,CUST02919,Salary,Active,2023-11-11,BR003,283216.54,0,6.88,0,0.0
ACC004131,CUST02920,Current,Active,2022-04-07,BR045,4335600.14,10000,6.0,1,39726.0
ACC004132,CUST02920,Fixed Deposit,Active,2019-11-09,BR045,5949917.56,0,4.33,0,0.0
ACC004133,CUST02920,Savings,Active,2021-07-01,BR045,37106.56,1000,4.76,1,0.0
ACC004134,CUST02921,Fixed Deposit,Active,2022-06-03,BR026,2974505.28,0,3.16,0,0.0
ACC004135,CUST02921,Savings,Active,2022-08-05,BR026,318177.47,1000,5.0,1,0.0
ACC004136,CUST02922,Savings,Active,2023-08-13,BR015,413063.26,1000,3.6,0,0.0
ACC004137,CUST02922,Salary,Active,2023-01-09,BR015,247955.51,0,5.34,0,0.0
ACC004138,CUST02923,Savings,Active,2023-02-26,BR024,337314.3,1000,2.84,1,0.0
ACC004139,CUST02924,Fixed Deposit,Active,2022-11-27,BR020,6719747.05,0,7.49,0,0.0
ACC004140,CUST02925,Current,Active,2023-02-26,BR032,1745221.54,10000,3.1,0,29554.0
ACC004141,CUST02925,Fixed Deposit,Closed,2023-08-17,BR032,1634407.03,0,7.31,1,0.0
ACC004142,CUST02926,Savings,Dormant,2022-07-02,BR029,195706.82,1000,4.63,1,0.0
ACC004143,CUST02926,Current,Active,2021-11-16,BR029,4104100.11,10000,3.51,1,43617.0
ACC004144,CUST02927,Savings,Active,2022-02-21,BR034,7337.41,1000,5.65,0,0.0
ACC004145,CUST02928,Salary,Active,2023-08-31,BR002,89285.8,0,7.16,0,0.0
ACC004146,CUST02928,Fixed Deposit,Dormant,2023-04-14,BR002,3435045.64,0,3.23,1,0.0
ACC004147,CUST02929,Fixed Deposit,Active,2022-11-19,BR034,8129231.87,0,4.87,1,0.0
ACC004148,CUST02929,Current,Active,2023-06-20,BR034,1971211.69,10000,6.94,0,18198.0
ACC004149,CUST02930,Salary,Active,2022-03-09,BR016,123588.92,0,3.56,1,0.0
ACC004150,CUST02930,Savings,Active,2021-11-18,BR016,58165.98,1000,2.78,1,0.0
ACC004151,CUST02931,Current,Dormant,2021-09-01,BR020,1135115.43,10000,3.42,0,32129.0
ACC004152,CUST02932,Savings,Active,2020-06-08,BR021,101225.56,1000,3.36,0,0.0
ACC004153,CUST02932,Current,Active,2021-07-24,BR021,936306.89,10000,7.5,1,14222.0
ACC004154,CUST02933,Savings,Active,2023-11-14,BR010,368695.43,1000,3.74,1,0.0
ACC004155,CUST02934,Savings,Dormant,2019-11-03,BR040,474414.09,1000,4.89,0,0.0
ACC004156,CUST02935,Savings,Active,2023-01-29,BR004,19235.8,1000,5.24,1,0.0
ACC004157,CUST02936,Savings,Active,2023-11-22,BR011,403857.69,1000,7.1,1,0.0
ACC004158,CUST02936,Fixed Deposit,Active,2023-06-02,BR011,9112114.31,0,5.89,1,0.0
ACC004159,CUST02936,Salary,Active,2022-05-16,BR011,93947.23,0,4.97,1,0.0
ACC004160,CUST02937,NRI,Active,2022-02-07,BR034,18043407.74,0,6.5,1,0.0
ACC004161,CUST02938,Fixed Deposit,Dormant,2022-10-06,BR039,6629227.59,0,3.15,0,0.0
ACC004162,CUST02938,Savings,Dormant,2022-08-21,BR039,250163.09,1000,7.34,1,0.0
ACC004163,CUST02939,Savings,Closed,2023-10-12,BR047,473966.76,1000,4.59,1,0.0
ACC004164,CUST02940,Savings,Dormant,2019-12-22,BR042,465814.34,1000,4.99,1,0.0
ACC004165,CUST02941,Salary,Active,2018-09-19,BR045,126986.71,0,4.56,0,0.0
ACC004166,CUST02942,Savings,Active,2023-10-18,BR007,346749.2,1000,7.28,1,0.0
ACC004167,CUST02943,Savings,Active,2018-10-29,BR026,79739.75,1000,6.07,1,0.0
ACC004168,CUST02944,Savings,Active,2021-10-25,BR039,407418.83,1000,4.74,1,0.0
ACC004169,CUST02945,NRI,Active,2019-12-02,BR036,8666607.41,0,7.04,1,0.0
ACC004170,CUST02946,Current,Active,2016-06-14,BR016,138712.56,10000,7.1,0,23916.0
ACC004171,CUST02947,NRI,Active,2019-10-07,BR031,4152467.94,0,2.58,0,0.0
ACC004172,CUST02947,Savings,Active,2019-09-21,BR031,374613.56,1000,6.32,0,0.0
ACC004173,CUST02948,Savings,Active,2023-02-24,BR035,324038.72,1000,2.7,0,0.0
ACC004174,CUST02949,Current,Active,2023-05-30,BR049,3387436.93,10000,5.34,1,15379.0
ACC004175,CUST02950,NRI,Active,2022-04-19,BR032,8392194.85,0,2.82,0,0.0
ACC004176,CUST02951,Current,Active,2023-11-09,BR024,4374779.05,10000,3.56,1,38198.0
ACC004177,CUST02952,Savings,Active,2021-01-18,BR019,385127.38,1000,4.44,1,0.0
ACC004178,CUST02952,Salary,Active,2019-05-11,BR019,64356.74,0,3.5,1,0.0
ACC004179,CUST02952,Current,Active,2023-05-28,BR019,4678721.56,10000,6.54,0,46670.0
ACC004180,CUST02953,Current,Dormant,2016-12-04,BR038,2579791.99,10000,4.07,1,44739.0
ACC004181,CUST02954,Salary,Active,2023-12-01,BR050,214187.44,0,5.15,0,0.0
ACC004182,CUST02954,Fixed Deposit,Active,2023-10-17,BR050,1734156.47,0,3.72,1,0.0
ACC004183,CUST02954,Current,Active,2023-12-03,BR050,3003815.81,10000,4.79,1,16916.0
ACC004184,CUST02955,Fixed Deposit,Active,2021-03-02,BR023,6878420.68,0,7.08,0,0.0
ACC004185,CUST02956,Current,Active,2021-02-27,BR044,4299131.51,10000,6.56,1,48077.0
ACC004186,CUST02956,Salary,Active,2023-05-11,BR044,100103.15,0,6.33,1,0.0
ACC004187,CUST02957,Savings,Active,2022-04-06,BR032,86046.12,1000,6.17,1,0.0
ACC004188,CUST02957,Current,Active,2020-12-20,BR032,244532.61,10000,5.08,1,9770.0
ACC004189,CUST02958,Current,Closed,2022-07-16,BR030,4396789.84,10000,3.71,0,9933.0
ACC004190,CUST02959,Fixed Deposit,Active,2021-06-09,BR005,5531596.54,0,5.36,1,0.0
ACC004191,CUST02959,Savings,Dormant,2022-11-12,BR005,364682.63,1000,6.47,1,0.0
ACC004192,CUST02960,Salary,Closed,2017-11-20,BR013,65254.98,0,4.64,1,0.0
ACC004193,CUST02961,Savings,Active,2018-04-05,BR008,62759.63,1000,6.57,1,0.0
ACC004194,CUST02962,Savings,Closed,2018-02-09,BR015,9275.47,1000,4.94,1,0.0
ACC004195,CUST02962,Fixed Deposit,Active,2018-11-23,BR015,6417338.93,0,4.4,1,0.0
ACC004196,CUST02962,Salary,Active,2017-06-06,BR015,237455.83,0,4.75,1,0.0
ACC004197,CUST02963,Savings,Active,2023-08-19,BR010,440477.58,1000,3.1,0,0.0
ACC004198,CUST02964,Current,Active,2023-12-19,BR014,287696.1,10000,6.33,1,19282.0
ACC004199,CUST02965,Savings,Active,2021-09-30,BR049,132680.22,1000,4.11,0,0.0
ACC004200,CUST02966,Savings,Active,2022-11-22,BR016,460112.52,1000,5.86,0,0.0
ACC004201,CUST02966,Current,Active,2022-04-27,BR016,1041366.74,10000,4.54,0,864.0
ACC004202,CUST02967,Savings,Active,2017-12-23,BR035,342908.19,1000,3.4,1,0.0
ACC004203,CUST02967,Fixed Deposit,Active,2020-02-22,BR035,1637397.73,0,4.71,0,0.0
ACC004204,CUST02968,Savings,Active,2016-01-14,BR002,99665.49,1000,6.12,1,0.0
ACC004205,CUST02969,Savings,Active,2023-08-15,BR009,359827.19,1000,5.14,1,0.0
ACC004206,CUST02970,Fixed Deposit,Closed,2022-12-22,BR041,3334432.86,0,3.0,1,0.0
ACC004207,CUST02971,Salary,Active,2023-06-03,BR014,70725.47,0,6.57,0,0.0
ACC004208,CUST02972,Current,Active,2022-02-10,BR024,2756560.39,10000,3.67,0,37166.0
ACC004209,CUST02972,NRI,Dormant,2021-08-25,BR024,7632727.04,0,4.91,0,0.0
ACC004210,CUST02973,Savings,Active,2019-01-12,BR022,28174.21,1000,4.94,1,0.0
ACC004211,CUST02974,Current,Active,2023-11-10,BR039,3977123.83,10000,4.66,0,11610.0
ACC004212,CUST02975,Savings,Active,2023-10-28,BR049,426321.3,1000,4.75,1,0.0
ACC004213,CUST02975,Fixed Deposit,Active,2023-06-09,BR049,7818575.12,0,5.29,1,0.0
ACC004214,CUST02976,NRI,Active,2021-10-11,BR030,5154652.67,0,5.41,1,0.0
ACC004215,CUST02977,Savings,Active,2021-09-11,BR031,343333.83,1000,6.51,1,0.0
ACC004216,CUST02978,Current,Active,2019-11-13,BR047,1169630.38,10000,5.11,0,41123.0
ACC004217,CUST02979,Savings,Active,2023-09-06,BR023,234899.43,1000,7.2,0,0.0
ACC004218,CUST02979,Current,Active,2023-08-18,BR023,3636580.46,10000,4.3,1,38131.0
ACC004219,CUST02980,Salary,Active,2020-04-27,BR047,259213.81,0,3.41,1,0.0
ACC004220,CUST02980,Savings,Active,2022-10-05,BR047,490192.58,1000,4.18,1,0.0
ACC004221,CUST02980,Fixed Deposit,Dormant,2023-12-07,BR047,6304749.16,0,4.0,1,0.0
ACC004222,CUST02981,Salary,Active,2023-03-31,BR002,195378.24,0,6.16,1,0.0
ACC004223,CUST02981,Fixed Deposit,Active,2022-08-23,BR002,2555160.21,0,5.65,0,0.0
ACC004224,CUST02982,Current,Active,2016-04-13,BR013,1295826.64,10000,7.17,1,33263.0
ACC004225,CUST02982,NRI,Active,2016-06-18,BR013,6959815.68,0,6.01,1,0.0
ACC004226,CUST02983,Current,Dormant,2023-06-12,BR018,2578198.51,10000,5.4,1,333.0
ACC004227,CUST02983,Savings,Active,2023-05-09,BR018,286334.62,1000,5.03,1,0.0
ACC004228,CUST02984,Savings,Active,2022-03-27,BR035,444520.02,1000,5.1,0,0.0
ACC004229,CUST02984,Fixed Deposit,Dormant,2021-01-12,BR035,701908.58,0,6.73,1,0.0
ACC004230,CUST02985,Savings,Dormant,2016-12-01,BR048,331292.66,1000,5.88,0,0.0
ACC004231,CUST02985,NRI,Active,2017-03-02,BR048,695198.78,0,3.47,1,0.0
ACC004232,CUST02986,Fixed Deposit,Dormant,2023-10-25,BR019,2220240.93,0,3.4,0,0.0
ACC004233,CUST02986,Salary,Active,2023-11-21,BR019,165136.14,0,6.74,1,0.0
ACC004234,CUST02987,Savings,Active,2023-02-05,BR036,450857.15,1000,6.39,1,0.0
ACC004235,CUST02988,Savings,Active,2021-10-29,BR045,338493.35,1000,4.11,1,0.0
ACC004236,CUST02989,Savings,Active,2022-06-14,BR011,289409.1,1000,6.94,0,0.0
ACC004237,CUST02990,Savings,Active,2023-12-08,BR043,174693.39,1000,4.56,1,0.0
ACC004238,CUST02990,Current,Active,2023-08-29,BR043,4709158.13,10000,7.09,0,29428.0
ACC004239,CUST02991,Savings,Active,2018-08-02,BR017,243000.63,1000,5.46,1,0.0
ACC004240,CUST02992,Savings,Active,2015-09-22,BR026,138940.42,1000,3.73,0,0.0
ACC004241,CUST02993,Savings,Dormant,2021-07-12,BR028,95867.4,1000,4.95,1,0.0
ACC004242,CUST02993,Salary,Active,2020-01-16,BR028,35272.77,0,5.37,0,0.0
ACC004243,CUST02994,Salary,Active,2023-07-20,BR011,282699.72,0,2.85,1,0.0
ACC004244,CUST02995,Savings,Active,2022-01-06,BR023,417355.55,1000,3.08,1,0.0
ACC004245,CUST02995,NRI,Active,2022-04-06,BR023,1104017.6,0,3.21,1,0.0
ACC004246,CUST02996,Salary,Active,2021-03-13,BR042,32560.54,0,2.83,1,0.0
ACC004247,CUST02997,Salary,Active,2022-12-25,BR002,15815.82,0,5.71,0,0.0
ACC004248,CUST02998,Fixed Deposit,Active,2022-12-04,BR017,3362155.29,0,6.16,1,0.0
ACC004249,CUST02998,Savings,Active,2023-10-18,BR017,320358.12,1000,4.03,0,0.0
ACC004250,CUST02999,Current,Active,2019-07-12,BR050,3877065.18,10000,3.3,1,30549.0
ACC004251,CUST02999,Savings,Active,2018-12-25,BR050,461872.34,1000,4.98,0,0.0
ACC004252,CUST03000,Savings,Active,2021-12-12,BR027,114525.69,1000,4.54,1,0.0
ACC004253,CUST03000,Current,Active,2022-01-23,BR027,4995997.21,10000,5.46,1,15334.0
