customer_id,customer_name,age,gender,occupation,state,city,branch_id,monthly_income,credit_score,kyc_status,registration_date,customer_segment,is_nri,referral_source
CUST00001,Siddharth Trivedi,22,M,Salaried,Maharashtra,Pune,BR026,194206.0,748,Verified,2019-10-01,Premium,0,Online
CUST00002,Siddharth Saxena,34,F,Salaried,Maharashtra,Mumbai,BR017,31695.0,678,Verified,2022-05-24,Silver,1,Branch Walk-in
CUST00003,Manoj Desai,63,F,Salaried,Andhra Pradesh,Nellore,BR013,101310.0,739,Verified,2023-11-05,Premium,0,Online
CUST00004,Rajesh Mehta,25,F,Salaried,Karnataka,Hubli,BR040,150957.0,801,Verified,2020-02-10,Premium,0,Online
CUST00005,Rina Mishra,61,M,Freelancer,Tamil Nadu,Salem,BR043,117257.0,689,Verified,2017-12-17,Premium,0,Branch Walk-in
CUST00006,Rajesh Agarwal,47,F,Business Owner,Rajasthan,Ajmer,BR039,469697.0,759,Expired,2018-08-20,Premium,0,Referral
CUST00007,Anita Mehta,39,M,Business Owner,Telangana,Khammam,BR043,138718.0,802,Verified,2018-12-30,Premium,0,Branch Walk-in
CUST00008,Seema Kapoor,44,M,Salaried,West Bengal,Asansol,BR050,180074.0,762,Verified,2018-04-23,Premium,0,Referral
CUST00009,Zara Patel,29,F,Self-Employed,Andhra Pradesh,Vijayawada,BR050,244171.0,700,Pending,2023-10-24,Premium,0,Branch Walk-in
CUST00010,Vikram Bose,66,F,Business Owner,West Bengal,Asansol,BR036,896855.0,891,Verified,2023-08-03,Premium,0,Agent
CUST00011,Pooja Trivedi,58,M,Salaried,West Bengal,Durgapur,BR049,73529.0,666,Verified,2023-11-14,Gold,0,Branch Walk-in
CUST00012,Seema Joshi,27,M,Salaried,Gujarat,Vadodara,BR035,65471.0,665,Verified,2017-08-07,Gold,0,Online
CUST00013,Sachin Mishra,55,M,Homemaker,Tamil Nadu,Salem,BR025,4730.0,695,Verified,2015-05-02,Basic,0,Referral
CUST00014,Pooja Nair,52,M,Student,Bihar,Bhagalpur,BR035,7999.0,566,Verified,2018-10-02,Basic,0,Referral
CUST00015,Utkarsh Mishra,47,F,Salaried,Madhya Pradesh,Jabalpur,BR047,185920.0,613,Verified,2015-06-17,Premium,0,Branch Walk-in
CUST00016,Shreya Tiwari,38,F,Salaried,West Bengal,Howrah,BR004,62041.0,658,Verified,2020-07-23,Gold,1,Online
CUST00017,Mihir Trivedi,52,M,Salaried,Bihar,Patna,BR031,34115.0,626,Expired,2020-12-14,Silver,0,Branch Walk-in
CUST00018,Suresh Joshi,33,M,Business Owner,Tamil Nadu,Coimbatore,BR002,169910.0,732,Verified,2016-12-11,Premium,0,Online
CUST00019,Rohit Mishra,37,F,Retired,Haryana,Gurugram,BR050,22026.0,629,Expired,2015-06-09,Silver,0,Referral
CUST00020,Anita Pandey,33,F,Retired,Karnataka,Belgaum,BR045,21624.0,599,Verified,2020-02-17,Silver,0,Branch Walk-in
CUST00021,Varun Bose,50,M,Self-Employed,Uttar Pradesh,Varanasi,BR043,199550.0,807,Verified,2015-03-20,Premium,0,Agent
CUST00022,Rina Yadav,51,F,Salaried,West Bengal,Howrah,BR028,193958.0,705,Verified,2019-08-06,Premium,0,Referral
CUST00023,Nisha Tiwari,23,M,Retired,Kerala,Kozhikode,BR021,33130.0,690,Verified,2022-09-02,Silver,0,Branch Walk-in
CUST00024,Rahul Menon,40,F,Self-Employed,Bihar,Muzaffarpur,BR012,242382.0,642,Pending,2020-10-15,Premium,0,Online
CUST00025,Ravi Agarwal,49,F,Student,Tamil Nadu,Chennai,BR016,5552.0,648,Verified,2019-02-02,Basic,0,Branch Walk-in
CUST00026,Deepak Banerjee,60,M,Salaried,Tamil Nadu,Salem,BR045,126772.0,712,Expired,2023-01-19,Premium,0,Online
CUST00027,Deepika Saxena,25,F,Salaried,West Bengal,Durgapur,BR020,151225.0,641,Verified,2020-05-14,Premium,0,Branch Walk-in
CUST00028,Arjun Bose,66,M,Business Owner,West Bengal,Durgapur,BR047,548405.0,812,Verified,2019-10-25,Premium,0,Branch Walk-in
CUST00029,Ajay Das,21,F,Salaried,Uttar Pradesh,Kanpur,BR018,121838.0,668,Verified,2017-02-23,Premium,0,Branch Walk-in
CUST00030,Deepika Bose,21,M,Salaried,West Bengal,Siliguri,BR022,69184.0,676,Verified,2023-02-16,Gold,0,Referral
CUST00031,Deepak Tiwari,23,M,Freelancer,Delhi,Dwarka,BR037,149209.0,673,Verified,2017-01-06,Premium,0,Referral
CUST00032,Suresh Pandey,55,M,Salaried,Rajasthan,Kota,BR029,198255.0,830,Expired,2020-03-12,Premium,0,Referral
CUST00033,Isha Sharma,28,M,Business Owner,Punjab,Ludhiana,BR017,277872.0,734,Verified,2016-04-11,Premium,0,Branch Walk-in
CUST00034,Ajay Mishra,22,F,Retired,Telangana,Karimnagar,BR045,59680.0,628,Pending,2019-07-02,Gold,0,Online
CUST00035,Vijay Saxena,22,F,Retired,Punjab,Ludhiana,BR018,18876.0,733,Pending,2020-03-26,Basic,0,Online
CUST00036,Vikram Saxena,49,M,Self-Employed,Telangana,Nizamabad,BR018,139761.0,634,Verified,2015-09-05,Premium,0,Camp
CUST00037,Suresh Patel,66,F,Freelancer,Bihar,Darbhanga,BR038,107397.0,714,Verified,2019-08-02,Premium,0,Online
CUST00038,Amit Iyer,70,M,Self-Employed,Telangana,Warangal,BR038,155142.0,593,Verified,2016-07-20,Premium,0,Branch Walk-in
CUST00039,Zara Singh,43,M,Business Owner,Rajasthan,Kota,BR019,822888.0,764,Verified,2015-08-17,Premium,1,Online
CUST00040,Sunita Iyer,47,F,Retired,Uttar Pradesh,Lucknow,BR043,41861.0,700,Verified,2018-03-11,Silver,0,Branch Walk-in
CUST00041,Deepika Sharma,46,F,Homemaker,Telangana,Khammam,BR009,4404.0,725,Verified,2023-03-31,Basic,0,Branch Walk-in
CUST00042,Zara Gupta,32,F,Self-Employed,Uttar Pradesh,Lucknow,BR036,297793.0,749,Verified,2016-12-06,Premium,0,Branch Walk-in
CUST00043,Tanvi Joshi,48,F,Retired,Haryana,Hisar,BR027,30843.0,679,Verified,2017-06-17,Silver,0,Agent
CUST00044,Riya Saxena,50,M,Freelancer,Telangana,Nizamabad,BR022,54732.0,672,Verified,2015-01-16,Gold,1,Online
CUST00045,Zara Krishnan,39,M,Self-Employed,Delhi,Gurgaon,BR035,172296.0,625,Verified,2021-06-01,Premium,0,Online
CUST00046,Tanvi Desai,48,F,Salaried,Tamil Nadu,Salem,BR003,148415.0,666,Verified,2021-06-26,Premium,0,Camp
CUST00047,Arjun Banerjee,24,F,Salaried,Delhi,Faridabad,BR038,177983.0,687,Verified,2022-06-28,Premium,0,Agent
CUST00048,Neha Singh,34,F,Student,Delhi,New Delhi,BR031,3386.0,744,Pending,2021-10-05,Basic,0,Online
CUST00049,Mihir Saxena,22,M,Salaried,Gujarat,Rajkot,BR035,66085.0,713,Expired,2019-11-21,Gold,0,Referral
CUST00050,Riya Iyer,19,M,Business Owner,Karnataka,Mangaluru,BR011,93691.0,592,Verified,2015-12-15,Gold,0,Online
CUST00051,Pooja Krishnan,57,F,Salaried,Madhya Pradesh,Indore,BR011,177397.0,734,Verified,2019-02-05,Premium,0,Online
CUST00052,Yash Iyer,61,F,Homemaker,Punjab,Chandigarh,BR030,2733.0,657,Verified,2016-04-03,Basic,1,Referral
CUST00053,Suresh Iyer,48,F,Government Employee,West Bengal,Durgapur,BR013,39599.0,647,Expired,2021-06-27,Silver,0,Camp
CUST00054,Vijay Saxena,61,M,Salaried,Punjab,Jalandhar,BR018,161205.0,748,Pending,2015-11-01,Premium,0,Referral
CUST00055,Ajay Gupta,57,F,Business Owner,Kerala,Kozhikode,BR015,288095.0,799,Verified,2017-04-29,Premium,0,Online
CUST00056,Karan Joshi,36,M,Salaried,Kerala,Kozhikode,BR047,82176.0,752,Verified,2022-01-25,Gold,1,Online
CUST00057,Monika Das,70,M,Salaried,Andhra Pradesh,Guntur,BR011,190233.0,667,Verified,2020-01-08,Premium,1,Branch Walk-in
CUST00058,Manoj Gupta,68,M,Self-Employed,Tamil Nadu,Salem,BR036,127454.0,686,Verified,2019-07-02,Premium,0,Online
CUST00059,Rina Nair,48,F,Business Owner,Bihar,Muzaffarpur,BR007,73773.0,714,Verified,2020-07-31,Gold,0,Referral
CUST00060,Deepika Gupta,20,M,Salaried,Punjab,Jalandhar,BR008,78264.0,754,Verified,2023-05-20,Gold,0,Online
CUST00061,Neha Gupta,64,F,Business Owner,Haryana,Panipat,BR027,196797.0,690,Verified,2022-01-22,Premium,0,Branch Walk-in
CUST00062,Anita Iyer,33,F,Self-Employed,Haryana,Hisar,BR014,258803.0,720,Expired,2016-09-09,Premium,0,Online
CUST00063,Akash Yadav,31,M,Salaried,Tamil Nadu,Chennai,BR030,137298.0,641,Expired,2015-05-13,Premium,0,Branch Walk-in
CUST00064,Priyanka Kumar,70,F,Business Owner,Bihar,Darbhanga,BR014,876211.0,783,Verified,2020-08-03,Premium,0,Camp
CUST00065,Divya Sharma,25,M,Student,Delhi,Faridabad,BR017,6611.0,730,Verified,2015-06-10,Basic,0,Branch Walk-in
CUST00066,Amit Malhotra,51,F,Student,Telangana,Hyderabad,BR009,1136.0,761,Verified,2016-01-30,Basic,0,Online
CUST00067,Neha Sharma,60,M,Student,Kerala,Kochi,BR047,5215.0,676,Verified,2022-10-17,Basic,0,Referral
CUST00068,Divya Reddy,38,F,Homemaker,West Bengal,Siliguri,BR005,3041.0,740,Verified,2016-02-13,Basic,0,Online
CUST00069,Neha Trivedi,56,F,Self-Employed,Kerala,Kollam,BR019,137607.0,729,Verified,2016-12-11,Premium,0,Online
CUST00070,Sanjay Rao,47,M,Salaried,Andhra Pradesh,Visakhapatnam,BR027,94778.0,660,Verified,2016-08-13,Gold,1,Referral
CUST00071,Divya Chatterjee,23,M,Retired,West Bengal,Kolkata,BR006,43072.0,710,Expired,2021-05-04,Silver,0,Referral
CUST00072,Riya Pandey,45,M,Freelancer,Rajasthan,Udaipur,BR043,132852.0,798,Verified,2015-11-16,Premium,0,Branch Walk-in
CUST00073,Suresh Nair,53,F,Self-Employed,West Bengal,Howrah,BR007,119755.0,701,Verified,2019-09-27,Premium,1,Referral
CUST00074,Aditi Verma,60,M,Business Owner,Kerala,Kollam,BR002,837988.0,900,Verified,2019-07-20,Premium,0,Online
CUST00075,Anjali Saxena,22,F,Business Owner,Delhi,Dwarka,BR037,184781.0,559,Verified,2015-07-10,Premium,0,Branch Walk-in
CUST00076,Ishaan Verma,56,F,Freelancer,Telangana,Karimnagar,BR050,31044.0,735,Verified,2015-11-23,Silver,0,Online
CUST00077,Deepika Iyer,35,M,Self-Employed,Rajasthan,Kota,BR039,76437.0,700,Verified,2023-09-19,Gold,0,Online
CUST00078,Rohit Joshi,56,F,Salaried,Punjab,Amritsar,BR003,34587.0,668,Verified,2018-06-24,Silver,0,Branch Walk-in
CUST00079,Deepak Bose,52,F,Salaried,West Bengal,Siliguri,BR012,148142.0,715,Verified,2023-07-06,Premium,0,Referral
CUST00080,Seema Trivedi,38,M,Homemaker,Rajasthan,Jaipur,BR030,2879.0,561,Verified,2021-11-17,Basic,0,Online
CUST00081,Nisha Rao,41,F,Retired,Madhya Pradesh,Ujjain,BR030,20728.0,670,Verified,2016-10-19,Silver,0,Online
CUST00082,Sunita Banerjee,22,M,Student,Gujarat,Surat,BR022,5105.0,702,Verified,2016-12-09,Basic,0,Camp
CUST00083,Sachin Tiwari,34,F,Salaried,Punjab,Ludhiana,BR016,59523.0,780,Verified,2017-08-07,Gold,0,Online
CUST00084,Ajay Shah,61,M,Business Owner,Madhya Pradesh,Ujjain,BR049,927947.0,834,Verified,2020-07-01,Premium,0,Online
CUST00085,Aditya Patel,22,M,Self-Employed,Telangana,Khammam,BR004,103466.0,652,Verified,2022-09-09,Premium,0,Camp
CUST00086,Yash Krishnan,47,F,Self-Employed,Karnataka,Belgaum,BR039,180394.0,685,Verified,2015-09-12,Premium,0,Online
CUST00087,Rajesh Trivedi,39,M,Salaried,Delhi,New Delhi,BR029,196917.0,774,Verified,2016-06-08,Premium,0,Online
CUST00088,Anita Pandey,36,M,Self-Employed,Uttar Pradesh,Allahabad,BR011,125414.0,724,Verified,2020-10-03,Premium,0,Online
CUST00089,Shreya Singh,60,F,Salaried,Uttar Pradesh,Varanasi,BR019,193772.0,686,Verified,2017-07-23,Premium,0,Camp
CUST00090,Neha Yadav,23,M,Business Owner,Haryana,Rohtak,BR009,344103.0,779,Verified,2021-05-29,Premium,0,Agent
CUST00091,Sneha Mehta,45,M,Business Owner,Punjab,Patiala,BR006,533064.0,792,Verified,2015-04-24,Premium,0,Online
CUST00092,Aditya Desai,68,M,Salaried,Tamil Nadu,Coimbatore,BR010,42700.0,746,Verified,2023-12-16,Silver,0,Online
CUST00093,Aditya Rao,69,M,Student,Delhi,Dwarka,BR045,9027.0,639,Verified,2022-06-12,Basic,1,Online
CUST00094,Kavya Iyer,37,F,Self-Employed,Madhya Pradesh,Jabalpur,BR015,290195.0,718,Verified,2022-12-24,Premium,0,Referral
CUST00095,Priya Patel,28,F,Self-Employed,Madhya Pradesh,Jabalpur,BR033,247814.0,706,Pending,2017-05-09,Premium,0,Branch Walk-in
CUST00096,Rajesh Kumar,66,F,Salaried,Bihar,Darbhanga,BR008,53055.0,602,Verified,2022-08-23,Gold,0,Referral
CUST00097,Tanvi Singh,43,M,Self-Employed,Andhra Pradesh,Guntur,BR002,158072.0,729,Verified,2019-01-05,Premium,0,Referral
CUST00098,Ravi Bose,36,M,Salaried,Punjab,Amritsar,BR010,185544.0,732,Verified,2023-01-14,Premium,0,Branch Walk-in
CUST00099,Vikram Gupta,27,F,Salaried,Karnataka,Bengaluru,BR017,121041.0,704,Verified,2023-12-24,Premium,0,Branch Walk-in
CUST00100,Ajay Banerjee,49,F,Salaried,Punjab,Patiala,BR030,129429.0,691,Verified,2015-04-13,Premium,0,Branch Walk-in
CUST00101,Sneha Singh,60,F,Self-Employed,Gujarat,Surat,BR037,205441.0,636,Verified,2023-11-27,Premium,0,Online
CUST00102,Monika Sharma,42,M,Salaried,Maharashtra,Thane,BR031,196682.0,694,Verified,2019-04-26,Premium,0,Referral
CUST00103,Neha Verma,26,F,Student,Karnataka,Belgaum,BR048,443.0,659,Verified,2020-10-04,Basic,1,Online
CUST00104,Aditya Yadav,47,M,Student,Delhi,Dwarka,BR005,370.0,631,Verified,2018-06-06,Basic,0,Online
CUST00105,Siddharth Das,66,F,Salaried,Bihar,Darbhanga,BR031,138208.0,697,Pending,2019-11-13,Premium,0,Branch Walk-in
CUST00106,Pooja Kapoor,42,M,Student,Gujarat,Rajkot,BR026,3390.0,704,Pending,2018-03-06,Basic,0,Referral
CUST00107,Sanjay Gupta,70,M,Self-Employed,Haryana,Rohtak,BR006,66430.0,806,Verified,2019-12-31,Gold,0,Online
CUST00108,Rina Rao,46,M,Self-Employed,Rajasthan,Jodhpur,BR045,27071.0,695,Expired,2020-12-30,Silver,0,Branch Walk-in
CUST00109,Ishaan Das,65,F,Self-Employed,Punjab,Jalandhar,BR024,208632.0,737,Verified,2015-07-13,Premium,0,Branch Walk-in
CUST00110,Anita Malhotra,54,F,Self-Employed,Madhya Pradesh,Gwalior,BR024,24230.0,680,Verified,2017-08-11,Silver,0,Online
CUST00111,Aditi Saxena,35,M,Salaried,Uttar Pradesh,Agra,BR026,68682.0,578,Verified,2016-12-05,Gold,0,Branch Walk-in
CUST00112,Kavya Gupta,57,M,Self-Employed,Madhya Pradesh,Gwalior,BR046,96389.0,697,Verified,2023-05-11,Gold,0,Referral
CUST00113,Rohit Das,22,M,Salaried,Karnataka,Hubli,BR043,121250.0,707,Verified,2019-12-10,Premium,0,Branch Walk-in
CUST00114,Pooja Sharma,30,M,Salaried,Gujarat,Gandhinagar,BR015,163611.0,860,Verified,2019-01-11,Premium,0,Camp
CUST00115,Sunita Rao,43,F,Salaried,Delhi,Faridabad,BR006,199929.0,708,Verified,2023-02-22,Premium,0,Camp
CUST00116,Priyanka Kumar,51,M,Self-Employed,Punjab,Chandigarh,BR029,113187.0,720,Pending,2018-02-04,Premium,0,Branch Walk-in
CUST00117,Riya Das,63,M,Salaried,Delhi,Noida,BR011,64457.0,690,Verified,2023-10-30,Gold,1,Branch Walk-in
CUST00118,Isha Desai,50,F,Self-Employed,Punjab,Amritsar,BR040,197681.0,649,Pending,2017-08-16,Premium,0,Agent
CUST00119,Neha Joshi,59,F,Salaried,Maharashtra,Mumbai,BR006,159929.0,780,Verified,2019-07-03,Premium,0,Online
CUST00120,Rohit Malhotra,37,M,Business Owner,Punjab,Patiala,BR019,508798.0,826,Verified,2021-11-28,Premium,0,Online
CUST00121,Utkarsh Kumar,63,F,Salaried,Tamil Nadu,Madurai,BR039,80880.0,743,Verified,2020-11-16,Gold,0,Branch Walk-in
CUST00122,Rina Rao,24,M,Salaried,Karnataka,Hubli,BR029,33856.0,632,Pending,2021-07-15,Silver,0,Online
CUST00123,Pooja Menon,49,M,Student,Kerala,Kozhikode,BR013,9960.0,766,Verified,2022-12-10,Basic,0,Online
CUST00124,Riya Chatterjee,21,M,Self-Employed,Tamil Nadu,Coimbatore,BR038,95187.0,614,Verified,2023-01-03,Gold,0,Branch Walk-in
CUST00125,Sneha Chatterjee,21,M,Salaried,Gujarat,Rajkot,BR024,124799.0,740,Verified,2018-04-24,Premium,0,Online
CUST00126,Sneha Yadav,26,F,Business Owner,Bihar,Darbhanga,BR044,976329.0,900,Verified,2021-09-13,Premium,0,Branch Walk-in
CUST00127,Amit Banerjee,20,M,Self-Employed,Kerala,Kollam,BR026,26090.0,625,Verified,2020-08-31,Silver,0,Online
CUST00128,Rekha Shah,57,M,Self-Employed,Kerala,Kozhikode,BR011,225706.0,691,Verified,2020-02-03,Premium,0,Online
CUST00129,Anil Das,25,F,Salaried,West Bengal,Kolkata,BR024,196482.0,725,Verified,2020-03-26,Premium,0,Camp
CUST00130,Sunita Trivedi,21,F,Salaried,Madhya Pradesh,Ujjain,BR037,127117.0,675,Verified,2017-11-25,Premium,0,Referral
CUST00131,Sanjay Rao,25,M,Freelancer,Tamil Nadu,Chennai,BR037,44802.0,595,Verified,2022-07-03,Silver,0,Referral
CUST00132,Deepak Shah,63,Other,Student,Andhra Pradesh,Tirupati,BR048,1381.0,684,Verified,2018-07-12,Basic,0,Camp
CUST00133,Rina Agarwal,61,M,Self-Employed,West Bengal,Asansol,BR022,235017.0,663,Verified,2019-07-01,Premium,0,Branch Walk-in
CUST00134,Siddharth Chatterjee,63,F,Salaried,Telangana,Karimnagar,BR046,110576.0,730,Verified,2023-03-01,Premium,0,Branch Walk-in
CUST00135,Riya Patel,43,M,Homemaker,Punjab,Patiala,BR025,4092.0,625,Verified,2017-06-29,Basic,0,Online
CUST00136,Divya Gupta,52,F,Salaried,Telangana,Nizamabad,BR014,72448.0,787,Verified,2019-08-15,Gold,0,Referral
CUST00137,Arjun Desai,24,F,Salaried,Uttar Pradesh,Kanpur,BR041,97328.0,652,Verified,2023-01-14,Gold,0,Agent
CUST00138,Riya Trivedi,66,M,Business Owner,Rajasthan,Kota,BR031,965718.0,853,Verified,2020-06-18,Premium,0,Branch Walk-in
CUST00139,Utkarsh Yadav,29,M,Self-Employed,Haryana,Gurugram,BR012,281168.0,785,Pending,2015-08-14,Premium,1,Agent
CUST00140,Riya Malhotra,56,F,Salaried,Andhra Pradesh,Vijayawada,BR001,43778.0,614,Verified,2020-09-12,Silver,0,Agent
CUST00141,Anil Malhotra,69,F,Salaried,Bihar,Darbhanga,BR030,44713.0,702,Verified,2017-10-06,Silver,0,Online
CUST00142,Vikram Banerjee,29,M,Student,Telangana,Khammam,BR044,6110.0,759,Verified,2021-11-24,Basic,0,Camp
CUST00143,Shreya Mehta,42,F,Salaried,West Bengal,Durgapur,BR016,66216.0,596,Verified,2019-07-18,Gold,0,Online
CUST00144,Seema Tiwari,37,M,Salaried,Tamil Nadu,Chennai,BR043,52950.0,701,Verified,2023-07-20,Gold,0,Branch Walk-in
CUST00145,Varun Kapoor,48,F,Freelancer,Kerala,Thiruvananthapuram,BR015,39914.0,703,Verified,2021-05-10,Silver,0,Referral
CUST00146,Sunita Kapoor,68,M,Student,Tamil Nadu,Coimbatore,BR044,819.0,727,Pending,2022-08-07,Basic,0,Referral
CUST00147,Yash Gupta,27,F,Business Owner,Andhra Pradesh,Nellore,BR013,206310.0,647,Verified,2023-11-08,Premium,0,Agent
CUST00148,Deepak Malhotra,44,F,Salaried,West Bengal,Kolkata,BR030,104940.0,621,Verified,2015-12-25,Premium,0,Branch Walk-in
CUST00149,Manoj Patel,45,F,Salaried,Maharashtra,Pune,BR038,85293.0,728,Verified,2016-02-01,Gold,0,Branch Walk-in
CUST00150,Sneha Menon,59,M,Salaried,Rajasthan,Jodhpur,BR050,196208.0,737,Pending,2022-02-25,Premium,0,Online
CUST00151,Sunita Kumar,40,F,Business Owner,Punjab,Patiala,BR009,162702.0,727,Verified,2021-09-08,Premium,0,Branch Walk-in
CUST00152,Nisha Malhotra,45,M,Student,Telangana,Nizamabad,BR044,5319.0,701,Verified,2018-11-28,Basic,0,Referral
CUST00153,Nisha Joshi,67,M,Self-Employed,Karnataka,Bengaluru,BR043,281828.0,695,Verified,2015-04-08,Premium,0,Referral
CUST00154,Sachin Das,43,F,Student,Bihar,Patna,BR016,4390.0,694,Verified,2018-09-12,Basic,1,Branch Walk-in
CUST00155,Nisha Mehta,67,F,Business Owner,Andhra Pradesh,Nellore,BR021,688905.0,835,Expired,2020-06-15,Premium,0,Online
CUST00156,Deepak Agarwal,65,M,Freelancer,Telangana,Hyderabad,BR036,138505.0,664,Verified,2022-04-08,Premium,0,Online
CUST00157,Sachin Chatterjee,27,M,Self-Employed,Uttar Pradesh,Agra,BR045,100468.0,812,Verified,2018-02-16,Premium,0,Referral
CUST00158,Tanvi Nair,44,M,Business Owner,Madhya Pradesh,Jabalpur,BR004,579422.0,824,Verified,2017-04-13,Premium,0,Online
CUST00159,Anita Pandey,30,F,Student,Gujarat,Ahmedabad,BR035,515.0,608,Pending,2021-06-01,Basic,0,Referral
CUST00160,Meera Krishnan,39,M,Self-Employed,Haryana,Panipat,BR014,101409.0,739,Verified,2015-04-06,Premium,0,Referral
CUST00161,Deepak Shah,31,F,Business Owner,Andhra Pradesh,Visakhapatnam,BR045,426800.0,706,Verified,2019-01-27,Premium,0,Online
CUST00162,Sachin Bose,47,M,Homemaker,Telangana,Karimnagar,BR033,493.0,727,Verified,2022-12-27,Basic,0,Branch Walk-in
CUST00163,Riya Kumar,34,M,Salaried,Bihar,Gaya,BR048,121830.0,773,Verified,2022-02-07,Premium,0,Branch Walk-in
CUST00164,Zara Verma,49,F,Student,Uttar Pradesh,Agra,BR017,9665.0,632,Verified,2023-05-07,Basic,0,Online
CUST00165,Sunil Patel,51,F,Freelancer,Delhi,Faridabad,BR042,24397.0,742,Verified,2016-04-06,Silver,0,Branch Walk-in
CUST00166,Sunil Agarwal,47,M,Salaried,Haryana,Faridabad,BR001,90310.0,722,Verified,2023-03-22,Gold,0,Branch Walk-in
CUST00167,Karan Gupta,19,F,Government Employee,Haryana,Hisar,BR035,75199.0,744,Verified,2022-04-29,Gold,0,Online
CUST00168,Zara Mishra,23,M,Student,Telangana,Karimnagar,BR018,3731.0,794,Verified,2021-11-27,Basic,0,Referral
CUST00169,Ajay Sharma,42,F,Self-Employed,Karnataka,Bengaluru,BR006,172520.0,699,Verified,2015-12-15,Premium,0,Online
CUST00170,Rahul Patel,20,F,Homemaker,Gujarat,Gandhinagar,BR007,1149.0,635,Verified,2023-02-02,Basic,0,Online
CUST00171,Rekha Kumar,38,F,Homemaker,Punjab,Chandigarh,BR012,78.0,626,Verified,2018-07-11,Basic,0,Branch Walk-in
CUST00172,Tanvi Tiwari,42,F,Business Owner,Delhi,Faridabad,BR016,693183.0,769,Verified,2020-08-23,Premium,0,Branch Walk-in
CUST00173,Vijay Tiwari,32,F,Salaried,Haryana,Hisar,BR004,171768.0,709,Verified,2020-10-17,Premium,1,Online
CUST00174,Vikram Verma,40,F,Self-Employed,Punjab,Amritsar,BR029,172616.0,734,Verified,2021-05-21,Premium,0,Online
CUST00175,Monika Pillai,35,M,Salaried,Madhya Pradesh,Indore,BR046,51989.0,706,Verified,2017-08-16,Gold,0,Online
CUST00176,Varun Gupta,29,M,Salaried,Gujarat,Vadodara,BR007,100421.0,749,Verified,2023-09-20,Premium,0,Online
CUST00177,Suresh Banerjee,42,M,Salaried,Gujarat,Rajkot,BR001,161355.0,713,Verified,2019-02-17,Premium,0,Online
CUST00178,Ananya Iyer,35,M,Salaried,West Bengal,Howrah,BR005,98693.0,786,Verified,2023-03-28,Gold,0,Online
CUST00179,Rina Pillai,18,F,Salaried,Tamil Nadu,Salem,BR007,191044.0,702,Verified,2020-08-26,Premium,0,Referral
CUST00180,Amit Shah,56,M,Salaried,Bihar,Darbhanga,BR009,190774.0,881,Verified,2018-06-02,Premium,0,Referral
CUST00181,Sneha Gupta,38,F,Student,Punjab,Jalandhar,BR037,3761.0,718,Verified,2021-09-07,Basic,1,Branch Walk-in
CUST00182,Yash Yadav,47,M,Freelancer,Madhya Pradesh,Ujjain,BR002,142587.0,657,Verified,2018-07-26,Premium,0,Referral
CUST00183,Seema Rao,33,F,Business Owner,Rajasthan,Kota,BR009,290048.0,673,Verified,2017-08-15,Premium,1,Online
CUST00184,Sneha Kapoor,62,F,Homemaker,Rajasthan,Ajmer,BR033,2092.0,709,Verified,2015-08-17,Basic,0,Branch Walk-in
CUST00185,Suresh Trivedi,28,F,Business Owner,Madhya Pradesh,Indore,BR043,664650.0,799,Verified,2015-10-03,Premium,0,Camp
CUST00186,Deepak Mishra,32,F,Salaried,Rajasthan,Jaipur,BR001,114368.0,745,Verified,2023-10-29,Premium,0,Online
CUST00187,Arjun Mehta,40,M,Self-Employed,Punjab,Patiala,BR045,299345.0,768,Expired,2023-03-19,Premium,0,Agent
CUST00188,Siddharth Agarwal,68,M,Salaried,Delhi,Noida,BR020,61202.0,687,Verified,2023-03-20,Gold,0,Branch Walk-in
CUST00189,Monika Nair,59,M,Retired,Maharashtra,Mumbai,BR002,22109.0,633,Verified,2017-10-18,Silver,0,Online
CUST00190,Utkarsh Sharma,29,F,Business Owner,West Bengal,Howrah,BR026,658455.0,720,Pending,2022-05-09,Premium,0,Online
CUST00191,Suresh Gupta,63,F,Salaried,Maharashtra,Pune,BR014,166528.0,686,Verified,2016-01-24,Premium,0,Branch Walk-in
CUST00192,Vijay Pillai,51,F,Retired,Karnataka,Hubli,BR043,77785.0,746,Verified,2020-05-01,Gold,0,Referral
CUST00193,Anita Kumar,37,M,Student,Kerala,Thiruvananthapuram,BR044,9187.0,694,Verified,2016-06-10,Basic,0,Online
CUST00194,Karan Agarwal,26,F,Self-Employed,Delhi,Faridabad,BR025,178820.0,641,Verified,2022-03-13,Premium,0,Camp
CUST00195,Rina Patel,29,F,Salaried,Uttar Pradesh,Kanpur,BR032,80052.0,706,Expired,2022-09-03,Gold,0,Branch Walk-in
CUST00196,Seema Bose,44,M,Business Owner,Rajasthan,Ajmer,BR033,700462.0,843,Verified,2022-01-26,Premium,0,Referral
CUST00197,Suresh Saxena,52,F,Salaried,Tamil Nadu,Madurai,BR003,75517.0,642,Verified,2022-10-12,Gold,0,Online
CUST00198,Manoj Joshi,66,F,Self-Employed,Telangana,Khammam,BR024,26859.0,694,Verified,2022-07-05,Silver,0,Referral
CUST00199,Priyanka Yadav,70,M,Salaried,Telangana,Hyderabad,BR029,40222.0,691,Verified,2016-12-30,Silver,0,Online
CUST00200,Meera Yadav,57,M,Self-Employed,Haryana,Panipat,BR041,54682.0,622,Verified,2018-07-07,Gold,0,Online
CUST00201,Divya Tiwari,50,F,Business Owner,Gujarat,Vadodara,BR019,986214.0,898,Pending,2016-08-14,Premium,1,Agent
CUST00202,Pooja Kumar,38,F,Salaried,Delhi,Dwarka,BR016,169984.0,747,Verified,2021-09-06,Premium,0,Online
CUST00203,Zara Agarwal,35,M,Self-Employed,Punjab,Chandigarh,BR026,212991.0,787,Verified,2021-04-12,Premium,0,Referral
CUST00204,Meera Rao,40,F,Business Owner,Haryana,Rohtak,BR041,857601.0,900,Verified,2021-10-07,Premium,0,Branch Walk-in
CUST00205,Aditya Gupta,49,F,Business Owner,Uttar Pradesh,Allahabad,BR009,798888.0,757,Verified,2015-10-28,Premium,0,Agent
CUST00206,Neha Mehta,45,M,Salaried,Delhi,Gurgaon,BR030,60406.0,635,Pending,2017-03-30,Gold,0,Referral
CUST00207,Ajay Mehta,59,F,Business Owner,Telangana,Hyderabad,BR024,207249.0,752,Verified,2021-09-28,Premium,0,Branch Walk-in
CUST00208,Anita Malhotra,26,M,Self-Employed,Karnataka,Bengaluru,BR014,184199.0,747,Verified,2023-11-02,Premium,0,Camp
CUST00209,Arjun Shah,42,M,Salaried,Rajasthan,Jodhpur,BR031,40633.0,719,Verified,2016-09-28,Silver,0,Referral
CUST00210,Rina Trivedi,27,M,Government Employee,Bihar,Gaya,BR042,36157.0,900,Verified,2015-02-22,Silver,0,Referral
CUST00211,Divya Tiwari,31,M,Business Owner,Andhra Pradesh,Tirupati,BR040,132354.0,740,Verified,2016-09-16,Premium,0,Online
CUST00212,Priyanka Kapoor,23,M,Salaried,Madhya Pradesh,Indore,BR016,68429.0,761,Verified,2019-11-06,Gold,0,Branch Walk-in
CUST00213,Pooja Pillai,36,M,Student,Kerala,Kollam,BR013,6462.0,738,Verified,2019-01-27,Basic,0,Online
CUST00214,Sachin Agarwal,54,F,Salaried,Maharashtra,Nagpur,BR021,98651.0,738,Verified,2017-12-09,Gold,0,Branch Walk-in
CUST00215,Ajay Kapoor,68,M,Homemaker,Telangana,Warangal,BR003,1990.0,661,Verified,2019-11-16,Basic,0,Branch Walk-in
CUST00216,Meera Yadav,23,M,Salaried,Uttar Pradesh,Allahabad,BR040,79234.0,741,Verified,2023-09-13,Gold,0,Referral
CUST00217,Akash Nair,64,M,Business Owner,Punjab,Chandigarh,BR020,955757.0,824,Verified,2019-01-22,Premium,0,Online
CUST00218,Pooja Iyer,26,F,Salaried,Telangana,Warangal,BR008,147762.0,695,Verified,2017-10-15,Premium,0,Branch Walk-in
CUST00219,Vikram Reddy,67,F,Homemaker,Delhi,Noida,BR047,4499.0,651,Verified,2020-09-12,Basic,1,Online
CUST00220,Sneha Verma,49,M,Self-Employed,West Bengal,Siliguri,BR033,259918.0,736,Verified,2017-11-02,Premium,0,Referral
CUST00221,Sneha Pillai,18,F,Salaried,Tamil Nadu,Trichy,BR001,67797.0,832,Verified,2023-01-10,Gold,1,Branch Walk-in
CUST00222,Rahul Bose,44,M,Salaried,Madhya Pradesh,Jabalpur,BR015,185275.0,605,Verified,2020-06-11,Premium,0,Agent
CUST00223,Riya Tiwari,43,F,Government Employee,Delhi,Dwarka,BR034,36203.0,728,Verified,2022-11-29,Silver,0,Branch Walk-in
CUST00224,Sneha Mishra,65,F,Student,Tamil Nadu,Madurai,BR037,6227.0,584,Expired,2022-11-22,Basic,0,Referral
CUST00225,Ajay Bose,44,F,Salaried,Uttar Pradesh,Kanpur,BR010,29184.0,657,Verified,2020-11-22,Silver,0,Referral
CUST00226,Ishaan Kapoor,33,M,Salaried,Rajasthan,Udaipur,BR007,98468.0,765,Verified,2016-01-08,Gold,0,Referral
CUST00227,Divya Trivedi,23,F,Government Employee,Rajasthan,Udaipur,BR030,82269.0,700,Verified,2023-08-07,Gold,0,Online
CUST00228,Ravi Bose,38,F,Salaried,Delhi,Dwarka,BR019,187057.0,652,Verified,2021-09-07,Premium,0,Branch Walk-in
CUST00229,Yash Malhotra,24,M,Student,Tamil Nadu,Coimbatore,BR050,1554.0,637,Verified,2017-10-18,Basic,0,Referral
CUST00230,Seema Kapoor,25,F,Salaried,West Bengal,Durgapur,BR030,40824.0,728,Verified,2020-03-05,Silver,0,Branch Walk-in
CUST00231,Karan Sharma,21,F,Self-Employed,Haryana,Faridabad,BR023,207997.0,677,Pending,2019-06-05,Premium,0,Online
CUST00232,Priyanka Nair,26,M,Retired,Karnataka,Mangaluru,BR007,22894.0,697,Verified,2016-01-19,Silver,0,Online
CUST00233,Kavya Menon,70,F,Business Owner,Punjab,Chandigarh,BR038,121238.0,706,Verified,2016-02-05,Premium,0,Referral
CUST00234,Anil Pillai,47,M,Salaried,Madhya Pradesh,Gwalior,BR008,33862.0,647,Verified,2022-05-15,Silver,0,Online
CUST00235,Neha Mehta,27,M,Salaried,Andhra Pradesh,Visakhapatnam,BR018,31064.0,814,Pending,2019-03-08,Silver,0,Branch Walk-in
CUST00236,Tanvi Yadav,69,F,Salaried,Rajasthan,Jodhpur,BR027,117017.0,741,Verified,2015-05-02,Premium,0,Online
CUST00237,Aditi Menon,29,F,Self-Employed,Kerala,Kollam,BR021,22428.0,562,Verified,2018-09-22,Silver,0,Online
CUST00238,Rahul Chatterjee,24,F,Government Employee,Gujarat,Gandhinagar,BR015,52307.0,701,Pending,2019-02-07,Gold,0,Camp
CUST00239,Monika Kapoor,29,M,Self-Employed,Tamil Nadu,Trichy,BR025,65189.0,653,Verified,2020-05-30,Gold,0,Online
CUST00240,Manoj Mehta,30,M,Business Owner,Kerala,Kollam,BR010,844862.0,900,Verified,2023-05-17,Premium,0,Online
CUST00241,Shreya Kapoor,57,M,Salaried,Maharashtra,Nashik,BR031,60256.0,644,Verified,2017-03-21,Gold,0,Branch Walk-in
CUST00242,Sneha Singh,67,M,Homemaker,Delhi,Faridabad,BR046,555.0,673,Pending,2023-12-15,Basic,0,Branch Walk-in
CUST00243,Neha Shah,64,M,Government Employee,Telangana,Karimnagar,BR009,115382.0,733,Expired,2023-04-16,Premium,0,Agent
CUST00244,Anil Kapoor,70,M,Business Owner,Madhya Pradesh,Gwalior,BR015,216584.0,775,Verified,2020-03-21,Premium,0,Referral
CUST00245,Rina Nair,20,F,Freelancer,Kerala,Thrissur,BR050,43671.0,616,Verified,2020-05-31,Silver,0,Online
CUST00246,Seema Desai,28,F,Government Employee,Karnataka,Mysuru,BR023,87257.0,677,Pending,2016-07-05,Gold,0,Branch Walk-in
CUST00247,Tanvi Malhotra,24,F,Salaried,Tamil Nadu,Chennai,BR023,151072.0,681,Expired,2015-10-27,Premium,0,Online
CUST00248,Isha Malhotra,48,M,Self-Employed,Rajasthan,Udaipur,BR035,239788.0,688,Verified,2018-11-02,Premium,0,Online
CUST00249,Deepak Menon,42,F,Salaried,Karnataka,Bengaluru,BR022,53158.0,796,Verified,2016-04-11,Gold,1,Agent
CUST00250,Isha Patel,28,M,Freelancer,Haryana,Gurugram,BR028,98951.0,724,Verified,2022-05-22,Gold,0,Referral
CUST00251,Utkarsh Mishra,37,F,Business Owner,Haryana,Panipat,BR017,275671.0,659,Verified,2015-11-05,Premium,0,Branch Walk-in
CUST00252,Meera Verma,48,F,Business Owner,Karnataka,Hubli,BR043,239691.0,783,Expired,2015-06-09,Premium,0,Branch Walk-in
CUST00253,Karan Iyer,60,F,Self-Employed,Madhya Pradesh,Jabalpur,BR031,90526.0,825,Verified,2021-08-05,Gold,0,Branch Walk-in
CUST00254,Anjali Desai,54,M,Retired,West Bengal,Durgapur,BR015,19007.0,745,Verified,2016-08-23,Basic,1,Online
CUST00255,Suresh Menon,44,M,Retired,Uttar Pradesh,Lucknow,BR025,77766.0,604,Verified,2023-01-29,Gold,0,Agent
CUST00256,Deepika Tiwari,69,M,Homemaker,Maharashtra,Nashik,BR037,2857.0,651,Pending,2017-07-05,Basic,0,Branch Walk-in
CUST00257,Vijay Reddy,61,M,Self-Employed,Tamil Nadu,Coimbatore,BR003,139087.0,783,Verified,2017-07-07,Premium,0,Branch Walk-in
CUST00258,Ravi Pandey,35,F,Salaried,Uttar Pradesh,Varanasi,BR036,115945.0,660,Verified,2015-03-18,Premium,0,Branch Walk-in
CUST00259,Riya Das,24,F,Student,Kerala,Kollam,BR038,9249.0,708,Verified,2016-09-19,Basic,0,Online
CUST00260,Rina Pandey,29,F,Self-Employed,West Bengal,Asansol,BR039,93493.0,745,Verified,2017-06-12,Gold,0,Agent
CUST00261,Shreya Bose,35,F,Student,Haryana,Faridabad,BR004,8970.0,626,Verified,2015-05-06,Basic,0,Agent
CUST00262,Rahul Saxena,65,M,Salaried,Punjab,Chandigarh,BR015,102544.0,696,Verified,2020-06-16,Premium,0,Branch Walk-in
CUST00263,Rajesh Yadav,51,M,Self-Employed,Bihar,Bhagalpur,BR048,262149.0,537,Verified,2015-12-16,Premium,0,Branch Walk-in
CUST00264,Akash Nair,30,M,Salaried,Bihar,Darbhanga,BR037,178157.0,654,Verified,2018-06-01,Premium,0,Branch Walk-in
CUST00265,Sneha Agarwal,25,F,Self-Employed,Gujarat,Rajkot,BR033,209135.0,706,Verified,2019-02-12,Premium,0,Online
CUST00266,Riya Sharma,34,M,Retired,Gujarat,Vadodara,BR011,63682.0,617,Verified,2016-07-15,Gold,0,Camp
CUST00267,Rajesh Sharma,31,F,Salaried,Bihar,Gaya,BR042,72090.0,792,Expired,2021-12-19,Gold,0,Online
CUST00268,Seema Kapoor,32,F,Retired,Delhi,Dwarka,BR039,31405.0,600,Verified,2020-03-13,Silver,0,Online
CUST00269,Rekha Gupta,51,M,Salaried,Telangana,Warangal,BR030,169254.0,687,Expired,2021-10-03,Premium,1,Referral
CUST00270,Shreya Reddy,61,F,Salaried,Uttar Pradesh,Allahabad,BR039,43918.0,696,Pending,2016-02-01,Silver,0,Referral
CUST00271,Vijay Pillai,66,F,Salaried,Andhra Pradesh,Guntur,BR013,67053.0,779,Verified,2015-12-19,Gold,0,Referral
CUST00272,Shreya Saxena,65,F,Self-Employed,Telangana,Karimnagar,BR027,25066.0,598,Verified,2018-03-26,Silver,0,Online
CUST00273,Riya Gupta,28,M,Salaried,Punjab,Amritsar,BR033,172112.0,784,Verified,2018-01-30,Premium,0,Online
CUST00274,Mihir Saxena,59,F,Homemaker,Andhra Pradesh,Visakhapatnam,BR044,446.0,680,Verified,2021-01-16,Basic,0,Online
CUST00275,Amit Menon,48,M,Retired,Kerala,Kozhikode,BR030,18489.0,624,Verified,2016-03-18,Basic,0,Online
CUST00276,Ishaan Shah,30,F,Salaried,Rajasthan,Jaipur,BR010,84967.0,724,Verified,2022-10-14,Gold,0,Online
CUST00277,Suresh Tiwari,46,M,Salaried,Delhi,Noida,BR041,72867.0,706,Verified,2017-11-13,Gold,0,Branch Walk-in
CUST00278,Manoj Joshi,48,F,Self-Employed,Rajasthan,Kota,BR026,124245.0,668,Expired,2015-08-23,Premium,0,Referral
CUST00279,Ravi Menon,58,M,Business Owner,Uttar Pradesh,Kanpur,BR002,746923.0,833,Verified,2018-11-06,Premium,0,Online
CUST00280,Vijay Banerjee,36,M,Salaried,Delhi,New Delhi,BR003,104787.0,677,Pending,2023-11-07,Premium,1,Online
CUST00281,Aditi Nair,28,M,Student,Andhra Pradesh,Tirupati,BR023,9481.0,688,Expired,2021-11-11,Basic,0,Branch Walk-in
CUST00282,Ajay Reddy,59,F,Self-Employed,Uttar Pradesh,Kanpur,BR008,240756.0,767,Verified,2021-05-20,Premium,0,Branch Walk-in
CUST00283,Deepak Reddy,44,M,Business Owner,Karnataka,Bengaluru,BR004,472099.0,869,Verified,2017-02-06,Premium,0,Online
CUST00284,Varun Bose,51,F,Salaried,Telangana,Nizamabad,BR043,72246.0,620,Verified,2017-05-02,Gold,0,Branch Walk-in
CUST00285,Kavya Iyer,30,F,Salaried,Madhya Pradesh,Bhopal,BR032,161143.0,840,Verified,2023-11-25,Premium,0,Online
CUST00286,Suresh Desai,18,M,Salaried,Tamil Nadu,Salem,BR022,142536.0,591,Pending,2016-11-17,Premium,0,Branch Walk-in
CUST00287,Priya Malhotra,47,M,Business Owner,Haryana,Gurugram,BR017,989233.0,868,Verified,2020-01-14,Premium,0,Agent
CUST00288,Aarav Das,24,M,Student,Gujarat,Vadodara,BR028,8512.0,717,Verified,2015-10-13,Basic,0,Agent
CUST00289,Utkarsh Pillai,70,F,Salaried,Kerala,Kozhikode,BR047,84976.0,713,Verified,2016-12-08,Gold,0,Agent
CUST00290,Isha Gupta,28,M,Homemaker,Madhya Pradesh,Jabalpur,BR042,565.0,642,Verified,2015-12-31,Basic,0,Referral
CUST00291,Amit Krishnan,57,M,Student,Delhi,Faridabad,BR025,288.0,667,Pending,2017-03-22,Basic,0,Branch Walk-in
CUST00292,Sunil Das,61,M,Student,Punjab,Amritsar,BR001,5248.0,651,Verified,2018-10-23,Basic,0,Branch Walk-in
CUST00293,Deepak Menon,61,F,Salaried,Punjab,Ludhiana,BR031,137246.0,672,Verified,2017-07-12,Premium,0,Branch Walk-in
CUST00294,Nisha Shah,22,F,Retired,Bihar,Bhagalpur,BR032,63843.0,743,Verified,2020-06-15,Gold,0,Online
CUST00295,Pooja Malhotra,69,M,Self-Employed,Rajasthan,Jodhpur,BR006,178315.0,737,Expired,2016-06-30,Premium,0,Branch Walk-in
CUST00296,Rajesh Chatterjee,18,M,Business Owner,Rajasthan,Kota,BR003,834613.0,805,Verified,2020-03-07,Premium,1,Online
CUST00297,Seema Desai,67,M,Salaried,Maharashtra,Pune,BR030,133458.0,760,Verified,2023-01-18,Premium,0,Referral
CUST00298,Sneha Kapoor,69,M,Retired,Maharashtra,Nagpur,BR023,33979.0,705,Pending,2023-11-18,Silver,0,Referral
CUST00299,Meera Malhotra,30,F,Salaried,Haryana,Rohtak,BR007,57820.0,740,Verified,2021-09-07,Gold,0,Referral
CUST00300,Divya Agarwal,46,M,Student,Maharashtra,Nashik,BR008,4574.0,718,Verified,2023-07-30,Basic,0,Online
CUST00301,Anil Bose,29,M,Student,Kerala,Thrissur,BR033,6918.0,631,Verified,2017-12-15,Basic,0,Agent
CUST00302,Utkarsh Shah,62,F,Government Employee,Uttar Pradesh,Varanasi,BR027,98614.0,666,Verified,2019-08-28,Gold,0,Online
CUST00303,Kavya Joshi,53,F,Retired,Haryana,Panipat,BR020,70946.0,739,Verified,2018-09-12,Gold,0,Referral
CUST00304,Sachin Iyer,58,F,Self-Employed,Haryana,Faridabad,BR033,106879.0,737,Verified,2016-12-18,Premium,0,Referral
CUST00305,Arjun Sharma,45,M,Retired,Punjab,Patiala,BR019,67540.0,692,Verified,2023-11-23,Gold,0,Branch Walk-in
CUST00306,Meera Tiwari,27,F,Business Owner,Madhya Pradesh,Indore,BR019,847413.0,856,Verified,2020-01-08,Premium,0,Online
CUST00307,Ravi Mehta,53,F,Student,Punjab,Patiala,BR015,3889.0,757,Verified,2023-09-10,Basic,0,Online
CUST00308,Mihir Krishnan,65,F,Salaried,Madhya Pradesh,Gwalior,BR036,68985.0,658,Verified,2022-07-16,Gold,0,Online
CUST00309,Anita Singh,30,M,Student,Haryana,Panipat,BR013,2942.0,713,Verified,2018-01-07,Basic,0,Online
CUST00310,Aarav Shah,28,M,Salaried,Rajasthan,Udaipur,BR036,127198.0,693,Pending,2019-05-04,Premium,0,Agent
CUST00311,Pooja Yadav,57,F,Freelancer,Kerala,Kochi,BR050,129608.0,692,Verified,2020-02-15,Premium,0,Online
CUST00312,Anjali Iyer,50,M,Salaried,Tamil Nadu,Coimbatore,BR034,52890.0,756,Verified,2021-11-11,Gold,0,Online
CUST00313,Deepika Desai,53,M,Self-Employed,Tamil Nadu,Trichy,BR034,249751.0,779,Verified,2015-02-24,Premium,0,Agent
CUST00314,Tanvi Reddy,42,F,Homemaker,Tamil Nadu,Chennai,BR044,4580.0,729,Verified,2016-12-05,Basic,0,Referral
CUST00315,Sanjay Banerjee,20,M,Self-Employed,Gujarat,Gandhinagar,BR033,99484.0,778,Verified,2018-04-11,Gold,1,Referral
CUST00316,Anita Rao,60,F,Salaried,Uttar Pradesh,Lucknow,BR041,135165.0,708,Verified,2018-08-17,Premium,0,Agent
CUST00317,Aditi Malhotra,22,F,Retired,Haryana,Rohtak,BR042,63548.0,733,Verified,2017-08-13,Gold,0,Branch Walk-in
CUST00318,Tanvi Malhotra,32,F,Business Owner,Telangana,Khammam,BR005,915437.0,844,Verified,2021-12-07,Premium,0,Referral
CUST00319,Ravi Das,22,M,Student,Uttar Pradesh,Lucknow,BR042,7560.0,700,Pending,2015-10-10,Basic,0,Referral
CUST00320,Amit Verma,46,F,Salaried,Telangana,Khammam,BR006,91747.0,690,Verified,2015-07-11,Gold,0,Referral
CUST00321,Aarav Chatterjee,61,F,Salaried,Uttar Pradesh,Agra,BR041,180221.0,721,Verified,2021-05-07,Premium,0,Online
CUST00322,Meera Rao,37,F,Freelancer,Rajasthan,Ajmer,BR036,47307.0,725,Pending,2020-11-06,Silver,0,Branch Walk-in
CUST00323,Sachin Krishnan,60,Other,Salaried,Kerala,Kozhikode,BR013,164941.0,663,Verified,2015-12-04,Premium,0,Branch Walk-in
CUST00324,Siddharth Kumar,64,F,Salaried,Punjab,Chandigarh,BR017,126604.0,830,Verified,2020-08-17,Premium,0,Branch Walk-in
CUST00325,Suresh Mishra,57,M,Self-Employed,Tamil Nadu,Madurai,BR032,202935.0,660,Verified,2017-08-04,Premium,0,Branch Walk-in
CUST00326,Divya Desai,45,F,Student,Tamil Nadu,Coimbatore,BR046,2767.0,607,Pending,2021-02-11,Basic,0,Online
CUST00327,Divya Menon,59,F,Salaried,Telangana,Nizamabad,BR036,131160.0,775,Verified,2019-10-10,Premium,0,Branch Walk-in
CUST00328,Priyanka Mishra,70,M,Business Owner,Karnataka,Bengaluru,BR033,602796.0,848,Verified,2021-11-22,Premium,0,Agent
CUST00329,Divya Malhotra,41,M,Student,Uttar Pradesh,Varanasi,BR042,3925.0,718,Verified,2019-12-14,Basic,0,Branch Walk-in
CUST00330,Karan Mishra,50,F,Salaried,Tamil Nadu,Trichy,BR044,49565.0,727,Verified,2017-09-16,Silver,1,Referral
CUST00331,Sneha Nair,49,M,Salaried,West Bengal,Durgapur,BR003,65556.0,692,Verified,2019-07-01,Gold,0,Online
CUST00332,Ajay Bose,59,M,Salaried,West Bengal,Siliguri,BR003,81712.0,642,Verified,2023-11-14,Gold,0,Online
CUST00333,Mihir Banerjee,22,M,Business Owner,Rajasthan,Kota,BR024,540830.0,792,Verified,2021-05-27,Premium,0,Referral
CUST00334,Ananya Banerjee,26,F,Self-Employed,Andhra Pradesh,Nellore,BR001,140371.0,667,Verified,2018-11-30,Premium,0,Online
CUST00335,Amit Desai,69,M,Salaried,Haryana,Gurugram,BR043,82789.0,755,Verified,2016-12-05,Gold,0,Referral
CUST00336,Aditya Menon,55,F,Salaried,Maharashtra,Pune,BR003,53198.0,681,Verified,2023-09-21,Gold,0,Branch Walk-in
CUST00337,Anjali Joshi,64,M,Business Owner,Rajasthan,Ajmer,BR037,741576.0,778,Expired,2019-10-28,Premium,0,Branch Walk-in
CUST00338,Rina Desai,55,M,Salaried,Bihar,Bhagalpur,BR039,168579.0,694,Verified,2018-02-04,Premium,0,Agent
CUST00339,Kavya Banerjee,42,F,Salaried,Kerala,Kollam,BR005,48137.0,714,Verified,2015-04-13,Silver,0,Branch Walk-in
CUST00340,Sachin Gupta,56,M,Homemaker,Karnataka,Mysuru,BR031,195.0,646,Verified,2023-07-25,Basic,0,Online
CUST00341,Mihir Yadav,20,M,Self-Employed,Maharashtra,Thane,BR034,213828.0,673,Verified,2022-04-19,Premium,0,Referral
CUST00342,Anjali Mehta,34,F,Self-Employed,Andhra Pradesh,Nellore,BR007,150985.0,724,Verified,2018-12-15,Premium,0,Branch Walk-in
CUST00343,Ravi Yadav,51,M,Self-Employed,Haryana,Gurugram,BR037,17050.0,698,Verified,2018-06-30,Basic,0,Referral
CUST00344,Sachin Joshi,41,M,Self-Employed,Telangana,Karimnagar,BR035,189386.0,687,Verified,2021-10-05,Premium,0,Online
CUST00345,Monika Kumar,54,F,Government Employee,Uttar Pradesh,Varanasi,BR017,60992.0,663,Verified,2021-10-09,Gold,0,Online
CUST00346,Isha Pillai,43,F,Salaried,Haryana,Faridabad,BR007,162564.0,726,Verified,2015-11-20,Premium,0,Branch Walk-in
CUST00347,Vijay Patel,34,F,Salaried,Andhra Pradesh,Nellore,BR028,63810.0,605,Pending,2016-05-12,Gold,0,Referral
CUST00348,Yash Sharma,70,M,Freelancer,Telangana,Khammam,BR004,42785.0,604,Verified,2023-05-30,Silver,0,Branch Walk-in
CUST00349,Sneha Nair,32,F,Self-Employed,Maharashtra,Nashik,BR033,190329.0,674,Expired,2015-08-13,Premium,0,Branch Walk-in
CUST00350,Monika Kapoor,55,M,Self-Employed,Rajasthan,Udaipur,BR043,72088.0,681,Verified,2015-04-06,Gold,0,Referral
CUST00351,Zara Krishnan,70,M,Salaried,Andhra Pradesh,Nellore,BR023,73389.0,713,Verified,2018-04-23,Gold,0,Online
CUST00352,Manoj Bose,25,F,Salaried,Uttar Pradesh,Lucknow,BR033,165515.0,801,Verified,2019-05-21,Premium,0,Online
CUST00353,Rekha Das,67,M,Salaried,West Bengal,Howrah,BR049,105298.0,752,Verified,2022-11-02,Premium,0,Online
CUST00354,Ravi Bose,40,M,Self-Employed,Tamil Nadu,Coimbatore,BR021,162204.0,702,Verified,2015-03-02,Premium,0,Referral
CUST00355,Suresh Reddy,48,M,Freelancer,Gujarat,Ahmedabad,BR036,60803.0,691,Verified,2018-09-20,Gold,0,Branch Walk-in
CUST00356,Nisha Bose,34,F,Student,Haryana,Faridabad,BR016,2068.0,620,Verified,2018-06-13,Basic,0,Agent
CUST00357,Sneha Pandey,52,M,Salaried,Punjab,Jalandhar,BR040,192649.0,717,Pending,2023-03-16,Premium,0,Online
CUST00358,Sachin Mishra,50,M,Government Employee,Telangana,Nizamabad,BR012,55224.0,673,Verified,2018-10-12,Gold,0,Agent
CUST00359,Deepika Kapoor,61,M,Self-Employed,Maharashtra,Nashik,BR023,236133.0,746,Verified,2022-10-11,Premium,0,Referral
CUST00360,Deepak Reddy,57,M,Salaried,Rajasthan,Ajmer,BR007,175822.0,665,Verified,2018-03-08,Premium,0,Online
CUST00361,Rahul Malhotra,66,M,Self-Employed,West Bengal,Siliguri,BR014,121108.0,735,Verified,2021-10-25,Premium,0,Branch Walk-in
CUST00362,Amit Yadav,42,M,Business Owner,Karnataka,Hubli,BR016,236260.0,819,Verified,2017-07-18,Premium,0,Agent
CUST00363,Deepak Das,68,F,Student,Punjab,Patiala,BR035,4866.0,674,Verified,2019-04-09,Basic,0,Branch Walk-in
CUST00364,Priya Iyer,24,M,Retired,Bihar,Muzaffarpur,BR031,44241.0,712,Verified,2020-09-10,Silver,0,Online
CUST00365,Priyanka Mehta,56,M,Retired,Rajasthan,Jaipur,BR023,27932.0,726,Verified,2017-12-20,Silver,0,Referral
CUST00366,Isha Trivedi,47,F,Business Owner,Andhra Pradesh,Vijayawada,BR025,650127.0,785,Verified,2017-06-19,Premium,0,Online
CUST00367,Seema Reddy,32,F,Salaried,Bihar,Patna,BR006,79859.0,709,Verified,2019-12-16,Gold,0,Referral
CUST00368,Divya Saxena,44,M,Freelancer,Gujarat,Gandhinagar,BR034,41751.0,689,Verified,2015-05-24,Silver,0,Referral
CUST00369,Deepak Patel,22,M,Salaried,Tamil Nadu,Coimbatore,BR026,188939.0,723,Verified,2023-01-19,Premium,0,Branch Walk-in
CUST00370,Monika Mehta,42,M,Salaried,Telangana,Khammam,BR010,79140.0,649,Verified,2019-03-18,Gold,0,Branch Walk-in
CUST00371,Deepak Malhotra,47,M,Retired,Maharashtra,Nagpur,BR021,78374.0,697,Pending,2019-08-20,Gold,0,Online
CUST00372,Amit Chatterjee,58,M,Self-Employed,West Bengal,Asansol,BR028,167128.0,743,Verified,2020-11-27,Premium,0,Online
CUST00373,Siddharth Mehta,70,M,Salaried,Delhi,Noida,BR001,157701.0,798,Verified,2017-04-26,Premium,0,Agent
CUST00374,Aarav Chatterjee,69,M,Student,West Bengal,Durgapur,BR001,2929.0,738,Verified,2018-12-07,Basic,0,Online
CUST00375,Sunita Tiwari,23,F,Salaried,Delhi,Gurgaon,BR025,98892.0,828,Verified,2019-01-28,Gold,0,Branch Walk-in
CUST00376,Deepika Trivedi,22,M,Self-Employed,Punjab,Patiala,BR018,66986.0,647,Verified,2019-12-05,Gold,0,Online
CUST00377,Riya Reddy,52,M,Salaried,Gujarat,Ahmedabad,BR010,28873.0,738,Verified,2016-09-27,Silver,0,Branch Walk-in
CUST00378,Sneha Malhotra,37,F,Salaried,Maharashtra,Thane,BR014,162502.0,723,Verified,2023-06-24,Premium,0,Referral
CUST00379,Kavya Menon,22,F,Student,Delhi,New Delhi,BR018,5432.0,812,Verified,2018-02-02,Basic,0,Branch Walk-in
CUST00380,Kavya Malhotra,46,F,Student,Madhya Pradesh,Indore,BR025,2472.0,631,Verified,2015-07-28,Basic,0,Branch Walk-in
CUST00381,Deepika Reddy,64,M,Salaried,Rajasthan,Udaipur,BR021,32383.0,636,Verified,2023-11-11,Silver,0,Branch Walk-in
CUST00382,Rahul Mishra,45,M,Salaried,Punjab,Ludhiana,BR008,81790.0,660,Verified,2017-11-05,Gold,0,Branch Walk-in
CUST00383,Isha Agarwal,41,M,Business Owner,Madhya Pradesh,Jabalpur,BR045,782257.0,709,Verified,2019-03-26,Premium,0,Camp
CUST00384,Divya Agarwal,27,M,Self-Employed,Punjab,Chandigarh,BR004,214879.0,691,Expired,2016-10-29,Premium,0,Referral
CUST00385,Priya Menon,62,M,Salaried,Madhya Pradesh,Jabalpur,BR047,91110.0,652,Verified,2017-04-17,Gold,0,Online
CUST00386,Rahul Das,40,F,Salaried,West Bengal,Howrah,BR037,81644.0,705,Pending,2022-12-20,Gold,0,Branch Walk-in
CUST00387,Priyanka Trivedi,52,M,Retired,Delhi,Gurgaon,BR019,38862.0,708,Verified,2015-01-05,Silver,0,Online
CUST00388,Kavya Banerjee,22,F,Salaried,Gujarat,Gandhinagar,BR016,140201.0,820,Verified,2021-08-04,Premium,0,Branch Walk-in
CUST00389,Karan Das,60,M,Salaried,Rajasthan,Udaipur,BR008,36669.0,744,Verified,2017-03-17,Silver,0,Branch Walk-in
CUST00390,Akash Iyer,57,M,Self-Employed,Punjab,Jalandhar,BR043,214874.0,688,Verified,2019-05-10,Premium,0,Agent
CUST00391,Sneha Yadav,58,F,Self-Employed,Punjab,Jalandhar,BR006,32300.0,632,Verified,2022-01-28,Silver,0,Branch Walk-in
CUST00392,Manoj Pillai,51,M,Freelancer,Karnataka,Hubli,BR005,32626.0,716,Verified,2018-12-06,Silver,0,Online
CUST00393,Anita Malhotra,65,F,Business Owner,Delhi,Faridabad,BR048,150238.0,630,Verified,2021-02-02,Premium,0,Referral
CUST00394,Siddharth Menon,28,M,Salaried,Uttar Pradesh,Varanasi,BR033,118433.0,813,Expired,2022-07-15,Premium,0,Online
CUST00395,Tanvi Tiwari,33,F,Salaried,Madhya Pradesh,Jabalpur,BR047,123550.0,775,Verified,2018-08-22,Premium,0,Online
CUST00396,Divya Menon,36,M,Salaried,Rajasthan,Jaipur,BR047,129258.0,677,Verified,2023-10-22,Premium,0,Agent
CUST00397,Arjun Patel,54,M,Self-Employed,Maharashtra,Nagpur,BR036,278888.0,632,Verified,2017-08-19,Premium,0,Agent
CUST00398,Anil Singh,23,F,Retired,Tamil Nadu,Coimbatore,BR017,52082.0,771,Verified,2018-09-13,Gold,0,Referral
CUST00399,Anjali Tiwari,37,M,Business Owner,Haryana,Panipat,BR007,85503.0,690,Verified,2021-06-28,Gold,0,Referral
CUST00400,Ajay Tiwari,59,F,Salaried,Rajasthan,Jaipur,BR050,173659.0,789,Verified,2015-03-13,Premium,0,Online
CUST00401,Yash Tiwari,32,F,Self-Employed,Kerala,Thiruvananthapuram,BR021,58661.0,596,Verified,2021-09-07,Gold,0,Branch Walk-in
CUST00402,Deepak Pillai,48,M,Salaried,Rajasthan,Jodhpur,BR009,125002.0,669,Verified,2015-11-03,Premium,0,Referral
CUST00403,Deepak Pandey,49,Other,Business Owner,Madhya Pradesh,Indore,BR031,425553.0,765,Verified,2018-05-03,Premium,0,Branch Walk-in
CUST00404,Vikram Iyer,23,M,Homemaker,Rajasthan,Udaipur,BR044,563.0,682,Verified,2022-01-13,Basic,0,Branch Walk-in
CUST00405,Yash Patel,69,F,Business Owner,Telangana,Warangal,BR023,470100.0,747,Verified,2017-06-25,Premium,0,Branch Walk-in
CUST00406,Riya Sharma,33,M,Student,Haryana,Gurugram,BR008,9489.0,719,Verified,2017-07-06,Basic,0,Online
CUST00407,Deepak Agarwal,31,F,Self-Employed,Gujarat,Surat,BR048,170731.0,650,Expired,2019-05-27,Premium,0,Referral
CUST00408,Kavya Yadav,34,F,Self-Employed,Rajasthan,Ajmer,BR043,63541.0,684,Verified,2019-10-31,Gold,0,Agent
CUST00409,Aditi Mehta,60,F,Salaried,Karnataka,Mangaluru,BR043,88038.0,704,Verified,2016-11-01,Gold,0,Online
CUST00410,Kavya Banerjee,56,F,Self-Employed,Haryana,Gurugram,BR021,166495.0,744,Verified,2018-03-04,Premium,0,Branch Walk-in
CUST00411,Siddharth Desai,43,M,Salaried,Andhra Pradesh,Nellore,BR020,155268.0,753,Verified,2015-04-25,Premium,0,Camp
CUST00412,Deepak Reddy,42,M,Business Owner,Uttar Pradesh,Agra,BR004,895882.0,791,Verified,2015-07-03,Premium,0,Branch Walk-in
CUST00413,Varun Nair,57,F,Freelancer,Haryana,Rohtak,BR034,133451.0,614,Verified,2018-11-14,Premium,0,Online
CUST00414,Divya Mehta,26,F,Salaried,West Bengal,Asansol,BR009,126680.0,781,Pending,2018-06-11,Premium,0,Online
CUST00415,Karan Shah,28,F,Freelancer,Andhra Pradesh,Visakhapatnam,BR042,61275.0,712,Verified,2017-01-05,Gold,0,Online
CUST00416,Ishaan Tiwari,70,M,Self-Employed,Rajasthan,Kota,BR020,269827.0,689,Verified,2019-08-29,Premium,0,Camp
CUST00417,Anita Sharma,32,M,Business Owner,Kerala,Kozhikode,BR039,616543.0,896,Verified,2018-12-05,Premium,0,Online
CUST00418,Amit Kumar,29,M,Business Owner,Kerala,Thrissur,BR046,859523.0,858,Verified,2023-05-12,Premium,0,Camp
CUST00419,Ananya Verma,60,F,Salaried,Andhra Pradesh,Guntur,BR027,197943.0,790,Expired,2018-06-25,Premium,0,Online
CUST00420,Anil Shah,67,M,Self-Employed,Gujarat,Rajkot,BR016,26920.0,689,Pending,2021-06-21,Silver,0,Online
CUST00421,Nisha Banerjee,47,F,Salaried,Punjab,Chandigarh,BR034,169727.0,837,Expired,2015-09-21,Premium,0,Online
CUST00422,Zara Verma,43,M,Salaried,Madhya Pradesh,Bhopal,BR013,179770.0,821,Verified,2019-11-12,Premium,0,Online
CUST00423,Priyanka Mishra,64,F,Self-Employed,Delhi,Gurgaon,BR042,157687.0,696,Verified,2018-01-22,Premium,0,Online
CUST00424,Anjali Reddy,63,M,Self-Employed,West Bengal,Kolkata,BR012,270302.0,792,Verified,2022-09-26,Premium,0,Branch Walk-in
CUST00425,Sunita Kapoor,46,M,Salaried,Haryana,Gurugram,BR006,135963.0,745,Verified,2016-06-14,Premium,0,Agent
CUST00426,Isha Das,28,M,Salaried,Rajasthan,Ajmer,BR025,184644.0,799,Verified,2017-07-21,Premium,0,Online
CUST00427,Aarav Pandey,25,F,Business Owner,Haryana,Rohtak,BR019,903615.0,802,Verified,2018-06-14,Premium,0,Online
CUST00428,Zara Rao,33,M,Homemaker,Madhya Pradesh,Bhopal,BR039,1084.0,721,Verified,2023-02-03,Basic,0,Agent
CUST00429,Ishaan Patel,70,F,Business Owner,Telangana,Khammam,BR041,247256.0,792,Verified,2018-02-22,Premium,0,Referral
CUST00430,Karan Verma,23,F,Salaried,Bihar,Darbhanga,BR020,33580.0,581,Verified,2022-02-03,Silver,0,Online
CUST00431,Anjali Tiwari,65,M,Freelancer,Madhya Pradesh,Ujjain,BR012,95266.0,628,Verified,2015-08-11,Gold,0,Branch Walk-in
CUST00432,Shreya Banerjee,26,M,Salaried,Rajasthan,Ajmer,BR005,46354.0,566,Verified,2019-09-02,Silver,0,Branch Walk-in
CUST00433,Vikram Pandey,62,F,Self-Employed,Kerala,Kollam,BR006,187362.0,701,Verified,2019-11-20,Premium,0,Online
CUST00434,Pooja Yadav,51,M,Business Owner,Andhra Pradesh,Visakhapatnam,BR040,742726.0,871,Verified,2023-06-20,Premium,0,Camp
CUST00435,Rina Rao,68,M,Self-Employed,Maharashtra,Mumbai,BR002,48609.0,779,Verified,2018-07-12,Silver,0,Online
CUST00436,Rajesh Chatterjee,68,M,Salaried,Maharashtra,Pune,BR045,36871.0,691,Verified,2020-02-09,Silver,0,Online
CUST00437,Anita Agarwal,29,F,Freelancer,Haryana,Panipat,BR040,45222.0,786,Verified,2020-09-30,Silver,0,Online
CUST00438,Monika Patel,47,F,Homemaker,Punjab,Jalandhar,BR035,3920.0,597,Verified,2022-01-16,Basic,0,Online
CUST00439,Ananya Kumar,39,M,Business Owner,Uttar Pradesh,Lucknow,BR014,809559.0,739,Verified,2021-01-06,Premium,1,Online
CUST00440,Seema Das,29,M,Business Owner,Bihar,Gaya,BR037,615432.0,799,Verified,2020-03-30,Premium,0,Online
CUST00441,Karan Gupta,37,M,Retired,Tamil Nadu,Madurai,BR029,29049.0,708,Verified,2020-02-22,Silver,0,Branch Walk-in
CUST00442,Anil Das,27,F,Homemaker,Uttar Pradesh,Lucknow,BR031,951.0,678,Verified,2023-03-24,Basic,0,Agent
CUST00443,Tanvi Kapoor,31,F,Government Employee,Bihar,Darbhanga,BR044,95211.0,574,Verified,2022-10-25,Gold,0,Branch Walk-in
CUST00444,Aditi Mishra,20,F,Salaried,Bihar,Darbhanga,BR006,43043.0,683,Verified,2020-04-25,Silver,0,Branch Walk-in
CUST00445,Ishaan Verma,46,M,Salaried,Telangana,Karimnagar,BR035,142447.0,630,Verified,2019-08-22,Premium,0,Online
CUST00446,Suresh Nair,35,M,Self-Employed,Tamil Nadu,Trichy,BR023,55344.0,731,Verified,2019-10-27,Gold,0,Online
CUST00447,Akash Singh,61,M,Self-Employed,Maharashtra,Pune,BR002,29380.0,707,Verified,2021-07-11,Silver,0,Online
CUST00448,Sachin Tiwari,39,M,Self-Employed,Bihar,Bhagalpur,BR040,247971.0,673,Verified,2016-05-03,Premium,0,Agent
CUST00449,Amit Nair,59,F,Salaried,West Bengal,Kolkata,BR030,149288.0,679,Verified,2022-12-01,Premium,0,Branch Walk-in
CUST00450,Zara Agarwal,60,M,Business Owner,Gujarat,Rajkot,BR012,363812.0,689,Verified,2020-07-10,Premium,0,Online
CUST00451,Utkarsh Bose,54,F,Salaried,Delhi,Noida,BR050,47294.0,685,Verified,2016-10-01,Silver,0,Branch Walk-in
CUST00452,Deepak Verma,44,F,Self-Employed,Telangana,Khammam,BR030,82994.0,753,Verified,2019-02-23,Gold,0,Referral
CUST00453,Karan Desai,39,F,Business Owner,Kerala,Thrissur,BR028,567301.0,734,Verified,2019-01-07,Premium,0,Referral
CUST00454,Karan Mehta,53,F,Self-Employed,Karnataka,Belgaum,BR039,42831.0,718,Verified,2022-07-29,Silver,0,Referral
CUST00455,Divya Menon,60,F,Self-Employed,Madhya Pradesh,Jabalpur,BR021,32522.0,654,Verified,2018-09-14,Silver,0,Referral
CUST00456,Kavya Joshi,42,F,Self-Employed,Punjab,Ludhiana,BR029,190438.0,670,Verified,2022-08-10,Premium,0,Agent
CUST00457,Rina Banerjee,40,M,Government Employee,Telangana,Nizamabad,BR046,119126.0,697,Verified,2015-02-20,Premium,0,Online
CUST00458,Riya Das,70,M,Student,Uttar Pradesh,Lucknow,BR001,9787.0,619,Verified,2016-11-12,Basic,0,Online
CUST00459,Amit Kumar,52,M,Self-Employed,Haryana,Rohtak,BR026,75197.0,661,Verified,2017-12-13,Gold,0,Referral
CUST00460,Ishaan Saxena,18,F,Salaried,Delhi,Noida,BR043,37556.0,615,Verified,2015-04-08,Silver,1,Branch Walk-in
CUST00461,Rina Verma,62,M,Homemaker,Delhi,Gurgaon,BR030,3022.0,798,Verified,2022-03-30,Basic,0,Online
CUST00462,Seema Banerjee,54,M,Business Owner,Tamil Nadu,Coimbatore,BR028,523249.0,786,Pending,2019-01-11,Premium,0,Branch Walk-in
CUST00463,Ishaan Saxena,25,F,Student,Maharashtra,Nashik,BR031,5803.0,639,Expired,2016-05-12,Basic,1,Referral
CUST00464,Ajay Saxena,57,F,Self-Employed,West Bengal,Asansol,BR006,40207.0,700,Verified,2023-01-14,Silver,0,Online
CUST00465,Amit Malhotra,39,M,Salaried,Kerala,Kozhikode,BR040,118631.0,696,Verified,2015-03-09,Premium,0,Online
CUST00466,Anil Yadav,62,F,Salaried,Madhya Pradesh,Gwalior,BR019,186501.0,704,Verified,2020-03-04,Premium,0,Branch Walk-in
CUST00467,Rajesh Singh,36,F,Business Owner,Maharashtra,Nagpur,BR048,510522.0,818,Verified,2017-02-27,Premium,0,Branch Walk-in
CUST00468,Sunil Malhotra,56,M,Student,Bihar,Muzaffarpur,BR001,1746.0,725,Verified,2017-07-28,Basic,0,Branch Walk-in
CUST00469,Pooja Tiwari,23,Other,Salaried,Delhi,Faridabad,BR003,194285.0,687,Verified,2017-08-15,Premium,0,Online
CUST00470,Sachin Bose,40,M,Business Owner,Punjab,Ludhiana,BR014,101609.0,665,Verified,2019-07-01,Premium,0,Online
CUST00471,Ishaan Banerjee,63,F,Self-Employed,Haryana,Panipat,BR015,126170.0,688,Verified,2019-06-20,Premium,0,Online
CUST00472,Vikram Pandey,20,F,Business Owner,Punjab,Amritsar,BR034,142496.0,570,Pending,2021-01-07,Premium,0,Branch Walk-in
CUST00473,Anil Desai,47,F,Business Owner,Karnataka,Hubli,BR042,784493.0,745,Verified,2019-02-11,Premium,0,Referral
CUST00474,Varun Gupta,18,F,Salaried,Delhi,Noida,BR036,170546.0,796,Verified,2015-03-16,Premium,0,Referral
CUST00475,Vijay Trivedi,23,M,Salaried,Telangana,Warangal,BR003,34954.0,785,Expired,2018-09-09,Silver,0,Online
CUST00476,Zara Desai,62,F,Homemaker,Rajasthan,Ajmer,BR012,921.0,665,Verified,2020-01-05,Basic,0,Branch Walk-in
CUST00477,Tanvi Pillai,22,M,Salaried,Rajasthan,Udaipur,BR017,73525.0,729,Verified,2016-01-23,Gold,1,Branch Walk-in
CUST00478,Neha Agarwal,30,M,Government Employee,West Bengal,Kolkata,BR032,84927.0,715,Verified,2018-01-13,Gold,0,Online
CUST00479,Priyanka Malhotra,20,M,Salaried,Karnataka,Mangaluru,BR046,37761.0,872,Verified,2019-04-07,Silver,0,Branch Walk-in
CUST00480,Rajesh Kapoor,39,F,Salaried,Maharashtra,Thane,BR018,183308.0,783,Verified,2015-01-24,Premium,0,Referral
CUST00481,Deepika Mishra,42,F,Salaried,Madhya Pradesh,Bhopal,BR035,191977.0,710,Expired,2023-03-15,Premium,0,Online
CUST00482,Sachin Tiwari,39,M,Self-Employed,Maharashtra,Mumbai,BR024,37930.0,630,Verified,2022-10-27,Silver,0,Camp
CUST00483,Pooja Singh,24,F,Business Owner,Punjab,Ludhiana,BR020,649086.0,713,Verified,2021-02-10,Premium,0,Branch Walk-in
CUST00484,Pooja Chatterjee,22,F,Self-Employed,Maharashtra,Nashik,BR016,240931.0,740,Verified,2020-03-27,Premium,1,Branch Walk-in
CUST00485,Neha Desai,20,F,Student,Gujarat,Ahmedabad,BR022,4055.0,635,Pending,2018-08-08,Basic,0,Online
CUST00486,Neha Sharma,20,M,Homemaker,Haryana,Panipat,BR015,3677.0,595,Pending,2023-04-26,Basic,0,Referral
CUST00487,Zara Pandey,37,M,Business Owner,Delhi,New Delhi,BR012,829702.0,807,Verified,2016-08-27,Premium,0,Branch Walk-in
CUST00488,Monika Desai,69,M,Salaried,West Bengal,Asansol,BR040,60462.0,627,Verified,2020-09-27,Gold,0,Online
CUST00489,Rahul Kumar,29,F,Salaried,Gujarat,Surat,BR049,83713.0,797,Verified,2017-01-20,Gold,0,Branch Walk-in
CUST00490,Priyanka Verma,68,M,Salaried,Tamil Nadu,Trichy,BR003,173289.0,767,Verified,2021-05-26,Premium,0,Branch Walk-in
CUST00491,Ravi Kumar,69,M,Self-Employed,Karnataka,Belgaum,BR019,240789.0,727,Verified,2023-02-05,Premium,0,Online
CUST00492,Ajay Bose,29,F,Salaried,Delhi,Faridabad,BR045,150510.0,798,Verified,2016-06-30,Premium,0,Branch Walk-in
CUST00493,Mihir Malhotra,66,F,Business Owner,Karnataka,Belgaum,BR007,987443.0,882,Verified,2023-08-20,Premium,0,Branch Walk-in
CUST00494,Sunil Krishnan,48,M,Retired,Madhya Pradesh,Indore,BR044,47338.0,637,Verified,2017-09-19,Silver,0,Online
CUST00495,Isha Yadav,24,M,Self-Employed,Gujarat,Gandhinagar,BR049,226019.0,816,Verified,2017-12-28,Premium,0,Branch Walk-in
CUST00496,Mihir Tiwari,30,M,Salaried,West Bengal,Asansol,BR038,155740.0,743,Verified,2020-07-16,Premium,0,Online
CUST00497,Ishaan Joshi,55,F,Salaried,Tamil Nadu,Salem,BR015,109771.0,639,Verified,2022-06-01,Premium,0,Branch Walk-in
CUST00498,Aditya Kapoor,35,F,Self-Employed,Haryana,Faridabad,BR041,72630.0,683,Verified,2017-03-01,Gold,0,Online
CUST00499,Suresh Chatterjee,36,F,Salaried,Rajasthan,Jodhpur,BR049,130636.0,653,Verified,2017-11-21,Premium,0,Online
CUST00500,Monika Das,35,M,Retired,Tamil Nadu,Trichy,BR031,15943.0,600,Verified,2022-04-14,Basic,0,Agent
CUST00501,Amit Saxena,44,F,Homemaker,Kerala,Thiruvananthapuram,BR037,4901.0,736,Verified,2015-09-06,Basic,0,Online
CUST00502,Ravi Saxena,23,M,Self-Employed,Madhya Pradesh,Bhopal,BR029,174169.0,829,Verified,2015-03-19,Premium,0,Branch Walk-in
CUST00503,Zara Malhotra,28,F,Business Owner,Karnataka,Bengaluru,BR031,718139.0,739,Pending,2015-06-01,Premium,0,Referral
CUST00504,Sunita Patel,58,M,Business Owner,Gujarat,Rajkot,BR046,117164.0,737,Verified,2020-08-30,Premium,0,Online
CUST00505,Rajesh Krishnan,39,F,Salaried,Kerala,Thiruvananthapuram,BR044,153758.0,671,Pending,2015-12-07,Premium,0,Online
CUST00506,Deepak Kapoor,59,F,Self-Employed,Kerala,Kochi,BR024,174255.0,685,Verified,2016-02-21,Premium,0,Online
CUST00507,Sachin Saxena,55,F,Freelancer,Punjab,Jalandhar,BR048,133247.0,671,Verified,2018-07-27,Premium,0,Online
CUST00508,Sunita Bose,40,M,Salaried,Rajasthan,Udaipur,BR004,104172.0,648,Verified,2023-07-13,Premium,0,Online
CUST00509,Kavya Menon,61,F,Self-Employed,Telangana,Nizamabad,BR040,284429.0,739,Verified,2016-02-12,Premium,0,Branch Walk-in
CUST00510,Meera Banerjee,62,F,Salaried,Karnataka,Bengaluru,BR011,50892.0,640,Verified,2017-07-24,Gold,0,Referral
CUST00511,Riya Joshi,46,M,Salaried,Andhra Pradesh,Visakhapatnam,BR031,154099.0,727,Pending,2015-05-14,Premium,0,Agent
CUST00512,Pooja Mishra,59,F,Business Owner,Punjab,Amritsar,BR027,663749.0,809,Verified,2020-07-20,Premium,0,Online
CUST00513,Riya Tiwari,34,F,Salaried,Kerala,Thiruvananthapuram,BR020,64687.0,678,Verified,2021-04-29,Gold,0,Camp
CUST00514,Isha Nair,29,M,Self-Employed,Kerala,Thiruvananthapuram,BR046,292364.0,684,Expired,2017-08-11,Premium,0,Online
CUST00515,Ishaan Iyer,20,M,Business Owner,Gujarat,Surat,BR014,682276.0,781,Expired,2020-11-06,Premium,0,Branch Walk-in
CUST00516,Aarav Saxena,47,F,Student,Maharashtra,Thane,BR032,9278.0,727,Verified,2017-08-27,Basic,0,Branch Walk-in
CUST00517,Shreya Kapoor,54,M,Government Employee,Andhra Pradesh,Guntur,BR049,90020.0,728,Verified,2022-07-10,Gold,0,Referral
CUST00518,Sanjay Patel,32,F,Self-Employed,Karnataka,Hubli,BR002,142102.0,649,Verified,2016-07-28,Premium,0,Referral
CUST00519,Rajesh Pillai,52,M,Salaried,Madhya Pradesh,Gwalior,BR013,173654.0,720,Verified,2016-06-26,Premium,0,Agent
CUST00520,Aarav Mehta,45,M,Salaried,Andhra Pradesh,Guntur,BR026,89685.0,743,Verified,2021-05-05,Gold,0,Online
CUST00521,Anil Menon,69,M,Government Employee,Tamil Nadu,Salem,BR048,69825.0,593,Pending,2017-10-14,Gold,0,Online
CUST00522,Rekha Tiwari,51,M,Salaried,Karnataka,Mysuru,BR014,197662.0,752,Verified,2016-02-15,Premium,0,Branch Walk-in
CUST00523,Karan Bose,66,M,Student,Delhi,Faridabad,BR030,9149.0,642,Verified,2018-05-23,Basic,0,Referral
CUST00524,Aarav Kumar,65,M,Self-Employed,Bihar,Darbhanga,BR020,147084.0,743,Expired,2015-06-16,Premium,0,Online
CUST00525,Deepika Tiwari,62,M,Salaried,Punjab,Amritsar,BR027,137838.0,661,Expired,2015-06-26,Premium,0,Referral
CUST00526,Ravi Bose,34,M,Self-Employed,Kerala,Thrissur,BR037,193979.0,610,Verified,2023-02-06,Premium,0,Referral
CUST00527,Siddharth Verma,47,M,Salaried,Delhi,Faridabad,BR004,178706.0,618,Verified,2017-04-21,Premium,0,Camp
CUST00528,Sachin Gupta,22,F,Self-Employed,Maharashtra,Nagpur,BR019,161452.0,715,Verified,2018-02-12,Premium,0,Online
CUST00529,Ishaan Sharma,62,M,Business Owner,Bihar,Muzaffarpur,BR018,394397.0,774,Verified,2020-12-24,Premium,0,Online
CUST00530,Deepak Pandey,50,F,Salaried,Andhra Pradesh,Visakhapatnam,BR007,63695.0,638,Expired,2018-03-16,Gold,0,Referral
CUST00531,Aditi Agarwal,22,M,Self-Employed,Haryana,Gurugram,BR027,48221.0,727,Verified,2017-03-26,Silver,0,Online
CUST00532,Monika Bose,29,M,Government Employee,Kerala,Kollam,BR049,93891.0,599,Verified,2015-06-28,Gold,0,Referral
CUST00533,Ananya Sharma,23,F,Salaried,Telangana,Warangal,BR014,99341.0,695,Verified,2016-11-25,Gold,0,Branch Walk-in
CUST00534,Ananya Mehta,25,F,Salaried,Madhya Pradesh,Ujjain,BR038,183993.0,644,Verified,2015-09-26,Premium,0,Agent
CUST00535,Monika Reddy,40,F,Salaried,Tamil Nadu,Trichy,BR013,30120.0,646,Verified,2017-06-23,Silver,0,Online
CUST00536,Sunita Joshi,22,F,Self-Employed,Haryana,Panipat,BR016,43245.0,691,Expired,2015-03-28,Silver,0,Referral
CUST00537,Yash Desai,63,F,Homemaker,Maharashtra,Mumbai,BR014,2374.0,628,Verified,2018-02-24,Basic,0,Online
CUST00538,Zara Gupta,66,M,Self-Employed,Tamil Nadu,Trichy,BR015,295615.0,716,Verified,2017-02-07,Premium,0,Branch Walk-in
CUST00539,Vijay Saxena,25,M,Salaried,Haryana,Gurugram,BR006,92337.0,758,Expired,2022-10-10,Gold,0,Online
CUST00540,Karan Sharma,69,Other,Retired,Telangana,Nizamabad,BR013,45919.0,654,Verified,2021-04-02,Silver,0,Online
CUST00541,Monika Krishnan,43,F,Salaried,Punjab,Chandigarh,BR008,146631.0,759,Verified,2016-09-24,Premium,0,Branch Walk-in
CUST00542,Sachin Kapoor,45,F,Salaried,Tamil Nadu,Trichy,BR026,151910.0,642,Verified,2019-09-27,Premium,0,Referral
CUST00543,Rahul Kumar,43,F,Business Owner,Rajasthan,Udaipur,BR031,988147.0,900,Verified,2023-09-13,Premium,0,Online
CUST00544,Anita Sharma,21,F,Salaried,Punjab,Ludhiana,BR002,170305.0,800,Verified,2023-06-23,Premium,0,Branch Walk-in
CUST00545,Zara Joshi,60,M,Student,Kerala,Kollam,BR007,7516.0,533,Verified,2023-05-17,Basic,0,Online
CUST00546,Deepika Pillai,66,M,Salaried,Madhya Pradesh,Ujjain,BR035,30530.0,638,Pending,2022-04-28,Silver,0,Branch Walk-in
CUST00547,Pooja Rao,37,M,Retired,Delhi,Faridabad,BR043,72506.0,729,Verified,2017-10-16,Gold,0,Branch Walk-in
CUST00548,Deepak Das,52,M,Business Owner,Punjab,Jalandhar,BR043,593600.0,786,Verified,2023-02-05,Premium,0,Online
CUST00549,Rekha Patel,36,M,Self-Employed,Rajasthan,Ajmer,BR044,106338.0,723,Verified,2015-06-24,Premium,0,Online
CUST00550,Siddharth Patel,40,F,Salaried,Madhya Pradesh,Gwalior,BR025,198590.0,683,Verified,2022-01-03,Premium,0,Online
CUST00551,Aditya Malhotra,28,F,Salaried,Andhra Pradesh,Vijayawada,BR020,28450.0,690,Verified,2020-07-19,Silver,0,Online
CUST00552,Sanjay Mishra,38,M,Salaried,Maharashtra,Thane,BR038,91104.0,688,Verified,2021-08-22,Gold,0,Branch Walk-in
CUST00553,Vikram Joshi,28,M,Business Owner,West Bengal,Asansol,BR049,634086.0,876,Verified,2021-03-07,Premium,0,Referral
CUST00554,Mihir Pandey,37,F,Salaried,Uttar Pradesh,Kanpur,BR019,199340.0,735,Verified,2021-11-03,Premium,0,Branch Walk-in
CUST00555,Siddharth Yadav,51,M,Business Owner,Gujarat,Vadodara,BR005,501505.0,800,Verified,2018-07-27,Premium,0,Branch Walk-in
CUST00556,Zara Desai,43,F,Salaried,Punjab,Patiala,BR021,68971.0,669,Verified,2023-10-08,Gold,0,Referral
CUST00557,Rahul Krishnan,60,F,Self-Employed,Bihar,Gaya,BR037,289203.0,708,Verified,2022-12-13,Premium,0,Agent
CUST00558,Ishaan Nair,51,M,Business Owner,Andhra Pradesh,Nellore,BR047,240616.0,702,Verified,2022-11-13,Premium,0,Online
CUST00559,Neha Verma,44,M,Salaried,Gujarat,Ahmedabad,BR041,71714.0,718,Verified,2019-11-19,Gold,0,Branch Walk-in
CUST00560,Vikram Trivedi,37,F,Student,Tamil Nadu,Chennai,BR016,4642.0,655,Verified,2022-06-03,Basic,0,Branch Walk-in
CUST00561,Aditi Patel,59,F,Business Owner,Madhya Pradesh,Gwalior,BR043,859895.0,869,Verified,2023-04-07,Premium,0,Agent
CUST00562,Nisha Gupta,23,F,Business Owner,Andhra Pradesh,Tirupati,BR024,427050.0,889,Verified,2017-05-23,Premium,0,Referral
CUST00563,Priyanka Yadav,23,M,Self-Employed,Kerala,Kollam,BR017,82852.0,748,Verified,2017-01-29,Gold,0,Referral
CUST00564,Yash Rao,24,M,Salaried,Haryana,Faridabad,BR028,55652.0,671,Verified,2019-09-02,Gold,0,Online
CUST00565,Ishaan Iyer,61,M,Self-Employed,Karnataka,Hubli,BR035,85209.0,769,Verified,2019-09-22,Gold,0,Online
CUST00566,Ravi Krishnan,60,F,Retired,Andhra Pradesh,Nellore,BR003,66931.0,668,Verified,2015-12-06,Gold,0,Online
CUST00567,Aarav Krishnan,33,F,Salaried,Haryana,Hisar,BR044,175088.0,592,Pending,2021-08-10,Premium,0,Online
CUST00568,Priyanka Trivedi,28,M,Salaried,Andhra Pradesh,Visakhapatnam,BR020,185281.0,656,Verified,2020-05-24,Premium,0,Referral
CUST00569,Isha Kapoor,39,M,Self-Employed,West Bengal,Siliguri,BR048,219455.0,611,Verified,2016-09-15,Premium,0,Referral
CUST00570,Ajay Malhotra,66,F,Business Owner,Uttar Pradesh,Agra,BR030,99494.0,678,Verified,2018-02-15,Gold,0,Online
CUST00571,Vijay Desai,33,M,Salaried,Gujarat,Gandhinagar,BR006,115364.0,704,Pending,2017-03-19,Premium,0,Agent
CUST00572,Kavya Singh,70,M,Business Owner,Delhi,Noida,BR012,361201.0,852,Verified,2019-10-18,Premium,0,Agent
CUST00573,Anjali Malhotra,19,M,Salaried,Andhra Pradesh,Nellore,BR015,186545.0,736,Verified,2018-11-22,Premium,0,Online
CUST00574,Aarav Kapoor,41,F,Salaried,Rajasthan,Ajmer,BR017,54772.0,677,Verified,2016-12-30,Gold,0,Referral
CUST00575,Riya Saxena,30,M,Student,West Bengal,Kolkata,BR015,9461.0,731,Verified,2019-07-13,Basic,0,Online
CUST00576,Aditi Mehta,44,F,Business Owner,Bihar,Muzaffarpur,BR047,221351.0,591,Verified,2017-06-25,Premium,0,Branch Walk-in
CUST00577,Anita Joshi,26,F,Salaried,Kerala,Thrissur,BR006,177503.0,729,Verified,2021-10-06,Premium,0,Branch Walk-in
CUST00578,Vijay Desai,33,F,Salaried,Karnataka,Belgaum,BR004,107413.0,747,Verified,2021-01-10,Premium,0,Branch Walk-in
CUST00579,Deepak Patel,43,F,Self-Employed,Telangana,Khammam,BR040,206310.0,632,Verified,2017-04-01,Premium,0,Agent
CUST00580,Priya Gupta,63,M,Salaried,Andhra Pradesh,Tirupati,BR009,117824.0,772,Expired,2017-05-31,Premium,0,Camp
CUST00581,Sunita Shah,34,M,Salaried,Telangana,Karimnagar,BR028,132263.0,726,Verified,2019-06-27,Premium,0,Online
CUST00582,Akash Nair,46,M,Business Owner,Delhi,Faridabad,BR043,100561.0,675,Verified,2017-07-12,Premium,0,Online
CUST00583,Pooja Gupta,63,F,Self-Employed,Karnataka,Mangaluru,BR003,174844.0,752,Pending,2022-10-15,Premium,0,Branch Walk-in
CUST00584,Suresh Menon,65,F,Retired,Bihar,Muzaffarpur,BR012,48068.0,825,Verified,2019-08-23,Silver,1,Branch Walk-in
CUST00585,Anita Gupta,22,F,Self-Employed,Madhya Pradesh,Ujjain,BR012,85155.0,707,Verified,2023-06-23,Gold,0,Referral
CUST00586,Aditi Singh,24,M,Homemaker,Rajasthan,Udaipur,BR038,4185.0,695,Verified,2017-08-13,Basic,0,Online
CUST00587,Sanjay Saxena,20,Other,Salaried,Telangana,Khammam,BR043,139830.0,680,Pending,2022-09-16,Premium,0,Branch Walk-in
CUST00588,Deepak Pandey,69,M,Salaried,Bihar,Patna,BR042,34719.0,635,Verified,2016-03-15,Silver,0,Camp
CUST00589,Riya Trivedi,31,F,Salaried,Bihar,Bhagalpur,BR006,53515.0,740,Verified,2021-11-05,Gold,0,Online
CUST00590,Rajesh Joshi,40,M,Business Owner,Rajasthan,Udaipur,BR044,682244.0,765,Pending,2021-04-02,Premium,0,Online
CUST00591,Ajay Rao,41,M,Self-Employed,Rajasthan,Jaipur,BR049,189952.0,722,Verified,2022-05-21,Premium,1,Referral
CUST00592,Zara Rao,59,M,Self-Employed,Punjab,Ludhiana,BR032,164533.0,684,Verified,2019-12-12,Premium,0,Camp
CUST00593,Aditya Banerjee,36,M,Self-Employed,Punjab,Amritsar,BR016,177033.0,744,Verified,2016-04-20,Premium,0,Referral
CUST00594,Deepika Saxena,23,F,Salaried,Kerala,Kozhikode,BR023,159513.0,731,Verified,2015-04-12,Premium,0,Online
CUST00595,Rina Yadav,55,M,Salaried,Karnataka,Mangaluru,BR046,151717.0,772,Expired,2022-08-27,Premium,0,Branch Walk-in
CUST00596,Vikram Chatterjee,34,M,Government Employee,Delhi,New Delhi,BR048,108445.0,671,Verified,2016-10-22,Premium,0,Referral
CUST00597,Rina Bose,56,F,Freelancer,West Bengal,Siliguri,BR043,114368.0,686,Verified,2020-02-25,Premium,0,Referral
CUST00598,Ravi Joshi,18,F,Salaried,Rajasthan,Udaipur,BR006,58390.0,632,Verified,2015-04-09,Gold,0,Online
CUST00599,Vikram Sharma,67,M,Salaried,Rajasthan,Ajmer,BR013,106099.0,674,Pending,2023-01-24,Premium,0,Online
CUST00600,Suresh Bose,55,F,Retired,West Bengal,Siliguri,BR002,30771.0,708,Verified,2020-01-07,Silver,0,Online
CUST00601,Aditya Agarwal,65,M,Retired,Haryana,Rohtak,BR027,52613.0,735,Verified,2019-12-12,Gold,0,Agent
CUST00602,Deepak Singh,51,M,Student,Andhra Pradesh,Tirupati,BR015,190.0,624,Verified,2020-05-16,Basic,0,Branch Walk-in
CUST00603,Amit Iyer,19,M,Business Owner,Kerala,Kozhikode,BR029,203267.0,772,Verified,2018-04-09,Premium,0,Referral
CUST00604,Varun Bose,26,F,Business Owner,Andhra Pradesh,Nellore,BR046,889015.0,900,Verified,2021-08-22,Premium,0,Online
CUST00605,Divya Verma,62,M,Salaried,Bihar,Gaya,BR040,156120.0,736,Verified,2023-03-20,Premium,0,Online
CUST00606,Priya Iyer,21,F,Salaried,West Bengal,Durgapur,BR016,199871.0,832,Verified,2021-02-07,Premium,0,Online
CUST00607,Pooja Reddy,57,Other,Self-Employed,Madhya Pradesh,Bhopal,BR022,79607.0,649,Verified,2018-10-24,Gold,0,Referral
CUST00608,Seema Patel,50,F,Retired,Uttar Pradesh,Agra,BR010,54279.0,616,Verified,2016-10-09,Gold,0,Referral
CUST00609,Rajesh Gupta,24,M,Business Owner,Karnataka,Bengaluru,BR040,832430.0,739,Verified,2015-09-18,Premium,0,Online
CUST00610,Ishaan Trivedi,50,M,Self-Employed,Haryana,Hisar,BR046,157041.0,801,Verified,2016-09-08,Premium,0,Branch Walk-in
CUST00611,Isha Singh,48,M,Retired,Rajasthan,Jaipur,BR016,37186.0,726,Verified,2023-08-05,Silver,0,Online
CUST00612,Vikram Rao,44,F,Student,Tamil Nadu,Coimbatore,BR049,7872.0,678,Pending,2017-05-07,Basic,1,Online
CUST00613,Ananya Singh,67,M,Self-Employed,Punjab,Amritsar,BR002,17835.0,700,Verified,2023-10-20,Basic,0,Online
CUST00614,Ajay Kapoor,27,F,Homemaker,Rajasthan,Jaipur,BR043,4513.0,613,Pending,2015-12-26,Basic,1,Online
CUST00615,Rahul Menon,38,F,Student,Andhra Pradesh,Nellore,BR020,9092.0,828,Pending,2015-02-19,Basic,0,Online
CUST00616,Neha Pillai,59,F,Student,Tamil Nadu,Trichy,BR040,4421.0,688,Pending,2020-11-15,Basic,0,Online
CUST00617,Deepak Mehta,36,F,Government Employee,Rajasthan,Jodhpur,BR034,49236.0,696,Verified,2023-09-15,Silver,0,Branch Walk-in
CUST00618,Rajesh Gupta,67,F,Salaried,Madhya Pradesh,Ujjain,BR038,78190.0,739,Verified,2022-03-11,Gold,0,Online
CUST00619,Zara Shah,25,F,Business Owner,Karnataka,Bengaluru,BR049,476300.0,804,Verified,2015-02-02,Premium,1,Online
CUST00620,Seema Pillai,37,M,Salaried,Andhra Pradesh,Nellore,BR039,74794.0,708,Verified,2017-05-19,Gold,0,Online
CUST00621,Anjali Singh,63,M,Salaried,Bihar,Muzaffarpur,BR030,99496.0,652,Pending,2022-01-04,Gold,0,Online
CUST00622,Rekha Agarwal,51,F,Business Owner,Gujarat,Gandhinagar,BR026,789883.0,866,Expired,2019-06-27,Premium,0,Agent
CUST00623,Divya Kapoor,26,M,Salaried,Haryana,Rohtak,BR011,109834.0,814,Verified,2022-10-15,Premium,0,Online
CUST00624,Deepika Gupta,25,M,Self-Employed,Maharashtra,Pune,BR036,186456.0,798,Verified,2021-12-14,Premium,0,Branch Walk-in
CUST00625,Rekha Rao,19,M,Salaried,Telangana,Karimnagar,BR020,163461.0,808,Pending,2017-06-02,Premium,0,Branch Walk-in
CUST00626,Varun Agarwal,40,F,Salaried,Bihar,Bhagalpur,BR001,36824.0,656,Verified,2015-10-05,Silver,0,Referral
CUST00627,Sunil Malhotra,50,M,Student,West Bengal,Asansol,BR009,6365.0,621,Verified,2022-08-27,Basic,0,Online
CUST00628,Sunil Menon,43,M,Salaried,Kerala,Thrissur,BR025,84325.0,689,Verified,2015-10-12,Gold,0,Branch Walk-in
CUST00629,Neha Chatterjee,63,M,Student,Maharashtra,Nashik,BR041,3088.0,683,Expired,2017-02-08,Basic,0,Referral
CUST00630,Sunil Krishnan,50,F,Student,Kerala,Kollam,BR013,8969.0,747,Expired,2017-01-17,Basic,0,Branch Walk-in
CUST00631,Rekha Patel,52,M,Salaried,Bihar,Darbhanga,BR029,131200.0,604,Pending,2021-11-01,Premium,0,Branch Walk-in
CUST00632,Manoj Verma,23,M,Self-Employed,Maharashtra,Nashik,BR021,47674.0,781,Verified,2016-09-09,Silver,0,Branch Walk-in
CUST00633,Rohit Pillai,38,M,Business Owner,Rajasthan,Jodhpur,BR004,222385.0,714,Verified,2015-12-30,Premium,0,Branch Walk-in
CUST00634,Pooja Banerjee,66,F,Salaried,Bihar,Patna,BR004,129476.0,680,Verified,2019-01-09,Premium,0,Branch Walk-in
CUST00635,Aditi Reddy,19,F,Salaried,West Bengal,Asansol,BR027,96311.0,638,Verified,2018-12-23,Gold,0,Referral
CUST00636,Meera Yadav,46,F,Business Owner,Punjab,Ludhiana,BR020,129713.0,606,Verified,2023-07-07,Premium,1,Referral
CUST00637,Neha Verma,18,M,Self-Employed,Uttar Pradesh,Varanasi,BR036,246603.0,778,Pending,2019-12-03,Premium,0,Online
CUST00638,Riya Patel,31,M,Retired,Bihar,Bhagalpur,BR023,53035.0,695,Verified,2023-09-07,Gold,0,Branch Walk-in
CUST00639,Rina Banerjee,35,F,Student,Haryana,Gurugram,BR009,8783.0,604,Verified,2018-08-03,Basic,0,Online
CUST00640,Vijay Shah,38,M,Salaried,Telangana,Nizamabad,BR018,84785.0,619,Verified,2022-10-28,Gold,0,Branch Walk-in
CUST00641,Sachin Pillai,44,F,Business Owner,West Bengal,Kolkata,BR001,578001.0,775,Verified,2023-04-27,Premium,0,Branch Walk-in
CUST00642,Tanvi Verma,70,F,Salaried,Maharashtra,Thane,BR044,90866.0,798,Verified,2021-02-02,Gold,1,Branch Walk-in
CUST00643,Anita Krishnan,65,F,Salaried,Gujarat,Surat,BR029,28462.0,670,Verified,2019-10-13,Silver,0,Online
CUST00644,Seema Kapoor,41,F,Government Employee,Madhya Pradesh,Indore,BR015,33312.0,596,Verified,2023-05-21,Silver,1,Online
CUST00645,Ananya Mishra,28,M,Self-Employed,Karnataka,Hubli,BR037,172259.0,699,Verified,2017-12-26,Premium,0,Online
CUST00646,Ravi Desai,30,F,Student,Tamil Nadu,Trichy,BR047,8477.0,665,Verified,2015-05-24,Basic,0,Online
CUST00647,Zara Agarwal,44,M,Self-Employed,Rajasthan,Jaipur,BR021,93100.0,536,Verified,2023-10-26,Gold,0,Branch Walk-in
CUST00648,Anjali Menon,18,F,Self-Employed,Telangana,Nizamabad,BR035,126680.0,702,Verified,2020-09-10,Premium,0,Camp
CUST00649,Aditi Agarwal,39,M,Salaried,Rajasthan,Jaipur,BR016,79391.0,682,Verified,2016-08-24,Gold,0,Agent
CUST00650,Shreya Banerjee,33,F,Salaried,Bihar,Muzaffarpur,BR016,192790.0,760,Pending,2015-12-05,Premium,0,Online
CUST00651,Aditya Pillai,25,M,Self-Employed,Madhya Pradesh,Bhopal,BR041,39377.0,798,Verified,2016-01-13,Silver,0,Branch Walk-in
CUST00652,Anita Patel,58,F,Salaried,Andhra Pradesh,Tirupati,BR004,100572.0,767,Verified,2016-09-24,Premium,0,Branch Walk-in
CUST00653,Zara Pillai,68,M,Retired,Madhya Pradesh,Jabalpur,BR015,57882.0,675,Verified,2015-03-07,Gold,0,Branch Walk-in
CUST00654,Aarav Pandey,55,F,Self-Employed,Punjab,Chandigarh,BR030,69857.0,627,Verified,2016-09-30,Gold,0,Agent
CUST00655,Karan Nair,48,M,Self-Employed,Delhi,Faridabad,BR017,221518.0,878,Verified,2022-07-25,Premium,0,Online
CUST00656,Amit Mehta,52,F,Business Owner,Uttar Pradesh,Agra,BR020,786721.0,840,Verified,2017-07-04,Premium,1,Online
CUST00657,Vikram Iyer,70,M,Salaried,Punjab,Ludhiana,BR004,171156.0,715,Verified,2015-12-06,Premium,0,Referral
CUST00658,Rekha Mishra,62,F,Self-Employed,Gujarat,Surat,BR043,294848.0,737,Verified,2020-08-19,Premium,0,Branch Walk-in
CUST00659,Zara Pandey,18,M,Salaried,West Bengal,Kolkata,BR032,136784.0,719,Verified,2018-12-01,Premium,0,Referral
CUST00660,Aarav Singh,70,M,Self-Employed,Madhya Pradesh,Jabalpur,BR014,297115.0,730,Verified,2021-03-04,Premium,0,Online
CUST00661,Karan Nair,19,F,Self-Employed,Punjab,Patiala,BR049,71750.0,659,Verified,2019-11-01,Gold,0,Online
CUST00662,Anita Kumar,34,M,Salaried,Delhi,Dwarka,BR002,184364.0,684,Verified,2015-05-11,Premium,0,Agent
CUST00663,Rina Menon,41,M,Self-Employed,Telangana,Nizamabad,BR016,203359.0,718,Verified,2023-12-19,Premium,0,Agent
CUST00664,Ajay Nair,62,F,Self-Employed,Delhi,Dwarka,BR013,121663.0,671,Verified,2022-04-23,Premium,0,Agent
CUST00665,Rajesh Mishra,58,F,Salaried,Telangana,Warangal,BR021,164232.0,670,Verified,2017-02-24,Premium,0,Online
CUST00666,Sneha Agarwal,42,M,Salaried,Punjab,Patiala,BR005,156479.0,717,Verified,2023-08-30,Premium,0,Online
CUST00667,Meera Nair,43,F,Salaried,West Bengal,Siliguri,BR031,136668.0,692,Verified,2015-08-16,Premium,0,Branch Walk-in
CUST00668,Divya Tiwari,41,M,Salaried,Rajasthan,Kota,BR037,69543.0,784,Verified,2016-06-10,Gold,0,Online
CUST00669,Sneha Yadav,46,M,Salaried,West Bengal,Asansol,BR040,106821.0,542,Verified,2021-12-16,Premium,0,Online
CUST00670,Manoj Trivedi,36,M,Homemaker,Telangana,Hyderabad,BR023,4213.0,746,Verified,2023-09-22,Basic,0,Branch Walk-in
CUST00671,Rohit Saxena,30,F,Salaried,Gujarat,Ahmedabad,BR035,143144.0,783,Verified,2019-04-03,Premium,0,Referral
CUST00672,Utkarsh Pillai,37,F,Salaried,Delhi,Faridabad,BR017,74323.0,570,Verified,2020-11-23,Gold,0,Referral
CUST00673,Mihir Banerjee,64,F,Salaried,Madhya Pradesh,Indore,BR026,156099.0,690,Verified,2023-01-27,Premium,0,Referral
CUST00674,Meera Malhotra,45,M,Retired,Gujarat,Ahmedabad,BR021,65059.0,670,Verified,2022-02-08,Gold,0,Online
CUST00675,Shreya Nair,69,M,Salaried,Delhi,Noida,BR048,140298.0,623,Verified,2021-01-12,Premium,0,Referral
CUST00676,Ishaan Shah,54,F,Business Owner,Uttar Pradesh,Agra,BR021,796090.0,792,Verified,2017-05-14,Premium,0,Online
CUST00677,Amit Gupta,22,M,Freelancer,Rajasthan,Kota,BR014,89484.0,631,Expired,2018-03-16,Gold,0,Online
CUST00678,Aditi Verma,20,M,Business Owner,Delhi,New Delhi,BR044,835151.0,900,Pending,2023-04-25,Premium,0,Branch Walk-in
CUST00679,Sanjay Das,41,F,Self-Employed,Telangana,Khammam,BR005,162782.0,768,Verified,2017-12-03,Premium,1,Branch Walk-in
CUST00680,Rohit Rao,31,F,Salaried,Rajasthan,Kota,BR048,47738.0,765,Verified,2018-07-02,Silver,0,Online
CUST00681,Aarav Kumar,61,M,Self-Employed,Telangana,Khammam,BR013,145803.0,752,Verified,2018-06-07,Premium,0,Branch Walk-in
CUST00682,Riya Trivedi,54,F,Self-Employed,Gujarat,Gandhinagar,BR032,26139.0,617,Verified,2016-07-20,Silver,0,Referral
CUST00683,Rina Saxena,29,M,Retired,Telangana,Nizamabad,BR040,41978.0,656,Verified,2018-01-20,Silver,0,Referral
CUST00684,Rahul Menon,33,F,Freelancer,Karnataka,Mangaluru,BR045,135120.0,736,Verified,2017-09-08,Premium,0,Referral
CUST00685,Ananya Tiwari,66,M,Self-Employed,Haryana,Faridabad,BR032,172555.0,641,Verified,2021-04-10,Premium,0,Online
CUST00686,Tanvi Shah,19,F,Salaried,Telangana,Warangal,BR033,37809.0,730,Pending,2022-11-10,Silver,0,Branch Walk-in
CUST00687,Anjali Chatterjee,47,F,Business Owner,Karnataka,Mysuru,BR021,510521.0,767,Verified,2016-02-29,Premium,0,Online
CUST00688,Deepika Chatterjee,56,F,Retired,Telangana,Warangal,BR011,21533.0,661,Verified,2020-01-02,Silver,0,Branch Walk-in
CUST00689,Yash Kapoor,31,M,Self-Employed,Telangana,Warangal,BR029,218607.0,766,Verified,2018-09-05,Premium,0,Referral
CUST00690,Akash Tiwari,46,M,Business Owner,Punjab,Chandigarh,BR025,99794.0,726,Verified,2015-01-29,Gold,0,Agent
CUST00691,Anita Desai,18,M,Self-Employed,Tamil Nadu,Chennai,BR002,111078.0,680,Expired,2018-04-08,Premium,0,Referral
CUST00692,Sanjay Chatterjee,44,F,Salaried,Punjab,Ludhiana,BR047,114688.0,772,Verified,2020-07-25,Premium,0,Online
CUST00693,Utkarsh Trivedi,40,M,Salaried,Rajasthan,Jaipur,BR015,81589.0,631,Verified,2015-04-04,Gold,0,Branch Walk-in
CUST00694,Varun Mehta,20,F,Business Owner,Bihar,Muzaffarpur,BR042,113965.0,739,Verified,2018-09-20,Premium,1,Referral
CUST00695,Anita Krishnan,24,F,Salaried,Madhya Pradesh,Ujjain,BR011,129977.0,741,Verified,2021-08-11,Premium,0,Online
CUST00696,Tanvi Banerjee,39,F,Self-Employed,Andhra Pradesh,Guntur,BR043,20030.0,665,Verified,2022-08-21,Silver,0,Camp
CUST00697,Sachin Nair,25,F,Student,Tamil Nadu,Chennai,BR040,3088.0,700,Verified,2022-04-16,Basic,0,Branch Walk-in
CUST00698,Monika Menon,33,M,Business Owner,Delhi,Gurgaon,BR014,927239.0,790,Verified,2022-07-20,Premium,0,Referral
CUST00699,Shreya Nair,66,M,Retired,Uttar Pradesh,Varanasi,BR042,16540.0,738,Verified,2020-08-20,Basic,0,Camp
CUST00700,Ajay Sharma,51,M,Retired,Madhya Pradesh,Indore,BR039,35906.0,676,Verified,2022-07-11,Silver,1,Branch Walk-in
CUST00701,Nisha Banerjee,55,M,Salaried,Delhi,Dwarka,BR009,121048.0,672,Verified,2018-06-23,Premium,0,Referral
CUST00702,Ajay Joshi,37,M,Business Owner,Tamil Nadu,Salem,BR012,321085.0,807,Verified,2022-08-17,Premium,0,Camp
CUST00703,Sachin Kumar,45,F,Self-Employed,Rajasthan,Kota,BR011,159008.0,669,Verified,2022-05-17,Premium,0,Online
CUST00704,Deepak Saxena,37,M,Homemaker,Bihar,Patna,BR049,2976.0,596,Verified,2017-08-07,Basic,0,Branch Walk-in
CUST00705,Ishaan Krishnan,26,M,Salaried,Uttar Pradesh,Allahabad,BR031,150101.0,616,Verified,2018-05-01,Premium,0,Referral
CUST00706,Rohit Trivedi,65,F,Freelancer,West Bengal,Siliguri,BR027,68509.0,730,Verified,2023-04-30,Gold,0,Camp
CUST00707,Priyanka Krishnan,66,F,Salaried,Karnataka,Mangaluru,BR037,101352.0,623,Verified,2019-05-06,Premium,0,Online
CUST00708,Amit Patel,45,F,Self-Employed,Gujarat,Ahmedabad,BR042,224664.0,830,Verified,2019-02-14,Premium,0,Branch Walk-in
CUST00709,Vijay Mishra,61,F,Business Owner,Punjab,Ludhiana,BR017,189999.0,593,Verified,2019-03-18,Premium,0,Referral
CUST00710,Vikram Verma,23,F,Student,Punjab,Jalandhar,BR026,5185.0,782,Verified,2018-03-19,Basic,0,Camp
CUST00711,Arjun Trivedi,44,F,Salaried,Punjab,Jalandhar,BR038,156681.0,723,Verified,2016-07-06,Premium,0,Branch Walk-in
CUST00712,Arjun Singh,28,F,Salaried,Tamil Nadu,Salem,BR045,167868.0,707,Verified,2015-01-10,Premium,0,Branch Walk-in
CUST00713,Karan Banerjee,63,F,Self-Employed,Rajasthan,Jodhpur,BR012,53285.0,657,Verified,2023-04-11,Gold,0,Branch Walk-in
CUST00714,Ajay Verma,44,M,Salaried,Maharashtra,Pune,BR049,102128.0,724,Verified,2016-11-09,Premium,0,Branch Walk-in
CUST00715,Akash Reddy,61,F,Self-Employed,Maharashtra,Nashik,BR016,231752.0,724,Verified,2015-03-01,Premium,0,Camp
CUST00716,Pooja Agarwal,42,F,Student,Karnataka,Mysuru,BR034,6030.0,747,Verified,2019-07-10,Basic,0,Referral
CUST00717,Siddharth Das,60,M,Freelancer,Gujarat,Vadodara,BR016,71801.0,701,Verified,2015-12-22,Gold,0,Referral
CUST00718,Sneha Malhotra,51,F,Business Owner,Haryana,Faridabad,BR002,315494.0,752,Verified,2019-03-25,Premium,0,Online
CUST00719,Aditya Yadav,70,F,Freelancer,Tamil Nadu,Chennai,BR041,61884.0,670,Verified,2021-02-16,Gold,0,Online
CUST00720,Anil Pillai,48,M,Salaried,Haryana,Panipat,BR006,197703.0,716,Verified,2016-09-16,Premium,0,Online
CUST00721,Isha Menon,68,M,Salaried,Kerala,Kollam,BR003,40241.0,706,Verified,2022-12-10,Silver,0,Branch Walk-in
CUST00722,Seema Sharma,62,M,Freelancer,Tamil Nadu,Coimbatore,BR049,31626.0,583,Pending,2022-05-26,Silver,0,Referral
CUST00723,Manoj Trivedi,60,F,Self-Employed,Tamil Nadu,Madurai,BR043,50083.0,609,Verified,2017-04-23,Gold,0,Agent
CUST00724,Seema Saxena,22,F,Homemaker,Andhra Pradesh,Nellore,BR050,3220.0,725,Verified,2021-05-31,Basic,0,Online
CUST00725,Anjali Shah,25,F,Salaried,Bihar,Bhagalpur,BR015,75921.0,705,Pending,2016-11-23,Gold,0,Branch Walk-in
CUST00726,Akash Mishra,54,F,Freelancer,Gujarat,Surat,BR021,115799.0,692,Verified,2020-04-15,Premium,1,Online
CUST00727,Aarav Chatterjee,55,F,Business Owner,Gujarat,Surat,BR034,261034.0,733,Verified,2021-09-22,Premium,0,Branch Walk-in
CUST00728,Vijay Shah,56,M,Self-Employed,Tamil Nadu,Salem,BR044,95767.0,720,Expired,2015-08-02,Gold,0,Camp
CUST00729,Akash Yadav,31,M,Business Owner,Haryana,Panipat,BR031,520274.0,751,Verified,2021-05-29,Premium,0,Referral
CUST00730,Anil Pillai,67,M,Student,Madhya Pradesh,Indore,BR045,1790.0,633,Verified,2023-04-18,Basic,0,Branch Walk-in
CUST00731,Sachin Pillai,61,M,Salaried,Maharashtra,Nashik,BR026,107849.0,713,Verified,2020-12-04,Premium,0,Referral
CUST00732,Seema Mehta,38,M,Salaried,Tamil Nadu,Trichy,BR026,156647.0,652,Verified,2015-12-03,Premium,0,Referral
CUST00733,Sneha Saxena,65,F,Salaried,Telangana,Warangal,BR014,59240.0,716,Verified,2015-02-26,Gold,0,Agent
CUST00734,Karan Patel,21,M,Retired,Rajasthan,Kota,BR044,21243.0,582,Verified,2023-01-23,Silver,0,Online
CUST00735,Ravi Pandey,33,F,Salaried,Delhi,Gurgaon,BR016,94413.0,760,Verified,2020-02-24,Gold,0,Referral
CUST00736,Ajay Trivedi,70,M,Self-Employed,Madhya Pradesh,Bhopal,BR050,200339.0,748,Verified,2019-09-07,Premium,0,Branch Walk-in
CUST00737,Rahul Kapoor,54,F,Salaried,Punjab,Patiala,BR015,197786.0,734,Verified,2023-02-27,Premium,0,Online
CUST00738,Utkarsh Bose,24,F,Business Owner,Punjab,Jalandhar,BR020,358968.0,810,Verified,2018-02-22,Premium,0,Referral
CUST00739,Sachin Tiwari,55,M,Self-Employed,Uttar Pradesh,Varanasi,BR005,168610.0,813,Verified,2017-02-10,Premium,0,Agent
CUST00740,Divya Mishra,69,M,Business Owner,Haryana,Faridabad,BR001,348581.0,810,Verified,2015-09-01,Premium,0,Agent
CUST00741,Vikram Desai,41,M,Self-Employed,Maharashtra,Mumbai,BR008,290389.0,627,Verified,2017-12-02,Premium,0,Online
CUST00742,Sunita Krishnan,26,F,Self-Employed,Madhya Pradesh,Gwalior,BR043,179465.0,639,Verified,2020-04-28,Premium,0,Branch Walk-in
CUST00743,Divya Pandey,27,F,Salaried,Karnataka,Bengaluru,BR016,77449.0,658,Verified,2018-08-30,Gold,0,Referral
CUST00744,Utkarsh Malhotra,42,M,Salaried,Rajasthan,Jaipur,BR036,138710.0,709,Verified,2017-10-11,Premium,0,Referral
CUST00745,Seema Iyer,35,F,Business Owner,Uttar Pradesh,Kanpur,BR005,995591.0,900,Verified,2018-04-11,Premium,0,Branch Walk-in
CUST00746,Ananya Reddy,45,M,Government Employee,Bihar,Gaya,BR021,64105.0,649,Verified,2019-03-18,Gold,0,Branch Walk-in
CUST00747,Rahul Sharma,67,M,Homemaker,Punjab,Chandigarh,BR024,1366.0,691,Expired,2018-11-03,Basic,0,Camp
CUST00748,Arjun Banerjee,37,M,Self-Employed,Madhya Pradesh,Bhopal,BR012,182816.0,671,Verified,2023-05-01,Premium,0,Branch Walk-in
CUST00749,Monika Desai,66,F,Salaried,Karnataka,Bengaluru,BR011,93174.0,661,Verified,2020-11-14,Gold,0,Referral
CUST00750,Sunil Kumar,61,M,Salaried,West Bengal,Asansol,BR009,114874.0,618,Verified,2017-08-24,Premium,0,Agent
CUST00751,Karan Malhotra,61,F,Student,Punjab,Amritsar,BR046,6087.0,625,Verified,2022-10-15,Basic,0,Branch Walk-in
CUST00752,Rohit Rao,70,F,Homemaker,Rajasthan,Ajmer,BR046,1144.0,599,Verified,2016-06-24,Basic,0,Branch Walk-in
CUST00753,Aarav Rao,23,F,Business Owner,Tamil Nadu,Chennai,BR011,756239.0,772,Pending,2023-05-21,Premium,0,Online
CUST00754,Seema Rao,18,F,Salaried,Punjab,Patiala,BR045,132850.0,769,Verified,2015-02-15,Premium,0,Referral
CUST00755,Anita Krishnan,56,F,Business Owner,Andhra Pradesh,Nellore,BR044,476219.0,718,Verified,2017-11-13,Premium,0,Branch Walk-in
CUST00756,Isha Iyer,21,F,Self-Employed,Bihar,Gaya,BR033,135476.0,865,Verified,2021-06-13,Premium,0,Referral
CUST00757,Monika Trivedi,36,F,Salaried,Bihar,Patna,BR019,71331.0,723,Verified,2015-01-14,Gold,0,Agent
CUST00758,Siddharth Sharma,57,F,Freelancer,Punjab,Patiala,BR003,130286.0,717,Verified,2015-12-24,Premium,0,Branch Walk-in
CUST00759,Anjali Banerjee,24,M,Self-Employed,Andhra Pradesh,Visakhapatnam,BR026,137779.0,656,Verified,2018-05-12,Premium,0,Online
CUST00760,Karan Chatterjee,41,F,Self-Employed,Delhi,Noida,BR015,100296.0,742,Verified,2022-04-15,Premium,0,Referral
CUST00761,Deepika Joshi,18,M,Student,Delhi,Dwarka,BR023,3592.0,646,Verified,2018-05-18,Basic,0,Online
CUST00762,Deepika Rao,48,M,Salaried,Maharashtra,Pune,BR043,192947.0,725,Verified,2019-07-10,Premium,0,Branch Walk-in
CUST00763,Divya Gupta,65,F,Student,Madhya Pradesh,Jabalpur,BR033,8431.0,835,Verified,2021-08-13,Basic,0,Online
CUST00764,Vikram Agarwal,39,M,Business Owner,Maharashtra,Pune,BR004,458182.0,765,Verified,2015-02-19,Premium,0,Branch Walk-in
CUST00765,Ravi Nair,67,F,Salaried,Delhi,Faridabad,BR012,45128.0,757,Verified,2019-06-26,Silver,0,Referral
CUST00766,Mihir Gupta,55,M,Salaried,Karnataka,Belgaum,BR040,135059.0,664,Verified,2017-07-13,Premium,1,Agent
CUST00767,Rohit Kapoor,21,F,Salaried,Rajasthan,Jaipur,BR040,91562.0,696,Verified,2023-12-07,Gold,0,Online
CUST00768,Siddharth Kapoor,25,M,Salaried,Uttar Pradesh,Varanasi,BR042,72118.0,800,Verified,2019-10-10,Gold,0,Branch Walk-in
CUST00769,Vikram Verma,35,M,Salaried,Maharashtra,Nagpur,BR014,183984.0,679,Verified,2016-09-18,Premium,0,Branch Walk-in
CUST00770,Monika Tiwari,26,F,Business Owner,Punjab,Chandigarh,BR044,364651.0,861,Verified,2021-02-23,Premium,0,Branch Walk-in
CUST00771,Aditya Mishra,26,F,Homemaker,Kerala,Thrissur,BR006,3148.0,723,Pending,2017-01-17,Basic,0,Branch Walk-in
CUST00772,Sachin Joshi,57,F,Freelancer,West Bengal,Kolkata,BR005,64577.0,659,Verified,2023-01-25,Gold,0,Online
CUST00773,Yash Trivedi,53,F,Retired,Haryana,Hisar,BR049,78383.0,733,Pending,2021-03-24,Gold,0,Online
CUST00774,Riya Patel,35,F,Salaried,Andhra Pradesh,Nellore,BR002,146924.0,767,Verified,2017-03-12,Premium,1,Branch Walk-in
CUST00775,Yash Tiwari,50,M,Business Owner,Bihar,Bhagalpur,BR032,972961.0,900,Verified,2017-10-25,Premium,0,Online
CUST00776,Rajesh Malhotra,31,M,Salaried,Tamil Nadu,Coimbatore,BR001,128620.0,611,Verified,2015-02-25,Premium,0,Agent
CUST00777,Riya Patel,32,F,Salaried,Telangana,Karimnagar,BR036,32982.0,642,Pending,2019-01-20,Silver,0,Branch Walk-in
CUST00778,Aarav Trivedi,70,M,Government Employee,Bihar,Patna,BR042,48898.0,674,Verified,2016-12-22,Silver,0,Branch Walk-in
CUST00779,Sanjay Patel,44,F,Student,Haryana,Panipat,BR017,8983.0,677,Verified,2020-01-07,Basic,0,Referral
CUST00780,Anil Saxena,52,F,Government Employee,Telangana,Warangal,BR017,89159.0,735,Pending,2016-10-23,Gold,0,Online
CUST00781,Rekha Trivedi,32,F,Retired,Kerala,Kollam,BR014,36077.0,697,Verified,2018-06-21,Silver,0,Branch Walk-in
CUST00782,Zara Verma,48,F,Salaried,Haryana,Rohtak,BR024,41396.0,608,Verified,2018-02-01,Silver,0,Agent
CUST00783,Ananya Kumar,29,M,Salaried,Delhi,Noida,BR002,168062.0,736,Verified,2018-03-13,Premium,0,Camp
CUST00784,Tanvi Pillai,69,M,Student,Karnataka,Belgaum,BR009,118.0,716,Verified,2016-09-11,Basic,0,Online
CUST00785,Aarav Yadav,35,M,Student,Maharashtra,Pune,BR016,1426.0,713,Verified,2015-03-25,Basic,0,Referral
CUST00786,Shreya Agarwal,46,M,Student,Tamil Nadu,Coimbatore,BR031,8155.0,746,Verified,2020-03-25,Basic,0,Online
CUST00787,Ishaan Sharma,36,F,Salaried,Karnataka,Bengaluru,BR003,42949.0,738,Verified,2022-01-24,Silver,0,Branch Walk-in
CUST00788,Pooja Verma,61,Other,Homemaker,Punjab,Amritsar,BR015,1924.0,707,Verified,2016-11-29,Basic,1,Branch Walk-in
CUST00789,Karan Rao,23,F,Salaried,Karnataka,Belgaum,BR022,181728.0,712,Verified,2017-07-27,Premium,0,Branch Walk-in
CUST00790,Pooja Desai,40,M,Retired,Punjab,Amritsar,BR040,71901.0,594,Verified,2019-08-12,Gold,0,Referral
CUST00791,Yash Saxena,27,F,Student,Madhya Pradesh,Bhopal,BR010,3203.0,706,Expired,2021-08-24,Basic,0,Branch Walk-in
CUST00792,Siddharth Shah,26,M,Salaried,Rajasthan,Udaipur,BR010,56828.0,703,Verified,2021-07-20,Gold,1,Online
CUST00793,Varun Chatterjee,59,M,Retired,Punjab,Amritsar,BR009,74904.0,711,Verified,2021-07-09,Gold,0,Referral
CUST00794,Ravi Singh,51,M,Student,Rajasthan,Jaipur,BR038,5779.0,604,Verified,2018-09-24,Basic,1,Branch Walk-in
CUST00795,Priyanka Bose,21,M,Homemaker,Uttar Pradesh,Varanasi,BR009,4557.0,616,Verified,2021-02-20,Basic,0,Online
CUST00796,Deepika Kapoor,32,F,Salaried,Andhra Pradesh,Tirupati,BR016,34776.0,750,Verified,2017-05-06,Silver,0,Camp
CUST00797,Aditi Kumar,55,M,Salaried,Gujarat,Ahmedabad,BR045,37910.0,685,Verified,2017-09-09,Silver,0,Online
CUST00798,Ravi Mehta,48,M,Student,Bihar,Bhagalpur,BR010,7436.0,722,Verified,2023-12-22,Basic,0,Online
CUST00799,Rajesh Verma,59,M,Salaried,Maharashtra,Nagpur,BR008,30621.0,687,Verified,2017-12-14,Silver,0,Agent
CUST00800,Rahul Singh,63,F,Self-Employed,Uttar Pradesh,Agra,BR037,79785.0,697,Expired,2017-09-01,Gold,0,Branch Walk-in
CUST00801,Ravi Malhotra,70,M,Self-Employed,Kerala,Kochi,BR015,227609.0,781,Verified,2016-04-24,Premium,0,Online
CUST00802,Sneha Pandey,35,F,Self-Employed,Maharashtra,Nagpur,BR042,45894.0,658,Verified,2016-04-28,Silver,0,Branch Walk-in
CUST00803,Deepak Joshi,66,F,Business Owner,Karnataka,Bengaluru,BR014,914203.0,868,Verified,2018-03-12,Premium,0,Camp
CUST00804,Anjali Mehta,48,M,Government Employee,Kerala,Kochi,BR037,34111.0,659,Verified,2020-05-08,Silver,0,Online
CUST00805,Shreya Rao,40,F,Self-Employed,Tamil Nadu,Madurai,BR049,292547.0,712,Verified,2016-08-28,Premium,0,Referral
CUST00806,Anita Malhotra,20,M,Self-Employed,Maharashtra,Nashik,BR025,97684.0,680,Verified,2017-07-30,Gold,1,Branch Walk-in
CUST00807,Priyanka Shah,50,M,Student,Tamil Nadu,Coimbatore,BR050,5163.0,694,Verified,2023-11-26,Basic,0,Online
CUST00808,Ishaan Mishra,42,F,Student,Rajasthan,Jaipur,BR046,2391.0,651,Verified,2016-04-11,Basic,0,Branch Walk-in
CUST00809,Pooja Gupta,69,M,Retired,Bihar,Muzaffarpur,BR036,65794.0,768,Verified,2016-06-25,Gold,0,Branch Walk-in
CUST00810,Priya Agarwal,29,F,Salaried,Kerala,Kozhikode,BR023,149365.0,656,Verified,2022-11-02,Premium,0,Agent
CUST00811,Yash Iyer,36,M,Salaried,Karnataka,Belgaum,BR032,95164.0,687,Verified,2017-03-12,Gold,0,Branch Walk-in
CUST00812,Monika Yadav,61,M,Salaried,Rajasthan,Ajmer,BR029,32468.0,660,Verified,2015-12-21,Silver,0,Agent
CUST00813,Sunil Singh,22,M,Business Owner,Telangana,Nizamabad,BR011,261899.0,819,Verified,2022-11-12,Premium,0,Referral
CUST00814,Utkarsh Shah,43,M,Student,Karnataka,Bengaluru,BR012,7682.0,693,Verified,2018-05-24,Basic,0,Branch Walk-in
CUST00815,Ishaan Trivedi,20,M,Salaried,Haryana,Rohtak,BR008,120389.0,765,Verified,2022-12-30,Premium,1,Referral
CUST00816,Sachin Desai,31,M,Government Employee,Maharashtra,Nagpur,BR028,34867.0,597,Verified,2015-05-23,Silver,0,Branch Walk-in
CUST00817,Sunita Joshi,63,F,Salaried,Telangana,Nizamabad,BR006,103999.0,716,Verified,2022-02-21,Premium,0,Branch Walk-in
CUST00818,Varun Agarwal,37,M,Freelancer,Andhra Pradesh,Tirupati,BR022,41389.0,741,Verified,2020-12-10,Silver,0,Referral
CUST00819,Ananya Saxena,53,F,Retired,Gujarat,Gandhinagar,BR025,65900.0,698,Verified,2018-05-18,Gold,0,Camp
CUST00820,Sanjay Gupta,47,F,Salaried,Haryana,Hisar,BR001,188418.0,781,Verified,2023-07-01,Premium,0,Referral
CUST00821,Monika Joshi,55,M,Self-Employed,West Bengal,Howrah,BR041,42772.0,657,Verified,2018-09-20,Silver,0,Online
CUST00822,Sneha Sharma,54,M,Government Employee,Gujarat,Surat,BR013,115959.0,787,Verified,2021-04-19,Premium,0,Branch Walk-in
CUST00823,Sunita Tiwari,40,M,Self-Employed,West Bengal,Siliguri,BR027,251033.0,868,Pending,2022-03-31,Premium,0,Online
CUST00824,Ajay Mehta,42,F,Self-Employed,Uttar Pradesh,Allahabad,BR011,96233.0,677,Pending,2022-06-11,Gold,0,Branch Walk-in
CUST00825,Pooja Saxena,57,F,Business Owner,Karnataka,Bengaluru,BR006,935872.0,840,Pending,2016-10-06,Premium,0,Online
CUST00826,Deepak Pillai,44,M,Salaried,Kerala,Kochi,BR043,62077.0,779,Pending,2022-09-25,Gold,1,Online
CUST00827,Aarav Iyer,59,F,Homemaker,Madhya Pradesh,Jabalpur,BR027,3519.0,775,Verified,2021-09-25,Basic,0,Referral
CUST00828,Ishaan Yadav,44,M,Salaried,Telangana,Nizamabad,BR044,30718.0,654,Verified,2015-06-13,Silver,0,Online
CUST00829,Kavya Pandey,33,F,Government Employee,Gujarat,Surat,BR037,80017.0,670,Verified,2021-08-28,Gold,0,Online
CUST00830,Mihir Gupta,38,F,Salaried,Delhi,Gurgaon,BR047,115523.0,686,Verified,2022-06-10,Premium,0,Online
CUST00831,Aditi Rao,38,M,Salaried,Rajasthan,Udaipur,BR036,60658.0,611,Verified,2016-08-02,Gold,0,Online
CUST00832,Ajay Trivedi,65,F,Self-Employed,Uttar Pradesh,Lucknow,BR037,224238.0,669,Verified,2022-09-20,Premium,0,Branch Walk-in
CUST00833,Sunil Patel,69,M,Student,Tamil Nadu,Trichy,BR016,7860.0,621,Pending,2019-06-07,Basic,0,Online
CUST00834,Riya Reddy,56,F,Self-Employed,Kerala,Kochi,BR008,49965.0,643,Verified,2017-05-31,Silver,0,Online
CUST00835,Pooja Trivedi,68,M,Salaried,Bihar,Gaya,BR026,28842.0,683,Verified,2016-04-02,Silver,0,Online
CUST00836,Deepika Shah,18,Other,Salaried,Andhra Pradesh,Tirupati,BR011,183137.0,730,Verified,2015-07-15,Premium,0,Online
CUST00837,Manoj Sharma,25,M,Salaried,Delhi,Faridabad,BR048,58748.0,784,Verified,2015-07-03,Gold,0,Online
CUST00838,Rahul Reddy,32,M,Salaried,Andhra Pradesh,Visakhapatnam,BR002,39602.0,628,Expired,2017-02-25,Silver,0,Online
CUST00839,Kavya Reddy,45,M,Retired,Telangana,Nizamabad,BR048,48323.0,748,Verified,2021-10-21,Silver,0,Branch Walk-in
CUST00840,Anil Agarwal,55,M,Student,Rajasthan,Jaipur,BR038,3116.0,667,Verified,2018-07-02,Basic,0,Branch Walk-in
CUST00841,Sneha Menon,45,F,Business Owner,Gujarat,Gandhinagar,BR007,239735.0,724,Verified,2021-01-01,Premium,0,Branch Walk-in
CUST00842,Utkarsh Sharma,56,M,Self-Employed,Uttar Pradesh,Agra,BR038,250606.0,770,Verified,2020-12-28,Premium,0,Branch Walk-in
CUST00843,Deepika Sharma,41,M,Business Owner,Tamil Nadu,Chennai,BR014,187788.0,650,Verified,2020-05-07,Premium,0,Online
CUST00844,Sunita Joshi,42,M,Business Owner,Madhya Pradesh,Gwalior,BR015,319434.0,766,Verified,2018-08-11,Premium,0,Agent
CUST00845,Sanjay Bose,44,M,Homemaker,Bihar,Patna,BR037,3411.0,690,Verified,2022-05-28,Basic,0,Online
CUST00846,Nisha Mishra,28,M,Salaried,Telangana,Nizamabad,BR008,130250.0,735,Verified,2021-07-06,Premium,0,Online
CUST00847,Aditya Shah,43,F,Salaried,Maharashtra,Thane,BR019,31476.0,703,Verified,2023-12-22,Silver,0,Referral
CUST00848,Pooja Pandey,40,M,Salaried,Haryana,Hisar,BR018,95060.0,846,Verified,2020-04-29,Gold,1,Online
CUST00849,Aarav Kumar,24,M,Freelancer,Punjab,Chandigarh,BR024,23807.0,646,Verified,2015-10-25,Silver,0,Online
CUST00850,Ravi Das,69,M,Student,Delhi,New Delhi,BR013,3689.0,648,Pending,2015-01-31,Basic,0,Branch Walk-in
CUST00851,Rahul Kapoor,57,M,Salaried,Telangana,Hyderabad,BR017,163535.0,675,Verified,2021-06-16,Premium,0,Branch Walk-in
CUST00852,Sunita Banerjee,44,M,Business Owner,Bihar,Gaya,BR049,655058.0,777,Verified,2017-01-30,Premium,0,Branch Walk-in
CUST00853,Siddharth Chatterjee,67,F,Salaried,Madhya Pradesh,Jabalpur,BR015,76841.0,657,Verified,2016-05-29,Gold,0,Agent
CUST00854,Zara Bose,21,M,Government Employee,Haryana,Gurugram,BR005,49123.0,761,Verified,2018-09-05,Silver,0,Referral
CUST00855,Neha Kumar,66,F,Retired,Madhya Pradesh,Ujjain,BR033,76385.0,780,Verified,2022-09-22,Gold,0,Agent
CUST00856,Rahul Rao,67,M,Self-Employed,Rajasthan,Kota,BR040,129058.0,671,Verified,2016-03-02,Premium,0,Online
CUST00857,Karan Reddy,33,M,Student,Delhi,Gurgaon,BR007,166.0,630,Verified,2022-11-03,Basic,0,Branch Walk-in
CUST00858,Vikram Banerjee,31,M,Self-Employed,Andhra Pradesh,Nellore,BR006,57927.0,719,Verified,2023-07-18,Gold,0,Branch Walk-in
CUST00859,Sunita Pandey,43,M,Salaried,Rajasthan,Kota,BR013,55913.0,658,Verified,2019-09-11,Gold,0,Online
CUST00860,Ananya Chatterjee,20,M,Salaried,Karnataka,Mysuru,BR008,125665.0,743,Verified,2019-01-23,Premium,0,Referral
CUST00861,Pooja Joshi,70,M,Salaried,Rajasthan,Kota,BR007,178917.0,727,Verified,2019-07-25,Premium,0,Referral
CUST00862,Ravi Nair,62,M,Salaried,Telangana,Hyderabad,BR007,133871.0,615,Verified,2020-03-12,Premium,0,Online
CUST00863,Priya Menon,45,M,Business Owner,West Bengal,Howrah,BR001,367351.0,846,Verified,2018-01-08,Premium,0,Online
CUST00864,Aditi Mishra,33,F,Self-Employed,West Bengal,Asansol,BR001,149682.0,817,Verified,2015-10-08,Premium,0,Online
CUST00865,Yash Agarwal,37,F,Salaried,Madhya Pradesh,Indore,BR050,165681.0,676,Expired,2020-09-16,Premium,0,Online
CUST00866,Priyanka Desai,37,F,Retired,Gujarat,Rajkot,BR001,61160.0,668,Pending,2023-10-23,Gold,0,Branch Walk-in
CUST00867,Sunil Kumar,27,M,Business Owner,Punjab,Patiala,BR047,979706.0,893,Verified,2018-09-30,Premium,0,Referral
CUST00868,Ajay Gupta,30,F,Student,Rajasthan,Udaipur,BR014,9206.0,701,Pending,2021-06-05,Basic,0,Agent
CUST00869,Utkarsh Mishra,61,M,Salaried,West Bengal,Asansol,BR012,86048.0,736,Expired,2020-08-19,Gold,0,Branch Walk-in
CUST00870,Riya Gupta,68,F,Salaried,Uttar Pradesh,Agra,BR040,104630.0,821,Verified,2020-11-26,Premium,0,Online
CUST00871,Riya Singh,60,F,Business Owner,Delhi,Faridabad,BR019,204476.0,710,Verified,2023-04-14,Premium,0,Branch Walk-in
CUST00872,Akash Reddy,18,M,Self-Employed,Kerala,Kochi,BR004,137642.0,659,Pending,2015-01-04,Premium,0,Online
CUST00873,Vikram Mishra,63,F,Freelancer,Madhya Pradesh,Ujjain,BR010,55187.0,608,Verified,2018-05-07,Gold,0,Agent
CUST00874,Vijay Mehta,24,M,Self-Employed,Tamil Nadu,Salem,BR028,269515.0,690,Verified,2020-02-20,Premium,0,Referral
CUST00875,Anjali Mehta,53,F,Salaried,Delhi,Dwarka,BR017,59917.0,689,Verified,2020-03-10,Gold,0,Online
CUST00876,Anita Kapoor,46,M,Salaried,Andhra Pradesh,Tirupati,BR007,146473.0,816,Verified,2023-07-28,Premium,0,Camp
CUST00877,Rina Krishnan,67,M,Salaried,West Bengal,Kolkata,BR036,98661.0,668,Verified,2017-05-23,Gold,0,Branch Walk-in
CUST00878,Zara Yadav,43,F,Salaried,Uttar Pradesh,Allahabad,BR019,47039.0,702,Verified,2015-02-06,Silver,0,Branch Walk-in
CUST00879,Ravi Shah,70,F,Business Owner,Telangana,Hyderabad,BR022,326048.0,744,Verified,2023-03-11,Premium,0,Online
CUST00880,Divya Nair,27,F,Salaried,Haryana,Gurugram,BR045,123359.0,775,Verified,2023-06-05,Premium,0,Online
CUST00881,Ishaan Pandey,30,F,Business Owner,Haryana,Gurugram,BR032,158973.0,863,Verified,2015-01-01,Premium,0,Branch Walk-in
CUST00882,Karan Bose,25,M,Self-Employed,Maharashtra,Nashik,BR029,100478.0,668,Verified,2023-03-25,Premium,0,Online
CUST00883,Monika Desai,58,M,Self-Employed,West Bengal,Asansol,BR008,21172.0,654,Verified,2017-05-30,Silver,0,Branch Walk-in
CUST00884,Utkarsh Pillai,55,F,Business Owner,West Bengal,Durgapur,BR019,518316.0,846,Verified,2019-09-06,Premium,0,Online
CUST00885,Aditya Trivedi,42,F,Salaried,Maharashtra,Nagpur,BR030,26928.0,726,Verified,2020-02-25,Silver,0,Agent
CUST00886,Siddharth Banerjee,47,F,Homemaker,Gujarat,Surat,BR030,1385.0,791,Verified,2017-09-10,Basic,0,Referral
CUST00887,Zara Kapoor,27,F,Salaried,Rajasthan,Ajmer,BR005,86577.0,732,Verified,2020-10-09,Gold,0,Referral
CUST00888,Vijay Desai,59,M,Homemaker,Andhra Pradesh,Tirupati,BR005,2419.0,658,Verified,2023-01-10,Basic,0,Referral
CUST00889,Ananya Patel,55,M,Salaried,Telangana,Warangal,BR045,85917.0,732,Verified,2021-11-13,Gold,0,Referral
CUST00890,Arjun Menon,67,F,Student,West Bengal,Siliguri,BR021,8086.0,748,Verified,2019-01-10,Basic,0,Camp
CUST00891,Yash Tiwari,25,M,Business Owner,Andhra Pradesh,Vijayawada,BR004,85547.0,746,Verified,2016-03-28,Gold,0,Branch Walk-in
CUST00892,Kavya Reddy,58,M,Salaried,Karnataka,Mangaluru,BR025,125411.0,735,Verified,2018-05-26,Premium,0,Referral
CUST00893,Meera Patel,19,F,Salaried,Rajasthan,Ajmer,BR013,135095.0,771,Pending,2016-08-20,Premium,0,Online
CUST00894,Pooja Joshi,64,F,Salaried,Uttar Pradesh,Lucknow,BR022,192605.0,788,Verified,2023-12-26,Premium,0,Online
CUST00895,Ananya Mishra,46,M,Retired,Kerala,Kollam,BR009,42788.0,771,Verified,2021-05-26,Silver,0,Branch Walk-in
CUST00896,Priya Pillai,19,F,Self-Employed,Tamil Nadu,Chennai,BR039,78846.0,734,Verified,2019-12-07,Gold,0,Camp
CUST00897,Rohit Pillai,51,F,Salaried,Karnataka,Belgaum,BR037,188067.0,707,Verified,2023-07-05,Premium,0,Online
CUST00898,Shreya Menon,39,F,Salaried,Andhra Pradesh,Guntur,BR042,98746.0,708,Verified,2018-05-30,Gold,0,Referral
CUST00899,Siddharth Singh,69,F,Self-Employed,Andhra Pradesh,Vijayawada,BR016,285179.0,809,Verified,2015-08-08,Premium,0,Branch Walk-in
CUST00900,Rajesh Nair,20,F,Salaried,Uttar Pradesh,Varanasi,BR009,43211.0,639,Verified,2023-06-13,Silver,0,Referral
CUST00901,Anita Desai,68,F,Salaried,Tamil Nadu,Chennai,BR004,166989.0,735,Verified,2021-06-15,Premium,0,Referral
CUST00902,Deepika Menon,53,F,Student,Haryana,Faridabad,BR028,1378.0,656,Pending,2022-06-14,Basic,0,Online
CUST00903,Monika Tiwari,55,F,Salaried,Andhra Pradesh,Vijayawada,BR016,26759.0,687,Verified,2022-01-10,Silver,0,Camp
CUST00904,Aditya Shah,26,M,Salaried,Maharashtra,Pune,BR004,101747.0,777,Verified,2019-10-22,Premium,0,Branch Walk-in
CUST00905,Manoj Joshi,60,M,Business Owner,Kerala,Thrissur,BR031,122964.0,716,Verified,2019-04-04,Premium,0,Agent
CUST00906,Neha Nair,41,F,Salaried,Tamil Nadu,Salem,BR046,161536.0,715,Verified,2019-12-24,Premium,0,Online
CUST00907,Meera Krishnan,57,M,Student,Maharashtra,Nagpur,BR027,4862.0,599,Expired,2016-05-02,Basic,0,Referral
CUST00908,Ravi Malhotra,68,F,Student,Tamil Nadu,Chennai,BR024,1420.0,725,Verified,2018-12-31,Basic,0,Online
CUST00909,Akash Reddy,37,F,Business Owner,Maharashtra,Nagpur,BR018,835820.0,885,Verified,2016-06-09,Premium,0,Online
CUST00910,Sunil Mehta,29,M,Salaried,West Bengal,Kolkata,BR015,140487.0,837,Verified,2015-11-21,Premium,0,Agent
CUST00911,Shreya Saxena,55,F,Retired,Madhya Pradesh,Gwalior,BR017,29075.0,667,Verified,2015-06-19,Silver,0,Referral
CUST00912,Manoj Malhotra,64,M,Business Owner,Haryana,Gurugram,BR007,935849.0,880,Verified,2019-11-21,Premium,0,Branch Walk-in
CUST00913,Rahul Yadav,33,F,Government Employee,Rajasthan,Kota,BR048,41869.0,703,Verified,2015-04-05,Silver,1,Referral
CUST00914,Sunil Reddy,57,F,Self-Employed,Telangana,Karimnagar,BR037,93167.0,793,Verified,2019-07-28,Gold,0,Branch Walk-in
CUST00915,Aarav Malhotra,46,M,Retired,Kerala,Kozhikode,BR017,45077.0,683,Verified,2022-06-26,Silver,0,Online
CUST00916,Ananya Malhotra,35,M,Freelancer,Rajasthan,Jaipur,BR038,136616.0,724,Verified,2020-05-05,Premium,0,Agent
CUST00917,Deepika Trivedi,57,M,Salaried,Delhi,Dwarka,BR041,139796.0,744,Verified,2018-12-16,Premium,0,Online
CUST00918,Aditi Desai,63,F,Salaried,Maharashtra,Nashik,BR046,198595.0,730,Verified,2019-05-19,Premium,0,Branch Walk-in
CUST00919,Nisha Joshi,46,M,Salaried,Tamil Nadu,Madurai,BR007,44807.0,662,Verified,2016-04-26,Silver,0,Online
CUST00920,Shreya Rao,38,F,Salaried,Punjab,Jalandhar,BR019,131219.0,717,Verified,2021-02-16,Premium,0,Branch Walk-in
CUST00921,Arjun Pandey,27,M,Salaried,Maharashtra,Pune,BR024,184578.0,781,Verified,2015-06-08,Premium,0,Referral
CUST00922,Sunil Saxena,31,M,Salaried,Madhya Pradesh,Ujjain,BR046,91297.0,636,Verified,2015-07-22,Gold,0,Camp
CUST00923,Manoj Saxena,54,M,Self-Employed,Andhra Pradesh,Visakhapatnam,BR037,194642.0,726,Pending,2022-02-10,Premium,0,Online
CUST00924,Nisha Shah,35,M,Self-Employed,Punjab,Patiala,BR034,70582.0,652,Verified,2019-12-27,Gold,0,Online
CUST00925,Sneha Singh,64,M,Salaried,Haryana,Gurugram,BR045,192581.0,790,Verified,2021-12-22,Premium,0,Referral
CUST00926,Manoj Nair,32,F,Student,Kerala,Thiruvananthapuram,BR029,5693.0,589,Verified,2017-02-17,Basic,0,Branch Walk-in
CUST00927,Ishaan Mishra,23,M,Salaried,Telangana,Karimnagar,BR022,96488.0,665,Pending,2023-08-05,Gold,0,Branch Walk-in
CUST00928,Monika Gupta,34,M,Salaried,West Bengal,Kolkata,BR011,158964.0,734,Verified,2022-12-29,Premium,0,Referral
CUST00929,Divya Pillai,42,F,Retired,Karnataka,Mysuru,BR033,73777.0,788,Verified,2021-01-10,Gold,0,Online
CUST00930,Ananya Saxena,24,F,Business Owner,Bihar,Muzaffarpur,BR038,994427.0,874,Pending,2015-10-09,Premium,0,Online
CUST00931,Anil Tiwari,62,F,Student,Haryana,Rohtak,BR019,1346.0,646,Verified,2018-02-13,Basic,0,Branch Walk-in
CUST00932,Yash Verma,59,M,Self-Employed,Maharashtra,Nashik,BR038,144255.0,821,Verified,2020-06-14,Premium,0,Branch Walk-in
CUST00933,Vikram Mehta,51,M,Salaried,Telangana,Nizamabad,BR022,182028.0,629,Verified,2023-08-25,Premium,0,Branch Walk-in
CUST00934,Arjun Iyer,54,M,Self-Employed,Bihar,Gaya,BR028,265681.0,601,Verified,2020-05-07,Premium,0,Online
CUST00935,Mihir Desai,34,M,Freelancer,Andhra Pradesh,Visakhapatnam,BR019,148545.0,736,Verified,2016-10-21,Premium,0,Online
CUST00936,Aarav Agarwal,52,F,Homemaker,Delhi,New Delhi,BR039,2690.0,650,Verified,2018-04-27,Basic,0,Agent
CUST00937,Deepika Kapoor,26,F,Self-Employed,Kerala,Thrissur,BR047,251846.0,669,Verified,2020-01-07,Premium,0,Online
CUST00938,Anjali Saxena,64,F,Government Employee,Telangana,Hyderabad,BR009,90184.0,740,Verified,2021-01-06,Gold,0,Online
CUST00939,Aditya Rao,61,M,Student,Telangana,Nizamabad,BR041,7770.0,696,Verified,2020-05-10,Basic,0,Branch Walk-in
CUST00940,Mihir Desai,33,M,Business Owner,Uttar Pradesh,Lucknow,BR041,180031.0,682,Verified,2021-05-26,Premium,0,Branch Walk-in
CUST00941,Aarav Rao,23,M,Salaried,West Bengal,Durgapur,BR009,191396.0,641,Verified,2018-08-23,Premium,0,Branch Walk-in
CUST00942,Amit Banerjee,55,F,Self-Employed,Rajasthan,Udaipur,BR040,81894.0,748,Verified,2020-12-06,Gold,0,Branch Walk-in
CUST00943,Riya Gupta,43,M,Student,Telangana,Nizamabad,BR032,5978.0,720,Expired,2023-03-08,Basic,0,Referral
CUST00944,Sanjay Desai,45,M,Salaried,Rajasthan,Kota,BR021,45268.0,683,Verified,2022-11-27,Silver,0,Referral
CUST00945,Rajesh Joshi,33,F,Self-Employed,West Bengal,Siliguri,BR039,23254.0,795,Verified,2019-07-23,Silver,0,Referral
CUST00946,Akash Reddy,46,M,Self-Employed,Telangana,Karimnagar,BR027,136182.0,643,Verified,2019-06-08,Premium,0,Branch Walk-in
CUST00947,Rina Pandey,28,M,Business Owner,West Bengal,Siliguri,BR015,559212.0,700,Verified,2016-11-16,Premium,0,Referral
CUST00948,Neha Patel,39,M,Student,Madhya Pradesh,Jabalpur,BR006,9122.0,640,Verified,2016-01-30,Basic,0,Branch Walk-in
CUST00949,Shreya Rao,69,M,Salaried,Uttar Pradesh,Varanasi,BR046,53246.0,687,Verified,2021-05-12,Gold,0,Branch Walk-in
CUST00950,Riya Mehta,68,M,Self-Employed,Maharashtra,Nashik,BR007,153196.0,725,Verified,2017-09-02,Premium,0,Branch Walk-in
CUST00951,Anjali Singh,26,M,Business Owner,Haryana,Gurugram,BR025,827381.0,831,Verified,2019-08-05,Premium,0,Online
CUST00952,Kavya Bose,24,F,Homemaker,Maharashtra,Nashik,BR039,3679.0,701,Verified,2021-08-27,Basic,0,Online
CUST00953,Tanvi Mehta,24,M,Self-Employed,Maharashtra,Nagpur,BR018,90317.0,622,Verified,2023-01-08,Gold,0,Branch Walk-in
CUST00954,Sneha Tiwari,19,F,Salaried,Telangana,Khammam,BR033,198802.0,806,Verified,2021-09-12,Premium,0,Camp
CUST00955,Shreya Kumar,54,F,Self-Employed,Rajasthan,Jodhpur,BR029,46050.0,684,Expired,2020-04-14,Silver,0,Branch Walk-in
CUST00956,Sunita Saxena,27,F,Salaried,Bihar,Bhagalpur,BR038,95559.0,766,Verified,2023-01-21,Gold,0,Online
CUST00957,Aarav Reddy,27,F,Salaried,Rajasthan,Udaipur,BR048,31389.0,706,Verified,2021-12-01,Silver,0,Online
CUST00958,Arjun Rao,48,F,Self-Employed,Gujarat,Surat,BR021,161613.0,739,Verified,2016-05-21,Premium,0,Branch Walk-in
CUST00959,Pooja Verma,25,F,Salaried,Haryana,Gurugram,BR011,31836.0,720,Verified,2022-03-20,Silver,0,Agent
CUST00960,Sunita Shah,45,F,Salaried,Rajasthan,Kota,BR001,199255.0,746,Verified,2019-08-12,Premium,0,Branch Walk-in
CUST00961,Amit Malhotra,41,M,Freelancer,Uttar Pradesh,Kanpur,BR040,87519.0,736,Verified,2019-04-11,Gold,0,Camp
CUST00962,Karan Kumar,48,M,Self-Employed,Andhra Pradesh,Visakhapatnam,BR011,17799.0,763,Expired,2022-01-30,Basic,0,Referral
CUST00963,Vijay Verma,24,M,Self-Employed,Tamil Nadu,Chennai,BR035,32416.0,698,Verified,2022-12-22,Silver,0,Online
CUST00964,Sneha Pandey,45,F,Salaried,Maharashtra,Pune,BR018,127282.0,747,Pending,2020-03-14,Premium,0,Online
CUST00965,Priya Mishra,64,M,Salaried,Tamil Nadu,Chennai,BR038,62877.0,687,Verified,2018-01-13,Gold,0,Referral
CUST00966,Meera Verma,56,M,Retired,Gujarat,Gandhinagar,BR050,33020.0,773,Verified,2023-01-20,Silver,0,Agent
CUST00967,Divya Banerjee,18,F,Salaried,Kerala,Thiruvananthapuram,BR010,81584.0,655,Verified,2015-11-21,Gold,0,Online
CUST00968,Siddharth Mehta,42,F,Business Owner,Madhya Pradesh,Bhopal,BR016,785224.0,900,Verified,2023-01-27,Premium,0,Online
CUST00969,Deepak Malhotra,63,M,Retired,Tamil Nadu,Coimbatore,BR041,24287.0,682,Verified,2022-06-09,Silver,0,Online
CUST00970,Anil Rao,41,M,Salaried,Rajasthan,Udaipur,BR012,174690.0,629,Verified,2020-11-19,Premium,1,Agent
CUST00971,Sunita Joshi,18,M,Freelancer,Rajasthan,Udaipur,BR012,45459.0,696,Verified,2021-02-21,Silver,0,Online
CUST00972,Utkarsh Patel,20,Other,Business Owner,Telangana,Khammam,BR001,664857.0,772,Verified,2023-02-22,Premium,0,Branch Walk-in
CUST00973,Karan Agarwal,56,F,Homemaker,Kerala,Kochi,BR046,3161.0,731,Verified,2023-05-05,Basic,0,Branch Walk-in
CUST00974,Divya Singh,27,M,Homemaker,Gujarat,Ahmedabad,BR040,3528.0,641,Verified,2018-01-04,Basic,0,Online
CUST00975,Neha Pandey,35,F,Retired,Maharashtra,Nagpur,BR007,78921.0,669,Verified,2018-04-21,Gold,0,Agent
CUST00976,Varun Bose,41,F,Student,Andhra Pradesh,Visakhapatnam,BR038,5163.0,567,Verified,2021-11-10,Basic,0,Referral
CUST00977,Ravi Banerjee,20,M,Salaried,Delhi,Noida,BR006,73217.0,667,Verified,2018-05-19,Gold,0,Agent
CUST00978,Suresh Krishnan,39,M,Self-Employed,Telangana,Karimnagar,BR036,147882.0,564,Verified,2016-06-18,Premium,0,Referral
CUST00979,Meera Trivedi,19,M,Business Owner,Delhi,Noida,BR038,778386.0,740,Verified,2015-03-06,Premium,0,Branch Walk-in
CUST00980,Seema Mehta,26,M,Student,Bihar,Gaya,BR048,3105.0,726,Verified,2021-06-14,Basic,0,Branch Walk-in
CUST00981,Priya Singh,36,M,Salaried,Tamil Nadu,Madurai,BR013,70387.0,741,Verified,2022-06-24,Gold,0,Online
CUST00982,Ravi Rao,55,M,Freelancer,West Bengal,Howrah,BR003,70138.0,719,Verified,2018-08-02,Gold,0,Branch Walk-in
CUST00983,Priyanka Joshi,68,M,Retired,Haryana,Panipat,BR036,32482.0,628,Verified,2023-09-25,Silver,0,Branch Walk-in
CUST00984,Sunil Mishra,55,F,Salaried,Punjab,Ludhiana,BR031,81523.0,693,Verified,2021-06-06,Gold,0,Online
CUST00985,Karan Krishnan,39,M,Self-Employed,Andhra Pradesh,Vijayawada,BR011,110951.0,701,Verified,2016-09-14,Premium,0,Referral
CUST00986,Amit Bose,62,M,Business Owner,West Bengal,Asansol,BR030,463220.0,703,Verified,2021-10-17,Premium,0,Online
CUST00987,Arjun Rao,32,M,Government Employee,Rajasthan,Udaipur,BR003,98686.0,789,Verified,2023-08-17,Gold,0,Online
CUST00988,Kavya Mishra,56,F,Homemaker,Delhi,Faridabad,BR011,4826.0,733,Verified,2023-12-01,Basic,0,Camp
CUST00989,Zara Sharma,40,F,Salaried,Karnataka,Hubli,BR050,105275.0,687,Verified,2017-10-24,Premium,0,Online
CUST00990,Aarav Agarwal,64,M,Self-Employed,Delhi,Dwarka,BR014,84749.0,698,Verified,2021-05-14,Gold,0,Online
CUST00991,Tanvi Kumar,47,M,Self-Employed,Tamil Nadu,Salem,BR043,216274.0,735,Pending,2016-08-18,Premium,0,Online
CUST00992,Mihir Menon,22,F,Self-Employed,Telangana,Nizamabad,BR039,113857.0,580,Verified,2015-06-17,Premium,0,Online
CUST00993,Divya Agarwal,43,M,Business Owner,Bihar,Patna,BR040,918857.0,848,Verified,2018-11-30,Premium,0,Online
CUST00994,Aditya Reddy,37,F,Salaried,Punjab,Ludhiana,BR028,92693.0,657,Verified,2023-03-06,Gold,0,Referral
CUST00995,Neha Das,40,M,Retired,Bihar,Patna,BR030,59594.0,631,Verified,2016-09-22,Gold,0,Branch Walk-in
CUST00996,Vikram Tiwari,49,M,Self-Employed,Uttar Pradesh,Varanasi,BR044,201338.0,703,Verified,2021-11-01,Premium,0,Branch Walk-in
CUST00997,Deepika Yadav,48,M,Self-Employed,Madhya Pradesh,Jabalpur,BR033,217927.0,831,Verified,2021-03-17,Premium,0,Agent
CUST00998,Rajesh Bose,63,F,Salaried,Karnataka,Mysuru,BR001,128277.0,744,Pending,2018-05-12,Premium,0,Online
CUST00999,Priya Rao,21,M,Self-Employed,Maharashtra,Mumbai,BR032,268412.0,699,Verified,2021-04-13,Premium,0,Online
CUST01000,Vijay Gupta,46,M,Self-Employed,Delhi,Noida,BR023,107520.0,735,Verified,2015-08-10,Premium,0,Branch Walk-in
CUST01001,Rahul Iyer,27,F,Salaried,Karnataka,Belgaum,BR007,135761.0,791,Verified,2022-05-02,Premium,0,Referral
CUST01002,Ishaan Pandey,22,F,Self-Employed,Bihar,Darbhanga,BR037,108078.0,757,Verified,2015-08-26,Premium,0,Online
CUST01003,Aditi Verma,65,F,Homemaker,Haryana,Gurugram,BR022,1510.0,683,Verified,2021-10-26,Basic,0,Agent
CUST01004,Rina Banerjee,54,F,Student,Bihar,Bhagalpur,BR008,2610.0,641,Verified,2020-02-28,Basic,0,Branch Walk-in
CUST01005,Rahul Banerjee,45,F,Student,Kerala,Thrissur,BR014,2748.0,722,Verified,2018-02-27,Basic,0,Referral
CUST01006,Rahul Reddy,68,M,Salaried,Telangana,Hyderabad,BR027,97507.0,723,Verified,2017-03-17,Gold,0,Branch Walk-in
CUST01007,Rekha Rao,22,F,Salaried,Tamil Nadu,Chennai,BR046,131993.0,760,Verified,2022-11-02,Premium,0,Agent
CUST01008,Monika Agarwal,70,M,Salaried,Maharashtra,Nagpur,BR022,102767.0,738,Verified,2022-11-10,Premium,0,Branch Walk-in
CUST01009,Meera Saxena,53,F,Business Owner,Maharashtra,Nashik,BR006,985700.0,900,Verified,2016-05-31,Premium,0,Online
CUST01010,Suresh Rao,55,M,Salaried,Punjab,Jalandhar,BR002,54179.0,658,Verified,2020-12-24,Gold,0,Branch Walk-in
CUST01011,Arjun Pillai,52,M,Self-Employed,Haryana,Rohtak,BR016,52534.0,769,Expired,2017-02-06,Gold,0,Branch Walk-in
CUST01012,Sanjay Tiwari,66,M,Self-Employed,Delhi,Gurgaon,BR036,77059.0,707,Verified,2019-09-29,Gold,0,Camp
CUST01013,Pooja Tiwari,43,M,Self-Employed,Madhya Pradesh,Gwalior,BR033,79153.0,820,Verified,2021-11-15,Gold,0,Agent
CUST01014,Anita Krishnan,39,M,Salaried,Delhi,Gurgaon,BR019,158514.0,670,Verified,2017-12-06,Premium,0,Online
CUST01015,Vijay Mishra,57,F,Salaried,Tamil Nadu,Chennai,BR040,133486.0,810,Pending,2016-05-15,Premium,0,Branch Walk-in
CUST01016,Deepak Banerjee,41,F,Salaried,Kerala,Thrissur,BR044,28976.0,697,Pending,2021-08-16,Silver,0,Online
CUST01017,Divya Mehta,63,M,Self-Employed,Bihar,Gaya,BR012,277595.0,696,Verified,2020-06-28,Premium,0,Online
CUST01018,Rajesh Trivedi,68,M,Government Employee,Punjab,Patiala,BR029,45919.0,660,Verified,2022-11-07,Silver,0,Agent
CUST01019,Anita Desai,22,M,Student,Delhi,Dwarka,BR030,69.0,660,Verified,2015-07-20,Basic,0,Online
CUST01020,Yash Agarwal,52,F,Homemaker,Madhya Pradesh,Jabalpur,BR017,605.0,705,Verified,2015-05-28,Basic,0,Referral
CUST01021,Vikram Yadav,50,M,Self-Employed,Haryana,Gurugram,BR024,194341.0,750,Verified,2022-06-27,Premium,0,Referral
CUST01022,Nisha Yadav,44,M,Salaried,Madhya Pradesh,Bhopal,BR047,139894.0,673,Verified,2017-06-01,Premium,0,Referral
CUST01023,Shreya Yadav,34,M,Salaried,West Bengal,Siliguri,BR049,84928.0,695,Verified,2022-07-26,Gold,0,Branch Walk-in
CUST01024,Seema Mehta,32,M,Salaried,Delhi,Dwarka,BR034,179030.0,844,Verified,2021-03-03,Premium,0,Online
CUST01025,Ishaan Pandey,65,M,Salaried,Haryana,Rohtak,BR044,165910.0,816,Verified,2017-03-09,Premium,0,Branch Walk-in
CUST01026,Monika Das,18,Other,Salaried,Tamil Nadu,Trichy,BR020,70399.0,720,Verified,2023-08-27,Gold,0,Branch Walk-in
CUST01027,Pooja Trivedi,38,M,Retired,Gujarat,Surat,BR038,49017.0,692,Verified,2021-06-06,Silver,0,Agent
CUST01028,Vijay Tiwari,31,F,Salaried,Maharashtra,Mumbai,BR022,64254.0,700,Verified,2019-09-26,Gold,0,Online
CUST01029,Monika Joshi,68,M,Retired,Kerala,Kochi,BR048,66200.0,730,Verified,2018-11-20,Gold,0,Camp
CUST01030,Akash Malhotra,52,F,Business Owner,Uttar Pradesh,Lucknow,BR018,854275.0,789,Verified,2016-05-08,Premium,0,Referral
CUST01031,Deepak Reddy,47,M,Business Owner,Haryana,Faridabad,BR015,218559.0,708,Verified,2019-07-10,Premium,0,Branch Walk-in
CUST01032,Zara Gupta,31,F,Salaried,Andhra Pradesh,Visakhapatnam,BR034,64828.0,592,Verified,2023-02-13,Gold,0,Online
CUST01033,Vijay Agarwal,48,M,Self-Employed,Tamil Nadu,Salem,BR008,71258.0,718,Verified,2018-08-28,Gold,0,Agent
CUST01034,Aarav Reddy,55,F,Business Owner,Haryana,Rohtak,BR050,815478.0,881,Verified,2022-10-06,Premium,0,Branch Walk-in
CUST01035,Shreya Reddy,59,F,Salaried,Uttar Pradesh,Varanasi,BR033,77437.0,666,Verified,2019-03-28,Gold,0,Branch Walk-in
CUST01036,Karan Singh,50,F,Salaried,Madhya Pradesh,Indore,BR032,107339.0,795,Verified,2017-10-10,Premium,0,Agent
CUST01037,Rohit Banerjee,24,M,Salaried,Gujarat,Gandhinagar,BR012,158499.0,638,Verified,2018-08-17,Premium,0,Referral
CUST01038,Priyanka Pillai,27,F,Business Owner,Andhra Pradesh,Nellore,BR014,357577.0,663,Pending,2018-04-07,Premium,0,Branch Walk-in
CUST01039,Mihir Krishnan,44,M,Business Owner,Uttar Pradesh,Varanasi,BR042,790767.0,851,Pending,2019-08-01,Premium,0,Online
CUST01040,Vikram Mishra,65,M,Self-Employed,Telangana,Karimnagar,BR047,104874.0,763,Verified,2020-03-28,Premium,0,Online
CUST01041,Seema Joshi,47,M,Retired,Rajasthan,Udaipur,BR042,64858.0,794,Verified,2015-05-02,Gold,0,Online
CUST01042,Rina Banerjee,53,M,Salaried,Gujarat,Rajkot,BR025,154328.0,683,Verified,2018-08-28,Premium,0,Branch Walk-in
CUST01043,Ravi Krishnan,20,F,Business Owner,Haryana,Rohtak,BR047,792167.0,900,Verified,2021-08-20,Premium,1,Online
CUST01044,Riya Gupta,35,M,Business Owner,Maharashtra,Mumbai,BR004,561001.0,789,Pending,2022-06-15,Premium,0,Camp
CUST01045,Deepak Singh,55,M,Retired,Haryana,Rohtak,BR010,34426.0,676,Verified,2018-05-27,Silver,0,Referral
CUST01046,Ravi Kapoor,26,F,Business Owner,Uttar Pradesh,Allahabad,BR019,783496.0,889,Expired,2016-02-27,Premium,0,Referral
CUST01047,Kavya Desai,32,F,Salaried,Haryana,Faridabad,BR012,105641.0,740,Verified,2020-08-31,Premium,0,Agent
CUST01048,Sunita Patel,43,F,Self-Employed,Delhi,New Delhi,BR042,244728.0,634,Verified,2015-10-26,Premium,0,Online
CUST01049,Ajay Singh,49,F,Student,Maharashtra,Nashik,BR021,2826.0,769,Verified,2020-09-04,Basic,1,Referral
CUST01050,Rina Trivedi,23,Other,Retired,Uttar Pradesh,Kanpur,BR033,52305.0,773,Verified,2022-12-20,Gold,0,Online
CUST01051,Ananya Verma,65,F,Homemaker,Telangana,Nizamabad,BR029,761.0,642,Verified,2020-08-15,Basic,0,Referral
CUST01052,Aditi Sharma,36,M,Self-Employed,Bihar,Bhagalpur,BR002,16811.0,707,Verified,2021-08-20,Basic,0,Branch Walk-in
CUST01053,Seema Das,60,F,Self-Employed,Punjab,Amritsar,BR035,72094.0,724,Verified,2021-01-12,Gold,0,Online
CUST01054,Ananya Shah,20,F,Business Owner,Karnataka,Bengaluru,BR035,790490.0,853,Pending,2020-12-05,Premium,0,Branch Walk-in
CUST01055,Divya Menon,31,F,Salaried,Delhi,Gurgaon,BR018,160160.0,679,Verified,2015-06-19,Premium,0,Online
CUST01056,Priyanka Pillai,46,F,Salaried,West Bengal,Howrah,BR025,94856.0,658,Verified,2018-07-01,Gold,1,Online
CUST01057,Monika Pandey,31,M,Salaried,Kerala,Kollam,BR008,46063.0,687,Expired,2023-04-28,Silver,0,Branch Walk-in
CUST01058,Aditi Sharma,50,M,Self-Employed,Karnataka,Belgaum,BR024,46918.0,759,Verified,2022-10-10,Silver,1,Branch Walk-in
CUST01059,Neha Trivedi,59,F,Self-Employed,Gujarat,Vadodara,BR005,100698.0,732,Pending,2016-06-08,Premium,0,Camp
CUST01060,Divya Banerjee,33,M,Salaried,Haryana,Hisar,BR003,56038.0,668,Verified,2015-02-27,Gold,0,Branch Walk-in
CUST01061,Varun Verma,41,M,Business Owner,Madhya Pradesh,Indore,BR048,636677.0,853,Verified,2017-09-05,Premium,0,Referral
CUST01062,Pooja Joshi,25,M,Retired,Punjab,Ludhiana,BR024,66126.0,522,Verified,2015-07-06,Gold,0,Branch Walk-in
CUST01063,Varun Patel,48,F,Salaried,Gujarat,Ahmedabad,BR002,30989.0,755,Verified,2017-06-15,Silver,0,Branch Walk-in
CUST01064,Deepika Agarwal,23,M,Homemaker,Karnataka,Bengaluru,BR023,2099.0,576,Verified,2016-02-17,Basic,0,Online
CUST01065,Divya Shah,48,F,Salaried,Bihar,Darbhanga,BR041,107160.0,679,Verified,2019-05-16,Premium,0,Referral
CUST01066,Rajesh Kumar,54,F,Retired,West Bengal,Siliguri,BR048,27759.0,618,Verified,2018-09-24,Silver,0,Referral
CUST01067,Karan Saxena,24,F,Homemaker,Haryana,Rohtak,BR019,1249.0,602,Verified,2019-04-07,Basic,1,Referral
CUST01068,Sanjay Rao,35,M,Government Employee,Uttar Pradesh,Allahabad,BR037,98390.0,769,Verified,2017-03-29,Gold,0,Agent
CUST01069,Ishaan Trivedi,30,M,Salaried,Haryana,Rohtak,BR041,196418.0,691,Verified,2015-03-30,Premium,0,Online
CUST01070,Yash Joshi,30,M,Retired,Kerala,Thrissur,BR031,55866.0,711,Verified,2021-11-25,Gold,0,Referral
CUST01071,Priyanka Chatterjee,29,M,Salaried,Punjab,Patiala,BR022,69675.0,691,Verified,2023-04-17,Gold,0,Referral
CUST01072,Arjun Nair,19,F,Self-Employed,Telangana,Hyderabad,BR024,289955.0,766,Verified,2017-02-23,Premium,0,Referral
CUST01073,Rajesh Verma,53,M,Self-Employed,Delhi,Noida,BR020,295529.0,743,Pending,2016-05-30,Premium,1,Branch Walk-in
CUST01074,Vijay Tiwari,64,M,Salaried,Bihar,Gaya,BR050,155304.0,634,Pending,2023-12-10,Premium,0,Referral
CUST01075,Arjun Desai,51,M,Business Owner,Gujarat,Gandhinagar,BR015,208416.0,781,Verified,2017-09-13,Premium,0,Referral
CUST01076,Rahul Patel,57,F,Freelancer,Madhya Pradesh,Indore,BR035,75122.0,665,Pending,2018-06-10,Gold,0,Agent
CUST01077,Ananya Reddy,64,F,Salaried,Rajasthan,Kota,BR030,189175.0,624,Verified,2015-01-03,Premium,0,Referral
CUST01078,Sachin Yadav,26,F,Student,Kerala,Kochi,BR004,1438.0,654,Expired,2017-09-22,Basic,0,Branch Walk-in
CUST01079,Divya Menon,40,M,Salaried,Rajasthan,Kota,BR038,37343.0,777,Verified,2019-09-13,Silver,0,Referral
CUST01080,Sunita Mehta,66,F,Business Owner,Tamil Nadu,Salem,BR010,361096.0,803,Verified,2016-12-29,Premium,0,Branch Walk-in
CUST01081,Sachin Krishnan,57,F,Self-Employed,West Bengal,Durgapur,BR008,144495.0,687,Pending,2016-03-13,Premium,0,Branch Walk-in
CUST01082,Sachin Mehta,45,M,Business Owner,Bihar,Muzaffarpur,BR008,605730.0,780,Verified,2023-04-17,Premium,1,Online
CUST01083,Varun Patel,60,F,Retired,Kerala,Kozhikode,BR016,47145.0,670,Pending,2022-05-11,Silver,0,Referral
CUST01084,Siddharth Singh,44,M,Self-Employed,Telangana,Karimnagar,BR041,205089.0,845,Verified,2019-04-11,Premium,0,Online
CUST01085,Deepak Pandey,24,F,Business Owner,Tamil Nadu,Trichy,BR028,997437.0,900,Verified,2023-04-20,Premium,0,Agent
CUST01086,Suresh Gupta,68,M,Salaried,Rajasthan,Jaipur,BR039,137469.0,733,Verified,2016-09-04,Premium,0,Referral
CUST01087,Neha Yadav,63,M,Retired,Andhra Pradesh,Nellore,BR027,63380.0,754,Verified,2020-11-28,Gold,0,Branch Walk-in
CUST01088,Ajay Shah,31,M,Homemaker,Rajasthan,Kota,BR043,2835.0,694,Pending,2015-05-31,Basic,0,Referral
CUST01089,Rahul Malhotra,40,F,Retired,Bihar,Muzaffarpur,BR023,37905.0,672,Verified,2019-03-26,Silver,0,Online
CUST01090,Sachin Iyer,53,F,Business Owner,Madhya Pradesh,Indore,BR014,665873.0,801,Verified,2021-10-29,Premium,0,Branch Walk-in
CUST01091,Arjun Krishnan,32,F,Student,Gujarat,Gandhinagar,BR035,3165.0,676,Verified,2020-03-15,Basic,0,Online
CUST01092,Yash Menon,63,M,Salaried,Delhi,Gurgaon,BR013,109952.0,699,Verified,2020-09-25,Premium,0,Branch Walk-in
CUST01093,Sachin Chatterjee,62,F,Homemaker,Tamil Nadu,Trichy,BR020,3212.0,724,Verified,2020-01-15,Basic,0,Branch Walk-in
CUST01094,Manoj Iyer,34,M,Self-Employed,Karnataka,Belgaum,BR043,56543.0,694,Pending,2020-10-14,Gold,0,Camp
CUST01095,Yash Bose,23,M,Business Owner,Bihar,Muzaffarpur,BR040,357644.0,795,Verified,2018-10-29,Premium,0,Branch Walk-in
CUST01096,Neha Yadav,33,M,Government Employee,West Bengal,Howrah,BR045,108762.0,696,Verified,2022-06-29,Premium,0,Branch Walk-in
CUST01097,Varun Verma,53,F,Self-Employed,Kerala,Thrissur,BR029,299536.0,744,Verified,2018-04-09,Premium,0,Agent
CUST01098,Vikram Iyer,41,M,Student,Rajasthan,Udaipur,BR046,8034.0,561,Pending,2019-06-26,Basic,0,Online
CUST01099,Arjun Krishnan,62,F,Retired,Karnataka,Mysuru,BR021,31048.0,741,Verified,2017-03-11,Silver,0,Online
CUST01100,Zara Reddy,63,F,Student,Madhya Pradesh,Ujjain,BR015,7021.0,702,Verified,2018-10-23,Basic,0,Online
CUST01101,Siddharth Agarwal,46,F,Salaried,Rajasthan,Jaipur,BR011,122824.0,764,Verified,2015-12-24,Premium,0,Branch Walk-in
CUST01102,Vikram Kapoor,64,F,Salaried,Haryana,Hisar,BR037,29826.0,512,Verified,2023-05-08,Silver,0,Referral
CUST01103,Varun Kumar,39,F,Business Owner,Telangana,Khammam,BR045,270936.0,859,Expired,2023-08-23,Premium,0,Agent
CUST01104,Rina Singh,55,F,Student,Kerala,Kochi,BR046,1197.0,671,Verified,2016-03-17,Basic,0,Branch Walk-in
CUST01105,Anjali Gupta,49,F,Salaried,Kerala,Thiruvananthapuram,BR012,152517.0,776,Verified,2020-08-23,Premium,0,Online
CUST01106,Siddharth Verma,39,F,Self-Employed,Rajasthan,Kota,BR045,67152.0,631,Pending,2020-04-17,Gold,0,Branch Walk-in
CUST01107,Yash Tiwari,59,M,Self-Employed,Rajasthan,Jodhpur,BR015,195407.0,755,Verified,2020-10-11,Premium,0,Branch Walk-in
CUST01108,Aarav Shah,28,M,Self-Employed,Uttar Pradesh,Lucknow,BR044,15493.0,619,Verified,2015-03-20,Basic,0,Online
CUST01109,Siddharth Gupta,57,F,Salaried,Bihar,Patna,BR012,112185.0,665,Pending,2018-09-18,Premium,0,Online
CUST01110,Yash Sharma,67,F,Retired,Andhra Pradesh,Tirupati,BR046,26537.0,800,Pending,2017-07-13,Silver,0,Referral
CUST01111,Isha Menon,61,M,Salaried,Karnataka,Hubli,BR019,56573.0,679,Verified,2023-10-27,Gold,0,Online
CUST01112,Sunil Chatterjee,42,M,Self-Employed,Gujarat,Rajkot,BR043,238458.0,740,Verified,2016-12-24,Premium,0,Camp
CUST01113,Sunil Kapoor,21,F,Salaried,West Bengal,Howrah,BR026,185407.0,769,Verified,2023-03-05,Premium,0,Branch Walk-in
CUST01114,Sachin Chatterjee,62,F,Business Owner,Punjab,Amritsar,BR034,555329.0,820,Verified,2021-09-15,Premium,0,Referral
CUST01115,Arjun Shah,23,F,Self-Employed,Telangana,Nizamabad,BR026,154783.0,719,Verified,2023-05-11,Premium,0,Camp
CUST01116,Kavya Singh,21,M,Business Owner,Madhya Pradesh,Gwalior,BR050,551173.0,812,Verified,2015-09-16,Premium,0,Online
CUST01117,Tanvi Joshi,19,M,Salaried,Punjab,Amritsar,BR048,33261.0,830,Verified,2020-02-26,Silver,0,Referral
CUST01118,Meera Gupta,50,M,Retired,Rajasthan,Ajmer,BR034,39104.0,684,Verified,2015-10-05,Silver,0,Online
CUST01119,Tanvi Joshi,58,F,Salaried,Haryana,Faridabad,BR032,132278.0,718,Verified,2015-10-09,Premium,0,Agent
CUST01120,Aditya Kumar,70,M,Government Employee,Punjab,Amritsar,BR012,50553.0,753,Verified,2021-11-02,Gold,0,Agent
CUST01121,Varun Kapoor,58,M,Retired,Rajasthan,Ajmer,BR046,35133.0,753,Verified,2019-08-21,Silver,0,Referral
CUST01122,Ravi Tiwari,58,M,Business Owner,Tamil Nadu,Salem,BR017,707897.0,892,Verified,2015-09-17,Premium,0,Online
CUST01123,Anita Kapoor,52,F,Salaried,Karnataka,Mysuru,BR032,82291.0,734,Verified,2019-05-13,Gold,0,Branch Walk-in
CUST01124,Anjali Chatterjee,43,F,Student,Kerala,Kozhikode,BR007,8229.0,613,Verified,2018-06-09,Basic,0,Branch Walk-in
CUST01125,Nisha Rao,42,F,Salaried,West Bengal,Kolkata,BR008,57284.0,789,Verified,2016-02-23,Gold,0,Online
CUST01126,Aditya Mishra,67,M,Government Employee,Maharashtra,Nashik,BR050,48939.0,621,Verified,2020-05-29,Silver,0,Branch Walk-in
CUST01127,Ishaan Mehta,59,M,Salaried,Delhi,Noida,BR030,34875.0,705,Verified,2021-06-19,Silver,0,Online
CUST01128,Riya Chatterjee,22,M,Retired,Haryana,Rohtak,BR002,69822.0,648,Verified,2023-12-29,Gold,0,Branch Walk-in
CUST01129,Sneha Patel,57,M,Self-Employed,Karnataka,Mangaluru,BR034,220338.0,720,Verified,2020-06-21,Premium,0,Online
CUST01130,Suresh Chatterjee,25,M,Student,Kerala,Kochi,BR025,8570.0,701,Verified,2015-08-07,Basic,0,Agent
CUST01131,Anita Agarwal,42,F,Business Owner,Punjab,Jalandhar,BR019,477188.0,794,Verified,2019-01-16,Premium,1,Online
CUST01132,Ajay Saxena,41,M,Self-Employed,Andhra Pradesh,Visakhapatnam,BR030,78794.0,721,Expired,2019-11-18,Gold,1,Agent
CUST01133,Seema Menon,27,F,Retired,Gujarat,Ahmedabad,BR028,17766.0,780,Verified,2021-12-24,Basic,0,Referral
CUST01134,Yash Pillai,44,M,Self-Employed,Gujarat,Surat,BR026,146266.0,736,Verified,2022-09-11,Premium,0,Branch Walk-in
CUST01135,Zara Chatterjee,30,F,Salaried,Uttar Pradesh,Kanpur,BR016,124468.0,690,Verified,2021-03-08,Premium,0,Online
CUST01136,Akash Joshi,59,M,Salaried,Rajasthan,Jodhpur,BR031,104156.0,758,Verified,2022-01-04,Premium,0,Online
CUST01137,Suresh Desai,19,M,Freelancer,Uttar Pradesh,Varanasi,BR012,110216.0,773,Expired,2021-07-26,Premium,0,Referral
CUST01138,Zara Nair,30,F,Student,Punjab,Jalandhar,BR037,1507.0,606,Verified,2020-05-20,Basic,0,Online
CUST01139,Anjali Sharma,20,M,Student,Andhra Pradesh,Nellore,BR034,6762.0,717,Pending,2016-02-11,Basic,0,Agent
CUST01140,Sneha Pandey,31,F,Student,Gujarat,Vadodara,BR013,3076.0,722,Verified,2016-02-15,Basic,0,Online
CUST01141,Isha Rao,69,M,Salaried,Haryana,Faridabad,BR019,123330.0,686,Pending,2017-08-02,Premium,0,Online
CUST01142,Deepika Desai,62,F,Government Employee,Punjab,Jalandhar,BR045,106320.0,783,Pending,2019-03-30,Premium,0,Branch Walk-in
CUST01143,Yash Mishra,28,F,Self-Employed,Andhra Pradesh,Tirupati,BR031,233634.0,717,Verified,2021-03-01,Premium,0,Online
CUST01144,Karan Kumar,23,F,Homemaker,Punjab,Patiala,BR023,4432.0,688,Verified,2016-03-04,Basic,0,Branch Walk-in
CUST01145,Siddharth Pandey,63,F,Salaried,Andhra Pradesh,Visakhapatnam,BR041,163737.0,702,Verified,2016-05-31,Premium,0,Online
CUST01146,Pooja Shah,35,F,Salaried,Delhi,Noida,BR017,196856.0,720,Verified,2015-05-26,Premium,0,Online
CUST01147,Sunil Singh,65,M,Salaried,West Bengal,Siliguri,BR022,199142.0,654,Verified,2022-10-17,Premium,0,Agent
CUST01148,Tanvi Patel,30,F,Salaried,Maharashtra,Nashik,BR002,183294.0,630,Verified,2021-06-19,Premium,0,Online
CUST01149,Deepak Joshi,26,M,Student,Uttar Pradesh,Varanasi,BR027,9429.0,777,Verified,2019-06-14,Basic,0,Agent
CUST01150,Nisha Singh,19,M,Homemaker,Karnataka,Hubli,BR033,4054.0,629,Verified,2016-10-27,Basic,0,Branch Walk-in
CUST01151,Ishaan Mishra,65,F,Student,Karnataka,Bengaluru,BR001,8070.0,622,Pending,2016-03-13,Basic,0,Agent
CUST01152,Karan Singh,63,F,Salaried,Madhya Pradesh,Bhopal,BR040,49275.0,560,Verified,2016-05-19,Silver,0,Referral
CUST01153,Amit Bose,38,M,Salaried,Tamil Nadu,Chennai,BR046,134454.0,668,Expired,2018-04-12,Premium,0,Branch Walk-in
CUST01154,Kavya Reddy,50,M,Self-Employed,Telangana,Khammam,BR004,16799.0,603,Verified,2017-12-28,Basic,1,Referral
CUST01155,Isha Pillai,38,F,Salaried,Haryana,Gurugram,BR013,157350.0,809,Verified,2018-11-15,Premium,0,Online
CUST01156,Neha Menon,40,F,Salaried,Telangana,Warangal,BR028,153703.0,771,Verified,2015-02-13,Premium,0,Branch Walk-in
CUST01157,Anjali Desai,21,F,Homemaker,Karnataka,Mangaluru,BR023,3099.0,639,Verified,2022-04-26,Basic,0,Referral
CUST01158,Suresh Reddy,41,F,Student,Karnataka,Hubli,BR038,6981.0,816,Verified,2016-02-14,Basic,0,Referral
CUST01159,Mihir Mishra,38,M,Student,Gujarat,Rajkot,BR020,5459.0,739,Verified,2018-03-28,Basic,0,Agent
CUST01160,Monika Tiwari,47,M,Retired,Gujarat,Rajkot,BR030,44391.0,669,Pending,2017-06-01,Silver,0,Referral
CUST01161,Ishaan Mishra,45,F,Self-Employed,Rajasthan,Jodhpur,BR026,240542.0,578,Verified,2017-12-09,Premium,0,Online
CUST01162,Mihir Joshi,43,M,Salaried,Telangana,Karimnagar,BR013,52705.0,827,Verified,2019-09-22,Gold,0,Agent
CUST01163,Seema Agarwal,24,F,Salaried,Delhi,Gurgaon,BR043,36709.0,603,Verified,2020-07-01,Silver,0,Online
CUST01164,Ajay Mehta,37,F,Salaried,Tamil Nadu,Salem,BR032,135514.0,608,Verified,2020-10-04,Premium,0,Branch Walk-in
CUST01165,Suresh Agarwal,62,M,Self-Employed,Telangana,Karimnagar,BR047,261268.0,793,Verified,2021-04-15,Premium,0,Branch Walk-in
CUST01166,Suresh Yadav,48,M,Business Owner,Gujarat,Surat,BR021,797466.0,900,Verified,2020-10-18,Premium,0,Online
CUST01167,Pooja Mishra,57,M,Student,Punjab,Patiala,BR015,2370.0,763,Verified,2019-03-28,Basic,0,Branch Walk-in
CUST01168,Ananya Malhotra,51,M,Salaried,Madhya Pradesh,Indore,BR040,110915.0,736,Verified,2019-07-11,Premium,0,Referral
CUST01169,Rina Agarwal,58,F,Salaried,Gujarat,Ahmedabad,BR031,25534.0,720,Verified,2021-01-22,Silver,1,Online
CUST01170,Riya Saxena,69,M,Salaried,Gujarat,Gandhinagar,BR035,138022.0,758,Pending,2017-01-17,Premium,0,Online
CUST01171,Ishaan Mehta,18,M,Student,Tamil Nadu,Salem,BR028,2982.0,726,Verified,2018-06-23,Basic,0,Branch Walk-in
CUST01172,Sachin Shah,53,M,Business Owner,West Bengal,Howrah,BR029,199129.0,736,Verified,2022-07-22,Premium,0,Referral
CUST01173,Akash Das,38,M,Business Owner,West Bengal,Durgapur,BR011,958300.0,877,Verified,2017-02-08,Premium,0,Referral
CUST01174,Sanjay Pandey,59,F,Business Owner,Rajasthan,Ajmer,BR002,357690.0,747,Verified,2018-01-11,Premium,0,Online
CUST01175,Ananya Krishnan,63,M,Salaried,Kerala,Kochi,BR033,149891.0,664,Verified,2023-06-14,Premium,0,Agent
CUST01176,Shreya Tiwari,40,M,Self-Employed,Tamil Nadu,Chennai,BR049,111375.0,685,Verified,2022-01-08,Premium,0,Online
CUST01177,Yash Verma,70,M,Salaried,Madhya Pradesh,Jabalpur,BR045,40658.0,586,Pending,2018-07-11,Silver,0,Branch Walk-in
CUST01178,Aditya Nair,62,F,Salaried,Punjab,Patiala,BR002,64466.0,686,Pending,2015-09-21,Gold,1,Branch Walk-in
CUST01179,Sachin Mehta,60,M,Student,Gujarat,Vadodara,BR025,3958.0,621,Verified,2023-09-06,Basic,0,Online
CUST01180,Siddharth Kapoor,32,M,Salaried,Maharashtra,Pune,BR038,126979.0,639,Pending,2015-02-14,Premium,0,Referral
CUST01181,Rahul Chatterjee,58,M,Self-Employed,Rajasthan,Jodhpur,BR010,227112.0,736,Verified,2019-10-15,Premium,0,Referral
CUST01182,Yash Sharma,34,M,Salaried,Telangana,Karimnagar,BR013,93711.0,782,Expired,2019-11-09,Gold,0,Referral
CUST01183,Kavya Tiwari,69,F,Salaried,Tamil Nadu,Coimbatore,BR008,43678.0,743,Verified,2018-07-01,Silver,0,Referral
CUST01184,Suresh Menon,21,F,Self-Employed,Andhra Pradesh,Nellore,BR020,199632.0,625,Verified,2018-11-28,Premium,0,Online
CUST01185,Zara Pillai,64,F,Salaried,Tamil Nadu,Coimbatore,BR022,93000.0,639,Verified,2020-07-27,Gold,0,Online
CUST01186,Aarav Reddy,18,F,Business Owner,Telangana,Warangal,BR005,860047.0,900,Verified,2015-11-07,Premium,0,Online
CUST01187,Monika Menon,59,M,Self-Employed,Delhi,New Delhi,BR004,69374.0,634,Verified,2022-03-14,Gold,0,Branch Walk-in
CUST01188,Deepika Krishnan,47,F,Salaried,Maharashtra,Mumbai,BR020,187772.0,704,Expired,2018-06-25,Premium,0,Agent
CUST01189,Rekha Kapoor,23,F,Salaried,Andhra Pradesh,Tirupati,BR012,151842.0,743,Verified,2022-09-29,Premium,0,Online
CUST01190,Pooja Rao,61,F,Salaried,Haryana,Faridabad,BR014,91049.0,640,Verified,2015-08-19,Gold,1,Online
CUST01191,Kavya Yadav,63,M,Retired,Maharashtra,Mumbai,BR050,33302.0,692,Verified,2023-02-25,Silver,1,Branch Walk-in
CUST01192,Deepak Kapoor,20,M,Government Employee,Haryana,Rohtak,BR001,108617.0,621,Verified,2022-05-29,Premium,0,Branch Walk-in
CUST01193,Sneha Desai,70,F,Self-Employed,Gujarat,Ahmedabad,BR039,149655.0,673,Verified,2017-10-15,Premium,0,Online
CUST01194,Priyanka Mehta,43,M,Salaried,Punjab,Amritsar,BR027,90119.0,717,Verified,2020-11-28,Gold,0,Referral
CUST01195,Siddharth Trivedi,34,M,Salaried,Rajasthan,Udaipur,BR028,179835.0,620,Verified,2020-08-29,Premium,0,Branch Walk-in
CUST01196,Manoj Trivedi,58,F,Homemaker,Maharashtra,Nagpur,BR033,725.0,706,Verified,2020-10-23,Basic,0,Branch Walk-in
CUST01197,Rajesh Chatterjee,70,M,Self-Employed,Bihar,Gaya,BR045,134408.0,705,Verified,2016-11-26,Premium,0,Agent
CUST01198,Deepika Shah,63,F,Salaried,Punjab,Ludhiana,BR048,162852.0,745,Verified,2023-04-28,Premium,0,Online
CUST01199,Mihir Trivedi,65,F,Business Owner,Punjab,Jalandhar,BR015,437599.0,780,Verified,2016-10-23,Premium,0,Referral
CUST01200,Ravi Mehta,49,M,Student,Haryana,Gurugram,BR033,1444.0,762,Verified,2016-03-24,Basic,0,Online
CUST01201,Priyanka Desai,36,M,Salaried,Karnataka,Mysuru,BR002,46188.0,696,Verified,2018-02-27,Silver,1,Online
CUST01202,Meera Mehta,37,M,Business Owner,Gujarat,Rajkot,BR001,376011.0,729,Verified,2021-05-18,Premium,0,Online
CUST01203,Tanvi Tiwari,40,F,Self-Employed,Maharashtra,Thane,BR003,23846.0,692,Verified,2023-01-21,Silver,0,Online
CUST01204,Amit Reddy,49,F,Self-Employed,Gujarat,Rajkot,BR002,231329.0,758,Verified,2016-06-23,Premium,0,Referral
CUST01205,Aditya Shah,39,M,Self-Employed,Andhra Pradesh,Vijayawada,BR030,83793.0,699,Verified,2022-12-26,Gold,0,Branch Walk-in
CUST01206,Rajesh Malhotra,55,M,Business Owner,Rajasthan,Jaipur,BR001,869581.0,856,Verified,2015-06-25,Premium,0,Online
CUST01207,Pooja Verma,34,F,Student,Madhya Pradesh,Ujjain,BR042,5857.0,639,Verified,2023-10-16,Basic,0,Branch Walk-in
CUST01208,Nisha Sharma,22,M,Business Owner,Gujarat,Rajkot,BR008,239167.0,688,Verified,2023-04-10,Premium,0,Branch Walk-in
CUST01209,Mihir Kapoor,39,M,Salaried,Rajasthan,Jaipur,BR020,176474.0,631,Verified,2023-05-24,Premium,0,Branch Walk-in
CUST01210,Pooja Iyer,56,F,Government Employee,Delhi,Dwarka,BR048,80649.0,801,Verified,2022-06-15,Gold,0,Agent
CUST01211,Ananya Singh,20,M,Self-Employed,Gujarat,Gandhinagar,BR007,94487.0,624,Pending,2022-03-08,Gold,0,Online
CUST01212,Sunil Joshi,28,M,Salaried,Uttar Pradesh,Kanpur,BR009,40116.0,646,Expired,2018-03-06,Silver,0,Branch Walk-in
CUST01213,Ishaan Mehta,53,M,Self-Employed,Karnataka,Mysuru,BR038,26330.0,642,Verified,2018-06-11,Silver,0,Branch Walk-in
CUST01214,Rohit Menon,35,F,Self-Employed,Madhya Pradesh,Bhopal,BR008,181888.0,770,Verified,2015-02-25,Premium,0,Online
CUST01215,Tanvi Chatterjee,48,F,Self-Employed,Tamil Nadu,Coimbatore,BR043,76025.0,677,Verified,2017-12-07,Gold,0,Branch Walk-in
CUST01216,Suresh Verma,22,M,Retired,Delhi,Faridabad,BR010,46050.0,764,Verified,2016-03-27,Silver,0,Online
CUST01217,Priyanka Pillai,45,M,Salaried,Tamil Nadu,Madurai,BR027,32509.0,646,Verified,2020-06-14,Silver,0,Online
CUST01218,Varun Trivedi,48,F,Homemaker,Kerala,Thiruvananthapuram,BR048,3074.0,697,Verified,2023-09-02,Basic,0,Online
CUST01219,Seema Menon,44,F,Business Owner,West Bengal,Kolkata,BR028,113017.0,652,Verified,2016-06-11,Premium,0,Branch Walk-in
CUST01220,Rohit Das,39,F,Retired,Telangana,Nizamabad,BR042,34727.0,815,Verified,2020-07-25,Silver,0,Agent
CUST01221,Amit Shah,61,M,Business Owner,Haryana,Panipat,BR045,624945.0,733,Verified,2017-05-02,Premium,0,Online
CUST01222,Mihir Shah,35,F,Business Owner,Punjab,Chandigarh,BR017,881014.0,874,Verified,2023-09-26,Premium,0,Branch Walk-in
CUST01223,Sunil Desai,44,M,Self-Employed,Telangana,Warangal,BR022,94379.0,736,Verified,2022-03-18,Gold,0,Referral
CUST01224,Meera Yadav,41,M,Business Owner,Haryana,Hisar,BR013,726990.0,850,Verified,2020-06-18,Premium,0,Referral
CUST01225,Neha Yadav,58,M,Business Owner,Telangana,Warangal,BR014,838870.0,836,Verified,2018-02-11,Premium,0,Branch Walk-in
CUST01226,Deepika Pillai,34,F,Salaried,Kerala,Thrissur,BR035,131047.0,698,Expired,2019-04-19,Premium,0,Branch Walk-in
CUST01227,Rajesh Mishra,53,M,Self-Employed,Andhra Pradesh,Guntur,BR032,181321.0,718,Verified,2019-09-18,Premium,1,Online
CUST01228,Karan Gupta,42,M,Self-Employed,West Bengal,Asansol,BR007,104245.0,692,Verified,2017-05-18,Premium,0,Referral
CUST01229,Meera Patel,26,F,Self-Employed,Telangana,Hyderabad,BR036,238403.0,785,Verified,2022-03-15,Premium,0,Online
CUST01230,Deepak Iyer,32,F,Self-Employed,Kerala,Kozhikode,BR019,77825.0,828,Verified,2019-07-16,Gold,0,Online
CUST01231,Anjali Mishra,57,F,Salaried,Tamil Nadu,Coimbatore,BR025,28052.0,652,Expired,2017-09-23,Silver,0,Online
CUST01232,Mihir Reddy,47,M,Salaried,Karnataka,Mysuru,BR027,131681.0,624,Verified,2017-12-14,Premium,0,Online
CUST01233,Seema Malhotra,24,M,Salaried,Kerala,Thrissur,BR029,173274.0,709,Verified,2021-12-13,Premium,0,Online
CUST01234,Vikram Yadav,31,F,Student,Rajasthan,Jaipur,BR035,8818.0,836,Verified,2023-05-13,Basic,0,Online
CUST01235,Isha Yadav,27,M,Salaried,Rajasthan,Kota,BR039,148105.0,661,Verified,2021-06-04,Premium,0,Branch Walk-in
CUST01236,Neha Kapoor,48,M,Self-Employed,Haryana,Hisar,BR015,288787.0,836,Verified,2019-02-25,Premium,0,Online
CUST01237,Anjali Rao,64,M,Self-Employed,Gujarat,Rajkot,BR002,141918.0,809,Verified,2022-03-20,Premium,0,Camp
CUST01238,Aditya Pillai,55,M,Salaried,West Bengal,Howrah,BR011,137877.0,674,Verified,2018-05-01,Premium,0,Agent
CUST01239,Yash Kumar,34,M,Business Owner,Karnataka,Belgaum,BR045,125293.0,739,Pending,2019-05-05,Premium,0,Agent
CUST01240,Rina Patel,22,F,Salaried,Tamil Nadu,Salem,BR020,65568.0,790,Verified,2016-07-27,Gold,0,Agent
CUST01241,Aditi Yadav,45,F,Self-Employed,Haryana,Faridabad,BR019,270053.0,711,Verified,2019-01-07,Premium,0,Referral
CUST01242,Anil Verma,47,M,Salaried,Telangana,Warangal,BR035,121852.0,692,Pending,2021-04-11,Premium,0,Branch Walk-in
CUST01243,Akash Pillai,70,M,Salaried,Bihar,Gaya,BR050,28626.0,650,Verified,2023-08-01,Silver,0,Branch Walk-in
CUST01244,Karan Kapoor,35,M,Business Owner,Bihar,Darbhanga,BR024,489285.0,716,Verified,2022-09-27,Premium,0,Referral
CUST01245,Anita Tiwari,47,M,Salaried,Karnataka,Mangaluru,BR009,117556.0,664,Verified,2023-05-03,Premium,0,Online
CUST01246,Sachin Reddy,54,F,Student,Punjab,Patiala,BR023,7184.0,608,Verified,2021-11-22,Basic,0,Online
CUST01247,Vijay Menon,41,M,Salaried,Madhya Pradesh,Bhopal,BR014,172341.0,716,Verified,2016-12-18,Premium,0,Online
CUST01248,Rekha Yadav,58,F,Self-Employed,Tamil Nadu,Chennai,BR014,228849.0,679,Verified,2022-08-27,Premium,0,Online
CUST01249,Seema Malhotra,34,M,Homemaker,Delhi,New Delhi,BR015,2434.0,694,Verified,2022-12-07,Basic,0,Camp
CUST01250,Zara Krishnan,36,M,Homemaker,Tamil Nadu,Coimbatore,BR041,1870.0,587,Verified,2020-12-18,Basic,0,Online
CUST01251,Kavya Mehta,48,F,Self-Employed,Gujarat,Gandhinagar,BR036,34310.0,706,Verified,2020-08-21,Silver,1,Branch Walk-in
CUST01252,Sneha Sharma,50,M,Salaried,Haryana,Panipat,BR018,63271.0,742,Verified,2023-11-12,Gold,0,Online
CUST01253,Sachin Agarwal,51,M,Salaried,Gujarat,Vadodara,BR024,127484.0,585,Verified,2022-06-17,Premium,0,Online
CUST01254,Shreya Desai,27,F,Salaried,Haryana,Panipat,BR033,188266.0,740,Verified,2021-06-06,Premium,0,Branch Walk-in
CUST01255,Aditya Mehta,35,M,Business Owner,Madhya Pradesh,Indore,BR006,424679.0,838,Verified,2015-09-18,Premium,0,Branch Walk-in
CUST01256,Aarav Singh,34,M,Self-Employed,Madhya Pradesh,Indore,BR028,297271.0,666,Verified,2018-08-01,Premium,0,Referral
CUST01257,Shreya Pandey,49,F,Homemaker,Tamil Nadu,Salem,BR011,571.0,780,Verified,2022-10-26,Basic,0,Camp
CUST01258,Sunita Kumar,70,F,Homemaker,Kerala,Kollam,BR036,3711.0,705,Verified,2020-07-22,Basic,0,Referral
CUST01259,Amit Reddy,32,M,Homemaker,Madhya Pradesh,Ujjain,BR050,4075.0,638,Verified,2022-05-19,Basic,0,Referral
CUST01260,Deepak Nair,34,F,Salaried,Rajasthan,Jaipur,BR038,43637.0,685,Verified,2017-07-08,Silver,1,Online
CUST01261,Varun Mishra,41,M,Self-Employed,Delhi,New Delhi,BR045,132604.0,740,Verified,2021-10-20,Premium,0,Online
CUST01262,Ishaan Rao,21,M,Salaried,Andhra Pradesh,Vijayawada,BR050,101234.0,704,Verified,2022-05-09,Premium,0,Branch Walk-in
CUST01263,Vikram Das,43,M,Homemaker,Tamil Nadu,Salem,BR032,2942.0,712,Verified,2021-11-23,Basic,0,Online
CUST01264,Monika Sharma,23,M,Self-Employed,Kerala,Kozhikode,BR038,43688.0,633,Verified,2016-05-26,Silver,0,Agent
CUST01265,Sneha Desai,29,F,Salaried,Madhya Pradesh,Indore,BR004,30720.0,696,Verified,2019-12-16,Silver,0,Online
CUST01266,Aditya Pandey,20,M,Salaried,Maharashtra,Pune,BR020,199355.0,635,Pending,2016-05-26,Premium,0,Agent
CUST01267,Ananya Bose,36,F,Salaried,Bihar,Bhagalpur,BR007,132701.0,699,Verified,2023-12-13,Premium,0,Agent
CUST01268,Utkarsh Das,32,M,Self-Employed,Delhi,Faridabad,BR007,211374.0,668,Verified,2015-07-19,Premium,0,Online
CUST01269,Rohit Desai,70,M,Business Owner,Uttar Pradesh,Agra,BR019,431039.0,722,Verified,2019-01-01,Premium,0,Branch Walk-in
CUST01270,Divya Kumar,27,F,Retired,Karnataka,Bengaluru,BR038,21999.0,758,Verified,2022-08-21,Silver,0,Online
CUST01271,Seema Joshi,59,F,Self-Employed,Tamil Nadu,Salem,BR028,205457.0,786,Verified,2020-02-23,Premium,0,Online
CUST01272,Pooja Malhotra,69,F,Salaried,Gujarat,Ahmedabad,BR004,69132.0,730,Verified,2018-03-05,Gold,0,Online
CUST01273,Aarav Das,45,F,Freelancer,Delhi,Noida,BR048,105593.0,635,Expired,2018-02-17,Premium,0,Online
CUST01274,Rahul Krishnan,33,M,Homemaker,Gujarat,Surat,BR003,2564.0,661,Verified,2023-06-06,Basic,0,Branch Walk-in
CUST01275,Kavya Joshi,18,M,Self-Employed,Gujarat,Vadodara,BR040,44810.0,761,Verified,2023-07-11,Silver,0,Referral
CUST01276,Vikram Tiwari,55,F,Homemaker,Telangana,Khammam,BR026,3062.0,689,Verified,2018-05-07,Basic,0,Referral
CUST01277,Aditi Rao,47,F,Government Employee,Uttar Pradesh,Agra,BR035,34006.0,825,Expired,2020-08-28,Silver,0,Referral
CUST01278,Yash Reddy,38,M,Business Owner,Rajasthan,Kota,BR039,843062.0,872,Verified,2018-10-17,Premium,0,Branch Walk-in
CUST01279,Mihir Bose,18,M,Self-Employed,Andhra Pradesh,Nellore,BR017,166262.0,724,Verified,2015-09-09,Premium,0,Camp
CUST01280,Rajesh Das,52,F,Retired,Madhya Pradesh,Gwalior,BR035,76095.0,676,Verified,2015-04-12,Gold,0,Online
CUST01281,Priyanka Gupta,31,F,Government Employee,Kerala,Kochi,BR032,78068.0,703,Pending,2019-11-22,Gold,0,Referral
CUST01282,Neha Nair,61,F,Salaried,Delhi,Faridabad,BR042,100163.0,690,Verified,2020-08-04,Premium,0,Referral
CUST01283,Meera Saxena,34,M,Salaried,Telangana,Warangal,BR043,97726.0,742,Verified,2022-04-03,Gold,0,Online
CUST01284,Nisha Singh,27,F,Salaried,Uttar Pradesh,Allahabad,BR041,177814.0,772,Verified,2015-01-21,Premium,0,Camp
CUST01285,Rajesh Gupta,67,M,Salaried,Karnataka,Mangaluru,BR022,171158.0,667,Verified,2022-12-01,Premium,0,Online
CUST01286,Anil Sharma,30,F,Self-Employed,Karnataka,Hubli,BR012,170412.0,634,Verified,2019-04-05,Premium,1,Referral
CUST01287,Amit Krishnan,51,F,Salaried,Karnataka,Mysuru,BR010,167663.0,603,Verified,2018-04-21,Premium,0,Online
CUST01288,Isha Joshi,67,F,Retired,Madhya Pradesh,Jabalpur,BR007,67768.0,724,Verified,2018-08-12,Gold,0,Referral
CUST01289,Tanvi Shah,67,F,Freelancer,Haryana,Faridabad,BR043,84269.0,630,Verified,2022-10-16,Gold,0,Online
CUST01290,Varun Saxena,60,F,Salaried,Maharashtra,Nashik,BR023,188436.0,588,Expired,2020-10-05,Premium,0,Branch Walk-in
CUST01291,Amit Agarwal,67,F,Self-Employed,Bihar,Patna,BR039,48201.0,712,Verified,2017-04-23,Silver,0,Branch Walk-in
CUST01292,Riya Patel,37,F,Salaried,Madhya Pradesh,Bhopal,BR041,118989.0,853,Verified,2022-03-29,Premium,0,Camp
CUST01293,Ananya Banerjee,35,M,Government Employee,Delhi,Noida,BR025,60595.0,691,Verified,2022-01-04,Gold,0,Online
CUST01294,Vijay Pandey,23,F,Salaried,Maharashtra,Nagpur,BR021,177163.0,765,Verified,2023-12-06,Premium,0,Branch Walk-in
CUST01295,Mihir Patel,31,M,Salaried,Gujarat,Vadodara,BR008,126890.0,710,Verified,2016-05-04,Premium,0,Online
CUST01296,Deepak Desai,54,M,Self-Employed,Bihar,Patna,BR046,263036.0,726,Pending,2020-01-21,Premium,0,Branch Walk-in
CUST01297,Ananya Gupta,35,F,Business Owner,Andhra Pradesh,Tirupati,BR006,754040.0,885,Verified,2017-04-30,Premium,0,Online
CUST01298,Anjali Shah,34,M,Self-Employed,West Bengal,Durgapur,BR026,60260.0,674,Verified,2019-03-19,Gold,0,Agent
CUST01299,Nisha Rao,63,M,Salaried,Punjab,Chandigarh,BR031,47166.0,705,Verified,2023-09-03,Silver,0,Referral
CUST01300,Kavya Bose,21,F,Self-Employed,Madhya Pradesh,Indore,BR032,137471.0,726,Verified,2021-08-10,Premium,0,Online
CUST01301,Seema Rao,57,M,Salaried,Andhra Pradesh,Nellore,BR019,174824.0,674,Verified,2017-02-13,Premium,0,Branch Walk-in
CUST01302,Sunil Nair,26,M,Salaried,Kerala,Thiruvananthapuram,BR048,125908.0,764,Verified,2017-01-15,Premium,1,Referral
CUST01303,Suresh Sharma,31,F,Self-Employed,Haryana,Gurugram,BR044,93816.0,688,Verified,2016-11-30,Gold,0,Branch Walk-in
CUST01304,Sneha Shah,27,F,Self-Employed,Karnataka,Hubli,BR014,221430.0,678,Verified,2017-02-04,Premium,0,Branch Walk-in
CUST01305,Pooja Agarwal,42,F,Salaried,Punjab,Ludhiana,BR041,86806.0,729,Verified,2019-02-17,Gold,0,Online
CUST01306,Deepika Menon,51,M,Student,Delhi,New Delhi,BR004,2891.0,626,Verified,2022-01-12,Basic,0,Referral
CUST01307,Yash Joshi,40,F,Business Owner,West Bengal,Asansol,BR005,338036.0,749,Verified,2018-10-25,Premium,0,Online
CUST01308,Neha Agarwal,26,M,Self-Employed,Delhi,Gurgaon,BR015,19887.0,683,Expired,2018-12-27,Basic,0,Online
CUST01309,Rahul Das,51,F,Student,Delhi,New Delhi,BR018,2548.0,745,Verified,2016-09-06,Basic,0,Branch Walk-in
CUST01310,Ajay Agarwal,34,F,Homemaker,Kerala,Kochi,BR016,4049.0,709,Verified,2018-02-10,Basic,1,Online
CUST01311,Arjun Saxena,18,M,Business Owner,Haryana,Panipat,BR027,506968.0,779,Verified,2018-03-10,Premium,0,Referral
CUST01312,Arjun Pillai,56,M,Self-Employed,Kerala,Thiruvananthapuram,BR041,176086.0,764,Verified,2021-01-26,Premium,0,Branch Walk-in
CUST01313,Vikram Chatterjee,52,M,Student,Gujarat,Vadodara,BR031,3334.0,764,Verified,2018-11-15,Basic,0,Branch Walk-in
CUST01314,Arjun Desai,52,F,Self-Employed,Rajasthan,Jaipur,BR014,298847.0,773,Verified,2016-03-27,Premium,0,Branch Walk-in
CUST01315,Deepika Reddy,34,F,Salaried,Tamil Nadu,Coimbatore,BR024,27047.0,686,Pending,2021-12-17,Silver,0,Branch Walk-in
CUST01316,Aditya Agarwal,69,F,Salaried,Andhra Pradesh,Visakhapatnam,BR040,68805.0,615,Verified,2019-02-07,Gold,0,Referral
CUST01317,Rekha Nair,39,F,Student,Maharashtra,Thane,BR014,1001.0,616,Verified,2023-07-27,Basic,0,Online
CUST01318,Sunil Reddy,19,M,Business Owner,Gujarat,Rajkot,BR036,751956.0,812,Verified,2015-05-13,Premium,0,Branch Walk-in
CUST01319,Mihir Pandey,36,M,Salaried,Delhi,Dwarka,BR014,105650.0,664,Verified,2022-08-24,Premium,0,Branch Walk-in
CUST01320,Amit Pillai,62,M,Self-Employed,Punjab,Amritsar,BR044,33031.0,675,Verified,2017-09-15,Silver,0,Referral
CUST01321,Varun Gupta,28,M,Salaried,Andhra Pradesh,Tirupati,BR007,62062.0,695,Verified,2017-08-13,Gold,0,Referral
CUST01322,Yash Verma,55,F,Self-Employed,Haryana,Panipat,BR044,271208.0,766,Verified,2020-08-12,Premium,0,Branch Walk-in
CUST01323,Priya Pandey,68,M,Business Owner,West Bengal,Siliguri,BR012,472822.0,770,Verified,2020-05-15,Premium,0,Branch Walk-in
CUST01324,Ravi Kumar,47,F,Student,Rajasthan,Udaipur,BR025,9272.0,711,Verified,2016-12-17,Basic,0,Agent
CUST01325,Akash Banerjee,59,M,Self-Employed,Karnataka,Belgaum,BR031,180489.0,719,Pending,2017-04-20,Premium,0,Branch Walk-in
CUST01326,Shreya Banerjee,22,F,Self-Employed,Maharashtra,Nashik,BR039,83826.0,578,Verified,2016-06-03,Gold,0,Branch Walk-in
CUST01327,Ravi Trivedi,31,M,Self-Employed,Delhi,New Delhi,BR028,54818.0,634,Verified,2018-10-02,Gold,0,Online
CUST01328,Shreya Sharma,38,M,Student,Punjab,Patiala,BR006,4609.0,672,Verified,2019-09-13,Basic,0,Referral
CUST01329,Anjali Kapoor,66,M,Salaried,Maharashtra,Mumbai,BR006,154885.0,638,Expired,2016-05-18,Premium,0,Referral
CUST01330,Anil Kumar,65,F,Student,Uttar Pradesh,Agra,BR004,9686.0,717,Verified,2015-06-10,Basic,0,Referral
CUST01331,Vijay Desai,28,F,Salaried,Uttar Pradesh,Agra,BR049,39882.0,779,Verified,2017-07-08,Silver,0,Agent
CUST01332,Sanjay Pillai,36,M,Retired,Karnataka,Mysuru,BR012,47592.0,762,Verified,2015-09-21,Silver,0,Branch Walk-in
CUST01333,Anjali Iyer,33,F,Salaried,Maharashtra,Mumbai,BR043,91132.0,685,Verified,2020-10-22,Gold,0,Online
CUST01334,Sneha Desai,35,M,Salaried,Karnataka,Mysuru,BR027,114544.0,792,Verified,2020-06-21,Premium,0,Online
CUST01335,Meera Nair,58,M,Student,Haryana,Gurugram,BR036,4698.0,689,Pending,2021-12-02,Basic,0,Online
CUST01336,Karan Kumar,58,M,Business Owner,Madhya Pradesh,Bhopal,BR050,955450.0,850,Verified,2023-12-12,Premium,0,Branch Walk-in
CUST01337,Priya Trivedi,53,F,Salaried,Rajasthan,Udaipur,BR034,185166.0,680,Expired,2015-01-31,Premium,0,Online
CUST01338,Sunita Trivedi,42,M,Self-Employed,West Bengal,Siliguri,BR016,219682.0,705,Verified,2018-03-12,Premium,0,Branch Walk-in
CUST01339,Varun Mehta,64,M,Business Owner,Haryana,Rohtak,BR040,212328.0,699,Verified,2020-03-25,Premium,0,Referral
CUST01340,Anjali Malhotra,37,F,Salaried,Gujarat,Gandhinagar,BR028,193135.0,728,Verified,2019-04-14,Premium,0,Camp
CUST01341,Karan Pillai,41,F,Freelancer,Rajasthan,Jodhpur,BR023,118496.0,713,Verified,2015-09-20,Premium,0,Online
CUST01342,Amit Pillai,64,M,Freelancer,Delhi,Noida,BR013,23024.0,684,Verified,2016-06-09,Silver,0,Online
CUST01343,Sneha Nair,19,F,Homemaker,Bihar,Darbhanga,BR033,3860.0,706,Verified,2016-11-08,Basic,0,Camp
CUST01344,Aditya Mehta,62,F,Business Owner,Gujarat,Surat,BR030,108454.0,773,Verified,2020-10-13,Premium,0,Branch Walk-in
CUST01345,Priya Mishra,70,M,Freelancer,Andhra Pradesh,Visakhapatnam,BR014,66158.0,750,Verified,2023-12-14,Gold,0,Branch Walk-in
CUST01346,Anil Menon,56,F,Salaried,Delhi,New Delhi,BR006,104580.0,611,Verified,2022-12-08,Premium,0,Branch Walk-in
CUST01347,Neha Shah,49,Other,Business Owner,Kerala,Kochi,BR041,255943.0,577,Verified,2021-11-21,Premium,0,Branch Walk-in
CUST01348,Tanvi Gupta,50,M,Business Owner,Karnataka,Bengaluru,BR049,521833.0,840,Verified,2020-07-27,Premium,0,Online
CUST01349,Aditi Mishra,29,M,Salaried,Bihar,Darbhanga,BR001,61523.0,610,Verified,2015-06-15,Gold,0,Branch Walk-in
CUST01350,Priya Saxena,42,M,Salaried,Kerala,Kollam,BR001,83424.0,683,Expired,2023-06-18,Gold,0,Referral
CUST01351,Divya Menon,43,M,Business Owner,Rajasthan,Jaipur,BR040,399510.0,689,Verified,2020-11-18,Premium,0,Branch Walk-in
CUST01352,Sunita Agarwal,36,M,Salaried,Uttar Pradesh,Allahabad,BR019,64523.0,584,Verified,2021-10-02,Gold,0,Camp
CUST01353,Ishaan Singh,31,M,Salaried,Tamil Nadu,Coimbatore,BR047,131149.0,738,Verified,2023-08-10,Premium,0,Branch Walk-in
CUST01354,Manoj Rao,64,F,Student,Telangana,Hyderabad,BR045,2939.0,726,Verified,2023-11-04,Basic,0,Branch Walk-in
CUST01355,Sunita Kapoor,43,M,Self-Employed,Madhya Pradesh,Gwalior,BR016,137171.0,672,Verified,2015-10-16,Premium,0,Referral
CUST01356,Vijay Singh,31,F,Self-Employed,Maharashtra,Pune,BR004,117977.0,548,Verified,2021-10-08,Premium,0,Referral
CUST01357,Shreya Iyer,29,M,Salaried,Karnataka,Hubli,BR048,159329.0,679,Verified,2019-04-28,Premium,0,Online
CUST01358,Rina Joshi,45,F,Retired,Karnataka,Mangaluru,BR041,64598.0,716,Verified,2017-06-05,Gold,0,Camp
CUST01359,Priyanka Joshi,18,M,Homemaker,Karnataka,Mysuru,BR020,3969.0,592,Verified,2022-08-12,Basic,0,Agent
CUST01360,Rina Saxena,31,M,Self-Employed,Haryana,Panipat,BR009,81618.0,707,Verified,2021-05-14,Gold,0,Referral
CUST01361,Riya Mehta,54,F,Self-Employed,Maharashtra,Nashik,BR004,180540.0,715,Pending,2016-02-07,Premium,0,Online
CUST01362,Priyanka Pandey,56,F,Self-Employed,Telangana,Khammam,BR011,216256.0,758,Verified,2022-02-27,Premium,0,Branch Walk-in
CUST01363,Anjali Menon,64,F,Business Owner,Uttar Pradesh,Allahabad,BR049,692113.0,825,Verified,2022-10-05,Premium,0,Online
CUST01364,Priyanka Banerjee,54,F,Salaried,Punjab,Patiala,BR016,43015.0,630,Verified,2015-05-13,Silver,0,Agent
CUST01365,Riya Tiwari,67,M,Salaried,Delhi,Dwarka,BR007,166239.0,785,Expired,2018-10-17,Premium,0,Online
CUST01366,Ajay Gupta,53,M,Business Owner,Maharashtra,Thane,BR040,499329.0,770,Verified,2021-10-09,Premium,0,Online
CUST01367,Sanjay Desai,64,F,Business Owner,Delhi,Dwarka,BR020,266705.0,731,Pending,2018-10-01,Premium,0,Agent
CUST01368,Aarav Menon,66,M,Homemaker,Uttar Pradesh,Kanpur,BR043,87.0,624,Verified,2019-11-05,Basic,0,Camp
CUST01369,Utkarsh Mishra,19,F,Self-Employed,Andhra Pradesh,Nellore,BR040,171537.0,687,Verified,2017-07-03,Premium,0,Referral
CUST01370,Meera Sharma,40,F,Business Owner,Karnataka,Belgaum,BR025,436579.0,714,Verified,2016-03-28,Premium,0,Referral
CUST01371,Sachin Gupta,51,M,Salaried,Andhra Pradesh,Visakhapatnam,BR050,79897.0,685,Verified,2020-09-24,Gold,0,Online
CUST01372,Aditi Bose,50,F,Salaried,Tamil Nadu,Trichy,BR050,72583.0,797,Verified,2015-09-10,Gold,0,Branch Walk-in
CUST01373,Deepika Bose,42,F,Business Owner,Bihar,Darbhanga,BR028,109475.0,619,Verified,2015-12-09,Premium,0,Branch Walk-in
CUST01374,Ananya Pillai,70,F,Retired,Tamil Nadu,Trichy,BR022,70539.0,597,Verified,2015-10-25,Gold,0,Branch Walk-in
CUST01375,Ajay Banerjee,47,M,Salaried,Kerala,Kochi,BR048,96363.0,787,Verified,2018-01-06,Gold,0,Online
CUST01376,Pooja Malhotra,58,M,Self-Employed,Delhi,New Delhi,BR047,94743.0,686,Verified,2015-04-15,Gold,0,Referral
CUST01377,Siddharth Sharma,44,F,Self-Employed,West Bengal,Howrah,BR047,206347.0,681,Verified,2017-05-02,Premium,0,Referral
CUST01378,Priyanka Tiwari,28,M,Homemaker,Bihar,Bhagalpur,BR025,2827.0,742,Verified,2016-02-20,Basic,0,Online
CUST01379,Sanjay Iyer,32,F,Salaried,Karnataka,Mysuru,BR013,40608.0,651,Verified,2017-04-04,Silver,0,Camp
CUST01380,Anita Gupta,47,M,Homemaker,Karnataka,Mangaluru,BR035,53.0,789,Verified,2017-10-17,Basic,0,Branch Walk-in
CUST01381,Manoj Mishra,38,F,Government Employee,Rajasthan,Jodhpur,BR033,41912.0,729,Verified,2023-06-08,Silver,0,Online
CUST01382,Rekha Shah,55,M,Salaried,Andhra Pradesh,Nellore,BR019,33607.0,657,Pending,2017-11-14,Silver,0,Branch Walk-in
CUST01383,Anita Reddy,21,F,Salaried,Bihar,Patna,BR028,66389.0,822,Verified,2018-06-27,Gold,0,Agent
CUST01384,Ananya Sharma,60,F,Student,Andhra Pradesh,Tirupati,BR048,5134.0,644,Verified,2018-03-05,Basic,0,Agent
CUST01385,Isha Mishra,30,F,Salaried,Kerala,Kollam,BR012,70692.0,738,Verified,2022-02-21,Gold,0,Referral
CUST01386,Deepika Das,70,M,Student,Kerala,Thrissur,BR015,2316.0,698,Verified,2019-02-19,Basic,1,Online
CUST01387,Utkarsh Desai,65,F,Student,Gujarat,Surat,BR037,229.0,758,Verified,2022-04-17,Basic,0,Branch Walk-in
CUST01388,Aarav Iyer,51,F,Homemaker,Bihar,Bhagalpur,BR016,3899.0,774,Verified,2017-06-29,Basic,0,Referral
CUST01389,Utkarsh Desai,38,F,Business Owner,Delhi,Dwarka,BR015,690189.0,819,Verified,2016-06-19,Premium,0,Online
CUST01390,Sunita Trivedi,54,F,Salaried,West Bengal,Kolkata,BR044,51310.0,645,Verified,2016-03-28,Gold,1,Branch Walk-in
CUST01391,Nisha Rao,20,F,Student,Kerala,Thrissur,BR030,5575.0,708,Verified,2019-07-27,Basic,0,Agent
CUST01392,Sunil Bose,69,F,Retired,Delhi,Dwarka,BR003,17204.0,642,Expired,2018-11-28,Basic,0,Referral
CUST01393,Deepak Trivedi,56,M,Salaried,Uttar Pradesh,Agra,BR042,84101.0,817,Verified,2023-09-18,Gold,0,Online
CUST01394,Siddharth Krishnan,62,M,Homemaker,Uttar Pradesh,Varanasi,BR049,3274.0,688,Pending,2016-07-23,Basic,0,Online
CUST01395,Rahul Pillai,29,F,Government Employee,Tamil Nadu,Trichy,BR050,32360.0,664,Expired,2022-09-09,Silver,0,Online
CUST01396,Rajesh Agarwal,42,F,Self-Employed,West Bengal,Siliguri,BR040,169463.0,724,Verified,2022-06-05,Premium,0,Online
CUST01397,Anita Banerjee,20,M,Government Employee,Kerala,Thiruvananthapuram,BR032,101148.0,619,Verified,2020-05-31,Premium,0,Referral
CUST01398,Sachin Pillai,19,M,Salaried,Gujarat,Ahmedabad,BR045,141125.0,649,Verified,2021-02-17,Premium,0,Online
CUST01399,Sneha Reddy,52,M,Salaried,Maharashtra,Mumbai,BR011,55784.0,763,Pending,2020-10-30,Gold,0,Online
CUST01400,Ajay Kumar,57,F,Retired,Tamil Nadu,Coimbatore,BR023,34121.0,647,Verified,2019-03-13,Silver,0,Referral
CUST01401,Utkarsh Verma,54,M,Self-Employed,Bihar,Gaya,BR013,281343.0,673,Verified,2020-10-14,Premium,0,Branch Walk-in
CUST01402,Tanvi Verma,48,F,Government Employee,Madhya Pradesh,Gwalior,BR047,46011.0,721,Verified,2020-11-03,Silver,0,Branch Walk-in
CUST01403,Mihir Das,68,Other,Self-Employed,Haryana,Faridabad,BR022,210635.0,793,Verified,2016-09-27,Premium,0,Online
CUST01404,Aditi Pandey,34,M,Self-Employed,Gujarat,Ahmedabad,BR042,287534.0,780,Verified,2020-07-08,Premium,0,Referral
CUST01405,Suresh Singh,57,F,Salaried,Tamil Nadu,Chennai,BR013,45996.0,748,Verified,2023-09-19,Silver,0,Online
CUST01406,Aditya Singh,39,F,Retired,Maharashtra,Pune,BR034,52829.0,645,Verified,2019-07-31,Gold,0,Online
CUST01407,Sneha Pandey,30,F,Retired,West Bengal,Kolkata,BR021,21969.0,599,Verified,2017-12-14,Silver,0,Referral
CUST01408,Aditi Pandey,46,M,Student,Uttar Pradesh,Lucknow,BR016,8516.0,771,Verified,2015-10-12,Basic,0,Online
CUST01409,Zara Pillai,20,F,Student,Karnataka,Hubli,BR050,7763.0,662,Pending,2018-01-06,Basic,0,Online
CUST01410,Rahul Iyer,26,M,Business Owner,West Bengal,Asansol,BR004,769877.0,818,Verified,2015-02-11,Premium,0,Agent
CUST01411,Varun Patel,39,F,Homemaker,Gujarat,Rajkot,BR011,2787.0,760,Pending,2022-04-14,Basic,0,Online
CUST01412,Pooja Kapoor,37,M,Self-Employed,Madhya Pradesh,Jabalpur,BR035,260839.0,765,Verified,2017-05-08,Premium,0,Referral
CUST01413,Seema Bose,41,F,Business Owner,Uttar Pradesh,Agra,BR047,806772.0,868,Verified,2020-05-25,Premium,0,Camp
CUST01414,Divya Krishnan,45,F,Retired,Andhra Pradesh,Vijayawada,BR006,79050.0,825,Pending,2015-06-07,Gold,0,Referral
CUST01415,Divya Trivedi,32,F,Business Owner,Gujarat,Surat,BR038,119111.0,665,Pending,2019-01-09,Premium,0,Referral
CUST01416,Sunita Joshi,38,F,Salaried,Bihar,Muzaffarpur,BR005,84488.0,752,Verified,2015-07-29,Gold,0,Referral
CUST01417,Rekha Pandey,51,Other,Retired,Telangana,Karimnagar,BR019,55099.0,694,Verified,2021-07-25,Gold,0,Agent
CUST01418,Neha Rao,58,M,Self-Employed,Andhra Pradesh,Visakhapatnam,BR028,239816.0,744,Verified,2019-12-24,Premium,0,Online
CUST01419,Seema Chatterjee,22,F,Salaried,Haryana,Faridabad,BR024,117020.0,795,Verified,2017-12-10,Premium,0,Referral
CUST01420,Rina Singh,59,M,Salaried,Delhi,Dwarka,BR039,26240.0,715,Verified,2020-03-09,Silver,0,Online
CUST01421,Aditi Chatterjee,63,M,Salaried,Rajasthan,Udaipur,BR032,121731.0,736,Verified,2020-11-13,Premium,0,Branch Walk-in
CUST01422,Monika Iyer,48,F,Homemaker,West Bengal,Howrah,BR012,2321.0,744,Verified,2019-06-06,Basic,0,Branch Walk-in
CUST01423,Tanvi Menon,23,F,Salaried,Kerala,Kochi,BR021,114412.0,680,Verified,2022-09-19,Premium,0,Branch Walk-in
CUST01424,Ananya Malhotra,25,F,Self-Employed,Bihar,Gaya,BR046,198945.0,669,Verified,2017-12-26,Premium,0,Referral
CUST01425,Sanjay Verma,29,M,Business Owner,Andhra Pradesh,Nellore,BR042,958856.0,809,Verified,2015-07-01,Premium,0,Online
CUST01426,Sunil Das,64,F,Freelancer,Haryana,Rohtak,BR011,75523.0,577,Verified,2020-07-24,Gold,0,Online
CUST01427,Sanjay Chatterjee,62,F,Business Owner,Tamil Nadu,Coimbatore,BR021,965944.0,900,Verified,2018-06-16,Premium,0,Referral
CUST01428,Suresh Shah,43,M,Salaried,West Bengal,Siliguri,BR015,75722.0,628,Verified,2015-05-02,Gold,0,Referral
CUST01429,Aarav Verma,56,F,Homemaker,Kerala,Kochi,BR012,4124.0,667,Verified,2022-06-19,Basic,0,Online
CUST01430,Pooja Kapoor,49,F,Student,Punjab,Patiala,BR030,7188.0,664,Verified,2018-08-24,Basic,0,Online
CUST01431,Divya Yadav,19,M,Salaried,Andhra Pradesh,Nellore,BR016,167156.0,731,Verified,2016-09-04,Premium,0,Branch Walk-in
CUST01432,Vijay Yadav,34,F,Homemaker,Tamil Nadu,Coimbatore,BR003,3805.0,729,Pending,2023-04-27,Basic,0,Online
CUST01433,Sunil Banerjee,62,M,Business Owner,Kerala,Thrissur,BR023,752982.0,882,Verified,2021-05-01,Premium,0,Agent
CUST01434,Neha Singh,37,F,Salaried,Madhya Pradesh,Bhopal,BR013,66350.0,658,Pending,2021-08-07,Gold,0,Branch Walk-in
CUST01435,Aditi Tiwari,64,M,Freelancer,Karnataka,Hubli,BR011,94167.0,688,Verified,2016-08-04,Gold,0,Referral
CUST01436,Neha Das,37,F,Salaried,Kerala,Kozhikode,BR043,59797.0,708,Verified,2019-09-19,Gold,0,Branch Walk-in
CUST01437,Anjali Pandey,23,F,Government Employee,Maharashtra,Nashik,BR027,48938.0,674,Verified,2023-07-04,Silver,0,Branch Walk-in
CUST01438,Varun Malhotra,61,F,Salaried,Delhi,New Delhi,BR014,186698.0,813,Verified,2022-10-31,Premium,0,Referral
CUST01439,Aditya Gupta,43,F,Salaried,Punjab,Chandigarh,BR008,43288.0,718,Verified,2018-01-27,Silver,0,Online
CUST01440,Aditya Mehta,33,F,Self-Employed,Haryana,Panipat,BR049,71416.0,738,Verified,2018-08-23,Gold,0,Online
CUST01441,Arjun Kumar,60,F,Business Owner,Punjab,Ludhiana,BR030,820696.0,883,Verified,2023-11-12,Premium,0,Branch Walk-in
CUST01442,Aarav Mishra,51,F,Self-Employed,Madhya Pradesh,Ujjain,BR044,55074.0,761,Expired,2020-09-26,Gold,0,Branch Walk-in
CUST01443,Anil Pillai,41,F,Salaried,Delhi,New Delhi,BR038,199049.0,730,Verified,2020-12-14,Premium,0,Referral
CUST01444,Aditi Tiwari,56,M,Business Owner,Madhya Pradesh,Indore,BR046,377977.0,677,Expired,2023-06-13,Premium,0,Branch Walk-in
CUST01445,Meera Das,41,M,Salaried,Rajasthan,Udaipur,BR036,92790.0,722,Pending,2017-03-20,Gold,0,Referral
CUST01446,Amit Nair,45,F,Freelancer,Maharashtra,Pune,BR031,36005.0,648,Verified,2017-10-03,Silver,0,Online
CUST01447,Divya Kumar,55,F,Self-Employed,West Bengal,Kolkata,BR028,21378.0,652,Verified,2018-11-18,Silver,0,Branch Walk-in
CUST01448,Mihir Kapoor,61,F,Retired,Gujarat,Vadodara,BR011,56063.0,726,Verified,2015-02-17,Gold,0,Branch Walk-in
CUST01449,Sneha Rao,54,F,Freelancer,Kerala,Kozhikode,BR026,138847.0,782,Verified,2022-09-06,Premium,0,Online
CUST01450,Amit Bose,29,M,Salaried,Punjab,Amritsar,BR024,190510.0,719,Verified,2019-04-11,Premium,0,Online
CUST01451,Deepika Patel,25,M,Salaried,Karnataka,Bengaluru,BR036,164520.0,731,Verified,2023-10-01,Premium,0,Online
CUST01452,Isha Rao,66,M,Self-Employed,Tamil Nadu,Chennai,BR029,283815.0,838,Verified,2023-04-27,Premium,0,Referral
CUST01453,Shreya Kapoor,55,M,Salaried,Punjab,Amritsar,BR029,30334.0,700,Verified,2016-11-03,Silver,0,Online
CUST01454,Riya Iyer,32,F,Self-Employed,Karnataka,Mysuru,BR004,109660.0,858,Expired,2015-10-25,Premium,0,Branch Walk-in
CUST01455,Karan Iyer,19,F,Student,Rajasthan,Jodhpur,BR008,174.0,713,Verified,2022-05-27,Basic,0,Online
CUST01456,Shreya Joshi,31,Other,Self-Employed,Rajasthan,Ajmer,BR017,49341.0,584,Verified,2015-02-03,Silver,0,Online
CUST01457,Anjali Iyer,43,F,Retired,Delhi,Gurgaon,BR017,43393.0,733,Verified,2017-07-14,Silver,0,Referral
CUST01458,Arjun Mehta,35,F,Salaried,West Bengal,Kolkata,BR003,95522.0,721,Verified,2022-03-29,Gold,0,Branch Walk-in
CUST01459,Aditya Sharma,60,F,Business Owner,Karnataka,Bengaluru,BR029,493991.0,856,Verified,2019-04-17,Premium,0,Referral
CUST01460,Suresh Sharma,62,M,Business Owner,Uttar Pradesh,Lucknow,BR046,865024.0,893,Verified,2019-08-02,Premium,0,Online
CUST01461,Neha Bose,50,F,Business Owner,Delhi,New Delhi,BR017,86003.0,688,Verified,2020-01-24,Gold,0,Referral
CUST01462,Anita Gupta,22,F,Salaried,Uttar Pradesh,Varanasi,BR041,59766.0,618,Verified,2022-06-20,Gold,0,Branch Walk-in
CUST01463,Pooja Agarwal,49,F,Salaried,Rajasthan,Kota,BR007,75165.0,682,Verified,2015-11-02,Gold,0,Referral
CUST01464,Rekha Mishra,50,F,Student,Rajasthan,Jodhpur,BR014,6697.0,630,Expired,2019-12-02,Basic,0,Branch Walk-in
CUST01465,Zara Patel,60,M,Homemaker,Haryana,Hisar,BR011,698.0,645,Verified,2018-08-24,Basic,0,Branch Walk-in
CUST01466,Ajay Yadav,60,F,Retired,Karnataka,Mangaluru,BR004,58248.0,726,Verified,2015-06-20,Gold,0,Agent
CUST01467,Vijay Banerjee,62,F,Self-Employed,Uttar Pradesh,Lucknow,BR016,229014.0,825,Verified,2023-09-23,Premium,0,Branch Walk-in
CUST01468,Ajay Mishra,64,F,Freelancer,Karnataka,Bengaluru,BR029,128716.0,729,Pending,2023-07-27,Premium,0,Referral
CUST01469,Isha Tiwari,34,M,Homemaker,Bihar,Patna,BR035,1521.0,608,Pending,2017-05-08,Basic,0,Online
CUST01470,Manoj Verma,50,M,Government Employee,Haryana,Faridabad,BR037,63642.0,719,Verified,2015-03-13,Gold,0,Online
CUST01471,Suresh Singh,29,M,Salaried,Gujarat,Rajkot,BR043,172371.0,786,Verified,2021-06-20,Premium,0,Referral
CUST01472,Isha Pandey,61,F,Homemaker,Andhra Pradesh,Visakhapatnam,BR033,4086.0,644,Verified,2019-08-08,Basic,0,Online
CUST01473,Sunil Trivedi,60,M,Freelancer,Madhya Pradesh,Jabalpur,BR038,140928.0,700,Verified,2023-02-12,Premium,0,Referral
CUST01474,Deepak Trivedi,40,M,Self-Employed,Telangana,Hyderabad,BR038,136738.0,708,Verified,2023-05-30,Premium,0,Referral
CUST01475,Rekha Yadav,42,F,Salaried,Uttar Pradesh,Allahabad,BR015,86957.0,650,Verified,2022-10-30,Gold,0,Branch Walk-in
CUST01476,Tanvi Chatterjee,62,M,Homemaker,Punjab,Chandigarh,BR039,3198.0,719,Verified,2021-05-27,Basic,0,Branch Walk-in
CUST01477,Arjun Pillai,46,M,Salaried,West Bengal,Asansol,BR020,27033.0,678,Expired,2020-10-01,Silver,0,Referral
CUST01478,Rahul Chatterjee,26,M,Self-Employed,Bihar,Bhagalpur,BR018,15098.0,708,Verified,2018-10-11,Basic,0,Branch Walk-in
CUST01479,Yash Pandey,27,F,Self-Employed,Rajasthan,Jodhpur,BR017,297320.0,686,Verified,2023-12-20,Premium,0,Branch Walk-in
CUST01480,Siddharth Desai,25,F,Government Employee,Telangana,Hyderabad,BR014,82785.0,670,Verified,2019-03-23,Gold,0,Camp
CUST01481,Aarav Shah,32,M,Self-Employed,Bihar,Gaya,BR046,75803.0,738,Verified,2021-12-07,Gold,0,Online
CUST01482,Sneha Krishnan,62,F,Salaried,Uttar Pradesh,Lucknow,BR026,28838.0,663,Verified,2017-10-25,Silver,0,Branch Walk-in
CUST01483,Rahul Sharma,20,F,Salaried,Kerala,Kochi,BR028,177782.0,819,Verified,2019-12-02,Premium,0,Online
CUST01484,Vijay Chatterjee,51,F,Salaried,Haryana,Rohtak,BR048,47186.0,665,Verified,2019-05-27,Silver,0,Online
CUST01485,Anjali Malhotra,53,M,Self-Employed,Andhra Pradesh,Vijayawada,BR026,56456.0,704,Verified,2019-08-15,Gold,1,Referral
CUST01486,Manoj Rao,43,F,Salaried,Bihar,Muzaffarpur,BR040,134653.0,762,Verified,2019-07-05,Premium,0,Branch Walk-in
CUST01487,Tanvi Mishra,46,M,Business Owner,Kerala,Thrissur,BR045,346035.0,664,Pending,2023-08-15,Premium,0,Online
CUST01488,Akash Das,25,F,Salaried,Telangana,Karimnagar,BR043,132397.0,600,Verified,2018-01-27,Premium,0,Referral
CUST01489,Mihir Bose,48,F,Salaried,Rajasthan,Jaipur,BR023,38756.0,596,Verified,2016-01-20,Silver,0,Online
CUST01490,Rajesh Mishra,63,M,Self-Employed,Rajasthan,Udaipur,BR016,199571.0,795,Verified,2016-09-13,Premium,0,Online
CUST01491,Rohit Banerjee,54,F,Business Owner,Maharashtra,Mumbai,BR039,336076.0,714,Verified,2017-04-24,Premium,0,Agent
CUST01492,Varun Patel,57,M,Retired,Rajasthan,Udaipur,BR048,43269.0,842,Verified,2023-06-19,Silver,0,Referral
CUST01493,Shreya Chatterjee,41,F,Self-Employed,Andhra Pradesh,Guntur,BR021,154658.0,677,Verified,2022-07-16,Premium,0,Online
CUST01494,Divya Nair,69,F,Student,Gujarat,Surat,BR013,6086.0,692,Verified,2022-03-26,Basic,0,Agent
CUST01495,Akash Gupta,44,M,Salaried,Madhya Pradesh,Indore,BR041,83889.0,789,Verified,2019-12-02,Gold,0,Branch Walk-in
CUST01496,Deepika Verma,45,M,Freelancer,Maharashtra,Mumbai,BR045,40834.0,808,Verified,2018-03-06,Silver,0,Online
CUST01497,Rina Singh,37,M,Business Owner,Andhra Pradesh,Tirupati,BR045,431174.0,889,Verified,2020-05-17,Premium,0,Referral
CUST01498,Manoj Yadav,50,M,Homemaker,Karnataka,Bengaluru,BR024,4076.0,753,Verified,2019-04-10,Basic,0,Referral
CUST01499,Seema Agarwal,51,Other,Self-Employed,Uttar Pradesh,Lucknow,BR007,294864.0,800,Verified,2023-03-10,Premium,0,Branch Walk-in
CUST01500,Yash Kumar,18,Other,Freelancer,Kerala,Kozhikode,BR029,141028.0,743,Verified,2019-08-25,Premium,0,Branch Walk-in
CUST01501,Meera Banerjee,25,M,Salaried,Madhya Pradesh,Jabalpur,BR005,185916.0,763,Verified,2015-11-29,Premium,0,Online
CUST01502,Zara Chatterjee,42,M,Business Owner,Rajasthan,Udaipur,BR045,873078.0,821,Verified,2015-10-26,Premium,0,Camp
CUST01503,Rajesh Shah,60,F,Salaried,Uttar Pradesh,Kanpur,BR020,122561.0,655,Verified,2018-12-16,Premium,0,Camp
CUST01504,Riya Trivedi,34,M,Freelancer,Maharashtra,Mumbai,BR044,59715.0,691,Verified,2021-04-02,Gold,0,Referral
CUST01505,Riya Tiwari,27,F,Freelancer,Karnataka,Bengaluru,BR009,141505.0,698,Verified,2022-08-12,Premium,0,Online
CUST01506,Nisha Desai,67,M,Self-Employed,Kerala,Kochi,BR029,128471.0,678,Verified,2018-07-05,Premium,0,Online
CUST01507,Amit Iyer,61,F,Self-Employed,Maharashtra,Pune,BR036,63369.0,734,Verified,2016-03-28,Gold,0,Referral
CUST01508,Aditya Pillai,34,F,Retired,Kerala,Thrissur,BR016,36382.0,744,Verified,2018-04-22,Silver,0,Referral
CUST01509,Rohit Sharma,32,M,Business Owner,Uttar Pradesh,Kanpur,BR018,364473.0,758,Pending,2018-11-27,Premium,0,Online
CUST01510,Riya Banerjee,43,F,Student,Karnataka,Belgaum,BR005,4405.0,769,Verified,2023-08-05,Basic,0,Branch Walk-in
CUST01511,Manoj Joshi,34,F,Freelancer,Telangana,Karimnagar,BR043,54045.0,622,Pending,2015-11-29,Gold,0,Online
CUST01512,Nisha Trivedi,53,F,Student,Kerala,Thiruvananthapuram,BR029,1072.0,668,Verified,2020-06-14,Basic,0,Online
CUST01513,Rekha Banerjee,69,M,Student,Punjab,Amritsar,BR035,6221.0,638,Verified,2022-03-29,Basic,0,Referral
CUST01514,Arjun Reddy,62,F,Self-Employed,Maharashtra,Nagpur,BR021,52861.0,578,Verified,2023-02-26,Gold,0,Branch Walk-in
CUST01515,Seema Reddy,52,M,Government Employee,Madhya Pradesh,Bhopal,BR047,97293.0,694,Verified,2021-06-27,Gold,0,Online
CUST01516,Ishaan Gupta,33,F,Salaried,Tamil Nadu,Trichy,BR029,66697.0,686,Verified,2016-10-03,Gold,0,Online
CUST01517,Akash Kapoor,29,F,Salaried,Bihar,Gaya,BR037,115489.0,793,Pending,2023-10-04,Premium,0,Branch Walk-in
CUST01518,Ananya Kapoor,29,F,Salaried,Bihar,Patna,BR001,180569.0,753,Verified,2015-04-12,Premium,0,Branch Walk-in
CUST01519,Seema Pillai,53,M,Business Owner,Maharashtra,Nashik,BR041,923573.0,803,Verified,2023-03-07,Premium,0,Branch Walk-in
CUST01520,Sanjay Trivedi,64,M,Salaried,Rajasthan,Jaipur,BR019,66166.0,804,Pending,2019-12-04,Gold,0,Referral
CUST01521,Kavya Shah,66,M,Self-Employed,Madhya Pradesh,Jabalpur,BR018,233434.0,799,Pending,2017-05-09,Premium,0,Referral
CUST01522,Zara Bose,64,F,Salaried,Madhya Pradesh,Bhopal,BR003,160292.0,746,Pending,2015-04-16,Premium,0,Referral
CUST01523,Aditi Menon,46,F,Business Owner,Telangana,Karimnagar,BR048,842387.0,834,Verified,2020-08-21,Premium,1,Referral
CUST01524,Rohit Das,59,M,Salaried,Rajasthan,Udaipur,BR006,93773.0,641,Verified,2021-04-24,Gold,0,Camp
CUST01525,Rina Bose,52,F,Retired,Tamil Nadu,Madurai,BR001,36056.0,664,Verified,2021-10-14,Silver,0,Online
CUST01526,Varun Chatterjee,53,M,Self-Employed,Uttar Pradesh,Allahabad,BR001,231660.0,791,Verified,2022-04-25,Premium,0,Referral
CUST01527,Sunita Nair,56,F,Salaried,Kerala,Kollam,BR026,105345.0,814,Verified,2015-04-06,Premium,0,Online
CUST01528,Sneha Sharma,60,M,Government Employee,Karnataka,Mangaluru,BR034,87675.0,790,Verified,2016-03-27,Gold,0,Online
CUST01529,Divya Sharma,19,F,Homemaker,Karnataka,Belgaum,BR030,3466.0,651,Verified,2019-01-11,Basic,0,Referral
CUST01530,Tanvi Sharma,53,M,Self-Employed,Gujarat,Rajkot,BR041,251846.0,663,Verified,2018-03-06,Premium,0,Referral
CUST01531,Shreya Banerjee,22,M,Freelancer,Andhra Pradesh,Nellore,BR024,121915.0,712,Expired,2021-02-22,Premium,0,Online
CUST01532,Ananya Gupta,49,F,Student,Haryana,Gurugram,BR043,2968.0,574,Verified,2018-02-22,Basic,0,Branch Walk-in
CUST01533,Isha Kumar,26,F,Business Owner,Karnataka,Belgaum,BR046,463955.0,792,Verified,2018-01-05,Premium,0,Branch Walk-in
CUST01534,Deepak Iyer,35,F,Student,Maharashtra,Nagpur,BR047,9162.0,672,Verified,2016-10-15,Basic,0,Branch Walk-in
CUST01535,Pooja Bose,54,M,Salaried,Rajasthan,Ajmer,BR009,49769.0,661,Verified,2021-03-31,Silver,0,Branch Walk-in
CUST01536,Zara Verma,39,M,Homemaker,Punjab,Jalandhar,BR015,2050.0,584,Verified,2015-11-25,Basic,0,Online
CUST01537,Aarav Patel,57,M,Homemaker,Delhi,Faridabad,BR011,1640.0,711,Verified,2019-10-06,Basic,0,Referral
CUST01538,Varun Singh,46,M,Salaried,Delhi,Dwarka,BR045,67065.0,661,Pending,2017-04-26,Gold,0,Referral
CUST01539,Anjali Gupta,68,F,Salaried,Gujarat,Ahmedabad,BR031,86501.0,627,Expired,2016-01-02,Gold,0,Referral
CUST01540,Monika Iyer,29,M,Salaried,Andhra Pradesh,Vijayawada,BR043,99796.0,527,Verified,2015-09-29,Gold,0,Branch Walk-in
CUST01541,Rekha Shah,47,F,Salaried,Kerala,Thiruvananthapuram,BR013,37404.0,685,Verified,2022-04-27,Silver,0,Agent
CUST01542,Ravi Mehta,37,M,Business Owner,Bihar,Patna,BR033,583686.0,900,Verified,2020-07-26,Premium,0,Online
CUST01543,Rahul Agarwal,44,F,Business Owner,Rajasthan,Ajmer,BR036,377383.0,855,Verified,2019-05-17,Premium,0,Camp
CUST01544,Meera Menon,30,F,Government Employee,Madhya Pradesh,Ujjain,BR010,102430.0,673,Verified,2016-05-28,Premium,0,Online
CUST01545,Ananya Malhotra,57,F,Business Owner,Delhi,Noida,BR050,433118.0,730,Verified,2018-02-12,Premium,0,Referral
CUST01546,Varun Banerjee,70,M,Self-Employed,Gujarat,Rajkot,BR017,83958.0,724,Pending,2017-07-29,Gold,1,Online
CUST01547,Rohit Krishnan,53,F,Salaried,Haryana,Rohtak,BR029,63330.0,632,Verified,2019-04-11,Gold,0,Branch Walk-in
CUST01548,Utkarsh Krishnan,69,M,Homemaker,Madhya Pradesh,Indore,BR025,4539.0,699,Verified,2020-01-26,Basic,0,Online
CUST01549,Siddharth Singh,41,M,Salaried,West Bengal,Durgapur,BR046,103572.0,746,Verified,2020-09-16,Premium,0,Branch Walk-in
CUST01550,Arjun Patel,39,M,Salaried,Bihar,Patna,BR039,182905.0,790,Verified,2020-07-09,Premium,0,Referral
CUST01551,Priyanka Banerjee,23,F,Salaried,Kerala,Kochi,BR015,199437.0,713,Verified,2022-11-15,Premium,1,Branch Walk-in
CUST01552,Isha Trivedi,61,M,Freelancer,Gujarat,Vadodara,BR046,70578.0,681,Verified,2018-01-05,Gold,0,Branch Walk-in
CUST01553,Anjali Desai,61,M,Freelancer,Bihar,Muzaffarpur,BR045,43026.0,635,Verified,2015-01-05,Silver,0,Referral
CUST01554,Anjali Shah,44,M,Salaried,Kerala,Kozhikode,BR004,157921.0,661,Verified,2015-11-12,Premium,0,Branch Walk-in
CUST01555,Aditya Malhotra,55,M,Business Owner,Andhra Pradesh,Guntur,BR042,296648.0,725,Expired,2020-10-12,Premium,0,Referral
CUST01556,Seema Saxena,53,F,Self-Employed,Haryana,Faridabad,BR009,29112.0,707,Verified,2021-01-07,Silver,0,Branch Walk-in
CUST01557,Rohit Tiwari,43,F,Salaried,Madhya Pradesh,Bhopal,BR004,75373.0,749,Verified,2018-09-05,Gold,0,Branch Walk-in
CUST01558,Rina Kapoor,31,F,Freelancer,Telangana,Karimnagar,BR009,75693.0,646,Verified,2023-08-14,Gold,0,Branch Walk-in
CUST01559,Manoj Iyer,39,M,Government Employee,Kerala,Kochi,BR015,109245.0,791,Verified,2017-12-18,Premium,0,Referral
CUST01560,Pooja Mishra,22,F,Self-Employed,Gujarat,Surat,BR003,24478.0,668,Verified,2021-12-07,Silver,0,Online
CUST01561,Priya Patel,42,F,Salaried,Andhra Pradesh,Nellore,BR004,150498.0,708,Pending,2023-02-15,Premium,1,Online
CUST01562,Rohit Mishra,31,F,Homemaker,Haryana,Faridabad,BR046,3311.0,635,Expired,2019-12-01,Basic,0,Branch Walk-in
CUST01563,Meera Verma,28,F,Self-Employed,Rajasthan,Kota,BR030,110240.0,556,Verified,2015-02-20,Premium,0,Branch Walk-in
CUST01564,Zara Chatterjee,43,M,Salaried,Rajasthan,Udaipur,BR017,57138.0,744,Verified,2016-10-19,Gold,0,Referral
CUST01565,Ananya Sharma,37,F,Student,Kerala,Thiruvananthapuram,BR015,3310.0,724,Verified,2016-08-14,Basic,0,Agent
CUST01566,Rajesh Reddy,58,M,Salaried,Rajasthan,Jaipur,BR023,158753.0,694,Verified,2022-01-16,Premium,0,Branch Walk-in
CUST01567,Anita Shah,57,F,Student,Rajasthan,Kota,BR015,9275.0,685,Pending,2019-10-16,Basic,0,Referral
CUST01568,Isha Mishra,54,F,Self-Employed,Kerala,Kollam,BR035,260301.0,763,Verified,2016-06-29,Premium,0,Online
CUST01569,Zara Iyer,29,M,Business Owner,Tamil Nadu,Coimbatore,BR027,807473.0,747,Verified,2017-05-29,Premium,0,Camp
CUST01570,Anjali Yadav,18,M,Business Owner,Andhra Pradesh,Vijayawada,BR045,911964.0,830,Verified,2016-12-12,Premium,0,Online
CUST01571,Ananya Iyer,28,F,Student,Delhi,Dwarka,BR028,990.0,727,Verified,2017-11-28,Basic,0,Online
CUST01572,Rajesh Rao,24,M,Self-Employed,West Bengal,Kolkata,BR044,138614.0,632,Verified,2016-11-27,Premium,0,Branch Walk-in
CUST01573,Seema Kapoor,62,M,Student,Kerala,Kozhikode,BR037,9728.0,699,Verified,2017-11-06,Basic,0,Branch Walk-in
CUST01574,Ananya Chatterjee,66,F,Self-Employed,Madhya Pradesh,Gwalior,BR016,245364.0,647,Verified,2018-09-03,Premium,0,Agent
CUST01575,Rajesh Kumar,37,M,Salaried,West Bengal,Howrah,BR033,176591.0,743,Verified,2016-08-19,Premium,0,Branch Walk-in
CUST01576,Divya Desai,26,F,Salaried,Uttar Pradesh,Kanpur,BR040,134423.0,704,Verified,2018-11-21,Premium,0,Branch Walk-in
CUST01577,Ananya Rao,65,F,Salaried,Telangana,Warangal,BR047,175544.0,618,Expired,2016-11-12,Premium,0,Referral
CUST01578,Aditya Trivedi,58,M,Salaried,Haryana,Gurugram,BR044,153588.0,780,Verified,2017-03-03,Premium,0,Referral
CUST01579,Ravi Menon,49,M,Student,Tamil Nadu,Coimbatore,BR009,3592.0,636,Verified,2017-03-01,Basic,0,Agent
CUST01580,Priya Pillai,39,M,Salaried,Madhya Pradesh,Indore,BR033,180109.0,667,Verified,2021-12-04,Premium,0,Online
CUST01581,Utkarsh Menon,46,F,Freelancer,Madhya Pradesh,Ujjain,BR015,79399.0,707,Verified,2021-01-20,Gold,0,Referral
CUST01582,Amit Mehta,56,M,Salaried,Punjab,Chandigarh,BR042,40690.0,757,Verified,2016-04-04,Silver,0,Branch Walk-in
CUST01583,Monika Chatterjee,68,F,Salaried,Haryana,Panipat,BR014,30105.0,625,Verified,2019-03-21,Silver,0,Branch Walk-in
CUST01584,Akash Iyer,44,M,Freelancer,Kerala,Kochi,BR013,83290.0,700,Pending,2023-07-11,Gold,1,Online
CUST01585,Ishaan Singh,20,F,Freelancer,Andhra Pradesh,Tirupati,BR030,69811.0,719,Verified,2021-09-14,Gold,0,Branch Walk-in
CUST01586,Yash Rao,34,M,Student,Kerala,Kozhikode,BR050,3005.0,722,Verified,2015-08-13,Basic,0,Referral
CUST01587,Isha Malhotra,18,M,Self-Employed,Haryana,Faridabad,BR037,101156.0,710,Verified,2021-05-31,Premium,0,Online
CUST01588,Sunil Kumar,27,F,Salaried,Bihar,Patna,BR006,69752.0,671,Verified,2021-12-28,Gold,0,Online
CUST01589,Ajay Menon,61,F,Salaried,Gujarat,Vadodara,BR044,115070.0,653,Verified,2023-09-25,Premium,0,Camp
CUST01590,Anil Mehta,44,F,Student,Punjab,Patiala,BR007,1475.0,685,Verified,2019-01-31,Basic,0,Online
CUST01591,Anil Mehta,39,F,Salaried,Rajasthan,Udaipur,BR015,165875.0,648,Expired,2017-04-12,Premium,0,Online
CUST01592,Aditya Yadav,33,F,Salaried,Maharashtra,Nagpur,BR035,70630.0,518,Verified,2018-06-11,Gold,0,Online
CUST01593,Sneha Das,41,M,Self-Employed,Punjab,Patiala,BR032,294339.0,765,Verified,2019-07-18,Premium,0,Online
CUST01594,Anil Tiwari,43,F,Student,Telangana,Nizamabad,BR022,5868.0,735,Pending,2019-07-25,Basic,0,Branch Walk-in
CUST01595,Tanvi Yadav,35,M,Business Owner,Tamil Nadu,Salem,BR024,423376.0,622,Verified,2023-07-22,Premium,0,Branch Walk-in
CUST01596,Rina Krishnan,62,F,Salaried,Gujarat,Vadodara,BR024,183945.0,656,Verified,2020-08-25,Premium,0,Branch Walk-in
CUST01597,Rohit Das,41,M,Salaried,Rajasthan,Ajmer,BR010,125750.0,742,Verified,2021-10-03,Premium,0,Branch Walk-in
CUST01598,Rahul Verma,67,M,Salaried,Bihar,Muzaffarpur,BR009,150546.0,833,Pending,2017-01-07,Premium,0,Camp
CUST01599,Deepika Mehta,68,F,Salaried,Telangana,Khammam,BR038,182021.0,717,Pending,2022-01-25,Premium,0,Referral
CUST01600,Anita Menon,67,M,Salaried,West Bengal,Asansol,BR027,105132.0,657,Verified,2016-10-09,Premium,0,Branch Walk-in
CUST01601,Anjali Krishnan,25,F,Salaried,Uttar Pradesh,Agra,BR011,38895.0,676,Verified,2022-08-07,Silver,0,Online
CUST01602,Zara Reddy,45,M,Homemaker,Punjab,Amritsar,BR048,4446.0,763,Verified,2023-08-07,Basic,0,Online
CUST01603,Ravi Banerjee,28,M,Business Owner,Karnataka,Mangaluru,BR013,876209.0,816,Verified,2015-06-07,Premium,0,Branch Walk-in
CUST01604,Varun Joshi,54,M,Self-Employed,Andhra Pradesh,Tirupati,BR030,137543.0,659,Verified,2020-07-05,Premium,0,Branch Walk-in
CUST01605,Manoj Singh,40,M,Business Owner,Bihar,Patna,BR049,824527.0,815,Pending,2022-06-22,Premium,0,Online
CUST01606,Anil Kumar,48,M,Homemaker,Maharashtra,Mumbai,BR002,4282.0,623,Verified,2018-01-12,Basic,0,Referral
CUST01607,Priyanka Krishnan,37,M,Salaried,Tamil Nadu,Chennai,BR028,64674.0,700,Verified,2017-02-05,Gold,0,Referral
CUST01608,Siddharth Kapoor,30,M,Salaried,West Bengal,Howrah,BR003,91165.0,795,Verified,2020-11-19,Gold,0,Referral
CUST01609,Divya Saxena,49,M,Student,Kerala,Thiruvananthapuram,BR037,7841.0,700,Verified,2020-11-07,Basic,0,Agent
CUST01610,Mihir Kapoor,27,F,Salaried,Punjab,Ludhiana,BR016,136989.0,692,Pending,2022-07-13,Premium,0,Branch Walk-in
CUST01611,Mihir Kumar,68,M,Business Owner,Telangana,Karimnagar,BR031,840017.0,830,Verified,2021-01-08,Premium,0,Camp
CUST01612,Rajesh Verma,53,M,Homemaker,West Bengal,Siliguri,BR006,4881.0,587,Verified,2015-10-11,Basic,1,Referral
CUST01613,Ishaan Pillai,24,M,Self-Employed,Madhya Pradesh,Indore,BR013,19035.0,736,Verified,2017-02-13,Basic,1,Camp
CUST01614,Sunil Yadav,29,F,Business Owner,Tamil Nadu,Trichy,BR044,720783.0,819,Verified,2023-05-22,Premium,0,Branch Walk-in
CUST01615,Divya Kumar,30,M,Self-Employed,Bihar,Muzaffarpur,BR050,107429.0,690,Expired,2019-06-21,Premium,0,Referral
CUST01616,Sachin Pandey,50,M,Homemaker,Delhi,Dwarka,BR011,84.0,871,Expired,2016-10-21,Basic,0,Camp
CUST01617,Karan Saxena,60,F,Student,Bihar,Darbhanga,BR010,9908.0,699,Verified,2018-02-18,Basic,0,Referral
CUST01618,Ajay Yadav,21,F,Self-Employed,Kerala,Kozhikode,BR014,271562.0,689,Pending,2019-02-14,Premium,0,Agent
CUST01619,Arjun Bose,61,M,Salaried,Karnataka,Belgaum,BR004,163772.0,687,Verified,2019-09-10,Premium,0,Agent
CUST01620,Mihir Tiwari,27,M,Business Owner,Telangana,Hyderabad,BR042,62874.0,761,Verified,2016-03-21,Gold,0,Referral
CUST01621,Tanvi Singh,64,M,Business Owner,Punjab,Jalandhar,BR015,499850.0,786,Verified,2021-03-20,Premium,0,Online
CUST01622,Anjali Rao,58,F,Student,Telangana,Khammam,BR005,6597.0,595,Verified,2021-04-07,Basic,0,Referral
CUST01623,Suresh Saxena,19,M,Self-Employed,Punjab,Amritsar,BR022,177329.0,770,Expired,2016-07-21,Premium,0,Online
CUST01624,Aditi Reddy,69,M,Salaried,West Bengal,Durgapur,BR012,25092.0,644,Expired,2017-05-01,Silver,0,Branch Walk-in
CUST01625,Ananya Joshi,60,F,Salaried,Bihar,Bhagalpur,BR007,40716.0,800,Verified,2020-03-25,Silver,0,Agent
CUST01626,Amit Joshi,47,M,Business Owner,Rajasthan,Kota,BR035,435684.0,831,Verified,2023-11-26,Premium,0,Branch Walk-in
CUST01627,Zara Shah,46,F,Salaried,Madhya Pradesh,Ujjain,BR050,139106.0,680,Expired,2015-06-25,Premium,0,Online
CUST01628,Kavya Gupta,58,F,Salaried,Uttar Pradesh,Varanasi,BR023,188795.0,794,Verified,2020-04-02,Premium,0,Online
CUST01629,Mihir Gupta,55,M,Student,Maharashtra,Nashik,BR044,6369.0,685,Verified,2018-02-02,Basic,0,Online
CUST01630,Riya Agarwal,35,M,Retired,Maharashtra,Nagpur,BR032,79557.0,747,Verified,2022-10-05,Gold,0,Camp
CUST01631,Utkarsh Mehta,60,F,Salaried,West Bengal,Siliguri,BR020,158440.0,740,Verified,2023-06-12,Premium,0,Agent
CUST01632,Priya Das,40,M,Self-Employed,Karnataka,Mangaluru,BR013,136590.0,656,Verified,2015-07-29,Premium,0,Online
CUST01633,Suresh Rao,65,F,Salaried,Tamil Nadu,Salem,BR013,92571.0,659,Expired,2019-08-20,Gold,0,Branch Walk-in
CUST01634,Sanjay Joshi,54,M,Self-Employed,Punjab,Patiala,BR042,213344.0,784,Verified,2018-10-16,Premium,0,Branch Walk-in
CUST01635,Vikram Mehta,28,M,Salaried,Gujarat,Vadodara,BR008,105968.0,681,Verified,2018-07-06,Premium,0,Branch Walk-in
CUST01636,Siddharth Krishnan,66,M,Retired,Uttar Pradesh,Allahabad,BR036,36801.0,663,Verified,2021-09-10,Silver,0,Camp
CUST01637,Rohit Pandey,37,M,Student,Madhya Pradesh,Gwalior,BR019,7090.0,624,Verified,2016-03-29,Basic,0,Branch Walk-in
CUST01638,Riya Nair,34,F,Freelancer,Kerala,Thiruvananthapuram,BR046,55852.0,716,Verified,2022-09-02,Gold,0,Branch Walk-in
CUST01639,Varun Kumar,21,F,Salaried,Madhya Pradesh,Ujjain,BR011,128831.0,829,Verified,2023-07-08,Premium,0,Camp
CUST01640,Arjun Nair,51,M,Student,Punjab,Patiala,BR042,5826.0,617,Expired,2019-08-03,Basic,1,Referral
CUST01641,Amit Shah,25,M,Business Owner,West Bengal,Howrah,BR004,867400.0,854,Pending,2015-09-27,Premium,0,Branch Walk-in
CUST01642,Aditya Nair,69,M,Salaried,Haryana,Rohtak,BR024,127481.0,790,Verified,2017-02-19,Premium,0,Referral
CUST01643,Ishaan Menon,32,F,Student,Rajasthan,Jaipur,BR010,5666.0,676,Verified,2015-06-20,Basic,0,Branch Walk-in
CUST01644,Kavya Shah,40,F,Retired,Haryana,Rohtak,BR022,49370.0,717,Verified,2021-08-30,Silver,0,Camp
CUST01645,Priya Kapoor,57,M,Homemaker,Uttar Pradesh,Varanasi,BR006,1092.0,616,Verified,2016-03-03,Basic,0,Online
CUST01646,Meera Mehta,52,F,Salaried,Rajasthan,Jodhpur,BR006,121378.0,729,Verified,2015-10-26,Premium,0,Agent
CUST01647,Karan Reddy,30,M,Retired,Haryana,Faridabad,BR003,35152.0,675,Verified,2019-12-25,Silver,0,Branch Walk-in
CUST01648,Manoj Bose,62,M,Self-Employed,West Bengal,Asansol,BR027,207317.0,780,Verified,2021-09-28,Premium,0,Agent
CUST01649,Ishaan Menon,42,F,Retired,Gujarat,Surat,BR037,63962.0,764,Verified,2015-11-08,Gold,0,Online
CUST01650,Meera Bose,30,M,Self-Employed,Andhra Pradesh,Guntur,BR005,298161.0,895,Verified,2020-02-21,Premium,0,Referral
CUST01651,Vikram Pillai,53,M,Salaried,Gujarat,Ahmedabad,BR011,131663.0,741,Verified,2019-10-08,Premium,0,Agent
CUST01652,Aarav Kumar,51,M,Salaried,Andhra Pradesh,Visakhapatnam,BR013,198953.0,739,Verified,2018-12-23,Premium,0,Branch Walk-in
CUST01653,Yash Singh,30,F,Salaried,Tamil Nadu,Chennai,BR015,69387.0,705,Verified,2022-12-20,Gold,0,Referral
CUST01654,Sachin Bose,27,M,Retired,Gujarat,Ahmedabad,BR029,65434.0,671,Pending,2020-11-28,Gold,0,Branch Walk-in
CUST01655,Pooja Verma,29,M,Salaried,Gujarat,Surat,BR004,184291.0,737,Verified,2019-05-25,Premium,0,Camp
CUST01656,Anjali Malhotra,47,F,Self-Employed,Delhi,New Delhi,BR009,34409.0,669,Expired,2015-04-12,Silver,0,Branch Walk-in
CUST01657,Sunil Menon,64,F,Self-Employed,Maharashtra,Nagpur,BR004,132872.0,716,Verified,2019-05-29,Premium,1,Referral
CUST01658,Priya Patel,44,M,Retired,West Bengal,Siliguri,BR021,21882.0,763,Verified,2018-02-10,Silver,0,Agent
CUST01659,Karan Kumar,27,M,Self-Employed,West Bengal,Howrah,BR044,111751.0,641,Verified,2016-02-03,Premium,1,Referral
CUST01660,Anil Saxena,36,M,Student,Gujarat,Rajkot,BR026,7126.0,749,Verified,2023-08-18,Basic,0,Branch Walk-in
CUST01661,Deepika Banerjee,23,M,Salaried,Kerala,Kochi,BR012,40042.0,767,Verified,2015-10-20,Silver,0,Online
CUST01662,Zara Das,65,M,Retired,Haryana,Panipat,BR027,54922.0,683,Verified,2016-04-04,Gold,0,Branch Walk-in
CUST01663,Ravi Iyer,24,M,Salaried,Punjab,Ludhiana,BR039,127857.0,578,Verified,2019-04-14,Premium,0,Referral
CUST01664,Nisha Nair,49,F,Salaried,West Bengal,Kolkata,BR012,190436.0,681,Verified,2019-05-01,Premium,0,Agent
CUST01665,Rekha Menon,42,F,Self-Employed,Delhi,Dwarka,BR008,208551.0,799,Verified,2019-06-08,Premium,0,Branch Walk-in
CUST01666,Riya Mehta,30,M,Self-Employed,Haryana,Gurugram,BR045,72672.0,693,Pending,2019-12-07,Gold,0,Online
CUST01667,Aditi Yadav,39,M,Business Owner,Uttar Pradesh,Varanasi,BR033,61156.0,632,Pending,2022-11-27,Gold,0,Online
CUST01668,Pooja Reddy,38,F,Business Owner,Uttar Pradesh,Agra,BR005,229993.0,695,Pending,2022-08-16,Premium,0,Online
CUST01669,Yash Krishnan,44,M,Student,Tamil Nadu,Coimbatore,BR039,2332.0,730,Verified,2018-02-23,Basic,0,Agent
CUST01670,Ishaan Yadav,43,F,Self-Employed,Kerala,Thiruvananthapuram,BR002,114548.0,735,Verified,2016-06-04,Premium,0,Referral
CUST01671,Meera Patel,22,M,Salaried,Delhi,Dwarka,BR038,81452.0,681,Verified,2021-12-25,Gold,0,Referral
CUST01672,Neha Rao,60,M,Salaried,Rajasthan,Jodhpur,BR028,151035.0,688,Verified,2017-08-15,Premium,0,Referral
CUST01673,Aditi Trivedi,39,F,Self-Employed,Delhi,New Delhi,BR028,204025.0,697,Verified,2023-10-02,Premium,0,Referral
CUST01674,Seema Das,20,M,Retired,Tamil Nadu,Trichy,BR049,32720.0,631,Verified,2018-10-26,Silver,0,Agent
CUST01675,Seema Iyer,36,F,Self-Employed,Karnataka,Mysuru,BR005,160738.0,809,Pending,2016-11-30,Premium,0,Online
CUST01676,Priya Chatterjee,55,F,Salaried,Rajasthan,Udaipur,BR001,44204.0,669,Verified,2020-07-23,Silver,1,Referral
CUST01677,Pooja Malhotra,29,F,Student,Bihar,Patna,BR003,5700.0,754,Verified,2023-07-20,Basic,0,Online
CUST01678,Vijay Rao,43,F,Self-Employed,Madhya Pradesh,Jabalpur,BR041,228446.0,816,Verified,2017-01-07,Premium,0,Branch Walk-in
CUST01679,Ravi Singh,30,M,Salaried,Delhi,Gurgaon,BR010,57029.0,751,Verified,2020-03-14,Gold,0,Branch Walk-in
CUST01680,Anjali Agarwal,50,F,Self-Employed,Karnataka,Hubli,BR047,276355.0,709,Verified,2016-11-26,Premium,0,Online
CUST01681,Rajesh Kapoor,62,M,Salaried,Kerala,Kollam,BR040,117198.0,727,Verified,2017-09-26,Premium,0,Branch Walk-in
CUST01682,Akash Sharma,62,M,Salaried,Rajasthan,Kota,BR027,155397.0,709,Verified,2015-01-14,Premium,0,Online
CUST01683,Sanjay Yadav,18,M,Retired,Uttar Pradesh,Varanasi,BR013,35915.0,632,Verified,2015-10-16,Silver,0,Branch Walk-in
CUST01684,Sunil Tiwari,28,F,Business Owner,Haryana,Gurugram,BR023,928660.0,885,Verified,2017-11-28,Premium,0,Online
CUST01685,Mihir Verma,66,F,Retired,Haryana,Rohtak,BR011,43350.0,617,Expired,2019-02-25,Silver,0,Agent
CUST01686,Varun Menon,31,F,Student,Kerala,Thrissur,BR044,2145.0,751,Verified,2023-03-25,Basic,0,Agent
CUST01687,Priyanka Gupta,24,M,Self-Employed,Uttar Pradesh,Varanasi,BR012,85632.0,669,Verified,2020-03-08,Gold,0,Online
CUST01688,Anil Nair,27,M,Student,Delhi,Dwarka,BR015,991.0,692,Verified,2023-08-24,Basic,0,Referral
CUST01689,Utkarsh Menon,66,M,Salaried,Karnataka,Belgaum,BR031,153850.0,727,Verified,2015-05-03,Premium,0,Online
CUST01690,Arjun Das,58,F,Salaried,Punjab,Amritsar,BR038,182299.0,700,Verified,2023-11-22,Premium,0,Online
CUST01691,Ravi Gupta,25,M,Freelancer,West Bengal,Asansol,BR029,79884.0,731,Verified,2023-07-24,Gold,0,Online
CUST01692,Seema Bose,60,F,Salaried,Tamil Nadu,Trichy,BR045,112059.0,673,Verified,2015-04-14,Premium,0,Referral
CUST01693,Suresh Bose,28,M,Self-Employed,Bihar,Bhagalpur,BR035,189316.0,770,Verified,2021-01-08,Premium,0,Online
CUST01694,Ajay Trivedi,32,M,Salaried,Kerala,Kollam,BR011,130410.0,625,Verified,2022-05-27,Premium,0,Branch Walk-in
CUST01695,Vikram Mishra,58,F,Self-Employed,Bihar,Darbhanga,BR002,150426.0,717,Verified,2022-01-04,Premium,0,Online
CUST01696,Rohit Desai,53,F,Business Owner,Rajasthan,Kota,BR002,792755.0,900,Verified,2022-10-12,Premium,0,Online
CUST01697,Rohit Gupta,50,M,Salaried,Kerala,Kozhikode,BR026,58870.0,631,Verified,2023-07-30,Gold,0,Online
CUST01698,Tanvi Mehta,55,F,Self-Employed,Punjab,Amritsar,BR014,167884.0,672,Verified,2016-10-25,Premium,0,Online
CUST01699,Sanjay Verma,50,M,Business Owner,Madhya Pradesh,Ujjain,BR011,815893.0,874,Pending,2015-03-03,Premium,0,Online
CUST01700,Aditi Bose,53,F,Self-Employed,West Bengal,Kolkata,BR026,186521.0,728,Verified,2016-01-16,Premium,0,Online
CUST01701,Sunil Yadav,52,M,Business Owner,Karnataka,Mysuru,BR001,594478.0,819,Verified,2018-03-26,Premium,0,Online
CUST01702,Deepak Iyer,34,M,Student,Tamil Nadu,Trichy,BR039,8334.0,711,Pending,2016-10-20,Basic,0,Agent
CUST01703,Anil Pillai,31,F,Salaried,West Bengal,Durgapur,BR001,33037.0,724,Verified,2020-11-13,Silver,0,Agent
CUST01704,Deepak Reddy,40,F,Salaried,Kerala,Kozhikode,BR042,92795.0,765,Verified,2016-08-26,Gold,0,Online
CUST01705,Anil Krishnan,21,M,Self-Employed,Bihar,Muzaffarpur,BR028,158256.0,736,Verified,2023-03-01,Premium,0,Online
CUST01706,Ravi Gupta,66,M,Salaried,Punjab,Chandigarh,BR002,60708.0,677,Verified,2021-05-02,Gold,0,Agent
CUST01707,Sunil Shah,20,F,Business Owner,Telangana,Warangal,BR039,423725.0,805,Verified,2019-09-01,Premium,0,Referral
CUST01708,Deepika Shah,42,F,Freelancer,Gujarat,Surat,BR020,38429.0,801,Verified,2017-02-22,Silver,0,Online
CUST01709,Shreya Nair,29,M,Salaried,Gujarat,Rajkot,BR050,46855.0,681,Verified,2015-02-19,Silver,0,Online
CUST01710,Anita Yadav,42,M,Salaried,Maharashtra,Nagpur,BR032,78125.0,637,Verified,2019-11-29,Gold,0,Online
CUST01711,Divya Mehta,18,M,Salaried,Karnataka,Mysuru,BR035,110592.0,768,Verified,2016-05-23,Premium,0,Referral
CUST01712,Anjali Krishnan,33,F,Salaried,Bihar,Darbhanga,BR004,94018.0,691,Pending,2018-02-22,Gold,0,Branch Walk-in
CUST01713,Manoj Trivedi,49,F,Freelancer,Madhya Pradesh,Indore,BR041,40417.0,557,Verified,2019-08-10,Silver,0,Online
CUST01714,Isha Desai,29,F,Salaried,Punjab,Amritsar,BR036,127280.0,756,Verified,2020-03-11,Premium,0,Branch Walk-in
CUST01715,Akash Shah,57,F,Self-Employed,Karnataka,Belgaum,BR021,38950.0,655,Verified,2016-02-18,Silver,0,Online
CUST01716,Sachin Iyer,37,F,Self-Employed,Kerala,Kochi,BR017,91735.0,692,Verified,2018-12-02,Gold,0,Online
CUST01717,Ravi Yadav,47,F,Retired,Uttar Pradesh,Agra,BR008,22740.0,704,Verified,2020-02-09,Silver,0,Referral
CUST01718,Mihir Joshi,49,M,Salaried,Kerala,Thiruvananthapuram,BR003,114345.0,714,Verified,2015-07-08,Premium,0,Referral
CUST01719,Vikram Krishnan,51,M,Retired,Haryana,Faridabad,BR016,74699.0,737,Verified,2018-02-06,Gold,0,Branch Walk-in
CUST01720,Kavya Sharma,29,M,Self-Employed,Andhra Pradesh,Nellore,BR005,151777.0,684,Verified,2023-01-31,Premium,0,Referral
CUST01721,Sanjay Saxena,37,M,Self-Employed,Gujarat,Surat,BR008,131449.0,737,Verified,2018-08-14,Premium,0,Branch Walk-in
CUST01722,Rahul Das,61,M,Self-Employed,Uttar Pradesh,Allahabad,BR007,151334.0,694,Verified,2019-12-23,Premium,0,Referral
CUST01723,Mihir Joshi,55,F,Retired,Andhra Pradesh,Visakhapatnam,BR038,75589.0,739,Verified,2020-04-12,Gold,0,Branch Walk-in
CUST01724,Ravi Patel,39,M,Government Employee,Rajasthan,Kota,BR017,34739.0,723,Verified,2015-06-30,Silver,0,Online
CUST01725,Arjun Kapoor,61,M,Homemaker,Kerala,Kochi,BR035,3544.0,624,Verified,2017-10-14,Basic,0,Branch Walk-in
CUST01726,Priyanka Banerjee,35,M,Salaried,Telangana,Warangal,BR042,153821.0,775,Verified,2023-10-03,Premium,0,Referral
CUST01727,Priyanka Menon,28,M,Self-Employed,Haryana,Rohtak,BR038,174896.0,682,Verified,2021-04-23,Premium,0,Referral
CUST01728,Ananya Malhotra,55,F,Salaried,Delhi,Faridabad,BR048,33985.0,735,Verified,2017-06-10,Silver,0,Referral
CUST01729,Anjali Malhotra,52,M,Salaried,Punjab,Chandigarh,BR009,57818.0,713,Verified,2022-09-08,Gold,0,Branch Walk-in
CUST01730,Pooja Tiwari,68,F,Student,Telangana,Karimnagar,BR007,9260.0,792,Verified,2022-03-28,Basic,0,Online
CUST01731,Shreya Tiwari,19,M,Salaried,Karnataka,Mysuru,BR047,61736.0,678,Verified,2023-07-22,Gold,0,Online
CUST01732,Monika Yadav,39,F,Salaried,Kerala,Thrissur,BR035,125877.0,684,Pending,2015-05-21,Premium,1,Referral
CUST01733,Ishaan Chatterjee,54,F,Self-Employed,Punjab,Ludhiana,BR007,28393.0,684,Pending,2020-05-15,Silver,0,Branch Walk-in
CUST01734,Manoj Tiwari,60,M,Business Owner,Madhya Pradesh,Gwalior,BR006,347427.0,731,Verified,2023-08-02,Premium,1,Branch Walk-in
CUST01735,Deepika Mishra,43,M,Salaried,Bihar,Muzaffarpur,BR013,28496.0,733,Verified,2017-01-25,Silver,0,Camp
CUST01736,Siddharth Gupta,37,M,Government Employee,Uttar Pradesh,Kanpur,BR037,42096.0,591,Verified,2020-05-12,Silver,0,Referral
CUST01737,Sanjay Patel,63,F,Retired,Gujarat,Gandhinagar,BR007,22996.0,621,Verified,2019-10-28,Silver,0,Branch Walk-in
CUST01738,Sachin Pillai,51,M,Student,Karnataka,Hubli,BR045,4962.0,616,Verified,2021-06-13,Basic,0,Online
CUST01739,Seema Sharma,31,F,Business Owner,Haryana,Panipat,BR026,385568.0,814,Verified,2016-01-11,Premium,1,Camp
CUST01740,Anjali Trivedi,36,M,Self-Employed,Bihar,Bhagalpur,BR006,143353.0,811,Verified,2019-03-11,Premium,0,Online
CUST01741,Nisha Pillai,25,F,Salaried,Kerala,Thiruvananthapuram,BR023,42721.0,682,Verified,2019-12-09,Silver,0,Referral
CUST01742,Manoj Pandey,47,M,Self-Employed,Andhra Pradesh,Visakhapatnam,BR031,23029.0,674,Verified,2017-09-11,Silver,0,Branch Walk-in
CUST01743,Priya Singh,23,F,Salaried,Andhra Pradesh,Visakhapatnam,BR019,91099.0,702,Verified,2019-05-03,Gold,0,Agent
CUST01744,Varun Bose,31,M,Business Owner,Kerala,Thrissur,BR021,368024.0,823,Expired,2020-02-05,Premium,1,Branch Walk-in
CUST01745,Priya Kumar,49,M,Salaried,Punjab,Patiala,BR035,196523.0,663,Verified,2015-02-21,Premium,0,Agent
CUST01746,Sunita Tiwari,61,F,Business Owner,Bihar,Patna,BR017,307059.0,755,Verified,2016-12-22,Premium,0,Agent
CUST01747,Ravi Tiwari,44,F,Student,Kerala,Thrissur,BR037,4953.0,739,Verified,2019-06-05,Basic,0,Camp
CUST01748,Rina Banerjee,50,M,Salaried,Andhra Pradesh,Vijayawada,BR037,118902.0,733,Verified,2019-09-25,Premium,0,Camp
CUST01749,Pooja Gupta,65,M,Salaried,Karnataka,Mysuru,BR050,181232.0,727,Pending,2017-04-23,Premium,0,Camp
CUST01750,Rahul Tiwari,68,F,Government Employee,Madhya Pradesh,Ujjain,BR036,39509.0,747,Verified,2021-07-12,Silver,0,Agent
CUST01751,Deepak Agarwal,22,M,Self-Employed,Kerala,Kollam,BR049,159568.0,549,Verified,2018-07-01,Premium,1,Branch Walk-in
CUST01752,Arjun Nair,48,F,Salaried,Tamil Nadu,Coimbatore,BR026,103664.0,741,Verified,2019-04-10,Premium,0,Branch Walk-in
CUST01753,Manoj Kumar,44,M,Retired,Gujarat,Surat,BR033,78006.0,656,Verified,2018-03-03,Gold,0,Camp
CUST01754,Anjali Pandey,28,M,Business Owner,Andhra Pradesh,Guntur,BR005,869239.0,744,Verified,2018-12-16,Premium,0,Branch Walk-in
CUST01755,Arjun Mishra,63,M,Salaried,Telangana,Karimnagar,BR005,145775.0,739,Verified,2019-08-18,Premium,1,Branch Walk-in
CUST01756,Ajay Krishnan,63,M,Business Owner,Uttar Pradesh,Lucknow,BR004,635319.0,889,Verified,2016-09-05,Premium,0,Online
CUST01757,Meera Verma,42,M,Salaried,Kerala,Kollam,BR031,197019.0,711,Verified,2021-12-03,Premium,0,Branch Walk-in
CUST01758,Karan Rao,62,M,Salaried,Delhi,Dwarka,BR019,137995.0,764,Verified,2018-08-22,Premium,0,Branch Walk-in
CUST01759,Amit Sharma,62,M,Self-Employed,Telangana,Nizamabad,BR034,123723.0,801,Verified,2015-11-09,Premium,0,Branch Walk-in
CUST01760,Utkarsh Menon,56,F,Salaried,Andhra Pradesh,Visakhapatnam,BR050,83664.0,775,Verified,2019-01-09,Gold,0,Online
CUST01761,Aditi Patel,39,M,Salaried,Rajasthan,Ajmer,BR038,106348.0,799,Verified,2020-04-28,Premium,0,Referral
CUST01762,Neha Malhotra,47,M,Salaried,Maharashtra,Mumbai,BR030,40658.0,732,Verified,2015-08-04,Silver,0,Referral
CUST01763,Ishaan Verma,22,M,Self-Employed,Kerala,Kochi,BR048,201700.0,724,Verified,2023-06-07,Premium,0,Agent
CUST01764,Suresh Verma,25,F,Self-Employed,Haryana,Hisar,BR048,299656.0,643,Expired,2016-11-20,Premium,0,Referral
CUST01765,Mihir Tiwari,21,M,Salaried,West Bengal,Durgapur,BR020,197069.0,704,Pending,2017-06-18,Premium,0,Branch Walk-in
CUST01766,Meera Krishnan,18,F,Business Owner,Gujarat,Surat,BR006,186867.0,666,Verified,2018-01-30,Premium,0,Referral
CUST01767,Karan Pillai,65,F,Salaried,Andhra Pradesh,Vijayawada,BR038,169076.0,844,Verified,2023-01-27,Premium,0,Online
CUST01768,Neha Malhotra,26,F,Salaried,Gujarat,Vadodara,BR007,107307.0,690,Verified,2016-05-05,Premium,0,Camp
CUST01769,Deepika Pillai,70,M,Freelancer,Punjab,Ludhiana,BR018,109965.0,709,Verified,2020-12-19,Premium,0,Branch Walk-in
CUST01770,Manoj Menon,23,M,Homemaker,Andhra Pradesh,Nellore,BR038,854.0,713,Verified,2022-04-25,Basic,0,Online
CUST01771,Anita Rao,45,M,Self-Employed,Uttar Pradesh,Varanasi,BR017,240482.0,730,Verified,2023-09-27,Premium,1,Agent
CUST01772,Yash Bose,34,F,Salaried,Uttar Pradesh,Allahabad,BR018,29136.0,787,Expired,2018-12-04,Silver,1,Branch Walk-in
CUST01773,Rohit Patel,54,M,Business Owner,Maharashtra,Thane,BR019,174098.0,677,Verified,2022-06-09,Premium,0,Online
CUST01774,Sanjay Nair,64,M,Business Owner,Bihar,Gaya,BR026,644061.0,820,Verified,2018-05-11,Premium,0,Online
CUST01775,Sanjay Reddy,54,M,Salaried,Maharashtra,Nashik,BR011,193956.0,674,Verified,2021-12-24,Premium,0,Branch Walk-in
CUST01776,Aarav Iyer,61,F,Student,Delhi,Dwarka,BR048,9388.0,602,Verified,2017-07-11,Basic,0,Branch Walk-in
CUST01777,Monika Kapoor,42,Other,Self-Employed,Maharashtra,Mumbai,BR002,85870.0,660,Verified,2019-12-18,Gold,0,Online
CUST01778,Deepika Reddy,67,M,Business Owner,Maharashtra,Nashik,BR034,589722.0,795,Verified,2016-07-13,Premium,0,Camp
CUST01779,Divya Desai,65,M,Business Owner,Bihar,Patna,BR025,646387.0,783,Pending,2018-12-31,Premium,0,Online
CUST01780,Aarav Chatterjee,63,F,Self-Employed,Uttar Pradesh,Allahabad,BR047,191066.0,676,Verified,2021-08-09,Premium,0,Referral
CUST01781,Akash Sharma,34,F,Self-Employed,Karnataka,Belgaum,BR028,125725.0,620,Verified,2015-09-10,Premium,1,Online
CUST01782,Yash Singh,24,F,Self-Employed,Punjab,Ludhiana,BR016,221059.0,719,Verified,2019-02-27,Premium,0,Branch Walk-in
CUST01783,Sachin Mishra,34,F,Self-Employed,Kerala,Kollam,BR042,108972.0,611,Verified,2017-05-29,Premium,1,Branch Walk-in
CUST01784,Varun Rao,38,M,Self-Employed,Telangana,Hyderabad,BR005,232352.0,772,Verified,2019-09-22,Premium,0,Online
CUST01785,Yash Kumar,35,F,Homemaker,Telangana,Karimnagar,BR038,4316.0,685,Verified,2022-05-07,Basic,0,Branch Walk-in
CUST01786,Ishaan Krishnan,52,M,Student,Punjab,Chandigarh,BR009,9102.0,594,Verified,2023-08-17,Basic,0,Agent
CUST01787,Rajesh Menon,43,M,Freelancer,Telangana,Hyderabad,BR010,38296.0,669,Verified,2020-11-24,Silver,0,Branch Walk-in
CUST01788,Siddharth Malhotra,44,M,Government Employee,Tamil Nadu,Madurai,BR041,58042.0,646,Verified,2018-10-13,Gold,0,Branch Walk-in
CUST01789,Anita Rao,39,F,Business Owner,Madhya Pradesh,Ujjain,BR009,151824.0,729,Verified,2016-12-23,Premium,0,Camp
CUST01790,Akash Malhotra,43,F,Salaried,Gujarat,Gandhinagar,BR002,45024.0,769,Verified,2015-07-17,Silver,0,Online
CUST01791,Aditi Singh,51,F,Business Owner,Maharashtra,Mumbai,BR009,186158.0,604,Verified,2016-06-22,Premium,0,Camp
CUST01792,Anjali Kumar,58,M,Government Employee,Delhi,Faridabad,BR048,68449.0,700,Pending,2020-12-20,Gold,0,Referral
CUST01793,Rohit Pillai,66,F,Self-Employed,Maharashtra,Thane,BR048,107654.0,691,Expired,2019-05-26,Premium,0,Branch Walk-in
CUST01794,Arjun Pandey,58,M,Government Employee,Delhi,Gurgaon,BR027,56986.0,731,Verified,2015-06-06,Gold,0,Referral
CUST01795,Deepak Rao,27,M,Salaried,Madhya Pradesh,Indore,BR047,70408.0,706,Expired,2020-12-13,Gold,0,Branch Walk-in
CUST01796,Utkarsh Malhotra,70,F,Business Owner,Gujarat,Ahmedabad,BR048,485905.0,732,Verified,2018-02-12,Premium,0,Referral
CUST01797,Ananya Krishnan,27,F,Student,Rajasthan,Udaipur,BR045,8559.0,662,Verified,2019-09-12,Basic,1,Agent
CUST01798,Sunil Verma,36,F,Student,West Bengal,Asansol,BR018,4733.0,633,Verified,2016-05-15,Basic,0,Branch Walk-in
CUST01799,Ishaan Kumar,54,M,Salaried,Andhra Pradesh,Vijayawada,BR033,109590.0,766,Pending,2020-02-16,Premium,0,Online
CUST01800,Ishaan Singh,53,M,Student,Telangana,Nizamabad,BR048,1524.0,681,Verified,2016-11-17,Basic,0,Online
CUST01801,Utkarsh Desai,54,F,Self-Employed,Madhya Pradesh,Gwalior,BR011,238912.0,841,Verified,2015-04-17,Premium,0,Branch Walk-in
CUST01802,Sunita Kumar,49,M,Student,Karnataka,Bengaluru,BR043,7741.0,677,Verified,2016-05-14,Basic,0,Branch Walk-in
CUST01803,Karan Saxena,36,M,Business Owner,Tamil Nadu,Madurai,BR044,525421.0,742,Verified,2023-07-21,Premium,0,Online
CUST01804,Arjun Patel,67,M,Salaried,Maharashtra,Thane,BR026,28200.0,594,Verified,2016-09-03,Silver,0,Online
CUST01805,Deepika Kapoor,29,M,Retired,Punjab,Amritsar,BR006,31064.0,578,Verified,2015-07-02,Silver,0,Online
CUST01806,Tanvi Patel,63,F,Salaried,Maharashtra,Pune,BR032,152747.0,615,Verified,2023-08-06,Premium,0,Referral
CUST01807,Anjali Singh,55,F,Business Owner,Karnataka,Belgaum,BR029,641753.0,824,Verified,2015-11-04,Premium,0,Branch Walk-in
CUST01808,Rekha Bose,66,M,Salaried,Andhra Pradesh,Tirupati,BR008,145725.0,739,Verified,2016-09-06,Premium,0,Referral
CUST01809,Anil Banerjee,40,M,Student,Karnataka,Mangaluru,BR010,6837.0,586,Verified,2015-11-13,Basic,0,Camp
CUST01810,Meera Malhotra,18,M,Retired,West Bengal,Asansol,BR022,55865.0,744,Verified,2016-04-23,Gold,0,Branch Walk-in
CUST01811,Amit Kumar,46,F,Self-Employed,West Bengal,Howrah,BR036,163937.0,683,Verified,2015-01-22,Premium,0,Branch Walk-in
CUST01812,Priyanka Pandey,53,M,Self-Employed,Karnataka,Mangaluru,BR007,211724.0,731,Verified,2016-11-21,Premium,0,Branch Walk-in
CUST01813,Manoj Joshi,34,M,Government Employee,Kerala,Kollam,BR041,73301.0,791,Verified,2017-01-19,Gold,0,Agent
CUST01814,Siddharth Malhotra,36,F,Salaried,Uttar Pradesh,Lucknow,BR001,120730.0,757,Verified,2021-03-26,Premium,0,Referral
CUST01815,Karan Verma,26,F,Student,Punjab,Amritsar,BR013,2133.0,664,Verified,2021-09-22,Basic,0,Referral
CUST01816,Priya Pillai,53,F,Student,Rajasthan,Ajmer,BR043,3524.0,627,Verified,2022-10-03,Basic,0,Referral
CUST01817,Ravi Saxena,25,F,Business Owner,Gujarat,Ahmedabad,BR028,283612.0,607,Pending,2021-03-16,Premium,0,Branch Walk-in
CUST01818,Aarav Joshi,42,M,Retired,Karnataka,Mangaluru,BR020,19725.0,640,Verified,2023-03-04,Basic,0,Referral
CUST01819,Rina Chatterjee,31,F,Salaried,Uttar Pradesh,Agra,BR011,147993.0,696,Verified,2016-11-30,Premium,0,Agent
CUST01820,Vijay Yadav,37,F,Salaried,Uttar Pradesh,Lucknow,BR015,184753.0,657,Verified,2022-03-26,Premium,0,Branch Walk-in
CUST01821,Sachin Yadav,42,F,Homemaker,Delhi,New Delhi,BR024,2381.0,672,Expired,2021-03-16,Basic,0,Online
CUST01822,Rohit Chatterjee,57,M,Business Owner,Madhya Pradesh,Indore,BR015,869377.0,858,Verified,2018-12-16,Premium,0,Branch Walk-in
CUST01823,Rajesh Bose,67,F,Self-Employed,Madhya Pradesh,Gwalior,BR032,298183.0,726,Verified,2023-05-07,Premium,0,Branch Walk-in
CUST01824,Divya Chatterjee,65,F,Salaried,West Bengal,Howrah,BR036,158861.0,672,Pending,2016-11-21,Premium,0,Online
CUST01825,Arjun Shah,66,M,Business Owner,Karnataka,Mysuru,BR015,584648.0,807,Verified,2023-08-15,Premium,0,Online
CUST01826,Riya Yadav,64,M,Salaried,Madhya Pradesh,Ujjain,BR030,92087.0,724,Verified,2017-08-11,Gold,0,Online
CUST01827,Yash Gupta,27,M,Self-Employed,Telangana,Nizamabad,BR050,25453.0,619,Verified,2016-02-06,Silver,0,Online
CUST01828,Amit Desai,48,F,Student,Gujarat,Rajkot,BR017,5316.0,765,Verified,2018-11-29,Basic,0,Online
CUST01829,Rohit Banerjee,46,F,Student,Tamil Nadu,Trichy,BR002,2965.0,674,Verified,2016-03-28,Basic,0,Online
CUST01830,Utkarsh Kumar,67,F,Salaried,Delhi,Faridabad,BR012,156555.0,712,Verified,2023-12-26,Premium,0,Online
CUST01831,Anita Joshi,26,M,Self-Employed,Maharashtra,Thane,BR027,17931.0,726,Pending,2021-06-02,Basic,0,Referral
CUST01832,Siddharth Pandey,43,M,Self-Employed,Gujarat,Surat,BR047,150628.0,724,Pending,2017-05-09,Premium,0,Online
CUST01833,Sunita Krishnan,60,F,Self-Employed,West Bengal,Asansol,BR004,212814.0,779,Expired,2019-06-24,Premium,0,Branch Walk-in
CUST01834,Aditi Desai,33,F,Self-Employed,Maharashtra,Nagpur,BR050,89017.0,715,Verified,2020-11-25,Gold,0,Online
CUST01835,Vikram Reddy,38,F,Salaried,Kerala,Thrissur,BR048,129332.0,669,Verified,2022-08-24,Premium,0,Referral
CUST01836,Pooja Kapoor,50,M,Student,Rajasthan,Kota,BR004,5954.0,702,Verified,2022-11-19,Basic,0,Branch Walk-in
CUST01837,Amit Joshi,51,F,Retired,Haryana,Gurugram,BR016,31879.0,617,Verified,2018-01-29,Silver,0,Referral
CUST01838,Arjun Tiwari,59,M,Salaried,Delhi,New Delhi,BR046,50764.0,696,Verified,2016-10-03,Gold,0,Agent
CUST01839,Priyanka Mehta,24,M,Freelancer,Rajasthan,Ajmer,BR008,74981.0,693,Pending,2015-12-22,Gold,0,Branch Walk-in
CUST01840,Arjun Bose,32,M,Business Owner,Bihar,Darbhanga,BR026,80763.0,683,Verified,2017-12-27,Gold,0,Agent
CUST01841,Arjun Menon,65,M,Homemaker,Delhi,Dwarka,BR002,2066.0,672,Verified,2015-03-28,Basic,0,Referral
CUST01842,Meera Yadav,22,Other,Salaried,Maharashtra,Thane,BR035,103851.0,587,Verified,2015-05-01,Premium,0,Agent
CUST01843,Meera Verma,20,M,Salaried,Maharashtra,Nagpur,BR044,75961.0,662,Verified,2018-05-17,Gold,0,Branch Walk-in
CUST01844,Yash Rao,46,F,Retired,Kerala,Thiruvananthapuram,BR008,25394.0,690,Pending,2019-09-28,Silver,0,Branch Walk-in
CUST01845,Siddharth Pandey,38,F,Self-Employed,Kerala,Kochi,BR048,89131.0,707,Verified,2017-08-29,Gold,0,Branch Walk-in
CUST01846,Sachin Agarwal,26,M,Business Owner,Kerala,Thiruvananthapuram,BR048,488916.0,716,Pending,2017-09-08,Premium,0,Online
CUST01847,Akash Kumar,21,F,Salaried,Bihar,Bhagalpur,BR015,77231.0,771,Verified,2022-04-21,Gold,0,Online
CUST01848,Meera Mishra,53,M,Retired,Bihar,Gaya,BR030,56894.0,639,Verified,2021-01-20,Gold,0,Online
CUST01849,Varun Saxena,45,M,Retired,West Bengal,Kolkata,BR033,34588.0,745,Verified,2015-01-18,Silver,0,Agent
CUST01850,Vijay Patel,63,M,Salaried,Delhi,New Delhi,BR035,186414.0,742,Verified,2017-12-03,Premium,0,Referral
CUST01851,Rekha Nair,34,M,Salaried,Telangana,Warangal,BR040,119887.0,665,Verified,2015-08-03,Premium,1,Branch Walk-in
CUST01852,Neha Yadav,22,M,Salaried,Delhi,New Delhi,BR011,32129.0,792,Pending,2021-05-14,Silver,0,Online
CUST01853,Mihir Das,68,M,Salaried,Haryana,Faridabad,BR022,150635.0,638,Verified,2015-07-27,Premium,0,Online
CUST01854,Riya Das,67,M,Salaried,Haryana,Faridabad,BR040,67981.0,748,Pending,2017-10-04,Gold,0,Branch Walk-in
CUST01855,Deepika Kumar,65,F,Salaried,Madhya Pradesh,Ujjain,BR002,154573.0,770,Verified,2018-12-03,Premium,0,Branch Walk-in
CUST01856,Sanjay Krishnan,39,F,Self-Employed,Andhra Pradesh,Nellore,BR004,229137.0,685,Verified,2021-09-06,Premium,0,Branch Walk-in
CUST01857,Rekha Iyer,22,M,Self-Employed,Delhi,Dwarka,BR032,152120.0,793,Verified,2020-04-03,Premium,0,Branch Walk-in
CUST01858,Rina Yadav,31,M,Salaried,Madhya Pradesh,Gwalior,BR042,182795.0,701,Verified,2020-10-25,Premium,0,Branch Walk-in
CUST01859,Rahul Agarwal,64,M,Self-Employed,Tamil Nadu,Chennai,BR031,129223.0,723,Verified,2022-03-16,Premium,0,Agent
CUST01860,Deepika Malhotra,27,F,Homemaker,Telangana,Nizamabad,BR007,3506.0,696,Verified,2022-03-30,Basic,0,Online
CUST01861,Isha Kapoor,26,M,Salaried,Punjab,Patiala,BR018,72334.0,686,Verified,2018-04-02,Gold,0,Online
CUST01862,Rekha Trivedi,64,M,Salaried,Maharashtra,Nagpur,BR007,160081.0,760,Verified,2016-09-15,Premium,0,Online
CUST01863,Sneha Kapoor,26,F,Self-Employed,West Bengal,Siliguri,BR038,89365.0,745,Pending,2017-02-27,Gold,0,Branch Walk-in
CUST01864,Ravi Krishnan,58,F,Retired,Uttar Pradesh,Kanpur,BR046,66863.0,588,Verified,2020-06-19,Gold,0,Agent
CUST01865,Ajay Pillai,49,F,Self-Employed,Maharashtra,Nagpur,BR050,26812.0,763,Verified,2023-05-20,Silver,0,Branch Walk-in
CUST01866,Rina Patel,45,M,Government Employee,Delhi,Faridabad,BR038,61886.0,592,Verified,2021-02-02,Gold,0,Branch Walk-in
CUST01867,Monika Banerjee,39,F,Homemaker,Rajasthan,Udaipur,BR004,3183.0,742,Verified,2021-02-10,Basic,0,Camp
CUST01868,Aditi Saxena,26,M,Student,Gujarat,Rajkot,BR046,4045.0,748,Verified,2017-12-04,Basic,0,Online
CUST01869,Monika Iyer,67,M,Homemaker,Delhi,Noida,BR020,3188.0,615,Verified,2020-06-04,Basic,0,Branch Walk-in
CUST01870,Isha Tiwari,52,F,Student,Delhi,Noida,BR001,1834.0,655,Verified,2021-11-26,Basic,0,Online
CUST01871,Isha Nair,23,F,Business Owner,Kerala,Kozhikode,BR012,858528.0,785,Verified,2017-11-19,Premium,0,Branch Walk-in
CUST01872,Aditya Kumar,44,M,Student,Maharashtra,Mumbai,BR039,3944.0,667,Verified,2022-07-18,Basic,0,Agent
CUST01873,Riya Trivedi,30,M,Self-Employed,Bihar,Patna,BR038,67757.0,675,Verified,2023-02-13,Gold,0,Branch Walk-in
CUST01874,Divya Verma,41,M,Salaried,Madhya Pradesh,Bhopal,BR037,158528.0,758,Verified,2018-01-08,Premium,0,Online
CUST01875,Zara Agarwal,19,F,Salaried,Rajasthan,Jaipur,BR045,188059.0,796,Verified,2017-06-11,Premium,0,Branch Walk-in
CUST01876,Riya Joshi,45,F,Self-Employed,Punjab,Jalandhar,BR004,263038.0,816,Verified,2021-08-26,Premium,0,Branch Walk-in
CUST01877,Vikram Desai,35,M,Salaried,Gujarat,Surat,BR030,99140.0,666,Verified,2022-07-26,Gold,0,Camp
CUST01878,Riya Kapoor,59,M,Salaried,Andhra Pradesh,Visakhapatnam,BR027,188950.0,705,Verified,2019-05-29,Premium,0,Branch Walk-in
CUST01879,Zara Verma,70,M,Salaried,Karnataka,Mangaluru,BR023,75348.0,594,Verified,2018-05-06,Gold,0,Online
CUST01880,Karan Pandey,31,F,Retired,Rajasthan,Jaipur,BR028,66353.0,644,Verified,2019-12-22,Gold,0,Referral
CUST01881,Pooja Pandey,53,F,Salaried,West Bengal,Durgapur,BR022,102242.0,758,Verified,2016-06-21,Premium,0,Branch Walk-in
CUST01882,Ananya Tiwari,46,M,Business Owner,Andhra Pradesh,Visakhapatnam,BR019,342270.0,845,Verified,2019-07-20,Premium,0,Referral
CUST01883,Isha Iyer,54,F,Retired,Madhya Pradesh,Indore,BR033,31609.0,612,Verified,2015-03-08,Silver,0,Branch Walk-in
CUST01884,Karan Joshi,20,M,Business Owner,Bihar,Gaya,BR027,316830.0,707,Verified,2022-12-15,Premium,0,Referral
CUST01885,Amit Saxena,39,F,Salaried,Maharashtra,Nashik,BR022,134519.0,705,Verified,2020-04-28,Premium,0,Branch Walk-in
CUST01886,Amit Chatterjee,69,M,Salaried,Gujarat,Gandhinagar,BR039,30688.0,702,Verified,2018-10-01,Silver,0,Online
CUST01887,Priya Reddy,32,M,Salaried,Punjab,Jalandhar,BR048,104732.0,652,Verified,2023-11-22,Premium,0,Branch Walk-in
CUST01888,Varun Das,40,M,Freelancer,Madhya Pradesh,Jabalpur,BR042,134201.0,732,Verified,2019-05-13,Premium,0,Branch Walk-in
CUST01889,Sunita Saxena,62,F,Business Owner,Uttar Pradesh,Lucknow,BR024,132772.0,678,Verified,2021-05-05,Premium,0,Online
CUST01890,Shreya Patel,18,F,Retired,Andhra Pradesh,Visakhapatnam,BR037,65510.0,692,Verified,2020-03-29,Gold,0,Online
CUST01891,Mihir Kapoor,45,M,Self-Employed,Telangana,Warangal,BR024,24481.0,717,Verified,2015-08-15,Silver,0,Online
CUST01892,Utkarsh Agarwal,46,F,Self-Employed,Tamil Nadu,Chennai,BR026,204773.0,721,Pending,2015-05-19,Premium,0,Agent
CUST01893,Priyanka Singh,48,F,Self-Employed,Delhi,Dwarka,BR027,274699.0,708,Verified,2019-10-14,Premium,0,Online
CUST01894,Tanvi Agarwal,39,F,Self-Employed,Rajasthan,Udaipur,BR014,207732.0,714,Verified,2015-10-18,Premium,0,Referral
CUST01895,Aditi Saxena,50,F,Business Owner,Delhi,Faridabad,BR045,768142.0,828,Verified,2021-10-20,Premium,0,Referral
CUST01896,Priya Trivedi,25,F,Salaried,Bihar,Muzaffarpur,BR037,146532.0,687,Verified,2015-12-31,Premium,0,Branch Walk-in
CUST01897,Karan Bose,19,M,Student,Bihar,Bhagalpur,BR044,4071.0,665,Verified,2018-07-03,Basic,0,Online
CUST01898,Priyanka Bose,69,M,Salaried,Punjab,Chandigarh,BR031,126538.0,801,Verified,2018-01-06,Premium,0,Online
CUST01899,Priyanka Joshi,27,F,Salaried,Uttar Pradesh,Kanpur,BR032,98269.0,733,Verified,2020-06-29,Gold,0,Referral
CUST01900,Utkarsh Mishra,37,M,Self-Employed,Andhra Pradesh,Vijayawada,BR035,189063.0,700,Verified,2017-12-02,Premium,0,Online
CUST01901,Anita Trivedi,33,F,Business Owner,Punjab,Ludhiana,BR006,959759.0,900,Verified,2020-02-23,Premium,0,Referral
CUST01902,Rina Shah,42,F,Salaried,Kerala,Thrissur,BR029,129793.0,685,Verified,2016-01-30,Premium,0,Branch Walk-in
CUST01903,Monika Tiwari,35,M,Freelancer,Kerala,Kollam,BR011,50160.0,760,Verified,2023-09-21,Gold,0,Referral
CUST01904,Aarav Pillai,25,F,Student,Madhya Pradesh,Bhopal,BR030,4143.0,703,Expired,2023-07-17,Basic,0,Branch Walk-in
CUST01905,Arjun Pillai,66,F,Self-Employed,Karnataka,Hubli,BR042,231208.0,719,Verified,2015-11-18,Premium,0,Agent
CUST01906,Priyanka Patel,39,M,Self-Employed,Punjab,Ludhiana,BR042,15420.0,709,Verified,2022-08-20,Basic,0,Branch Walk-in
CUST01907,Ajay Chatterjee,21,M,Self-Employed,Punjab,Amritsar,BR003,73022.0,600,Verified,2023-09-24,Gold,0,Agent
CUST01908,Deepak Verma,28,F,Salaried,West Bengal,Howrah,BR026,130112.0,638,Verified,2022-01-20,Premium,0,Referral
CUST01909,Sunil Mishra,47,F,Retired,Gujarat,Ahmedabad,BR043,24575.0,613,Expired,2023-08-21,Silver,0,Online
CUST01910,Anil Pandey,52,F,Salaried,Punjab,Amritsar,BR006,25382.0,693,Verified,2016-11-29,Silver,0,Referral
CUST01911,Nisha Pandey,20,M,Salaried,Rajasthan,Kota,BR009,117817.0,807,Verified,2015-04-15,Premium,0,Branch Walk-in
CUST01912,Sanjay Yadav,34,F,Business Owner,Andhra Pradesh,Tirupati,BR013,316580.0,877,Verified,2018-09-18,Premium,0,Branch Walk-in
CUST01913,Sunil Krishnan,18,F,Salaried,Uttar Pradesh,Varanasi,BR001,153762.0,749,Verified,2020-01-09,Premium,0,Online
CUST01914,Sneha Nair,27,M,Business Owner,Rajasthan,Ajmer,BR002,958983.0,900,Verified,2022-10-20,Premium,0,Online
CUST01915,Divya Krishnan,59,F,Business Owner,Bihar,Patna,BR016,772993.0,726,Verified,2015-01-05,Premium,0,Referral
CUST01916,Priya Banerjee,32,F,Self-Employed,Andhra Pradesh,Guntur,BR003,214044.0,690,Verified,2022-03-25,Premium,0,Referral
CUST01917,Rajesh Chatterjee,33,M,Salaried,Madhya Pradesh,Gwalior,BR044,177898.0,668,Verified,2019-08-18,Premium,0,Online
CUST01918,Kavya Kumar,63,M,Self-Employed,West Bengal,Howrah,BR034,129019.0,668,Verified,2017-08-04,Premium,0,Online
CUST01919,Rekha Mehta,55,F,Self-Employed,Madhya Pradesh,Ujjain,BR034,36002.0,677,Verified,2021-05-05,Silver,0,Agent
CUST01920,Tanvi Verma,34,M,Student,Andhra Pradesh,Visakhapatnam,BR009,1860.0,652,Verified,2023-12-03,Basic,0,Branch Walk-in
CUST01921,Kavya Menon,54,M,Freelancer,Rajasthan,Kota,BR005,95843.0,580,Verified,2018-01-04,Gold,0,Agent
CUST01922,Meera Shah,56,F,Homemaker,Kerala,Thiruvananthapuram,BR038,3956.0,725,Verified,2019-03-21,Basic,0,Online
CUST01923,Aarav Mehta,57,M,Self-Employed,Uttar Pradesh,Varanasi,BR046,68378.0,629,Verified,2022-05-19,Gold,0,Online
CUST01924,Monika Joshi,24,F,Retired,Bihar,Muzaffarpur,BR039,36279.0,701,Verified,2023-12-25,Silver,0,Branch Walk-in
CUST01925,Utkarsh Kumar,36,F,Homemaker,Maharashtra,Mumbai,BR001,1487.0,804,Verified,2022-12-08,Basic,0,Camp
CUST01926,Meera Mehta,64,M,Retired,Telangana,Warangal,BR003,75826.0,640,Verified,2016-03-15,Gold,0,Online
CUST01927,Neha Shah,55,F,Salaried,Delhi,Faridabad,BR031,132257.0,554,Verified,2022-05-25,Premium,0,Referral
CUST01928,Akash Banerjee,39,M,Homemaker,Haryana,Faridabad,BR019,3105.0,663,Verified,2017-07-29,Basic,0,Online
CUST01929,Deepak Menon,69,F,Business Owner,West Bengal,Siliguri,BR028,147190.0,775,Verified,2019-06-10,Premium,0,Agent
CUST01930,Aarav Singh,41,M,Business Owner,Bihar,Darbhanga,BR003,432183.0,883,Verified,2017-03-29,Premium,0,Branch Walk-in
CUST01931,Amit Kumar,51,F,Salaried,Kerala,Thrissur,BR027,100357.0,626,Verified,2020-09-01,Premium,0,Camp
CUST01932,Seema Verma,37,M,Salaried,Telangana,Hyderabad,BR020,110882.0,731,Expired,2017-01-18,Premium,0,Online
CUST01933,Kavya Trivedi,21,M,Salaried,Kerala,Kozhikode,BR026,111835.0,674,Verified,2023-06-09,Premium,1,Branch Walk-in
CUST01934,Ishaan Kapoor,60,M,Business Owner,Rajasthan,Jaipur,BR049,220372.0,717,Verified,2015-10-07,Premium,0,Online
CUST01935,Kavya Mehta,30,F,Self-Employed,Karnataka,Belgaum,BR013,74841.0,853,Verified,2015-09-08,Gold,0,Online
CUST01936,Vikram Sharma,18,M,Self-Employed,Bihar,Bhagalpur,BR019,237223.0,637,Expired,2023-05-24,Premium,0,Branch Walk-in
CUST01937,Varun Shah,18,M,Homemaker,Tamil Nadu,Madurai,BR005,3459.0,695,Verified,2023-01-02,Basic,0,Online
CUST01938,Sunil Verma,23,F,Government Employee,Maharashtra,Nashik,BR050,73499.0,722,Verified,2019-01-24,Gold,0,Online
CUST01939,Rajesh Sharma,22,M,Business Owner,Tamil Nadu,Madurai,BR003,580427.0,861,Verified,2021-01-08,Premium,0,Referral
CUST01940,Sunil Iyer,63,M,Salaried,Karnataka,Hubli,BR029,165134.0,718,Verified,2021-09-04,Premium,0,Branch Walk-in
CUST01941,Seema Mehta,18,M,Salaried,West Bengal,Siliguri,BR001,127871.0,724,Verified,2015-03-20,Premium,0,Camp
CUST01942,Anjali Yadav,63,F,Homemaker,Madhya Pradesh,Indore,BR039,2730.0,657,Verified,2018-01-12,Basic,0,Online
CUST01943,Anita Reddy,70,F,Self-Employed,Delhi,New Delhi,BR016,170037.0,730,Verified,2021-10-17,Premium,0,Online
CUST01944,Anjali Menon,28,M,Self-Employed,Uttar Pradesh,Lucknow,BR010,188303.0,697,Verified,2020-09-30,Premium,0,Branch Walk-in
CUST01945,Vijay Malhotra,26,M,Student,Tamil Nadu,Coimbatore,BR022,2001.0,717,Pending,2018-03-25,Basic,0,Online
CUST01946,Aditya Pandey,64,M,Salaried,Maharashtra,Thane,BR032,193867.0,696,Expired,2023-03-21,Premium,0,Online
CUST01947,Mihir Singh,70,M,Retired,Kerala,Kochi,BR035,60029.0,714,Verified,2019-10-20,Gold,0,Referral
CUST01948,Shreya Verma,35,F,Salaried,Rajasthan,Jaipur,BR007,121870.0,702,Verified,2015-10-20,Premium,0,Branch Walk-in
CUST01949,Ishaan Sharma,47,M,Salaried,Punjab,Jalandhar,BR003,164776.0,780,Verified,2017-09-14,Premium,0,Branch Walk-in
CUST01950,Manoj Desai,36,F,Student,West Bengal,Durgapur,BR024,4802.0,677,Verified,2015-12-19,Basic,0,Agent
CUST01951,Anil Nair,42,F,Salaried,Karnataka,Mangaluru,BR049,155532.0,604,Verified,2020-10-07,Premium,0,Referral
CUST01952,Aarav Iyer,38,M,Salaried,Rajasthan,Jodhpur,BR027,148047.0,785,Verified,2021-05-24,Premium,0,Branch Walk-in
CUST01953,Aarav Joshi,49,F,Salaried,Uttar Pradesh,Agra,BR002,167267.0,659,Verified,2022-08-18,Premium,0,Agent
CUST01954,Sneha Patel,43,M,Salaried,Maharashtra,Thane,BR016,66774.0,654,Verified,2015-02-21,Gold,0,Online
CUST01955,Rekha Patel,55,F,Business Owner,Rajasthan,Udaipur,BR001,164649.0,677,Expired,2018-09-06,Premium,0,Referral
CUST01956,Isha Kapoor,19,M,Self-Employed,Punjab,Chandigarh,BR010,188368.0,800,Pending,2020-10-07,Premium,0,Online
CUST01957,Utkarsh Patel,25,M,Salaried,Haryana,Panipat,BR024,125534.0,576,Verified,2018-03-05,Premium,0,Branch Walk-in
CUST01958,Ajay Mishra,60,F,Freelancer,West Bengal,Durgapur,BR032,61818.0,880,Verified,2019-08-26,Gold,0,Online
CUST01959,Deepika Chatterjee,39,M,Salaried,Kerala,Kozhikode,BR045,64398.0,756,Verified,2016-07-16,Gold,0,Online
CUST01960,Utkarsh Verma,36,F,Salaried,Gujarat,Vadodara,BR034,158366.0,725,Verified,2021-10-09,Premium,0,Branch Walk-in
CUST01961,Nisha Yadav,62,M,Salaried,West Bengal,Asansol,BR032,96295.0,695,Verified,2015-03-17,Gold,0,Online
CUST01962,Sachin Rao,46,F,Salaried,Rajasthan,Jaipur,BR029,176146.0,732,Verified,2017-08-16,Premium,0,Online
CUST01963,Anita Sharma,22,M,Self-Employed,Karnataka,Hubli,BR033,121721.0,735,Verified,2018-05-21,Premium,0,Camp
CUST01964,Suresh Patel,21,M,Salaried,Rajasthan,Kota,BR007,85701.0,735,Verified,2022-06-27,Gold,0,Branch Walk-in
CUST01965,Priya Saxena,34,F,Self-Employed,Kerala,Kozhikode,BR020,31135.0,719,Verified,2021-05-21,Silver,0,Online
CUST01966,Sachin Trivedi,64,F,Salaried,Andhra Pradesh,Tirupati,BR038,105541.0,706,Verified,2016-05-11,Premium,0,Online
CUST01967,Deepika Chatterjee,31,M,Self-Employed,Haryana,Hisar,BR046,137460.0,695,Pending,2021-08-10,Premium,0,Online
CUST01968,Akash Tiwari,18,M,Self-Employed,Punjab,Patiala,BR030,121663.0,695,Verified,2022-12-22,Premium,0,Online
CUST01969,Suresh Verma,18,M,Salaried,West Bengal,Kolkata,BR035,165999.0,701,Verified,2016-09-15,Premium,0,Branch Walk-in
CUST01970,Meera Mishra,62,Other,Student,Tamil Nadu,Coimbatore,BR045,4791.0,748,Verified,2017-04-08,Basic,0,Branch Walk-in
CUST01971,Tanvi Pandey,28,F,Salaried,Uttar Pradesh,Kanpur,BR021,167709.0,749,Verified,2022-10-30,Premium,0,Online
CUST01972,Neha Kumar,28,M,Freelancer,Andhra Pradesh,Visakhapatnam,BR040,49098.0,513,Verified,2020-10-02,Silver,0,Online
CUST01973,Sunita Reddy,30,M,Self-Employed,Telangana,Hyderabad,BR005,79967.0,735,Verified,2017-12-24,Gold,0,Referral
CUST01974,Shreya Bose,56,M,Salaried,Kerala,Kollam,BR034,26591.0,697,Verified,2023-03-22,Silver,0,Referral
CUST01975,Kavya Chatterjee,46,F,Homemaker,Delhi,Gurgaon,BR004,1618.0,679,Verified,2016-03-07,Basic,0,Referral
CUST01976,Ajay Saxena,27,F,Salaried,Madhya Pradesh,Gwalior,BR016,57253.0,668,Pending,2022-05-11,Gold,0,Online
CUST01977,Utkarsh Pillai,64,F,Self-Employed,Tamil Nadu,Coimbatore,BR005,159276.0,779,Verified,2015-07-29,Premium,0,Referral
CUST01978,Shreya Pandey,33,M,Self-Employed,Maharashtra,Pune,BR036,122859.0,761,Verified,2015-08-03,Premium,0,Branch Walk-in
CUST01979,Anil Patel,58,M,Retired,Telangana,Hyderabad,BR047,45740.0,642,Verified,2020-01-23,Silver,0,Online
CUST01980,Divya Iyer,28,F,Self-Employed,Rajasthan,Kota,BR049,136988.0,731,Verified,2022-02-24,Premium,0,Referral
CUST01981,Ajay Das,30,F,Student,Maharashtra,Mumbai,BR016,8049.0,623,Pending,2021-01-26,Basic,0,Referral
CUST01982,Neha Mishra,35,M,Business Owner,Rajasthan,Jaipur,BR019,349308.0,667,Verified,2023-04-07,Premium,0,Online
CUST01983,Vijay Yadav,54,M,Self-Employed,Madhya Pradesh,Ujjain,BR044,254013.0,693,Verified,2019-09-23,Premium,0,Online
CUST01984,Ishaan Bose,18,M,Retired,Kerala,Kollam,BR021,71340.0,746,Pending,2018-07-13,Gold,0,Branch Walk-in
CUST01985,Isha Kapoor,42,F,Salaried,Haryana,Faridabad,BR038,42750.0,745,Verified,2016-09-18,Silver,0,Referral
CUST01986,Priya Sharma,53,M,Business Owner,Karnataka,Bengaluru,BR022,936146.0,898,Verified,2018-11-17,Premium,0,Online
CUST01987,Pooja Mehta,70,M,Homemaker,Haryana,Faridabad,BR009,2958.0,724,Pending,2020-03-05,Basic,0,Online
CUST01988,Priyanka Banerjee,49,F,Self-Employed,Haryana,Rohtak,BR048,33301.0,717,Pending,2023-09-26,Silver,0,Online
CUST01989,Ananya Pillai,39,F,Self-Employed,Punjab,Patiala,BR042,202320.0,681,Verified,2019-12-08,Premium,0,Referral
CUST01990,Utkarsh Sharma,43,F,Business Owner,Haryana,Hisar,BR037,340650.0,774,Verified,2019-08-12,Premium,0,Online
CUST01991,Aarav Das,30,F,Student,Telangana,Khammam,BR050,8836.0,729,Pending,2019-02-09,Basic,0,Online
CUST01992,Utkarsh Kumar,27,M,Salaried,Karnataka,Bengaluru,BR035,98007.0,744,Verified,2021-07-15,Gold,0,Online
CUST01993,Utkarsh Shah,39,M,Freelancer,West Bengal,Asansol,BR027,84904.0,768,Verified,2023-11-23,Gold,0,Online
CUST01994,Sunita Malhotra,18,M,Self-Employed,Delhi,Noida,BR031,16952.0,725,Verified,2021-07-29,Basic,0,Online
CUST01995,Priya Shah,22,M,Salaried,Delhi,Noida,BR044,97577.0,720,Verified,2021-01-01,Gold,0,Online
CUST01996,Kavya Banerjee,36,M,Business Owner,Karnataka,Belgaum,BR038,54691.0,755,Verified,2018-06-07,Gold,0,Online
CUST01997,Nisha Rao,64,M,Retired,Tamil Nadu,Madurai,BR031,19129.0,682,Pending,2015-05-04,Basic,0,Agent
CUST01998,Anil Patel,21,F,Business Owner,Delhi,Dwarka,BR033,214691.0,670,Verified,2020-08-29,Premium,0,Camp
CUST01999,Rekha Tiwari,35,M,Salaried,Madhya Pradesh,Gwalior,BR048,141895.0,698,Verified,2015-03-17,Premium,0,Online
CUST02000,Deepak Reddy,35,M,Salaried,Bihar,Darbhanga,BR032,83911.0,652,Verified,2017-08-07,Gold,0,Online
CUST02001,Sachin Kapoor,40,M,Self-Employed,Telangana,Karimnagar,BR003,229751.0,685,Expired,2021-06-04,Premium,1,Branch Walk-in
CUST02002,Shreya Mishra,32,F,Business Owner,Gujarat,Rajkot,BR041,594385.0,790,Verified,2015-04-28,Premium,0,Referral
CUST02003,Mihir Singh,34,M,Student,Rajasthan,Jaipur,BR011,2703.0,632,Verified,2015-10-03,Basic,1,Branch Walk-in
CUST02004,Ishaan Patel,19,M,Retired,Uttar Pradesh,Agra,BR040,45462.0,670,Verified,2020-04-23,Silver,0,Online
CUST02005,Sunil Mehta,57,M,Self-Employed,Telangana,Khammam,BR028,119110.0,590,Pending,2016-12-07,Premium,0,Camp
CUST02006,Vijay Shah,18,F,Salaried,Punjab,Patiala,BR047,112651.0,715,Verified,2017-03-13,Premium,0,Online
CUST02007,Isha Menon,33,M,Self-Employed,Telangana,Hyderabad,BR037,199310.0,719,Verified,2018-09-27,Premium,0,Online
CUST02008,Riya Krishnan,47,M,Salaried,Haryana,Panipat,BR049,98498.0,650,Verified,2023-03-06,Gold,1,Branch Walk-in
CUST02009,Sneha Singh,55,F,Salaried,Maharashtra,Thane,BR026,62386.0,732,Verified,2016-06-21,Gold,0,Referral
CUST02010,Sneha Bose,67,M,Salaried,West Bengal,Asansol,BR033,50669.0,746,Verified,2021-06-28,Gold,0,Online
CUST02011,Neha Agarwal,47,M,Salaried,Maharashtra,Thane,BR010,151863.0,613,Verified,2018-09-29,Premium,0,Branch Walk-in
CUST02012,Seema Bose,70,F,Self-Employed,Delhi,Dwarka,BR015,178365.0,669,Expired,2015-08-12,Premium,0,Branch Walk-in
CUST02013,Zara Malhotra,21,F,Business Owner,Madhya Pradesh,Ujjain,BR041,687544.0,771,Verified,2019-10-10,Premium,0,Referral
CUST02014,Yash Saxena,55,M,Salaried,Rajasthan,Kota,BR021,116845.0,646,Verified,2015-09-05,Premium,0,Branch Walk-in
CUST02015,Isha Pillai,37,F,Business Owner,West Bengal,Asansol,BR004,401114.0,809,Verified,2021-08-24,Premium,0,Online
CUST02016,Utkarsh Singh,27,M,Salaried,Rajasthan,Jodhpur,BR034,192910.0,706,Verified,2023-02-24,Premium,0,Branch Walk-in
CUST02017,Ishaan Krishnan,39,F,Business Owner,Andhra Pradesh,Nellore,BR002,751316.0,814,Verified,2016-09-11,Premium,0,Online
CUST02018,Aarav Krishnan,70,M,Student,Punjab,Chandigarh,BR033,8084.0,561,Verified,2023-04-24,Basic,0,Online
CUST02019,Rekha Chatterjee,26,M,Self-Employed,Bihar,Patna,BR004,77542.0,733,Verified,2017-06-30,Gold,0,Branch Walk-in
CUST02020,Aditya Nair,45,F,Homemaker,Andhra Pradesh,Nellore,BR043,3307.0,606,Verified,2022-09-22,Basic,0,Online
CUST02021,Shreya Iyer,32,F,Student,Kerala,Thrissur,BR034,9965.0,685,Verified,2018-04-01,Basic,0,Branch Walk-in
CUST02022,Shreya Trivedi,31,M,Homemaker,Karnataka,Mysuru,BR043,501.0,696,Verified,2020-08-08,Basic,0,Referral
CUST02023,Sunita Reddy,51,F,Business Owner,Maharashtra,Nagpur,BR009,504519.0,862,Verified,2018-10-15,Premium,0,Online
CUST02024,Amit Patel,22,F,Salaried,Uttar Pradesh,Allahabad,BR014,79489.0,617,Verified,2020-04-01,Gold,0,Agent
CUST02025,Sanjay Trivedi,52,F,Salaried,Punjab,Amritsar,BR004,198334.0,538,Verified,2016-12-08,Premium,0,Online
CUST02026,Ishaan Nair,46,F,Business Owner,Haryana,Gurugram,BR038,637015.0,818,Verified,2015-11-29,Premium,0,Branch Walk-in
CUST02027,Aditi Krishnan,48,F,Salaried,Rajasthan,Ajmer,BR019,125538.0,813,Verified,2019-12-29,Premium,0,Referral
CUST02028,Amit Joshi,31,F,Salaried,Rajasthan,Udaipur,BR002,189086.0,792,Verified,2020-06-07,Premium,0,Branch Walk-in
CUST02029,Sunil Malhotra,28,M,Self-Employed,Kerala,Thrissur,BR024,186405.0,729,Verified,2017-07-04,Premium,1,Referral
CUST02030,Seema Desai,23,M,Business Owner,Tamil Nadu,Chennai,BR009,364855.0,723,Verified,2021-04-07,Premium,0,Branch Walk-in
CUST02031,Ajay Saxena,65,M,Retired,Telangana,Hyderabad,BR025,39235.0,736,Verified,2020-11-25,Silver,0,Online
CUST02032,Tanvi Verma,42,F,Salaried,West Bengal,Howrah,BR020,173148.0,656,Verified,2019-05-02,Premium,0,Online
CUST02033,Vikram Singh,65,M,Self-Employed,Telangana,Hyderabad,BR041,280589.0,764,Verified,2016-12-14,Premium,0,Agent
CUST02034,Arjun Nair,54,F,Salaried,Karnataka,Belgaum,BR043,121567.0,734,Verified,2019-11-17,Premium,0,Online
CUST02035,Yash Mehta,70,M,Business Owner,Haryana,Gurugram,BR046,584330.0,860,Expired,2023-04-14,Premium,0,Referral
CUST02036,Priyanka Krishnan,58,M,Salaried,Delhi,Faridabad,BR026,199461.0,885,Verified,2018-06-04,Premium,1,Online
CUST02037,Deepika Chatterjee,55,F,Student,Andhra Pradesh,Vijayawada,BR037,3845.0,704,Verified,2018-03-09,Basic,0,Branch Walk-in
CUST02038,Monika Pillai,22,F,Self-Employed,Haryana,Rohtak,BR027,15426.0,652,Verified,2020-05-01,Basic,0,Agent
CUST02039,Ananya Menon,32,F,Business Owner,Delhi,Dwarka,BR009,305232.0,739,Verified,2015-09-04,Premium,1,Online
CUST02040,Yash Pandey,65,M,Self-Employed,Andhra Pradesh,Tirupati,BR032,19601.0,577,Verified,2023-01-26,Basic,0,Referral
CUST02041,Ananya Malhotra,28,M,Salaried,Karnataka,Hubli,BR019,61976.0,650,Verified,2020-12-17,Gold,0,Agent
CUST02042,Tanvi Joshi,42,M,Salaried,Delhi,Gurgaon,BR004,68108.0,669,Verified,2017-03-07,Gold,0,Referral
CUST02043,Ajay Verma,40,M,Business Owner,Punjab,Jalandhar,BR040,603515.0,769,Verified,2017-09-08,Premium,0,Branch Walk-in
CUST02044,Aarav Verma,31,F,Salaried,Karnataka,Hubli,BR039,187276.0,726,Verified,2020-07-02,Premium,0,Referral
CUST02045,Amit Kumar,61,M,Salaried,Tamil Nadu,Madurai,BR050,69768.0,644,Pending,2021-10-17,Gold,0,Branch Walk-in
CUST02046,Sneha Desai,41,M,Salaried,West Bengal,Howrah,BR015,73299.0,761,Verified,2016-06-04,Gold,0,Online
CUST02047,Rekha Bose,47,M,Student,Karnataka,Hubli,BR045,5260.0,681,Verified,2022-12-09,Basic,0,Branch Walk-in
CUST02048,Vikram Gupta,46,M,Salaried,Maharashtra,Nashik,BR021,111721.0,701,Verified,2022-05-29,Premium,0,Online
CUST02049,Anjali Mehta,52,M,Student,Maharashtra,Mumbai,BR007,4804.0,661,Verified,2019-02-20,Basic,0,Branch Walk-in
CUST02050,Pooja Yadav,28,F,Self-Employed,Tamil Nadu,Salem,BR031,194923.0,728,Verified,2015-04-02,Premium,0,Online
CUST02051,Akash Rao,26,F,Self-Employed,Rajasthan,Ajmer,BR021,109241.0,751,Verified,2022-09-22,Premium,0,Agent
CUST02052,Priya Verma,69,F,Salaried,Bihar,Darbhanga,BR043,151260.0,658,Verified,2021-05-02,Premium,0,Branch Walk-in
CUST02053,Ravi Sharma,45,F,Freelancer,Tamil Nadu,Chennai,BR012,133656.0,667,Pending,2020-09-13,Premium,0,Branch Walk-in
CUST02054,Aditya Gupta,19,M,Student,Karnataka,Bengaluru,BR019,4037.0,662,Verified,2023-03-05,Basic,0,Online
CUST02055,Ishaan Kumar,33,M,Self-Employed,Maharashtra,Mumbai,BR026,73655.0,613,Verified,2023-11-01,Gold,0,Camp
CUST02056,Divya Trivedi,29,M,Salaried,Tamil Nadu,Trichy,BR009,33259.0,637,Expired,2021-06-05,Silver,0,Referral
CUST02057,Mihir Mishra,34,M,Student,Bihar,Patna,BR008,5342.0,652,Verified,2018-07-23,Basic,0,Branch Walk-in
CUST02058,Varun Desai,64,M,Salaried,Rajasthan,Jaipur,BR014,129598.0,758,Verified,2020-09-15,Premium,0,Online
CUST02059,Rekha Banerjee,68,M,Self-Employed,Telangana,Karimnagar,BR040,16418.0,699,Verified,2019-06-27,Basic,0,Branch Walk-in
CUST02060,Ajay Menon,66,F,Salaried,Madhya Pradesh,Ujjain,BR023,104418.0,712,Verified,2023-01-21,Premium,0,Online
CUST02061,Shreya Kapoor,32,M,Business Owner,Punjab,Amritsar,BR012,388401.0,808,Verified,2016-07-26,Premium,1,Online
CUST02062,Sneha Yadav,66,M,Salaried,Gujarat,Gandhinagar,BR005,182014.0,708,Verified,2017-09-06,Premium,0,Agent
CUST02063,Nisha Pillai,68,F,Salaried,Rajasthan,Udaipur,BR007,198708.0,743,Verified,2018-09-23,Premium,0,Agent
CUST02064,Shreya Joshi,64,F,Self-Employed,Madhya Pradesh,Gwalior,BR049,105568.0,694,Verified,2018-12-20,Premium,0,Online
CUST02065,Kavya Menon,65,F,Homemaker,Madhya Pradesh,Ujjain,BR036,1249.0,696,Verified,2019-12-05,Basic,0,Agent
CUST02066,Neha Kapoor,23,F,Salaried,Delhi,Noida,BR007,52414.0,655,Expired,2022-10-14,Gold,0,Online
CUST02067,Rajesh Saxena,60,M,Salaried,Tamil Nadu,Madurai,BR018,75158.0,548,Verified,2020-08-03,Gold,0,Referral
CUST02068,Rina Pandey,48,F,Salaried,Rajasthan,Ajmer,BR010,128292.0,697,Verified,2019-01-08,Premium,0,Branch Walk-in
CUST02069,Rajesh Trivedi,50,M,Business Owner,Karnataka,Hubli,BR015,129137.0,791,Verified,2021-09-12,Premium,0,Branch Walk-in
CUST02070,Priyanka Bose,21,F,Salaried,Madhya Pradesh,Indore,BR031,107518.0,757,Pending,2017-10-28,Premium,0,Online
CUST02071,Tanvi Saxena,19,M,Homemaker,Bihar,Bhagalpur,BR036,2780.0,738,Verified,2017-05-19,Basic,0,Branch Walk-in
CUST02072,Utkarsh Verma,37,M,Business Owner,Telangana,Nizamabad,BR013,793847.0,900,Verified,2022-07-09,Premium,0,Online
CUST02073,Meera Krishnan,36,F,Retired,Bihar,Gaya,BR025,37391.0,692,Verified,2021-11-24,Silver,0,Referral
CUST02074,Rajesh Das,18,F,Homemaker,Kerala,Kollam,BR041,1076.0,692,Expired,2019-06-18,Basic,0,Online
CUST02075,Yash Desai,47,M,Salaried,Haryana,Rohtak,BR046,40475.0,651,Verified,2021-12-22,Silver,0,Branch Walk-in
CUST02076,Priyanka Mishra,42,M,Salaried,Tamil Nadu,Trichy,BR008,43801.0,669,Verified,2020-12-14,Silver,0,Online
CUST02077,Rahul Reddy,23,M,Student,Telangana,Khammam,BR003,1947.0,717,Pending,2018-12-10,Basic,0,Online
CUST02078,Suresh Chatterjee,68,F,Salaried,Madhya Pradesh,Indore,BR044,42568.0,760,Verified,2015-10-11,Silver,0,Camp
CUST02079,Manoj Singh,20,M,Business Owner,Bihar,Bhagalpur,BR032,120218.0,695,Verified,2019-04-09,Premium,0,Referral
CUST02080,Aditya Kumar,37,F,Salaried,Kerala,Kochi,BR050,139828.0,680,Verified,2017-09-30,Premium,0,Online
CUST02081,Nisha Mehta,65,M,Government Employee,Karnataka,Mangaluru,BR035,116833.0,703,Expired,2015-09-03,Premium,0,Branch Walk-in
CUST02082,Sanjay Joshi,27,M,Business Owner,Andhra Pradesh,Guntur,BR020,996592.0,900,Verified,2018-07-25,Premium,0,Camp
CUST02083,Sanjay Yadav,52,M,Salaried,Karnataka,Mangaluru,BR038,91878.0,611,Pending,2016-05-11,Gold,0,Referral
CUST02084,Aditi Kumar,24,M,Student,Karnataka,Mysuru,BR009,5830.0,543,Verified,2020-04-06,Basic,0,Branch Walk-in
CUST02085,Divya Bose,23,F,Retired,Andhra Pradesh,Nellore,BR036,33806.0,653,Pending,2017-01-10,Silver,0,Branch Walk-in
CUST02086,Rajesh Iyer,31,M,Homemaker,West Bengal,Kolkata,BR050,4849.0,607,Verified,2023-02-08,Basic,0,Online
CUST02087,Sunil Pillai,58,M,Salaried,Tamil Nadu,Trichy,BR006,112380.0,671,Verified,2016-11-21,Premium,0,Branch Walk-in
CUST02088,Anjali Krishnan,21,M,Salaried,Delhi,New Delhi,BR023,38324.0,678,Verified,2019-01-15,Silver,0,Referral
CUST02089,Shreya Verma,53,Other,Salaried,Punjab,Ludhiana,BR025,69322.0,666,Verified,2020-11-09,Gold,0,Referral
CUST02090,Seema Malhotra,41,F,Salaried,Andhra Pradesh,Vijayawada,BR001,74524.0,782,Verified,2016-02-08,Gold,0,Online
CUST02091,Akash Sharma,36,M,Self-Employed,Andhra Pradesh,Guntur,BR028,159405.0,731,Verified,2018-10-04,Premium,0,Referral
CUST02092,Priyanka Banerjee,43,M,Freelancer,Rajasthan,Kota,BR023,47067.0,707,Verified,2021-03-12,Silver,1,Online
CUST02093,Utkarsh Iyer,43,M,Salaried,Haryana,Gurugram,BR030,48322.0,726,Verified,2021-02-25,Silver,0,Branch Walk-in
CUST02094,Mihir Sharma,59,F,Retired,Maharashtra,Mumbai,BR019,74864.0,626,Verified,2016-11-22,Gold,0,Camp
CUST02095,Aarav Sharma,62,F,Salaried,Bihar,Gaya,BR017,114591.0,765,Expired,2016-09-29,Premium,0,Online
CUST02096,Amit Rao,26,M,Salaried,Maharashtra,Nagpur,BR049,118852.0,699,Verified,2015-02-17,Premium,0,Online
CUST02097,Deepak Kumar,53,M,Salaried,Madhya Pradesh,Indore,BR009,50915.0,730,Verified,2017-12-23,Gold,0,Agent
CUST02098,Aarav Reddy,55,M,Government Employee,Uttar Pradesh,Kanpur,BR023,83595.0,632,Verified,2015-07-18,Gold,0,Online
CUST02099,Nisha Iyer,68,F,Self-Employed,Madhya Pradesh,Bhopal,BR015,44007.0,595,Verified,2016-12-18,Silver,0,Online
CUST02100,Aarav Yadav,59,F,Salaried,Gujarat,Rajkot,BR010,117857.0,752,Verified,2017-03-26,Premium,0,Agent
CUST02101,Nisha Sharma,56,M,Government Employee,Gujarat,Rajkot,BR036,98325.0,722,Verified,2023-12-02,Gold,0,Branch Walk-in
CUST02102,Rohit Singh,63,F,Salaried,Telangana,Hyderabad,BR040,190064.0,663,Pending,2019-02-16,Premium,0,Referral
CUST02103,Riya Saxena,48,F,Salaried,Madhya Pradesh,Bhopal,BR042,122242.0,652,Verified,2022-09-22,Premium,0,Branch Walk-in
CUST02104,Pooja Krishnan,42,F,Salaried,Uttar Pradesh,Allahabad,BR040,63852.0,760,Verified,2020-11-09,Gold,0,Camp
CUST02105,Sunil Pandey,60,F,Student,West Bengal,Asansol,BR038,1459.0,608,Verified,2018-10-10,Basic,0,Agent
CUST02106,Siddharth Krishnan,38,M,Business Owner,Tamil Nadu,Salem,BR039,823605.0,900,Verified,2020-07-01,Premium,0,Referral
CUST02107,Varun Pandey,54,F,Salaried,Maharashtra,Nashik,BR049,181589.0,662,Verified,2015-01-05,Premium,0,Branch Walk-in
CUST02108,Ananya Saxena,52,M,Business Owner,Andhra Pradesh,Visakhapatnam,BR034,457693.0,809,Verified,2021-06-02,Premium,0,Branch Walk-in
CUST02109,Ishaan Malhotra,20,M,Self-Employed,Madhya Pradesh,Gwalior,BR024,38653.0,668,Pending,2020-06-01,Silver,0,Online
CUST02110,Rajesh Reddy,40,M,Salaried,Telangana,Khammam,BR036,63492.0,728,Verified,2015-05-08,Gold,0,Branch Walk-in
CUST02111,Karan Shah,47,F,Salaried,Kerala,Thrissur,BR019,160428.0,679,Verified,2023-06-28,Premium,0,Referral
CUST02112,Rahul Singh,37,M,Salaried,Tamil Nadu,Coimbatore,BR017,114650.0,693,Verified,2015-07-18,Premium,0,Online
CUST02113,Riya Das,52,F,Salaried,Tamil Nadu,Salem,BR039,84156.0,699,Pending,2022-10-20,Gold,0,Referral
CUST02114,Nisha Tiwari,28,M,Salaried,Kerala,Thrissur,BR001,89561.0,637,Verified,2016-01-17,Gold,0,Online
CUST02115,Ajay Chatterjee,32,F,Salaried,Kerala,Kozhikode,BR023,173457.0,759,Verified,2020-06-24,Premium,0,Branch Walk-in
CUST02116,Yash Verma,29,M,Self-Employed,Maharashtra,Pune,BR039,272874.0,703,Verified,2016-07-17,Premium,0,Branch Walk-in
CUST02117,Deepika Iyer,47,F,Salaried,Delhi,New Delhi,BR020,119775.0,690,Verified,2018-01-03,Premium,0,Online
CUST02118,Meera Gupta,26,F,Self-Employed,Tamil Nadu,Salem,BR001,248531.0,670,Verified,2015-07-25,Premium,0,Online
CUST02119,Arjun Mishra,20,M,Salaried,Madhya Pradesh,Gwalior,BR001,98148.0,545,Verified,2015-10-30,Gold,0,Branch Walk-in
CUST02120,Karan Kapoor,18,F,Business Owner,Kerala,Thrissur,BR006,105228.0,689,Verified,2015-05-15,Premium,0,Branch Walk-in
CUST02121,Ananya Banerjee,61,F,Student,Bihar,Muzaffarpur,BR025,2808.0,825,Verified,2023-05-17,Basic,0,Branch Walk-in
CUST02122,Priyanka Iyer,27,F,Retired,West Bengal,Asansol,BR040,29749.0,733,Expired,2019-11-10,Silver,0,Branch Walk-in
CUST02123,Shreya Pillai,52,M,Homemaker,Rajasthan,Kota,BR030,3842.0,679,Verified,2019-11-06,Basic,0,Online
CUST02124,Anjali Desai,66,M,Salaried,Madhya Pradesh,Bhopal,BR040,86730.0,681,Verified,2016-10-10,Gold,1,Referral
CUST02125,Ananya Kumar,48,M,Salaried,Gujarat,Ahmedabad,BR023,138418.0,709,Verified,2022-02-10,Premium,0,Referral
CUST02126,Ishaan Kumar,44,M,Self-Employed,Punjab,Amritsar,BR031,203722.0,753,Verified,2016-01-08,Premium,0,Online
CUST02127,Meera Shah,70,M,Self-Employed,Punjab,Jalandhar,BR002,151180.0,639,Verified,2022-04-10,Premium,0,Branch Walk-in
CUST02128,Anil Mehta,26,F,Salaried,Gujarat,Gandhinagar,BR010,91246.0,765,Verified,2023-10-17,Gold,0,Online
CUST02129,Monika Nair,30,M,Business Owner,Karnataka,Hubli,BR010,70495.0,737,Verified,2015-06-29,Gold,0,Online
CUST02130,Meera Kumar,33,M,Salaried,Uttar Pradesh,Allahabad,BR045,148032.0,752,Verified,2016-03-30,Premium,0,Online
CUST02131,Arjun Agarwal,48,F,Salaried,Rajasthan,Kota,BR040,157119.0,737,Verified,2019-05-22,Premium,0,Online
CUST02132,Arjun Tiwari,51,M,Homemaker,Kerala,Kochi,BR022,697.0,681,Pending,2016-08-08,Basic,0,Referral
CUST02133,Sneha Singh,45,F,Salaried,Delhi,Gurgaon,BR026,102895.0,740,Verified,2018-10-01,Premium,1,Online
CUST02134,Sachin Pillai,41,F,Self-Employed,Gujarat,Surat,BR016,206703.0,756,Expired,2020-05-05,Premium,0,Online
CUST02135,Seema Iyer,35,F,Salaried,Telangana,Khammam,BR028,167476.0,692,Verified,2019-11-25,Premium,0,Branch Walk-in
CUST02136,Manoj Krishnan,54,M,Salaried,Maharashtra,Thane,BR038,98291.0,665,Verified,2021-07-08,Gold,0,Branch Walk-in
CUST02137,Vijay Nair,44,F,Self-Employed,Rajasthan,Jodhpur,BR049,217624.0,729,Verified,2018-01-19,Premium,0,Online
CUST02138,Rohit Rao,26,F,Retired,Tamil Nadu,Madurai,BR044,19742.0,776,Verified,2016-11-16,Basic,0,Branch Walk-in
CUST02139,Riya Krishnan,47,M,Homemaker,Madhya Pradesh,Indore,BR019,2751.0,606,Verified,2015-02-08,Basic,0,Agent
CUST02140,Zara Sharma,36,M,Retired,Delhi,Noida,BR008,60377.0,604,Verified,2015-11-19,Gold,0,Branch Walk-in
CUST02141,Yash Trivedi,27,F,Retired,West Bengal,Asansol,BR044,65321.0,702,Verified,2018-04-14,Gold,0,Online
CUST02142,Aarav Pillai,43,M,Salaried,Haryana,Hisar,BR021,110442.0,705,Verified,2022-07-29,Premium,0,Referral
CUST02143,Ishaan Sharma,25,F,Salaried,Madhya Pradesh,Ujjain,BR028,36789.0,697,Verified,2017-05-09,Silver,0,Referral
CUST02144,Priyanka Das,26,F,Homemaker,Uttar Pradesh,Agra,BR033,1938.0,695,Verified,2019-04-22,Basic,0,Online
CUST02145,Pooja Saxena,68,F,Salaried,West Bengal,Asansol,BR025,114164.0,689,Verified,2021-11-24,Premium,0,Branch Walk-in
CUST02146,Aditi Chatterjee,45,F,Homemaker,Gujarat,Vadodara,BR039,4384.0,770,Pending,2017-04-06,Basic,0,Referral
CUST02147,Suresh Krishnan,57,M,Salaried,Maharashtra,Mumbai,BR013,89678.0,601,Verified,2016-08-04,Gold,0,Agent
CUST02148,Siddharth Yadav,36,F,Homemaker,Maharashtra,Mumbai,BR007,1958.0,630,Verified,2023-01-31,Basic,0,Online
CUST02149,Riya Reddy,64,F,Freelancer,Uttar Pradesh,Lucknow,BR014,86244.0,691,Verified,2015-08-10,Gold,0,Branch Walk-in
CUST02150,Shreya Joshi,39,F,Homemaker,Gujarat,Rajkot,BR025,379.0,581,Verified,2018-08-20,Basic,0,Online
CUST02151,Rina Trivedi,50,M,Salaried,West Bengal,Durgapur,BR030,33739.0,676,Pending,2015-09-19,Silver,0,Online
CUST02152,Aditya Singh,70,F,Self-Employed,Telangana,Nizamabad,BR008,143479.0,808,Verified,2019-06-18,Premium,0,Online
CUST02153,Amit Kapoor,51,M,Homemaker,Andhra Pradesh,Vijayawada,BR026,3470.0,681,Verified,2018-06-22,Basic,0,Agent
CUST02154,Yash Iyer,54,F,Salaried,Rajasthan,Ajmer,BR028,124975.0,718,Verified,2021-07-22,Premium,0,Branch Walk-in
CUST02155,Shreya Chatterjee,64,M,Retired,Rajasthan,Jaipur,BR031,35855.0,611,Verified,2015-06-24,Silver,0,Online
CUST02156,Nisha Iyer,63,F,Salaried,Kerala,Kozhikode,BR028,51241.0,653,Expired,2021-04-15,Gold,0,Online
CUST02157,Arjun Malhotra,42,F,Salaried,Madhya Pradesh,Ujjain,BR011,95031.0,676,Verified,2017-06-01,Gold,0,Branch Walk-in
CUST02158,Vijay Das,45,M,Retired,Punjab,Amritsar,BR035,42804.0,669,Verified,2023-04-01,Silver,0,Branch Walk-in
CUST02159,Sachin Pillai,70,M,Salaried,Madhya Pradesh,Ujjain,BR022,105855.0,778,Verified,2023-02-24,Premium,0,Branch Walk-in
CUST02160,Sneha Mehta,28,M,Student,Karnataka,Hubli,BR048,3199.0,714,Expired,2023-10-23,Basic,0,Online
CUST02161,Anil Bose,54,M,Self-Employed,Bihar,Gaya,BR001,278299.0,668,Verified,2017-02-16,Premium,0,Online
CUST02162,Deepika Menon,48,F,Student,Haryana,Faridabad,BR031,4559.0,695,Verified,2016-12-21,Basic,0,Referral
CUST02163,Yash Krishnan,67,M,Salaried,West Bengal,Asansol,BR025,130444.0,735,Verified,2015-02-23,Premium,0,Referral
CUST02164,Siddharth Saxena,36,F,Salaried,Telangana,Warangal,BR013,110550.0,770,Verified,2015-11-19,Premium,0,Online
CUST02165,Deepika Desai,68,F,Business Owner,West Bengal,Kolkata,BR049,726223.0,900,Verified,2022-04-08,Premium,0,Online
CUST02166,Riya Patel,43,F,Student,Kerala,Thrissur,BR023,7697.0,620,Verified,2021-12-02,Basic,0,Agent
CUST02167,Ishaan Verma,19,F,Salaried,Tamil Nadu,Madurai,BR050,132624.0,657,Verified,2021-03-28,Premium,0,Camp
CUST02168,Divya Bose,57,M,Student,Rajasthan,Udaipur,BR013,2003.0,604,Verified,2018-02-06,Basic,0,Camp
CUST02169,Varun Patel,62,F,Salaried,Haryana,Gurugram,BR030,74790.0,680,Verified,2019-02-20,Gold,0,Online
CUST02170,Seema Bose,24,F,Student,Karnataka,Hubli,BR003,439.0,708,Verified,2021-10-02,Basic,0,Branch Walk-in
CUST02171,Shreya Pandey,31,M,Business Owner,Rajasthan,Udaipur,BR036,685953.0,876,Verified,2022-12-22,Premium,0,Branch Walk-in
CUST02172,Vijay Verma,40,M,Student,Telangana,Khammam,BR033,4920.0,676,Verified,2016-07-08,Basic,0,Branch Walk-in
CUST02173,Ajay Pillai,63,F,Government Employee,Telangana,Nizamabad,BR016,75482.0,675,Verified,2022-01-11,Gold,0,Branch Walk-in
CUST02174,Vikram Iyer,49,M,Freelancer,Andhra Pradesh,Visakhapatnam,BR006,110048.0,711,Verified,2021-12-08,Premium,0,Online
CUST02175,Aarav Patel,49,F,Government Employee,Telangana,Khammam,BR011,90283.0,647,Verified,2019-12-08,Gold,0,Referral
CUST02176,Aditi Shah,23,M,Business Owner,Maharashtra,Nashik,BR026,338984.0,873,Verified,2021-05-31,Premium,0,Branch Walk-in
CUST02177,Anil Patel,43,F,Retired,Bihar,Gaya,BR032,77033.0,598,Verified,2018-06-14,Gold,0,Branch Walk-in
CUST02178,Aarav Singh,42,F,Homemaker,Andhra Pradesh,Tirupati,BR042,2991.0,691,Verified,2018-06-01,Basic,0,Branch Walk-in
CUST02179,Anil Sharma,53,F,Salaried,Bihar,Darbhanga,BR038,102589.0,821,Verified,2016-12-09,Premium,0,Camp
CUST02180,Ananya Shah,32,F,Government Employee,Delhi,Faridabad,BR042,60233.0,692,Pending,2019-09-28,Gold,0,Online
CUST02181,Varun Rao,34,M,Salaried,Maharashtra,Nashik,BR048,148598.0,698,Verified,2022-07-18,Premium,0,Online
CUST02182,Anita Trivedi,23,M,Student,Punjab,Chandigarh,BR033,1403.0,658,Verified,2017-05-01,Basic,0,Agent
CUST02183,Aarav Das,62,M,Self-Employed,Kerala,Kozhikode,BR050,294697.0,728,Verified,2022-10-16,Premium,0,Referral
CUST02184,Aarav Das,31,F,Business Owner,Karnataka,Bengaluru,BR023,690626.0,900,Verified,2019-02-28,Premium,0,Online
CUST02185,Divya Desai,55,M,Salaried,Uttar Pradesh,Agra,BR009,197801.0,586,Verified,2020-03-31,Premium,1,Referral
CUST02186,Amit Kapoor,43,F,Student,Gujarat,Ahmedabad,BR049,8123.0,773,Verified,2022-04-08,Basic,0,Agent
CUST02187,Vikram Chatterjee,31,F,Retired,Delhi,Faridabad,BR035,41596.0,602,Verified,2019-01-07,Silver,0,Branch Walk-in
CUST02188,Karan Mishra,28,M,Student,Punjab,Jalandhar,BR050,4599.0,664,Verified,2021-10-30,Basic,0,Online
CUST02189,Anjali Pillai,62,F,Business Owner,Haryana,Panipat,BR001,234980.0,701,Verified,2021-10-03,Premium,0,Agent
CUST02190,Sanjay Mishra,36,F,Salaried,Kerala,Kollam,BR039,126637.0,740,Verified,2019-02-11,Premium,0,Online
CUST02191,Riya Sharma,56,F,Salaried,West Bengal,Howrah,BR028,171291.0,618,Verified,2021-06-20,Premium,0,Camp
CUST02192,Deepika Tiwari,22,M,Salaried,Uttar Pradesh,Lucknow,BR021,185730.0,744,Pending,2019-12-13,Premium,0,Online
CUST02193,Utkarsh Iyer,70,F,Business Owner,Uttar Pradesh,Allahabad,BR013,182121.0,837,Verified,2020-12-30,Premium,0,Online
CUST02194,Priyanka Patel,21,M,Self-Employed,Bihar,Muzaffarpur,BR034,263816.0,650,Verified,2021-02-21,Premium,0,Online
CUST02195,Siddharth Trivedi,53,M,Freelancer,Punjab,Ludhiana,BR034,128585.0,717,Verified,2023-05-11,Premium,0,Branch Walk-in
CUST02196,Shreya Trivedi,24,M,Salaried,Delhi,Faridabad,BR013,152940.0,670,Verified,2017-07-20,Premium,0,Online
CUST02197,Ishaan Verma,19,M,Business Owner,West Bengal,Durgapur,BR011,431425.0,791,Pending,2020-11-11,Premium,0,Branch Walk-in
CUST02198,Ajay Joshi,20,M,Self-Employed,Karnataka,Belgaum,BR002,18887.0,684,Verified,2023-06-25,Basic,0,Branch Walk-in
CUST02199,Nisha Agarwal,69,F,Salaried,Rajasthan,Kota,BR009,125488.0,666,Verified,2021-03-08,Premium,0,Branch Walk-in
CUST02200,Rohit Pillai,62,F,Homemaker,Madhya Pradesh,Gwalior,BR032,460.0,709,Expired,2019-09-18,Basic,0,Online
CUST02201,Meera Iyer,42,F,Salaried,Madhya Pradesh,Jabalpur,BR017,119981.0,812,Verified,2023-05-22,Premium,0,Branch Walk-in
CUST02202,Siddharth Krishnan,45,F,Self-Employed,Haryana,Gurugram,BR018,270452.0,722,Verified,2022-02-15,Premium,0,Branch Walk-in
CUST02203,Neha Chatterjee,32,F,Student,Tamil Nadu,Madurai,BR036,6614.0,724,Verified,2021-01-03,Basic,0,Referral
CUST02204,Aditi Das,51,F,Retired,Tamil Nadu,Salem,BR026,35357.0,609,Verified,2017-08-16,Silver,0,Online
CUST02205,Priyanka Yadav,28,F,Salaried,Andhra Pradesh,Nellore,BR039,160299.0,654,Verified,2021-12-13,Premium,0,Branch Walk-in
CUST02206,Sachin Saxena,52,F,Business Owner,Tamil Nadu,Salem,BR039,80090.0,724,Verified,2015-05-28,Gold,0,Camp
CUST02207,Akash Malhotra,43,M,Self-Employed,Maharashtra,Nashik,BR012,147092.0,798,Verified,2015-02-20,Premium,1,Online
CUST02208,Ishaan Das,46,F,Business Owner,Tamil Nadu,Trichy,BR003,265913.0,754,Verified,2023-05-03,Premium,0,Agent
CUST02209,Shreya Chatterjee,19,Other,Business Owner,Punjab,Chandigarh,BR016,110264.0,683,Verified,2017-05-05,Premium,0,Branch Walk-in
CUST02210,Rohit Joshi,19,M,Government Employee,Haryana,Gurugram,BR020,89214.0,697,Pending,2016-08-08,Gold,0,Online
CUST02211,Kavya Singh,57,F,Student,Telangana,Warangal,BR015,8585.0,606,Verified,2020-08-16,Basic,0,Branch Walk-in
CUST02212,Zara Bose,28,M,Salaried,Punjab,Amritsar,BR037,95193.0,735,Verified,2018-02-21,Gold,0,Online
CUST02213,Sunita Joshi,51,F,Business Owner,Delhi,Noida,BR008,395304.0,812,Verified,2018-10-20,Premium,0,Online
CUST02214,Rekha Nair,20,M,Student,Karnataka,Hubli,BR041,7982.0,654,Verified,2016-05-17,Basic,0,Agent
CUST02215,Sachin Rao,32,M,Student,Gujarat,Vadodara,BR021,6886.0,653,Verified,2015-07-14,Basic,0,Online
CUST02216,Anjali Desai,24,M,Salaried,Tamil Nadu,Coimbatore,BR029,199595.0,735,Verified,2017-05-22,Premium,1,Referral
CUST02217,Aditi Banerjee,24,M,Self-Employed,Madhya Pradesh,Indore,BR049,64533.0,666,Verified,2022-03-21,Gold,1,Referral
CUST02218,Anjali Pandey,21,F,Business Owner,Rajasthan,Jodhpur,BR001,452702.0,766,Verified,2018-12-25,Premium,0,Branch Walk-in
CUST02219,Rohit Shah,45,M,Freelancer,Kerala,Kollam,BR022,116815.0,829,Verified,2016-01-04,Premium,0,Online
CUST02220,Karan Tiwari,44,M,Student,Delhi,Dwarka,BR044,4407.0,666,Verified,2016-09-13,Basic,0,Online
CUST02221,Sunil Mehta,40,F,Salaried,Uttar Pradesh,Allahabad,BR003,173787.0,693,Verified,2016-07-16,Premium,0,Referral
CUST02222,Anil Nair,61,M,Salaried,Rajasthan,Udaipur,BR024,50332.0,651,Verified,2017-12-27,Gold,0,Referral
CUST02223,Riya Mishra,57,M,Salaried,West Bengal,Siliguri,BR030,36187.0,731,Verified,2020-08-20,Silver,0,Agent
CUST02224,Mihir Krishnan,45,F,Salaried,Uttar Pradesh,Kanpur,BR042,179513.0,705,Pending,2021-05-03,Premium,0,Agent
CUST02225,Aditi Rao,61,M,Self-Employed,Punjab,Patiala,BR031,198117.0,680,Verified,2020-06-15,Premium,0,Agent
CUST02226,Meera Das,39,M,Homemaker,Kerala,Thiruvananthapuram,BR025,4044.0,760,Verified,2022-09-09,Basic,0,Referral
CUST02227,Isha Gupta,32,F,Self-Employed,Karnataka,Bengaluru,BR047,248728.0,814,Verified,2017-08-24,Premium,0,Branch Walk-in
CUST02228,Priyanka Sharma,45,M,Business Owner,Gujarat,Rajkot,BR014,789113.0,801,Verified,2016-12-08,Premium,0,Online
CUST02229,Sneha Das,65,M,Retired,West Bengal,Durgapur,BR023,55219.0,579,Verified,2016-05-18,Gold,0,Branch Walk-in
CUST02230,Nisha Chatterjee,42,M,Student,Delhi,New Delhi,BR009,7424.0,741,Verified,2023-11-10,Basic,0,Referral
CUST02231,Sachin Pillai,38,M,Salaried,Telangana,Karimnagar,BR004,113025.0,661,Verified,2022-09-13,Premium,0,Branch Walk-in
CUST02232,Rohit Trivedi,62,M,Self-Employed,Madhya Pradesh,Indore,BR018,145883.0,756,Verified,2020-12-02,Premium,0,Referral
CUST02233,Yash Verma,33,M,Salaried,Uttar Pradesh,Allahabad,BR007,170268.0,595,Pending,2017-04-01,Premium,0,Branch Walk-in
CUST02234,Arjun Nair,37,F,Salaried,Telangana,Nizamabad,BR004,52945.0,744,Verified,2015-01-19,Gold,0,Branch Walk-in
CUST02235,Sunita Gupta,64,F,Salaried,Maharashtra,Nashik,BR048,38440.0,615,Verified,2021-07-31,Silver,0,Referral
CUST02236,Nisha Saxena,61,M,Business Owner,Tamil Nadu,Trichy,BR037,131656.0,750,Verified,2023-02-23,Premium,0,Online
CUST02237,Divya Singh,20,M,Self-Employed,Telangana,Nizamabad,BR028,27181.0,686,Verified,2021-01-06,Silver,0,Camp
CUST02238,Aditi Yadav,33,F,Salaried,Andhra Pradesh,Vijayawada,BR030,72074.0,637,Verified,2021-03-19,Gold,0,Branch Walk-in
CUST02239,Rina Reddy,23,F,Self-Employed,Tamil Nadu,Salem,BR001,232953.0,702,Verified,2016-05-15,Premium,0,Online
CUST02240,Vijay Verma,40,M,Business Owner,Kerala,Thrissur,BR010,371510.0,795,Verified,2016-12-14,Premium,0,Online
CUST02241,Vikram Nair,50,F,Student,Punjab,Chandigarh,BR045,5005.0,687,Verified,2017-05-28,Basic,0,Online
CUST02242,Sneha Agarwal,32,M,Self-Employed,Bihar,Bhagalpur,BR050,282887.0,771,Verified,2021-05-02,Premium,0,Agent
CUST02243,Sunil Pillai,26,F,Salaried,West Bengal,Durgapur,BR003,63048.0,811,Verified,2019-11-29,Gold,0,Agent
CUST02244,Ananya Yadav,31,M,Salaried,Delhi,Gurgaon,BR028,25148.0,591,Verified,2016-11-17,Silver,0,Branch Walk-in
CUST02245,Manoj Saxena,50,M,Salaried,Punjab,Chandigarh,BR024,64684.0,789,Pending,2021-10-01,Gold,0,Online
CUST02246,Rekha Banerjee,52,F,Salaried,Bihar,Muzaffarpur,BR025,195968.0,725,Pending,2021-08-04,Premium,0,Online
CUST02247,Utkarsh Saxena,52,M,Salaried,Madhya Pradesh,Indore,BR001,63481.0,638,Verified,2018-11-16,Gold,0,Online
CUST02248,Amit Krishnan,56,M,Freelancer,Delhi,Dwarka,BR050,34770.0,607,Verified,2017-11-07,Silver,0,Branch Walk-in
CUST02249,Anjali Chatterjee,61,M,Self-Employed,Andhra Pradesh,Guntur,BR004,56369.0,679,Verified,2016-08-08,Gold,0,Online
CUST02250,Neha Patel,25,F,Salaried,Uttar Pradesh,Kanpur,BR002,103111.0,755,Verified,2021-10-24,Premium,0,Online
CUST02251,Rekha Pandey,54,M,Salaried,Haryana,Panipat,BR042,108486.0,694,Verified,2019-11-06,Premium,0,Agent
CUST02252,Shreya Rao,35,M,Salaried,Delhi,New Delhi,BR032,120600.0,794,Verified,2021-12-17,Premium,0,Online
CUST02253,Varun Das,31,M,Salaried,Karnataka,Bengaluru,BR028,135572.0,620,Expired,2020-05-01,Premium,0,Branch Walk-in
CUST02254,Arjun Rao,46,F,Retired,Kerala,Thrissur,BR024,68168.0,692,Verified,2022-01-19,Gold,0,Agent
CUST02255,Utkarsh Banerjee,31,F,Business Owner,Uttar Pradesh,Lucknow,BR006,549278.0,714,Verified,2015-11-29,Premium,0,Referral
CUST02256,Deepika Pillai,49,M,Salaried,Punjab,Chandigarh,BR032,85910.0,718,Expired,2017-12-03,Gold,0,Agent
CUST02257,Sachin Das,51,M,Self-Employed,Madhya Pradesh,Indore,BR005,108886.0,754,Verified,2015-08-16,Premium,0,Branch Walk-in
CUST02258,Rajesh Nair,36,M,Self-Employed,Punjab,Ludhiana,BR039,120898.0,678,Verified,2020-08-30,Premium,1,Agent
CUST02259,Anil Joshi,25,F,Self-Employed,Punjab,Patiala,BR038,58647.0,535,Verified,2019-09-27,Gold,0,Referral
CUST02260,Sanjay Chatterjee,35,F,Self-Employed,Andhra Pradesh,Guntur,BR007,34876.0,698,Verified,2018-02-18,Silver,0,Camp
CUST02261,Seema Verma,29,F,Retired,Bihar,Muzaffarpur,BR032,73799.0,720,Verified,2016-10-22,Gold,0,Referral
CUST02262,Anil Tiwari,40,F,Business Owner,Rajasthan,Jodhpur,BR037,295298.0,763,Verified,2018-07-15,Premium,0,Online
CUST02263,Sunita Desai,67,F,Salaried,Madhya Pradesh,Bhopal,BR039,165171.0,787,Verified,2021-10-21,Premium,0,Referral
CUST02264,Ajay Reddy,55,F,Homemaker,Rajasthan,Udaipur,BR024,2692.0,616,Verified,2017-04-22,Basic,1,Online
CUST02265,Shreya Trivedi,48,F,Salaried,Bihar,Gaya,BR045,136309.0,748,Pending,2018-03-15,Premium,0,Online
CUST02266,Yash Sharma,48,M,Freelancer,Karnataka,Mysuru,BR014,44974.0,760,Verified,2022-04-18,Silver,0,Branch Walk-in
CUST02267,Neha Verma,37,F,Homemaker,Telangana,Hyderabad,BR046,663.0,573,Pending,2017-12-02,Basic,0,Online
CUST02268,Vikram Shah,33,M,Self-Employed,Andhra Pradesh,Visakhapatnam,BR004,67676.0,712,Verified,2018-12-29,Gold,0,Branch Walk-in
CUST02269,Ishaan Desai,36,F,Salaried,Madhya Pradesh,Gwalior,BR019,158136.0,681,Verified,2019-08-10,Premium,0,Branch Walk-in
CUST02270,Ravi Menon,37,F,Business Owner,Bihar,Muzaffarpur,BR001,467257.0,768,Verified,2020-12-21,Premium,0,Online
CUST02271,Arjun Mehta,18,M,Government Employee,Karnataka,Hubli,BR027,85142.0,717,Verified,2019-11-06,Gold,0,Referral
CUST02272,Rohit Bose,37,M,Salaried,Andhra Pradesh,Visakhapatnam,BR030,170393.0,684,Verified,2017-04-14,Premium,0,Branch Walk-in
CUST02273,Aditi Trivedi,60,M,Retired,Andhra Pradesh,Visakhapatnam,BR025,73618.0,654,Verified,2016-03-14,Gold,0,Branch Walk-in
CUST02274,Seema Pillai,29,M,Salaried,Kerala,Kollam,BR012,67326.0,695,Verified,2021-07-03,Gold,1,Online
CUST02275,Suresh Reddy,32,M,Salaried,Madhya Pradesh,Indore,BR037,119020.0,638,Verified,2016-08-02,Premium,0,Referral
CUST02276,Divya Reddy,57,F,Salaried,Tamil Nadu,Trichy,BR044,163784.0,647,Pending,2020-03-13,Premium,0,Online
CUST02277,Rohit Desai,35,M,Student,Punjab,Ludhiana,BR033,4101.0,721,Verified,2018-06-06,Basic,1,Branch Walk-in
CUST02278,Rina Reddy,65,F,Freelancer,West Bengal,Durgapur,BR007,88485.0,628,Verified,2022-06-03,Gold,0,Online
CUST02279,Deepak Shah,53,M,Salaried,Telangana,Warangal,BR019,55904.0,731,Verified,2017-04-09,Gold,0,Referral
CUST02280,Rina Iyer,66,F,Salaried,Maharashtra,Nashik,BR023,174199.0,742,Pending,2023-11-25,Premium,0,Referral
CUST02281,Riya Shah,69,M,Business Owner,Bihar,Patna,BR016,909092.0,758,Verified,2022-03-06,Premium,0,Online
CUST02282,Aarav Patel,69,F,Self-Employed,Gujarat,Ahmedabad,BR017,171593.0,673,Verified,2018-06-05,Premium,0,Branch Walk-in
CUST02283,Sunil Pillai,36,M,Freelancer,Uttar Pradesh,Varanasi,BR014,116144.0,774,Verified,2021-11-02,Premium,0,Online
CUST02284,Vikram Mishra,62,M,Salaried,Kerala,Kozhikode,BR030,43636.0,629,Verified,2015-05-19,Silver,0,Agent
CUST02285,Arjun Shah,51,M,Salaried,Karnataka,Bengaluru,BR049,70624.0,666,Verified,2022-08-15,Gold,0,Referral
CUST02286,Anita Gupta,50,M,Self-Employed,Maharashtra,Nagpur,BR005,135378.0,734,Verified,2015-05-05,Premium,0,Agent
CUST02287,Rina Menon,31,F,Salaried,Punjab,Ludhiana,BR014,194690.0,765,Verified,2021-04-05,Premium,0,Branch Walk-in
CUST02288,Varun Das,19,F,Student,Andhra Pradesh,Guntur,BR021,6457.0,666,Verified,2021-12-16,Basic,0,Online
CUST02289,Ananya Agarwal,34,F,Student,Maharashtra,Pune,BR046,9012.0,645,Verified,2022-05-24,Basic,0,Online
CUST02290,Manoj Shah,26,F,Freelancer,West Bengal,Kolkata,BR020,62957.0,777,Expired,2019-02-04,Gold,0,Branch Walk-in
CUST02291,Sunita Trivedi,22,M,Government Employee,Rajasthan,Udaipur,BR033,86627.0,801,Verified,2019-03-30,Gold,0,Agent
CUST02292,Aditi Saxena,38,F,Self-Employed,Bihar,Patna,BR043,160962.0,770,Verified,2018-10-03,Premium,0,Referral
CUST02293,Aarav Tiwari,39,M,Self-Employed,West Bengal,Asansol,BR037,38957.0,692,Pending,2018-07-18,Silver,0,Branch Walk-in
CUST02294,Meera Pillai,42,M,Self-Employed,Bihar,Bhagalpur,BR030,231311.0,677,Verified,2015-10-31,Premium,0,Referral
CUST02295,Utkarsh Banerjee,31,F,Business Owner,Tamil Nadu,Madurai,BR020,647425.0,759,Verified,2019-05-24,Premium,0,Branch Walk-in
CUST02296,Yash Desai,27,M,Business Owner,Karnataka,Belgaum,BR005,236367.0,758,Verified,2021-04-22,Premium,0,Agent
CUST02297,Zara Malhotra,37,F,Homemaker,West Bengal,Howrah,BR008,1400.0,705,Verified,2021-01-29,Basic,0,Branch Walk-in
CUST02298,Pooja Reddy,62,F,Self-Employed,Tamil Nadu,Salem,BR029,26725.0,769,Expired,2023-04-23,Silver,0,Online
CUST02299,Divya Mishra,36,M,Salaried,Punjab,Amritsar,BR042,171879.0,753,Verified,2020-09-08,Premium,0,Referral
CUST02300,Deepak Agarwal,48,M,Student,Andhra Pradesh,Vijayawada,BR049,3893.0,590,Verified,2022-02-22,Basic,0,Camp
CUST02301,Kavya Mehta,37,M,Self-Employed,West Bengal,Siliguri,BR030,185080.0,780,Verified,2020-12-19,Premium,0,Branch Walk-in
CUST02302,Suresh Das,21,M,Business Owner,Madhya Pradesh,Indore,BR004,799328.0,779,Verified,2015-10-17,Premium,0,Online
CUST02303,Nisha Banerjee,36,F,Salaried,Haryana,Panipat,BR010,151412.0,687,Verified,2020-11-03,Premium,0,Online
CUST02304,Vikram Patel,61,F,Homemaker,Tamil Nadu,Madurai,BR012,651.0,695,Pending,2022-01-01,Basic,0,Branch Walk-in
CUST02305,Akash Saxena,54,M,Salaried,Maharashtra,Nagpur,BR030,153951.0,830,Verified,2016-03-11,Premium,1,Referral
CUST02306,Suresh Mishra,62,F,Salaried,Bihar,Bhagalpur,BR005,158942.0,898,Verified,2023-07-16,Premium,1,Branch Walk-in
CUST02307,Utkarsh Rao,46,M,Salaried,Karnataka,Hubli,BR033,162822.0,748,Verified,2019-09-16,Premium,0,Online
CUST02308,Rahul Saxena,44,M,Student,Karnataka,Belgaum,BR042,5111.0,670,Verified,2015-01-01,Basic,0,Referral
CUST02309,Seema Kumar,63,M,Homemaker,Madhya Pradesh,Jabalpur,BR036,3071.0,712,Verified,2021-05-05,Basic,0,Online
CUST02310,Aarav Saxena,28,M,Salaried,Uttar Pradesh,Allahabad,BR005,147742.0,762,Verified,2018-12-09,Premium,0,Agent
CUST02311,Karan Krishnan,48,M,Salaried,Bihar,Patna,BR021,144072.0,689,Verified,2022-03-09,Premium,0,Branch Walk-in
CUST02312,Nisha Joshi,37,F,Self-Employed,Karnataka,Belgaum,BR025,153098.0,818,Verified,2022-09-03,Premium,0,Referral
CUST02313,Aarav Joshi,37,M,Salaried,Uttar Pradesh,Agra,BR011,176330.0,729,Verified,2017-03-07,Premium,0,Agent
CUST02314,Siddharth Singh,50,F,Salaried,Haryana,Faridabad,BR047,109149.0,731,Verified,2018-11-03,Premium,0,Agent
CUST02315,Sneha Singh,24,M,Self-Employed,Rajasthan,Udaipur,BR032,73079.0,734,Verified,2018-06-18,Gold,0,Online
CUST02316,Meera Pandey,52,F,Student,Tamil Nadu,Madurai,BR027,8147.0,706,Verified,2020-12-10,Basic,0,Branch Walk-in
CUST02317,Suresh Banerjee,39,M,Business Owner,Karnataka,Mangaluru,BR036,882983.0,900,Pending,2015-12-26,Premium,0,Branch Walk-in
CUST02318,Tanvi Malhotra,69,M,Salaried,Delhi,Faridabad,BR025,115795.0,666,Verified,2016-11-18,Premium,0,Branch Walk-in
CUST02319,Deepak Menon,52,F,Salaried,Bihar,Patna,BR038,158386.0,678,Verified,2016-07-23,Premium,0,Branch Walk-in
CUST02320,Rohit Krishnan,30,M,Retired,Uttar Pradesh,Lucknow,BR017,31843.0,620,Verified,2017-12-11,Silver,0,Online
CUST02321,Karan Singh,55,M,Retired,Haryana,Faridabad,BR049,62808.0,718,Verified,2016-09-23,Gold,0,Branch Walk-in
CUST02322,Neha Iyer,30,M,Self-Employed,Karnataka,Hubli,BR047,86096.0,743,Verified,2020-08-27,Gold,1,Online
CUST02323,Manoj Singh,36,F,Retired,Maharashtra,Pune,BR004,15667.0,710,Verified,2022-07-02,Basic,0,Camp
CUST02324,Sanjay Malhotra,37,M,Business Owner,Haryana,Rohtak,BR024,680462.0,900,Verified,2020-04-28,Premium,0,Referral
CUST02325,Vijay Mishra,53,M,Salaried,Telangana,Karimnagar,BR020,154847.0,710,Verified,2018-02-15,Premium,0,Agent
CUST02326,Aditi Rao,37,F,Salaried,Telangana,Karimnagar,BR010,144776.0,749,Pending,2016-10-01,Premium,0,Camp
CUST02327,Ajay Kumar,66,M,Salaried,Rajasthan,Ajmer,BR006,180433.0,650,Verified,2023-12-16,Premium,0,Branch Walk-in
CUST02328,Ajay Yadav,26,M,Retired,Uttar Pradesh,Kanpur,BR027,24876.0,661,Pending,2016-06-04,Silver,0,Referral
CUST02329,Ajay Reddy,27,M,Student,Rajasthan,Ajmer,BR037,305.0,721,Verified,2018-04-17,Basic,0,Referral
CUST02330,Pooja Kumar,60,F,Salaried,Maharashtra,Nagpur,BR037,164939.0,763,Verified,2020-12-25,Premium,0,Referral
CUST02331,Deepak Shah,59,F,Salaried,Delhi,Dwarka,BR002,140676.0,690,Verified,2019-07-20,Premium,0,Branch Walk-in
CUST02332,Seema Yadav,23,M,Business Owner,West Bengal,Kolkata,BR010,330480.0,741,Verified,2018-03-03,Premium,0,Agent
CUST02333,Aditi Yadav,58,M,Homemaker,Punjab,Chandigarh,BR046,4739.0,589,Verified,2021-10-17,Basic,0,Referral
CUST02334,Amit Reddy,68,M,Salaried,Bihar,Gaya,BR017,87757.0,676,Verified,2020-02-10,Gold,0,Online
CUST02335,Anil Mishra,34,M,Business Owner,Gujarat,Ahmedabad,BR046,877093.0,900,Verified,2023-07-21,Premium,1,Branch Walk-in
CUST02336,Mihir Banerjee,40,F,Salaried,Maharashtra,Mumbai,BR025,100498.0,734,Verified,2017-04-15,Premium,0,Online
CUST02337,Ananya Joshi,57,M,Self-Employed,Andhra Pradesh,Tirupati,BR023,192680.0,748,Expired,2019-01-16,Premium,0,Branch Walk-in
CUST02338,Deepak Pillai,23,M,Salaried,Andhra Pradesh,Visakhapatnam,BR038,198651.0,722,Verified,2018-04-17,Premium,0,Branch Walk-in
CUST02339,Aditi Joshi,57,M,Student,Madhya Pradesh,Jabalpur,BR006,154.0,680,Verified,2023-08-29,Basic,0,Agent
CUST02340,Rohit Singh,33,F,Salaried,Uttar Pradesh,Allahabad,BR049,123021.0,664,Verified,2019-12-07,Premium,0,Referral
CUST02341,Rekha Iyer,46,F,Salaried,Haryana,Gurugram,BR024,47426.0,731,Expired,2019-01-27,Silver,0,Branch Walk-in
CUST02342,Pooja Sharma,26,F,Student,Maharashtra,Nashik,BR022,6575.0,706,Verified,2021-09-13,Basic,0,Online
CUST02343,Rekha Menon,69,M,Student,Bihar,Darbhanga,BR048,3317.0,710,Verified,2017-07-16,Basic,0,Online
CUST02344,Sachin Tiwari,63,M,Homemaker,Delhi,Dwarka,BR034,2683.0,648,Verified,2015-01-11,Basic,0,Branch Walk-in
CUST02345,Pooja Krishnan,52,M,Salaried,Rajasthan,Ajmer,BR033,152311.0,581,Verified,2022-03-09,Premium,0,Agent
CUST02346,Suresh Agarwal,35,M,Salaried,Telangana,Karimnagar,BR036,153462.0,776,Verified,2020-07-15,Premium,0,Branch Walk-in
CUST02347,Rajesh Kapoor,63,F,Business Owner,West Bengal,Durgapur,BR023,363265.0,723,Verified,2017-09-12,Premium,0,Camp
CUST02348,Vikram Malhotra,51,M,Business Owner,Karnataka,Bengaluru,BR046,416483.0,711,Verified,2017-08-30,Premium,0,Branch Walk-in
CUST02349,Siddharth Yadav,39,M,Self-Employed,Kerala,Kollam,BR032,78846.0,737,Verified,2021-11-29,Gold,0,Online
CUST02350,Anil Sharma,51,F,Self-Employed,Andhra Pradesh,Vijayawada,BR040,185673.0,693,Verified,2019-01-16,Premium,1,Online
CUST02351,Anjali Tiwari,43,F,Retired,Uttar Pradesh,Kanpur,BR004,65978.0,756,Verified,2015-08-22,Gold,0,Branch Walk-in
CUST02352,Rohit Tiwari,35,F,Salaried,Andhra Pradesh,Guntur,BR010,157882.0,748,Verified,2018-08-28,Premium,0,Online
CUST02353,Ajay Das,59,M,Salaried,Kerala,Kollam,BR050,146478.0,750,Verified,2016-05-29,Premium,0,Branch Walk-in
CUST02354,Monika Nair,39,M,Salaried,Andhra Pradesh,Guntur,BR036,177332.0,633,Pending,2022-06-18,Premium,0,Camp
CUST02355,Siddharth Nair,35,F,Salaried,West Bengal,Kolkata,BR023,97945.0,772,Pending,2015-04-09,Gold,0,Agent
CUST02356,Pooja Kumar,43,M,Retired,West Bengal,Durgapur,BR048,56144.0,706,Verified,2017-05-06,Gold,0,Agent
CUST02357,Seema Banerjee,24,F,Business Owner,Bihar,Muzaffarpur,BR040,619336.0,781,Verified,2017-08-09,Premium,0,Online
CUST02358,Siddharth Shah,20,F,Self-Employed,Punjab,Ludhiana,BR033,63653.0,701,Verified,2016-06-15,Gold,0,Referral
CUST02359,Deepak Kumar,47,M,Business Owner,Uttar Pradesh,Kanpur,BR002,373175.0,648,Verified,2020-06-11,Premium,0,Branch Walk-in
CUST02360,Aarav Malhotra,50,F,Self-Employed,Kerala,Kozhikode,BR026,91094.0,722,Verified,2021-09-23,Gold,0,Online
CUST02361,Vijay Banerjee,54,M,Student,Gujarat,Ahmedabad,BR043,6970.0,619,Verified,2016-09-13,Basic,0,Branch Walk-in
CUST02362,Shreya Joshi,37,F,Salaried,Punjab,Amritsar,BR020,130703.0,624,Verified,2017-10-23,Premium,0,Online
CUST02363,Rahul Malhotra,39,M,Student,Uttar Pradesh,Kanpur,BR034,6630.0,589,Verified,2023-02-04,Basic,0,Online
CUST02364,Neha Yadav,37,F,Self-Employed,Maharashtra,Thane,BR002,221706.0,791,Verified,2019-06-25,Premium,0,Camp
CUST02365,Suresh Verma,24,F,Business Owner,Rajasthan,Ajmer,BR031,369471.0,716,Verified,2021-12-25,Premium,0,Branch Walk-in
CUST02366,Siddharth Joshi,62,M,Self-Employed,Kerala,Kochi,BR032,83682.0,788,Verified,2016-11-30,Gold,0,Branch Walk-in
CUST02367,Mihir Tiwari,59,M,Freelancer,Maharashtra,Mumbai,BR008,52794.0,658,Expired,2022-09-27,Gold,0,Branch Walk-in
CUST02368,Zara Banerjee,26,M,Self-Employed,Andhra Pradesh,Guntur,BR045,64290.0,590,Verified,2021-03-19,Gold,0,Branch Walk-in
CUST02369,Zara Joshi,52,F,Salaried,Haryana,Rohtak,BR020,82540.0,629,Verified,2021-05-13,Gold,0,Branch Walk-in
CUST02370,Pooja Saxena,67,F,Business Owner,Gujarat,Vadodara,BR023,690444.0,892,Verified,2020-11-07,Premium,0,Online
CUST02371,Ajay Trivedi,68,M,Salaried,Punjab,Jalandhar,BR026,182137.0,707,Verified,2019-06-20,Premium,0,Branch Walk-in
CUST02372,Utkarsh Yadav,19,F,Salaried,Haryana,Hisar,BR029,106377.0,668,Expired,2019-04-13,Premium,0,Branch Walk-in
CUST02373,Riya Gupta,64,F,Business Owner,Haryana,Rohtak,BR043,818890.0,853,Verified,2019-03-06,Premium,0,Camp
CUST02374,Aditya Gupta,41,M,Freelancer,Uttar Pradesh,Kanpur,BR032,112805.0,732,Verified,2021-11-05,Premium,0,Branch Walk-in
CUST02375,Sachin Gupta,19,M,Business Owner,Karnataka,Mangaluru,BR023,676101.0,882,Verified,2015-09-02,Premium,0,Online
CUST02376,Sunita Shah,52,M,Salaried,Punjab,Amritsar,BR037,100683.0,787,Verified,2018-01-11,Premium,0,Branch Walk-in
CUST02377,Yash Pillai,33,F,Retired,Haryana,Hisar,BR038,58198.0,670,Verified,2022-03-21,Gold,0,Online
CUST02378,Aditya Agarwal,63,M,Student,Tamil Nadu,Madurai,BR044,5272.0,601,Verified,2021-12-07,Basic,0,Branch Walk-in
CUST02379,Rina Sharma,40,M,Salaried,Madhya Pradesh,Bhopal,BR014,168548.0,688,Verified,2018-04-19,Premium,0,Agent
CUST02380,Anita Krishnan,57,M,Business Owner,Telangana,Warangal,BR032,265375.0,748,Verified,2021-11-22,Premium,0,Online
CUST02381,Sunil Patel,19,F,Salaried,West Bengal,Kolkata,BR045,59303.0,634,Verified,2015-03-10,Gold,0,Online
CUST02382,Rajesh Verma,27,F,Business Owner,Punjab,Jalandhar,BR024,420340.0,706,Verified,2015-06-06,Premium,0,Referral
CUST02383,Ishaan Menon,63,M,Freelancer,Tamil Nadu,Salem,BR038,121192.0,724,Verified,2016-02-29,Premium,0,Agent
CUST02384,Ananya Reddy,30,F,Business Owner,Karnataka,Bengaluru,BR009,806926.0,838,Verified,2017-10-30,Premium,0,Referral
CUST02385,Shreya Yadav,59,F,Self-Employed,Karnataka,Bengaluru,BR038,170768.0,716,Verified,2017-06-30,Premium,1,Referral
CUST02386,Karan Iyer,42,F,Business Owner,West Bengal,Durgapur,BR041,918978.0,818,Verified,2018-08-27,Premium,0,Branch Walk-in
CUST02387,Anjali Joshi,60,M,Business Owner,Uttar Pradesh,Lucknow,BR050,857502.0,837,Verified,2020-10-29,Premium,0,Branch Walk-in
CUST02388,Ravi Mishra,70,M,Salaried,Gujarat,Surat,BR004,138412.0,652,Verified,2016-09-15,Premium,0,Online
CUST02389,Priya Pillai,35,F,Student,Madhya Pradesh,Bhopal,BR035,8620.0,735,Verified,2016-05-13,Basic,0,Branch Walk-in
CUST02390,Deepika Verma,35,M,Salaried,Uttar Pradesh,Kanpur,BR013,195586.0,781,Verified,2016-08-28,Premium,0,Branch Walk-in
CUST02391,Amit Patel,43,F,Retired,Maharashtra,Nashik,BR031,74809.0,584,Verified,2022-12-22,Gold,0,Referral
CUST02392,Aarav Agarwal,47,M,Salaried,Rajasthan,Jaipur,BR035,91013.0,642,Verified,2021-05-07,Gold,0,Online
CUST02393,Utkarsh Chatterjee,36,M,Salaried,Delhi,New Delhi,BR032,120480.0,614,Verified,2023-10-13,Premium,0,Referral
CUST02394,Neha Shah,60,F,Homemaker,Tamil Nadu,Chennai,BR015,809.0,641,Verified,2020-01-22,Basic,0,Branch Walk-in
CUST02395,Vijay Desai,38,M,Self-Employed,Kerala,Kollam,BR006,219608.0,718,Verified,2018-12-04,Premium,0,Referral
CUST02396,Rohit Kumar,49,M,Student,Maharashtra,Nashik,BR047,6452.0,594,Verified,2018-11-26,Basic,0,Camp
CUST02397,Kavya Pillai,65,Other,Business Owner,West Bengal,Kolkata,BR008,870208.0,798,Verified,2016-09-12,Premium,0,Camp
CUST02398,Vijay Nair,39,F,Salaried,West Bengal,Durgapur,BR012,186398.0,657,Verified,2016-02-21,Premium,0,Agent
CUST02399,Deepak Kapoor,25,M,Salaried,Delhi,Gurgaon,BR001,99103.0,712,Verified,2015-06-05,Gold,0,Branch Walk-in
CUST02400,Rohit Joshi,41,F,Salaried,Bihar,Darbhanga,BR015,120416.0,708,Verified,2023-07-26,Premium,0,Online
CUST02401,Tanvi Mishra,48,M,Retired,West Bengal,Howrah,BR021,35247.0,643,Verified,2019-04-26,Silver,0,Branch Walk-in
CUST02402,Manoj Nair,69,M,Salaried,Delhi,New Delhi,BR020,158903.0,722,Verified,2017-07-24,Premium,0,Camp
CUST02403,Arjun Agarwal,32,F,Business Owner,Kerala,Thrissur,BR037,371931.0,721,Verified,2022-09-20,Premium,0,Branch Walk-in
CUST02404,Ananya Kumar,21,M,Self-Employed,Maharashtra,Nagpur,BR027,269577.0,717,Pending,2020-02-29,Premium,0,Online
CUST02405,Meera Nair,66,M,Retired,Rajasthan,Udaipur,BR035,56249.0,791,Verified,2020-06-16,Gold,0,Online
CUST02406,Aarav Pillai,60,M,Self-Employed,Madhya Pradesh,Jabalpur,BR030,139141.0,788,Verified,2016-01-12,Premium,0,Referral
CUST02407,Anjali Trivedi,58,F,Self-Employed,Haryana,Panipat,BR046,205464.0,643,Verified,2018-12-19,Premium,0,Branch Walk-in
CUST02408,Sachin Agarwal,64,F,Student,Telangana,Khammam,BR027,7253.0,731,Verified,2020-09-02,Basic,0,Branch Walk-in
CUST02409,Ravi Das,52,F,Salaried,Maharashtra,Nagpur,BR035,175287.0,763,Verified,2020-02-29,Premium,0,Branch Walk-in
CUST02410,Amit Patel,39,M,Salaried,Karnataka,Hubli,BR025,172897.0,645,Verified,2017-10-04,Premium,0,Agent
CUST02411,Arjun Gupta,69,M,Homemaker,Bihar,Darbhanga,BR046,2387.0,729,Expired,2016-12-30,Basic,0,Online
CUST02412,Zara Kumar,65,M,Salaried,Andhra Pradesh,Tirupati,BR024,86441.0,789,Verified,2020-10-22,Gold,0,Online
CUST02413,Sachin Joshi,35,F,Self-Employed,Kerala,Thiruvananthapuram,BR019,283833.0,669,Verified,2015-06-03,Premium,0,Referral
CUST02414,Neha Kapoor,45,F,Self-Employed,Uttar Pradesh,Agra,BR048,123002.0,649,Verified,2018-02-04,Premium,0,Agent
CUST02415,Zara Malhotra,67,F,Salaried,Madhya Pradesh,Ujjain,BR031,175903.0,776,Verified,2022-07-01,Premium,0,Branch Walk-in
CUST02416,Monika Yadav,49,F,Self-Employed,Kerala,Thrissur,BR010,148504.0,725,Verified,2018-02-15,Premium,0,Branch Walk-in
CUST02417,Karan Desai,53,F,Salaried,West Bengal,Howrah,BR023,129488.0,738,Verified,2017-12-07,Premium,1,Referral
CUST02418,Akash Yadav,30,M,Salaried,Delhi,Noida,BR013,144772.0,729,Verified,2019-02-11,Premium,0,Branch Walk-in
CUST02419,Suresh Reddy,19,F,Retired,Rajasthan,Jaipur,BR026,69244.0,717,Verified,2021-06-05,Gold,0,Online
CUST02420,Priyanka Kumar,52,F,Salaried,Punjab,Ludhiana,BR013,178992.0,636,Verified,2020-06-30,Premium,0,Branch Walk-in
CUST02421,Riya Chatterjee,34,M,Student,Haryana,Gurugram,BR003,2538.0,743,Pending,2020-09-20,Basic,0,Branch Walk-in
CUST02422,Ishaan Banerjee,41,F,Salaried,Kerala,Kollam,BR001,86261.0,767,Verified,2020-04-16,Gold,1,Online
CUST02423,Deepak Banerjee,19,F,Salaried,Telangana,Warangal,BR024,108942.0,688,Verified,2022-03-21,Premium,0,Referral
CUST02424,Ananya Krishnan,26,M,Business Owner,Maharashtra,Pune,BR047,210345.0,719,Pending,2019-03-28,Premium,0,Camp
CUST02425,Manoj Yadav,44,M,Self-Employed,Andhra Pradesh,Guntur,BR036,277914.0,643,Verified,2017-03-29,Premium,0,Agent
CUST02426,Rohit Mishra,62,M,Retired,Uttar Pradesh,Varanasi,BR013,19959.0,714,Verified,2017-09-05,Basic,0,Branch Walk-in
CUST02427,Kavya Tiwari,25,M,Salaried,Andhra Pradesh,Nellore,BR026,99744.0,734,Verified,2018-12-27,Gold,0,Branch Walk-in
CUST02428,Anita Singh,51,M,Salaried,Gujarat,Ahmedabad,BR045,110342.0,698,Verified,2020-10-04,Premium,0,Referral
CUST02429,Rahul Singh,49,M,Student,Punjab,Chandigarh,BR006,3609.0,748,Verified,2021-03-27,Basic,0,Referral
CUST02430,Zara Shah,35,F,Retired,Haryana,Gurugram,BR004,41376.0,668,Verified,2017-03-28,Silver,0,Branch Walk-in
CUST02431,Anil Pillai,28,M,Salaried,Punjab,Patiala,BR029,169416.0,747,Verified,2018-11-29,Premium,0,Branch Walk-in
CUST02432,Ishaan Menon,41,M,Salaried,Uttar Pradesh,Kanpur,BR013,113846.0,641,Verified,2023-05-24,Premium,0,Referral
CUST02433,Mihir Kumar,34,M,Student,Maharashtra,Thane,BR004,3356.0,679,Verified,2017-08-11,Basic,0,Online
CUST02434,Anil Gupta,18,F,Business Owner,Uttar Pradesh,Lucknow,BR040,140871.0,697,Verified,2015-10-03,Premium,1,Camp
CUST02435,Aditya Gupta,40,F,Business Owner,Punjab,Ludhiana,BR002,119933.0,717,Verified,2017-03-23,Premium,0,Online
CUST02436,Rahul Mishra,54,F,Salaried,Tamil Nadu,Coimbatore,BR046,103744.0,678,Verified,2015-01-24,Premium,0,Online
CUST02437,Deepika Singh,58,M,Salaried,Delhi,Faridabad,BR007,183997.0,708,Verified,2020-06-28,Premium,0,Online
CUST02438,Rohit Kapoor,68,F,Government Employee,Telangana,Khammam,BR011,71998.0,743,Expired,2022-10-26,Gold,1,Agent
CUST02439,Divya Iyer,55,F,Retired,Telangana,Khammam,BR030,41783.0,662,Verified,2021-07-23,Silver,0,Referral
CUST02440,Nisha Tiwari,68,F,Business Owner,Delhi,Noida,BR042,919187.0,767,Verified,2022-08-25,Premium,0,Online
CUST02441,Rohit Pandey,37,F,Salaried,Andhra Pradesh,Guntur,BR020,59572.0,796,Verified,2020-10-29,Gold,0,Camp
CUST02442,Mihir Menon,43,M,Salaried,Rajasthan,Udaipur,BR031,156720.0,794,Verified,2020-03-25,Premium,0,Branch Walk-in
CUST02443,Neha Mehta,32,M,Student,Andhra Pradesh,Nellore,BR004,2702.0,603,Verified,2015-04-27,Basic,0,Camp
CUST02444,Varun Kapoor,36,M,Salaried,Punjab,Chandigarh,BR047,26660.0,726,Verified,2016-02-13,Silver,0,Branch Walk-in
CUST02445,Sneha Reddy,62,F,Business Owner,Delhi,Gurgaon,BR025,841625.0,818,Pending,2017-02-21,Premium,0,Referral
CUST02446,Arjun Desai,63,M,Student,Tamil Nadu,Chennai,BR039,9575.0,697,Verified,2015-12-31,Basic,0,Referral
CUST02447,Priya Agarwal,43,F,Retired,Madhya Pradesh,Jabalpur,BR012,35198.0,704,Verified,2016-02-14,Silver,0,Referral
CUST02448,Meera Shah,35,F,Salaried,Andhra Pradesh,Vijayawada,BR041,47028.0,675,Expired,2018-10-16,Silver,0,Referral
CUST02449,Rina Rao,33,F,Self-Employed,Delhi,Dwarka,BR037,252708.0,683,Pending,2020-06-30,Premium,0,Online
CUST02450,Isha Rao,56,F,Salaried,Andhra Pradesh,Vijayawada,BR023,28479.0,644,Verified,2017-11-14,Silver,0,Referral
CUST02451,Suresh Patel,64,F,Salaried,Tamil Nadu,Salem,BR021,60489.0,637,Verified,2015-04-09,Gold,0,Referral
CUST02452,Nisha Bose,27,F,Salaried,Rajasthan,Jaipur,BR042,104032.0,650,Verified,2023-04-26,Premium,0,Agent
CUST02453,Vijay Kumar,25,F,Business Owner,Haryana,Hisar,BR012,430525.0,762,Verified,2023-05-20,Premium,0,Online
CUST02454,Anita Mishra,30,M,Salaried,Gujarat,Vadodara,BR037,78511.0,652,Verified,2018-12-07,Gold,0,Branch Walk-in
CUST02455,Amit Chatterjee,62,F,Student,Madhya Pradesh,Ujjain,BR012,3468.0,721,Verified,2023-09-26,Basic,0,Referral
CUST02456,Mihir Reddy,33,M,Homemaker,Bihar,Darbhanga,BR007,98.0,769,Verified,2023-03-11,Basic,0,Branch Walk-in
CUST02457,Priya Sharma,29,F,Salaried,Delhi,Dwarka,BR028,51692.0,655,Verified,2023-02-03,Gold,0,Referral
CUST02458,Utkarsh Patel,20,M,Salaried,Delhi,New Delhi,BR016,81734.0,710,Verified,2016-03-27,Gold,0,Referral
CUST02459,Akash Yadav,38,F,Freelancer,West Bengal,Kolkata,BR024,89462.0,727,Expired,2023-06-26,Gold,0,Referral
CUST02460,Shreya Pillai,70,M,Homemaker,Telangana,Warangal,BR010,3435.0,709,Verified,2020-02-02,Basic,0,Online
CUST02461,Pooja Tiwari,50,M,Salaried,Gujarat,Ahmedabad,BR009,165137.0,717,Verified,2015-08-10,Premium,0,Referral
CUST02462,Rina Reddy,65,F,Salaried,Haryana,Hisar,BR002,64062.0,737,Expired,2020-04-10,Gold,0,Agent
CUST02463,Deepika Menon,66,F,Self-Employed,Karnataka,Hubli,BR045,104507.0,729,Verified,2023-06-11,Premium,0,Camp
CUST02464,Deepika Saxena,19,M,Self-Employed,Punjab,Ludhiana,BR018,254370.0,656,Verified,2022-04-29,Premium,0,Referral
CUST02465,Zara Rao,38,F,Self-Employed,Uttar Pradesh,Agra,BR046,52456.0,742,Verified,2015-01-05,Gold,0,Branch Walk-in
CUST02466,Vijay Malhotra,69,M,Self-Employed,Kerala,Kollam,BR043,117172.0,756,Verified,2022-02-22,Premium,0,Branch Walk-in
CUST02467,Aditya Singh,66,F,Salaried,Rajasthan,Jaipur,BR033,128751.0,659,Verified,2016-11-10,Premium,0,Branch Walk-in
CUST02468,Manoj Pandey,50,M,Salaried,Maharashtra,Pune,BR039,116778.0,705,Verified,2016-09-01,Premium,1,Online
CUST02469,Amit Kapoor,25,F,Business Owner,Karnataka,Mangaluru,BR016,437250.0,808,Verified,2023-08-25,Premium,0,Referral
CUST02470,Shreya Pillai,40,F,Salaried,Andhra Pradesh,Tirupati,BR039,134849.0,694,Verified,2021-06-30,Premium,0,Online
CUST02471,Aarav Saxena,27,F,Self-Employed,Uttar Pradesh,Lucknow,BR001,218643.0,788,Verified,2017-08-31,Premium,0,Agent
CUST02472,Riya Sharma,47,M,Business Owner,Telangana,Nizamabad,BR010,250239.0,871,Verified,2022-02-22,Premium,0,Referral
CUST02473,Sachin Pandey,56,F,Student,Uttar Pradesh,Kanpur,BR004,4434.0,633,Expired,2023-11-08,Basic,0,Online
CUST02474,Priya Pillai,44,M,Self-Employed,Gujarat,Vadodara,BR039,146513.0,626,Verified,2016-05-08,Premium,0,Online
CUST02475,Arjun Singh,53,M,Self-Employed,Uttar Pradesh,Varanasi,BR029,111223.0,720,Verified,2023-05-12,Premium,0,Referral
CUST02476,Rajesh Patel,37,F,Salaried,Madhya Pradesh,Gwalior,BR026,68565.0,737,Verified,2016-07-09,Gold,0,Agent
CUST02477,Nisha Tiwari,40,M,Salaried,Maharashtra,Mumbai,BR009,99991.0,686,Verified,2018-08-22,Gold,0,Branch Walk-in
CUST02478,Varun Gupta,53,M,Self-Employed,Tamil Nadu,Chennai,BR025,152094.0,797,Verified,2017-09-26,Premium,0,Branch Walk-in
CUST02479,Shreya Shah,26,M,Business Owner,Karnataka,Mysuru,BR017,956240.0,790,Verified,2019-12-08,Premium,0,Online
CUST02480,Suresh Das,60,M,Student,Maharashtra,Nashik,BR048,5636.0,722,Verified,2018-07-21,Basic,0,Online
CUST02481,Nisha Banerjee,31,M,Salaried,Delhi,Noida,BR025,27308.0,649,Verified,2019-10-19,Silver,0,Online
CUST02482,Aditi Agarwal,37,F,Salaried,Telangana,Warangal,BR021,133231.0,809,Verified,2018-11-05,Premium,0,Camp
CUST02483,Rajesh Pandey,44,M,Government Employee,Kerala,Thrissur,BR021,97914.0,819,Verified,2017-08-06,Gold,0,Online
CUST02484,Akash Sharma,46,M,Salaried,Rajasthan,Jodhpur,BR010,161148.0,666,Verified,2021-11-16,Premium,0,Agent
CUST02485,Karan Iyer,47,M,Self-Employed,Telangana,Hyderabad,BR024,143708.0,675,Verified,2016-09-26,Premium,0,Branch Walk-in
CUST02486,Aarav Shah,28,M,Retired,Telangana,Hyderabad,BR034,65193.0,744,Verified,2023-08-16,Gold,0,Online
CUST02487,Priyanka Reddy,49,M,Business Owner,Karnataka,Mysuru,BR014,550844.0,766,Verified,2020-01-01,Premium,0,Online
CUST02488,Deepak Yadav,48,F,Salaried,Tamil Nadu,Salem,BR006,93409.0,695,Pending,2020-06-29,Gold,0,Branch Walk-in
CUST02489,Kavya Saxena,27,M,Business Owner,Delhi,Dwarka,BR017,288509.0,739,Pending,2021-09-07,Premium,0,Branch Walk-in
CUST02490,Ravi Kumar,25,M,Freelancer,Gujarat,Ahmedabad,BR015,138742.0,592,Verified,2015-07-16,Premium,0,Branch Walk-in
CUST02491,Tanvi Singh,60,M,Student,Telangana,Hyderabad,BR039,5738.0,680,Verified,2015-02-09,Basic,0,Branch Walk-in
CUST02492,Anil Shah,24,F,Salaried,Uttar Pradesh,Allahabad,BR048,167552.0,672,Verified,2017-02-16,Premium,0,Online
CUST02493,Riya Singh,53,F,Self-Employed,Andhra Pradesh,Guntur,BR047,172380.0,684,Verified,2018-08-06,Premium,0,Branch Walk-in
CUST02494,Aarav Shah,53,F,Salaried,Madhya Pradesh,Bhopal,BR034,135860.0,793,Verified,2020-04-23,Premium,0,Online
CUST02495,Rajesh Iyer,37,M,Business Owner,Karnataka,Mangaluru,BR038,346228.0,673,Verified,2015-08-28,Premium,0,Branch Walk-in
CUST02496,Sunita Joshi,60,M,Salaried,Andhra Pradesh,Tirupati,BR030,168067.0,762,Verified,2022-10-21,Premium,0,Referral
CUST02497,Zara Shah,26,F,Salaried,Madhya Pradesh,Jabalpur,BR018,190614.0,701,Verified,2017-08-05,Premium,0,Branch Walk-in
CUST02498,Yash Sharma,46,F,Salaried,Haryana,Hisar,BR002,71467.0,677,Verified,2023-12-08,Gold,0,Referral
CUST02499,Ananya Sharma,70,F,Salaried,Rajasthan,Ajmer,BR019,135263.0,754,Verified,2020-02-10,Premium,0,Referral
CUST02500,Siddharth Agarwal,62,F,Freelancer,West Bengal,Durgapur,BR015,103967.0,721,Verified,2015-10-10,Premium,0,Referral
CUST02501,Arjun Verma,59,M,Business Owner,Karnataka,Bengaluru,BR035,365673.0,787,Verified,2021-12-04,Premium,0,Branch Walk-in
CUST02502,Deepak Pillai,51,F,Salaried,Maharashtra,Nagpur,BR029,95001.0,757,Verified,2020-02-10,Gold,0,Online
CUST02503,Utkarsh Yadav,18,M,Salaried,Uttar Pradesh,Agra,BR034,182182.0,696,Expired,2019-03-12,Premium,0,Online
CUST02504,Neha Agarwal,49,M,Salaried,West Bengal,Kolkata,BR049,191195.0,681,Pending,2018-10-10,Premium,0,Referral
CUST02505,Yash Gupta,25,F,Self-Employed,Bihar,Patna,BR029,280500.0,670,Verified,2016-04-04,Premium,0,Camp
CUST02506,Anjali Yadav,23,M,Salaried,Telangana,Khammam,BR002,71909.0,644,Verified,2019-12-31,Gold,0,Branch Walk-in
CUST02507,Ravi Krishnan,37,M,Business Owner,Tamil Nadu,Coimbatore,BR043,680412.0,900,Pending,2021-12-04,Premium,0,Camp
CUST02508,Sachin Patel,41,M,Student,West Bengal,Kolkata,BR014,2438.0,755,Verified,2015-01-08,Basic,0,Branch Walk-in
CUST02509,Neha Bose,42,M,Salaried,Punjab,Jalandhar,BR023,150586.0,629,Verified,2023-02-15,Premium,0,Camp
CUST02510,Seema Saxena,27,M,Self-Employed,Bihar,Muzaffarpur,BR049,92818.0,619,Pending,2023-06-05,Gold,0,Referral
CUST02511,Rina Kumar,39,F,Self-Employed,Bihar,Muzaffarpur,BR034,291378.0,767,Verified,2019-02-22,Premium,0,Online
CUST02512,Deepika Menon,33,F,Salaried,Karnataka,Hubli,BR045,72859.0,727,Pending,2018-06-01,Gold,0,Agent
CUST02513,Sanjay Malhotra,59,F,Self-Employed,Rajasthan,Jaipur,BR024,43861.0,721,Verified,2018-11-23,Silver,0,Online
CUST02514,Sneha Tiwari,55,M,Business Owner,Gujarat,Ahmedabad,BR026,579428.0,780,Verified,2018-03-14,Premium,0,Online
CUST02515,Sneha Agarwal,36,M,Salaried,Haryana,Panipat,BR029,140959.0,700,Pending,2020-07-28,Premium,0,Branch Walk-in
CUST02516,Utkarsh Saxena,24,F,Business Owner,Punjab,Ludhiana,BR031,738084.0,847,Verified,2021-09-21,Premium,0,Online
CUST02517,Aarav Patel,29,F,Salaried,Bihar,Patna,BR022,93150.0,703,Verified,2015-11-30,Gold,0,Branch Walk-in
CUST02518,Rekha Malhotra,45,M,Retired,Madhya Pradesh,Bhopal,BR006,19797.0,550,Verified,2016-03-13,Basic,0,Referral
CUST02519,Akash Desai,23,F,Salaried,Kerala,Kollam,BR006,174698.0,701,Verified,2015-01-08,Premium,0,Branch Walk-in
CUST02520,Amit Kumar,54,M,Government Employee,Bihar,Muzaffarpur,BR043,86204.0,646,Pending,2021-11-20,Gold,0,Branch Walk-in
CUST02521,Ajay Rao,47,F,Self-Employed,Telangana,Khammam,BR008,285376.0,747,Pending,2019-03-03,Premium,1,Referral
CUST02522,Divya Sharma,22,M,Salaried,Karnataka,Belgaum,BR009,160118.0,891,Verified,2017-04-26,Premium,0,Camp
CUST02523,Aditi Kumar,22,M,Self-Employed,Bihar,Muzaffarpur,BR008,196851.0,741,Verified,2018-10-19,Premium,0,Online
CUST02524,Varun Das,38,M,Self-Employed,Kerala,Thiruvananthapuram,BR028,275222.0,716,Verified,2016-02-15,Premium,0,Branch Walk-in
CUST02525,Shreya Kumar,54,F,Salaried,Madhya Pradesh,Ujjain,BR043,153480.0,766,Verified,2018-01-21,Premium,0,Online
CUST02526,Vijay Das,56,F,Salaried,Rajasthan,Kota,BR007,67070.0,722,Verified,2019-06-04,Gold,0,Agent
CUST02527,Rahul Tiwari,34,F,Self-Employed,Gujarat,Surat,BR040,88569.0,722,Verified,2023-11-07,Gold,0,Online
CUST02528,Mihir Patel,25,M,Self-Employed,Haryana,Panipat,BR028,36200.0,723,Verified,2018-10-14,Silver,0,Branch Walk-in
CUST02529,Vijay Desai,39,F,Salaried,Uttar Pradesh,Varanasi,BR031,80521.0,819,Verified,2020-11-30,Gold,0,Agent
CUST02530,Isha Krishnan,48,M,Self-Employed,Haryana,Faridabad,BR050,279785.0,668,Verified,2015-11-20,Premium,0,Referral
CUST02531,Utkarsh Saxena,25,M,Self-Employed,Telangana,Nizamabad,BR016,132550.0,734,Verified,2021-10-01,Premium,0,Branch Walk-in
CUST02532,Zara Tiwari,40,M,Business Owner,Uttar Pradesh,Lucknow,BR012,674999.0,759,Verified,2023-05-01,Premium,0,Online
CUST02533,Suresh Trivedi,38,F,Retired,Kerala,Kozhikode,BR032,64637.0,726,Verified,2016-02-24,Gold,0,Referral
CUST02534,Aarav Joshi,43,F,Business Owner,Karnataka,Bengaluru,BR031,965017.0,817,Verified,2022-10-04,Premium,1,Online
CUST02535,Anil Das,28,M,Salaried,Punjab,Jalandhar,BR028,88834.0,672,Verified,2019-12-18,Gold,0,Online
CUST02536,Ajay Reddy,50,Other,Salaried,Gujarat,Rajkot,BR016,147399.0,691,Verified,2017-10-29,Premium,0,Branch Walk-in
CUST02537,Sunita Joshi,48,M,Salaried,Andhra Pradesh,Visakhapatnam,BR008,144517.0,767,Verified,2023-11-16,Premium,0,Online
CUST02538,Aarav Singh,29,F,Salaried,Gujarat,Vadodara,BR035,25467.0,740,Verified,2017-04-10,Silver,0,Branch Walk-in
CUST02539,Rina Kapoor,61,M,Salaried,West Bengal,Durgapur,BR044,150382.0,635,Pending,2023-05-04,Premium,0,Online
CUST02540,Aditi Iyer,40,F,Student,Delhi,Faridabad,BR047,3320.0,683,Verified,2015-05-02,Basic,0,Online
CUST02541,Ravi Patel,45,M,Salaried,Uttar Pradesh,Agra,BR046,178495.0,673,Verified,2018-07-16,Premium,1,Branch Walk-in
CUST02542,Seema Menon,59,M,Salaried,Tamil Nadu,Madurai,BR003,117566.0,628,Verified,2015-01-18,Premium,0,Referral
CUST02543,Priyanka Mishra,31,M,Salaried,Telangana,Warangal,BR030,125505.0,692,Expired,2022-05-25,Premium,0,Online
CUST02544,Rina Pillai,25,F,Self-Employed,Bihar,Bhagalpur,BR046,135278.0,688,Verified,2022-04-02,Premium,0,Branch Walk-in
CUST02545,Tanvi Gupta,34,M,Self-Employed,Tamil Nadu,Chennai,BR017,33319.0,832,Verified,2015-04-28,Silver,0,Branch Walk-in
CUST02546,Shreya Saxena,39,F,Student,Uttar Pradesh,Agra,BR019,5523.0,707,Verified,2016-09-12,Basic,0,Online
CUST02547,Siddharth Sharma,26,M,Salaried,Rajasthan,Jodhpur,BR034,76751.0,612,Verified,2017-01-09,Gold,0,Referral
CUST02548,Deepika Shah,64,F,Self-Employed,Kerala,Kollam,BR046,219869.0,690,Verified,2018-04-27,Premium,0,Referral
CUST02549,Rajesh Bose,53,F,Business Owner,Haryana,Faridabad,BR009,938676.0,900,Expired,2020-07-08,Premium,0,Online
CUST02550,Pooja Pillai,62,M,Student,Tamil Nadu,Madurai,BR018,8508.0,807,Verified,2020-03-16,Basic,0,Branch Walk-in
CUST02551,Sanjay Shah,25,M,Salaried,Gujarat,Ahmedabad,BR050,185061.0,621,Verified,2017-09-15,Premium,0,Online
CUST02552,Rahul Chatterjee,20,F,Salaried,Uttar Pradesh,Allahabad,BR035,63684.0,579,Expired,2022-07-29,Gold,0,Agent
CUST02553,Manoj Rao,66,M,Salaried,Gujarat,Gandhinagar,BR033,128777.0,818,Pending,2017-01-01,Premium,0,Referral
CUST02554,Ravi Tiwari,32,M,Government Employee,Delhi,Dwarka,BR039,63118.0,716,Verified,2020-08-03,Gold,0,Branch Walk-in
CUST02555,Arjun Desai,38,M,Self-Employed,Gujarat,Vadodara,BR037,141801.0,656,Verified,2016-07-02,Premium,0,Online
CUST02556,Priya Shah,44,F,Salaried,Maharashtra,Nagpur,BR049,195024.0,751,Verified,2022-07-10,Premium,0,Online
CUST02557,Sachin Gupta,54,F,Freelancer,Uttar Pradesh,Allahabad,BR023,80418.0,537,Verified,2015-08-31,Gold,1,Branch Walk-in
CUST02558,Akash Sharma,51,F,Self-Employed,Madhya Pradesh,Indore,BR013,184607.0,717,Verified,2021-05-25,Premium,0,Referral
CUST02559,Aarav Desai,54,F,Self-Employed,Karnataka,Mysuru,BR043,268115.0,753,Verified,2018-11-13,Premium,0,Branch Walk-in
CUST02560,Suresh Menon,56,F,Retired,Karnataka,Mysuru,BR047,64082.0,748,Verified,2023-02-25,Gold,0,Online
CUST02561,Meera Banerjee,21,F,Self-Employed,Andhra Pradesh,Guntur,BR045,275024.0,674,Verified,2018-10-01,Premium,0,Referral
CUST02562,Utkarsh Banerjee,59,F,Self-Employed,Andhra Pradesh,Visakhapatnam,BR033,289522.0,743,Verified,2023-09-18,Premium,0,Referral
CUST02563,Neha Sharma,21,M,Business Owner,Kerala,Thrissur,BR026,726176.0,769,Verified,2015-02-23,Premium,0,Online
CUST02564,Rohit Reddy,61,M,Salaried,Kerala,Kozhikode,BR018,182615.0,731,Expired,2019-04-19,Premium,0,Online
CUST02565,Riya Trivedi,42,M,Self-Employed,Bihar,Gaya,BR048,197471.0,665,Verified,2020-11-03,Premium,0,Camp
CUST02566,Rekha Trivedi,64,F,Freelancer,Karnataka,Mangaluru,BR002,53685.0,666,Verified,2020-10-19,Gold,0,Online
CUST02567,Sneha Banerjee,69,F,Salaried,Punjab,Patiala,BR048,131045.0,646,Verified,2022-04-20,Premium,0,Agent
CUST02568,Amit Banerjee,69,M,Business Owner,West Bengal,Durgapur,BR027,574556.0,833,Verified,2021-06-09,Premium,1,Referral
CUST02569,Zara Pillai,59,M,Government Employee,West Bengal,Howrah,BR004,90293.0,749,Pending,2022-12-05,Gold,0,Branch Walk-in
CUST02570,Tanvi Mishra,49,M,Business Owner,Punjab,Chandigarh,BR042,532468.0,772,Verified,2018-09-16,Premium,0,Online
CUST02571,Divya Chatterjee,44,M,Homemaker,Telangana,Hyderabad,BR016,2908.0,682,Verified,2020-10-14,Basic,0,Branch Walk-in
CUST02572,Nisha Shah,38,F,Retired,Madhya Pradesh,Indore,BR044,27712.0,598,Verified,2022-10-20,Silver,0,Branch Walk-in
CUST02573,Nisha Reddy,21,M,Business Owner,West Bengal,Howrah,BR017,228956.0,707,Verified,2017-03-06,Premium,0,Online
CUST02574,Ravi Malhotra,40,F,Salaried,Andhra Pradesh,Vijayawada,BR038,79944.0,692,Verified,2020-11-11,Gold,1,Branch Walk-in
CUST02575,Priya Krishnan,30,F,Salaried,Rajasthan,Jaipur,BR031,98167.0,856,Verified,2020-04-05,Gold,0,Online
CUST02576,Ajay Kumar,53,M,Salaried,Rajasthan,Jaipur,BR050,123651.0,638,Verified,2016-08-02,Premium,0,Referral
CUST02577,Ishaan Krishnan,24,F,Student,Gujarat,Ahmedabad,BR029,9061.0,769,Verified,2017-11-15,Basic,0,Online
CUST02578,Sunil Sharma,53,F,Salaried,Gujarat,Rajkot,BR019,146621.0,769,Verified,2019-03-24,Premium,0,Agent
CUST02579,Vikram Sharma,44,M,Salaried,Kerala,Kozhikode,BR004,62143.0,709,Verified,2020-08-30,Gold,0,Referral
CUST02580,Suresh Saxena,49,F,Business Owner,Telangana,Warangal,BR015,439445.0,873,Verified,2018-04-06,Premium,0,Branch Walk-in
CUST02581,Anil Desai,33,F,Student,Uttar Pradesh,Kanpur,BR045,4003.0,703,Verified,2021-05-31,Basic,0,Online
CUST02582,Suresh Malhotra,61,M,Salaried,Andhra Pradesh,Nellore,BR002,57158.0,714,Verified,2016-01-21,Gold,0,Branch Walk-in
CUST02583,Shreya Desai,47,M,Self-Employed,Madhya Pradesh,Ujjain,BR003,21771.0,681,Verified,2016-02-22,Silver,0,Referral
CUST02584,Deepika Pillai,45,M,Salaried,Telangana,Karimnagar,BR040,129848.0,779,Verified,2017-10-13,Premium,0,Referral
CUST02585,Suresh Krishnan,22,M,Student,Madhya Pradesh,Indore,BR038,7406.0,747,Verified,2017-09-05,Basic,0,Branch Walk-in
CUST02586,Aditya Das,28,M,Self-Employed,Gujarat,Surat,BR002,64401.0,655,Verified,2022-02-09,Gold,0,Online
CUST02587,Sanjay Mehta,29,F,Student,Punjab,Jalandhar,BR029,4540.0,601,Verified,2015-12-03,Basic,0,Online
CUST02588,Isha Kapoor,21,F,Freelancer,West Bengal,Howrah,BR036,72030.0,682,Verified,2017-07-25,Gold,0,Branch Walk-in
CUST02589,Priya Rao,53,F,Government Employee,Karnataka,Mysuru,BR027,34771.0,638,Verified,2019-12-15,Silver,0,Branch Walk-in
CUST02590,Neha Rao,54,F,Self-Employed,Andhra Pradesh,Guntur,BR032,133832.0,702,Expired,2015-05-01,Premium,0,Referral
CUST02591,Ravi Reddy,31,M,Self-Employed,Telangana,Karimnagar,BR012,144119.0,783,Verified,2022-12-04,Premium,0,Branch Walk-in
CUST02592,Vikram Singh,48,M,Self-Employed,Maharashtra,Nashik,BR018,148409.0,682,Verified,2015-11-25,Premium,0,Online
CUST02593,Rajesh Yadav,43,F,Salaried,Andhra Pradesh,Visakhapatnam,BR035,116429.0,700,Pending,2017-04-27,Premium,0,Branch Walk-in
CUST02594,Pooja Singh,19,F,Salaried,Punjab,Jalandhar,BR017,25229.0,688,Pending,2018-05-02,Silver,0,Online
CUST02595,Tanvi Mehta,68,Other,Self-Employed,Haryana,Rohtak,BR035,72360.0,745,Expired,2021-10-30,Gold,0,Online
CUST02596,Sachin Tiwari,30,Other,Business Owner,Karnataka,Mysuru,BR030,902689.0,725,Verified,2017-12-18,Premium,0,Branch Walk-in
CUST02597,Rina Chatterjee,68,F,Retired,Gujarat,Vadodara,BR006,16170.0,646,Verified,2016-06-15,Basic,0,Branch Walk-in
CUST02598,Pooja Das,50,F,Salaried,Haryana,Gurugram,BR031,161403.0,724,Verified,2021-10-23,Premium,0,Online
CUST02599,Vikram Chatterjee,21,F,Retired,Karnataka,Bengaluru,BR031,33524.0,758,Verified,2018-10-29,Silver,0,Online
CUST02600,Anjali Patel,21,F,Salaried,Delhi,Noida,BR027,82317.0,666,Verified,2016-02-23,Gold,0,Referral
CUST02601,Aarav Iyer,41,M,Business Owner,Maharashtra,Mumbai,BR032,76673.0,582,Verified,2018-01-02,Gold,0,Online
CUST02602,Anita Verma,29,F,Business Owner,Punjab,Ludhiana,BR046,81134.0,733,Pending,2015-03-16,Gold,0,Online
CUST02603,Ajay Nair,61,F,Business Owner,Kerala,Thrissur,BR018,708178.0,783,Verified,2020-09-04,Premium,0,Referral
CUST02604,Sunil Desai,28,F,Retired,West Bengal,Durgapur,BR017,37526.0,616,Verified,2021-07-11,Silver,0,Online
CUST02605,Yash Mehta,25,M,Self-Employed,Maharashtra,Nagpur,BR006,114528.0,665,Verified,2018-08-05,Premium,0,Online
CUST02606,Yash Yadav,67,M,Self-Employed,Andhra Pradesh,Visakhapatnam,BR016,295240.0,727,Verified,2018-11-28,Premium,0,Referral
CUST02607,Priyanka Krishnan,25,M,Self-Employed,Punjab,Patiala,BR029,226910.0,689,Verified,2021-05-29,Premium,0,Referral
CUST02608,Rohit Pandey,20,F,Business Owner,Madhya Pradesh,Jabalpur,BR020,809942.0,709,Verified,2023-11-12,Premium,0,Branch Walk-in
CUST02609,Utkarsh Verma,70,M,Salaried,Kerala,Kochi,BR033,164469.0,766,Verified,2023-07-25,Premium,0,Branch Walk-in
CUST02610,Priya Iyer,53,F,Business Owner,Gujarat,Ahmedabad,BR037,464893.0,849,Verified,2018-02-08,Premium,1,Referral
CUST02611,Sneha Yadav,21,F,Salaried,Karnataka,Bengaluru,BR008,184433.0,755,Verified,2023-10-25,Premium,0,Online
CUST02612,Isha Singh,64,M,Business Owner,Rajasthan,Ajmer,BR040,355432.0,682,Verified,2018-10-13,Premium,0,Online
CUST02613,Ravi Krishnan,62,F,Self-Employed,Tamil Nadu,Chennai,BR043,71589.0,682,Verified,2019-09-05,Gold,0,Agent
CUST02614,Sunil Krishnan,57,M,Salaried,Delhi,Gurgaon,BR017,194366.0,718,Verified,2023-06-05,Premium,0,Online
CUST02615,Seema Pandey,48,M,Retired,Delhi,Faridabad,BR034,74890.0,730,Verified,2016-09-25,Gold,0,Branch Walk-in
CUST02616,Aarav Mehta,35,M,Student,Punjab,Amritsar,BR039,4469.0,720,Verified,2021-07-30,Basic,0,Branch Walk-in
CUST02617,Priya Rao,68,M,Business Owner,Haryana,Panipat,BR017,885600.0,813,Verified,2016-05-15,Premium,0,Branch Walk-in
CUST02618,Rina Krishnan,29,M,Business Owner,Telangana,Karimnagar,BR010,452632.0,775,Verified,2022-04-12,Premium,0,Camp
CUST02619,Yash Tiwari,35,M,Salaried,Uttar Pradesh,Varanasi,BR031,82643.0,723,Verified,2019-05-23,Gold,0,Branch Walk-in
CUST02620,Aarav Kapoor,62,M,Freelancer,Kerala,Thiruvananthapuram,BR047,147884.0,796,Verified,2022-01-28,Premium,0,Online
CUST02621,Sunita Pandey,34,M,Business Owner,Punjab,Chandigarh,BR045,408033.0,803,Verified,2019-03-29,Premium,0,Camp
CUST02622,Varun Gupta,45,F,Business Owner,Telangana,Karimnagar,BR031,732829.0,873,Verified,2020-12-11,Premium,0,Online
CUST02623,Zara Sharma,33,F,Salaried,Rajasthan,Jodhpur,BR046,176867.0,720,Verified,2016-01-21,Premium,0,Branch Walk-in
CUST02624,Ajay Krishnan,26,M,Self-Employed,Gujarat,Surat,BR007,216368.0,807,Verified,2022-08-25,Premium,0,Online
CUST02625,Ajay Trivedi,49,M,Student,Punjab,Ludhiana,BR042,674.0,704,Verified,2022-01-15,Basic,0,Online
CUST02626,Pooja Chatterjee,22,F,Salaried,Tamil Nadu,Chennai,BR007,61699.0,640,Verified,2015-03-31,Gold,0,Referral
CUST02627,Rina Das,62,M,Salaried,Maharashtra,Thane,BR027,179351.0,800,Verified,2020-11-24,Premium,0,Online
CUST02628,Karan Shah,19,M,Self-Employed,Gujarat,Vadodara,BR006,62095.0,734,Pending,2023-11-20,Gold,0,Online
CUST02629,Tanvi Mishra,38,F,Business Owner,Uttar Pradesh,Varanasi,BR028,842472.0,821,Verified,2019-08-21,Premium,0,Branch Walk-in
CUST02630,Shreya Kumar,36,M,Retired,Uttar Pradesh,Kanpur,BR045,44185.0,660,Verified,2015-08-12,Silver,0,Referral
CUST02631,Meera Saxena,47,M,Business Owner,Bihar,Darbhanga,BR035,136612.0,725,Verified,2017-11-07,Premium,0,Agent
CUST02632,Manoj Pillai,46,M,Salaried,Uttar Pradesh,Varanasi,BR019,187657.0,745,Pending,2023-03-05,Premium,0,Referral
CUST02633,Anil Nair,65,M,Self-Employed,Delhi,Gurgaon,BR010,122935.0,716,Verified,2015-06-30,Premium,0,Online
CUST02634,Sunil Chatterjee,65,M,Freelancer,Tamil Nadu,Madurai,BR029,20943.0,702,Verified,2018-02-04,Silver,0,Online
CUST02635,Yash Agarwal,45,F,Salaried,Bihar,Muzaffarpur,BR031,55360.0,793,Verified,2017-03-12,Gold,0,Online
CUST02636,Priyanka Malhotra,48,M,Student,Gujarat,Gandhinagar,BR023,2183.0,744,Verified,2017-02-20,Basic,0,Branch Walk-in
CUST02637,Sachin Saxena,28,F,Salaried,Gujarat,Rajkot,BR002,163015.0,724,Verified,2015-09-17,Premium,0,Agent
CUST02638,Zara Trivedi,61,M,Student,Uttar Pradesh,Allahabad,BR047,2229.0,736,Verified,2022-08-27,Basic,0,Camp
CUST02639,Utkarsh Das,44,F,Student,Uttar Pradesh,Lucknow,BR024,6376.0,619,Verified,2019-11-09,Basic,0,Referral
CUST02640,Rajesh Desai,37,F,Business Owner,Bihar,Muzaffarpur,BR025,965714.0,897,Verified,2019-09-27,Premium,0,Online
CUST02641,Riya Chatterjee,57,F,Student,Tamil Nadu,Coimbatore,BR012,8481.0,790,Verified,2017-10-10,Basic,0,Referral
CUST02642,Sanjay Mishra,28,F,Retired,Maharashtra,Mumbai,BR043,30545.0,673,Verified,2019-06-15,Silver,0,Branch Walk-in
CUST02643,Meera Patel,58,M,Self-Employed,Telangana,Hyderabad,BR032,173220.0,663,Pending,2020-06-30,Premium,0,Agent
CUST02644,Pooja Singh,25,F,Salaried,Tamil Nadu,Trichy,BR033,67232.0,654,Verified,2023-08-02,Gold,0,Branch Walk-in
CUST02645,Aditya Chatterjee,53,F,Salaried,Rajasthan,Ajmer,BR040,160636.0,646,Pending,2016-04-15,Premium,0,Branch Walk-in
CUST02646,Pooja Verma,47,M,Salaried,West Bengal,Durgapur,BR013,28706.0,638,Verified,2022-08-27,Silver,1,Agent
CUST02647,Siddharth Agarwal,41,M,Business Owner,Gujarat,Gandhinagar,BR028,489546.0,755,Verified,2020-01-13,Premium,0,Camp
CUST02648,Divya Mishra,33,F,Homemaker,Maharashtra,Nagpur,BR021,3442.0,596,Verified,2021-07-31,Basic,0,Online
CUST02649,Ravi Shah,57,M,Business Owner,Andhra Pradesh,Guntur,BR005,377725.0,756,Pending,2017-09-24,Premium,0,Branch Walk-in
CUST02650,Isha Tiwari,67,F,Homemaker,Andhra Pradesh,Vijayawada,BR030,2648.0,734,Verified,2023-07-08,Basic,0,Agent
CUST02651,Sanjay Kumar,41,M,Salaried,Kerala,Thiruvananthapuram,BR006,111000.0,647,Verified,2020-01-13,Premium,0,Referral
CUST02652,Rajesh Saxena,34,F,Business Owner,West Bengal,Siliguri,BR049,490068.0,869,Verified,2015-06-09,Premium,1,Branch Walk-in
CUST02653,Isha Saxena,29,Other,Retired,Haryana,Hisar,BR044,62027.0,723,Pending,2016-07-22,Gold,0,Referral
CUST02654,Suresh Reddy,45,M,Government Employee,Delhi,Faridabad,BR013,51020.0,752,Verified,2015-05-18,Gold,0,Online
CUST02655,Rekha Mishra,28,M,Retired,Maharashtra,Nagpur,BR046,37983.0,648,Verified,2020-05-23,Silver,0,Online
CUST02656,Sanjay Mehta,59,M,Salaried,Andhra Pradesh,Guntur,BR006,66417.0,744,Verified,2017-08-14,Gold,0,Branch Walk-in
CUST02657,Priya Yadav,65,M,Student,Madhya Pradesh,Bhopal,BR014,9632.0,616,Verified,2018-12-20,Basic,0,Branch Walk-in
CUST02658,Anjali Verma,47,M,Business Owner,Madhya Pradesh,Ujjain,BR028,456143.0,824,Verified,2022-01-29,Premium,0,Referral
CUST02659,Rajesh Singh,23,Other,Salaried,Delhi,New Delhi,BR050,179499.0,726,Verified,2018-06-20,Premium,0,Agent
CUST02660,Seema Singh,56,F,Business Owner,Uttar Pradesh,Lucknow,BR011,98202.0,732,Verified,2023-12-27,Gold,0,Online
CUST02661,Rajesh Kumar,54,M,Salaried,Tamil Nadu,Chennai,BR037,177050.0,644,Verified,2015-08-13,Premium,0,Camp
CUST02662,Ajay Pillai,27,M,Self-Employed,Haryana,Faridabad,BR007,81549.0,642,Expired,2022-05-02,Gold,1,Referral
CUST02663,Rina Gupta,59,F,Salaried,Haryana,Gurugram,BR031,63090.0,728,Verified,2016-07-27,Gold,0,Branch Walk-in
CUST02664,Sachin Menon,31,F,Salaried,Bihar,Patna,BR008,161801.0,655,Verified,2015-05-23,Premium,0,Online
CUST02665,Siddharth Patel,51,F,Salaried,Rajasthan,Jaipur,BR032,108081.0,729,Verified,2021-08-25,Premium,0,Referral
CUST02666,Deepika Pillai,70,M,Salaried,Gujarat,Rajkot,BR010,91032.0,616,Verified,2018-07-22,Gold,0,Online
CUST02667,Sanjay Tiwari,60,F,Business Owner,Haryana,Gurugram,BR006,757136.0,882,Verified,2015-12-07,Premium,1,Camp
CUST02668,Utkarsh Das,67,M,Self-Employed,Tamil Nadu,Trichy,BR040,73646.0,620,Verified,2022-03-22,Gold,0,Branch Walk-in
CUST02669,Priyanka Nair,56,M,Self-Employed,Andhra Pradesh,Nellore,BR026,84986.0,730,Verified,2017-04-30,Gold,0,Branch Walk-in
CUST02670,Ananya Reddy,68,F,Retired,Punjab,Amritsar,BR034,16718.0,720,Verified,2023-06-06,Basic,0,Branch Walk-in
CUST02671,Riya Mehta,43,F,Student,Telangana,Warangal,BR002,3376.0,638,Verified,2023-05-09,Basic,0,Branch Walk-in
CUST02672,Karan Kumar,56,F,Self-Employed,Andhra Pradesh,Visakhapatnam,BR016,223679.0,759,Pending,2023-05-21,Premium,0,Referral
CUST02673,Deepika Joshi,65,F,Freelancer,Delhi,Noida,BR036,55665.0,706,Verified,2020-05-19,Gold,0,Online
CUST02674,Vikram Agarwal,28,F,Self-Employed,Maharashtra,Pune,BR020,236811.0,695,Pending,2019-01-01,Premium,0,Online
CUST02675,Priya Kapoor,33,M,Salaried,Rajasthan,Ajmer,BR041,118081.0,643,Verified,2015-07-22,Premium,0,Online
CUST02676,Arjun Pillai,48,M,Self-Employed,Rajasthan,Udaipur,BR034,283963.0,619,Verified,2019-07-10,Premium,0,Online
CUST02677,Utkarsh Patel,28,M,Salaried,Karnataka,Mangaluru,BR022,125640.0,726,Verified,2023-03-07,Premium,0,Online
CUST02678,Seema Mehta,41,F,Student,Karnataka,Hubli,BR017,4394.0,586,Verified,2016-12-01,Basic,0,Branch Walk-in
CUST02679,Tanvi Singh,42,M,Salaried,Uttar Pradesh,Varanasi,BR008,185551.0,722,Verified,2018-05-16,Premium,0,Referral
CUST02680,Priya Verma,58,F,Salaried,Madhya Pradesh,Gwalior,BR022,72182.0,678,Verified,2020-12-18,Gold,0,Online
CUST02681,Riya Menon,35,F,Self-Employed,Telangana,Warangal,BR032,244982.0,769,Verified,2018-05-17,Premium,0,Branch Walk-in
CUST02682,Mihir Sharma,68,F,Business Owner,Gujarat,Gandhinagar,BR023,452792.0,752,Verified,2015-02-25,Premium,1,Online
CUST02683,Rekha Agarwal,32,F,Student,Delhi,Dwarka,BR032,9687.0,662,Verified,2021-05-27,Basic,0,Referral
CUST02684,Manoj Iyer,31,F,Retired,Haryana,Rohtak,BR048,40388.0,731,Pending,2018-12-11,Silver,0,Online
CUST02685,Priyanka Kapoor,55,F,Government Employee,Punjab,Jalandhar,BR002,47431.0,709,Verified,2015-07-02,Silver,0,Agent
CUST02686,Sachin Tiwari,44,F,Salaried,Maharashtra,Nashik,BR008,165617.0,732,Verified,2019-06-02,Premium,0,Online
CUST02687,Aarav Kapoor,48,M,Retired,Uttar Pradesh,Agra,BR013,67842.0,721,Verified,2015-07-30,Gold,0,Online
CUST02688,Vijay Iyer,25,M,Retired,Punjab,Patiala,BR022,34817.0,594,Verified,2018-01-31,Silver,0,Online
CUST02689,Vikram Kumar,66,M,Government Employee,Telangana,Warangal,BR006,92703.0,743,Verified,2021-01-06,Gold,0,Branch Walk-in
CUST02690,Rekha Desai,31,F,Government Employee,Rajasthan,Jaipur,BR042,54381.0,727,Verified,2022-11-04,Gold,0,Branch Walk-in
CUST02691,Vikram Reddy,53,F,Student,Gujarat,Ahmedabad,BR027,2280.0,619,Verified,2017-10-05,Basic,0,Branch Walk-in
CUST02692,Divya Desai,18,F,Salaried,Punjab,Chandigarh,BR004,106397.0,686,Verified,2016-10-04,Premium,0,Online
CUST02693,Deepak Mehta,67,M,Retired,Karnataka,Mysuru,BR003,76522.0,692,Pending,2020-02-18,Gold,0,Online
CUST02694,Ajay Joshi,67,M,Student,Andhra Pradesh,Visakhapatnam,BR021,1498.0,672,Verified,2018-06-09,Basic,0,Referral
CUST02695,Akash Krishnan,53,M,Self-Employed,Bihar,Bhagalpur,BR043,50538.0,710,Pending,2018-07-17,Gold,0,Online
CUST02696,Anil Saxena,39,F,Retired,Haryana,Rohtak,BR007,48647.0,775,Verified,2017-03-18,Silver,0,Camp
CUST02697,Anil Mishra,64,M,Salaried,Maharashtra,Nashik,BR039,188802.0,782,Expired,2023-04-19,Premium,0,Online
CUST02698,Rekha Das,59,M,Self-Employed,Rajasthan,Udaipur,BR017,38292.0,608,Verified,2016-10-02,Silver,0,Online
CUST02699,Manoj Das,49,F,Student,Telangana,Warangal,BR047,2129.0,717,Verified,2023-10-13,Basic,0,Branch Walk-in
CUST02700,Akash Agarwal,64,F,Business Owner,Haryana,Rohtak,BR019,520798.0,863,Pending,2015-01-30,Premium,0,Online
CUST02701,Deepak Verma,66,F,Salaried,Delhi,Noida,BR007,138715.0,730,Verified,2015-07-11,Premium,0,Online
CUST02702,Sneha Krishnan,64,F,Self-Employed,Kerala,Thrissur,BR043,20566.0,749,Verified,2022-04-28,Silver,1,Referral
CUST02703,Arjun Tiwari,37,F,Salaried,Punjab,Amritsar,BR030,95439.0,819,Verified,2017-04-10,Gold,0,Camp
CUST02704,Pooja Banerjee,19,F,Student,West Bengal,Kolkata,BR049,4470.0,742,Verified,2019-03-09,Basic,0,Referral
CUST02705,Pooja Yadav,55,F,Retired,Andhra Pradesh,Tirupati,BR049,29612.0,700,Verified,2015-08-16,Silver,0,Camp
CUST02706,Pooja Saxena,35,M,Salaried,Andhra Pradesh,Nellore,BR016,128927.0,768,Verified,2022-05-28,Premium,0,Referral
CUST02707,Shreya Pillai,48,M,Salaried,Kerala,Thrissur,BR023,164728.0,721,Verified,2019-07-30,Premium,0,Online
CUST02708,Rekha Reddy,28,M,Business Owner,Telangana,Hyderabad,BR050,527038.0,786,Verified,2022-08-07,Premium,0,Agent
CUST02709,Karan Rao,26,F,Salaried,Maharashtra,Pune,BR020,157089.0,690,Verified,2016-01-15,Premium,1,Branch Walk-in
CUST02710,Yash Nair,34,M,Self-Employed,Tamil Nadu,Coimbatore,BR048,113414.0,796,Verified,2021-04-25,Premium,0,Branch Walk-in
CUST02711,Anjali Rao,64,M,Student,West Bengal,Durgapur,BR050,3811.0,631,Verified,2020-09-12,Basic,0,Online
CUST02712,Amit Tiwari,39,F,Salaried,Haryana,Rohtak,BR024,148916.0,801,Verified,2018-05-28,Premium,0,Referral
CUST02713,Kavya Kumar,67,M,Student,Gujarat,Surat,BR026,4082.0,710,Verified,2018-07-21,Basic,1,Branch Walk-in
CUST02714,Mihir Malhotra,67,M,Self-Employed,Uttar Pradesh,Agra,BR045,284744.0,652,Verified,2023-11-03,Premium,0,Branch Walk-in
CUST02715,Mihir Yadav,55,M,Salaried,Punjab,Ludhiana,BR012,61382.0,714,Verified,2015-08-08,Gold,0,Referral
CUST02716,Priya Krishnan,55,F,Self-Employed,Andhra Pradesh,Vijayawada,BR001,103975.0,574,Verified,2018-07-14,Premium,0,Branch Walk-in
CUST02717,Meera Chatterjee,25,M,Salaried,Tamil Nadu,Coimbatore,BR049,135645.0,744,Verified,2023-10-03,Premium,0,Branch Walk-in
CUST02718,Yash Gupta,18,F,Business Owner,Gujarat,Rajkot,BR036,305913.0,794,Verified,2018-09-23,Premium,0,Online
CUST02719,Neha Trivedi,54,M,Freelancer,Andhra Pradesh,Vijayawada,BR031,105634.0,665,Verified,2015-04-13,Premium,0,Online
CUST02720,Zara Pandey,60,F,Self-Employed,Haryana,Faridabad,BR007,213568.0,730,Verified,2018-10-14,Premium,0,Branch Walk-in
CUST02721,Rina Joshi,56,M,Business Owner,Delhi,Gurgaon,BR013,457243.0,888,Expired,2021-03-03,Premium,0,Online
CUST02722,Anita Desai,47,M,Salaried,Punjab,Patiala,BR003,132382.0,676,Verified,2022-12-22,Premium,0,Referral
CUST02723,Siddharth Yadav,50,M,Salaried,Maharashtra,Pune,BR011,90473.0,634,Verified,2022-02-26,Gold,0,Branch Walk-in
CUST02724,Ajay Desai,65,F,Self-Employed,Gujarat,Ahmedabad,BR026,200065.0,808,Verified,2021-11-20,Premium,0,Camp
CUST02725,Nisha Kumar,37,F,Salaried,West Bengal,Siliguri,BR031,170047.0,831,Verified,2022-04-16,Premium,0,Agent
CUST02726,Tanvi Verma,37,M,Salaried,Maharashtra,Pune,BR034,50661.0,690,Verified,2022-12-28,Gold,0,Online
CUST02727,Vijay Pandey,61,M,Salaried,Andhra Pradesh,Tirupati,BR019,197513.0,780,Verified,2018-11-16,Premium,0,Branch Walk-in
CUST02728,Vikram Tiwari,65,F,Salaried,Uttar Pradesh,Allahabad,BR023,75049.0,775,Verified,2021-03-01,Gold,0,Branch Walk-in
CUST02729,Sunil Kumar,65,F,Salaried,West Bengal,Howrah,BR003,174130.0,670,Pending,2015-04-08,Premium,0,Online
CUST02730,Sunil Yadav,28,M,Student,Rajasthan,Jodhpur,BR044,3509.0,651,Verified,2021-08-23,Basic,0,Branch Walk-in
CUST02731,Vijay Singh,46,M,Homemaker,Haryana,Faridabad,BR019,1340.0,754,Verified,2018-08-21,Basic,0,Online
CUST02732,Monika Malhotra,51,M,Salaried,Maharashtra,Nashik,BR001,100388.0,801,Pending,2015-05-23,Premium,0,Online
CUST02733,Sunil Agarwal,54,M,Student,Andhra Pradesh,Tirupati,BR050,6279.0,715,Verified,2018-05-13,Basic,0,Branch Walk-in
CUST02734,Pooja Gupta,57,F,Student,West Bengal,Siliguri,BR004,6709.0,628,Verified,2018-05-14,Basic,0,Referral
CUST02735,Sachin Agarwal,24,F,Freelancer,Punjab,Amritsar,BR041,21882.0,803,Verified,2020-12-15,Silver,0,Camp
CUST02736,Manoj Malhotra,68,F,Homemaker,Bihar,Muzaffarpur,BR017,1067.0,648,Pending,2018-12-23,Basic,0,Referral
CUST02737,Tanvi Rao,54,M,Self-Employed,Haryana,Hisar,BR009,23548.0,664,Expired,2020-08-23,Silver,0,Online
CUST02738,Nisha Malhotra,23,M,Self-Employed,Madhya Pradesh,Gwalior,BR048,184123.0,737,Verified,2023-07-20,Premium,0,Online
CUST02739,Monika Shah,50,M,Business Owner,Rajasthan,Ajmer,BR021,88548.0,790,Verified,2017-09-07,Gold,0,Online
CUST02740,Priya Krishnan,56,M,Self-Employed,Kerala,Thrissur,BR018,286406.0,788,Verified,2017-10-24,Premium,0,Branch Walk-in
CUST02741,Anita Iyer,25,M,Salaried,Rajasthan,Ajmer,BR022,57666.0,716,Verified,2016-09-26,Gold,0,Branch Walk-in
CUST02742,Tanvi Rao,37,M,Salaried,Uttar Pradesh,Allahabad,BR003,98431.0,727,Verified,2019-12-12,Gold,0,Branch Walk-in
CUST02743,Sunil Saxena,45,F,Salaried,Rajasthan,Udaipur,BR029,153565.0,713,Verified,2017-01-31,Premium,0,Branch Walk-in
CUST02744,Ravi Shah,54,F,Salaried,Gujarat,Ahmedabad,BR049,167826.0,747,Verified,2021-11-21,Premium,0,Online
CUST02745,Deepika Shah,58,F,Business Owner,Andhra Pradesh,Vijayawada,BR041,92194.0,546,Verified,2020-02-24,Gold,0,Branch Walk-in
CUST02746,Rajesh Shah,43,M,Student,Uttar Pradesh,Varanasi,BR046,13.0,662,Verified,2018-10-20,Basic,0,Branch Walk-in
CUST02747,Ananya Verma,18,F,Student,Gujarat,Rajkot,BR013,1059.0,694,Verified,2015-07-13,Basic,0,Branch Walk-in
CUST02748,Vijay Mehta,42,F,Business Owner,Uttar Pradesh,Lucknow,BR024,760290.0,762,Verified,2016-07-17,Premium,0,Agent
CUST02749,Sunil Bose,39,F,Retired,Punjab,Amritsar,BR003,22853.0,707,Verified,2016-08-12,Silver,0,Online
CUST02750,Amit Sharma,68,F,Self-Employed,Uttar Pradesh,Varanasi,BR006,203175.0,708,Verified,2016-04-22,Premium,0,Branch Walk-in
CUST02751,Aditi Agarwal,53,F,Salaried,Bihar,Gaya,BR046,183755.0,822,Verified,2021-03-22,Premium,0,Branch Walk-in
CUST02752,Suresh Iyer,22,M,Retired,Kerala,Thiruvananthapuram,BR014,64556.0,787,Verified,2019-10-03,Gold,0,Agent
CUST02753,Amit Agarwal,70,M,Business Owner,Madhya Pradesh,Gwalior,BR003,252538.0,702,Verified,2016-03-29,Premium,0,Referral
CUST02754,Varun Yadav,24,F,Self-Employed,Telangana,Khammam,BR001,34464.0,677,Verified,2018-01-31,Silver,0,Branch Walk-in
CUST02755,Sanjay Agarwal,41,F,Government Employee,Maharashtra,Thane,BR038,114887.0,698,Verified,2022-04-21,Premium,0,Online
CUST02756,Sunil Kapoor,25,F,Salaried,Bihar,Patna,BR035,141764.0,681,Verified,2017-03-29,Premium,0,Referral
CUST02757,Priyanka Agarwal,38,F,Salaried,Andhra Pradesh,Visakhapatnam,BR013,87506.0,709,Pending,2023-08-23,Gold,0,Referral
CUST02758,Ravi Pandey,39,Other,Retired,Tamil Nadu,Chennai,BR019,54002.0,645,Verified,2023-08-04,Gold,0,Agent
CUST02759,Riya Iyer,66,M,Salaried,Haryana,Rohtak,BR041,95798.0,631,Verified,2015-10-28,Gold,0,Referral
CUST02760,Priyanka Gupta,25,F,Salaried,Bihar,Gaya,BR028,95866.0,736,Pending,2019-08-31,Gold,0,Branch Walk-in
CUST02761,Arjun Reddy,62,M,Retired,Haryana,Rohtak,BR003,19899.0,721,Verified,2023-07-02,Basic,0,Branch Walk-in
CUST02762,Aarav Mishra,40,F,Salaried,Kerala,Kozhikode,BR017,30221.0,637,Verified,2021-11-14,Silver,0,Agent
CUST02763,Shreya Pillai,62,M,Retired,Uttar Pradesh,Lucknow,BR027,76403.0,749,Verified,2019-06-18,Gold,0,Online
CUST02764,Anjali Mehta,49,M,Business Owner,Andhra Pradesh,Guntur,BR037,294997.0,701,Verified,2019-08-31,Premium,0,Online
CUST02765,Zara Pillai,30,F,Salaried,West Bengal,Siliguri,BR028,143035.0,723,Verified,2019-11-23,Premium,0,Referral
CUST02766,Ajay Pillai,36,M,Self-Employed,Tamil Nadu,Chennai,BR007,156180.0,760,Expired,2023-12-03,Premium,0,Online
CUST02767,Divya Pandey,26,F,Homemaker,Uttar Pradesh,Agra,BR038,4830.0,678,Expired,2021-08-04,Basic,0,Referral
CUST02768,Rohit Pandey,43,F,Student,Rajasthan,Jodhpur,BR050,4354.0,708,Verified,2018-03-24,Basic,0,Agent
CUST02769,Isha Bose,25,M,Business Owner,Kerala,Thrissur,BR031,426042.0,734,Verified,2021-06-09,Premium,0,Branch Walk-in
CUST02770,Sanjay Kumar,31,M,Freelancer,Karnataka,Hubli,BR032,31276.0,674,Expired,2017-07-05,Silver,0,Online
CUST02771,Rina Mehta,38,F,Salaried,Haryana,Rohtak,BR003,155397.0,698,Pending,2023-11-21,Premium,0,Branch Walk-in
CUST02772,Shreya Joshi,18,F,Student,Bihar,Patna,BR022,6259.0,636,Verified,2018-11-15,Basic,0,Branch Walk-in
CUST02773,Nisha Kumar,57,M,Salaried,Andhra Pradesh,Tirupati,BR002,65239.0,682,Verified,2017-07-17,Gold,0,Online
CUST02774,Anil Gupta,34,F,Salaried,Andhra Pradesh,Visakhapatnam,BR038,180594.0,623,Verified,2018-11-06,Premium,0,Referral
CUST02775,Ravi Krishnan,49,F,Homemaker,Telangana,Hyderabad,BR035,2560.0,651,Verified,2019-07-07,Basic,0,Online
CUST02776,Aditya Tiwari,27,M,Student,Bihar,Bhagalpur,BR038,6892.0,664,Pending,2020-03-02,Basic,0,Online
CUST02777,Anjali Banerjee,54,M,Self-Employed,Tamil Nadu,Chennai,BR014,261666.0,716,Verified,2023-10-18,Premium,0,Referral
CUST02778,Sunita Tiwari,44,F,Salaried,Rajasthan,Jodhpur,BR020,85166.0,682,Verified,2022-11-18,Gold,0,Referral
CUST02779,Divya Rao,36,M,Self-Employed,Gujarat,Gandhinagar,BR031,236246.0,723,Verified,2020-11-25,Premium,0,Camp
CUST02780,Sanjay Mehta,49,M,Student,Delhi,Dwarka,BR048,8240.0,710,Verified,2017-07-15,Basic,0,Branch Walk-in
CUST02781,Deepak Sharma,61,M,Freelancer,Karnataka,Bengaluru,BR030,92423.0,750,Expired,2018-03-05,Gold,0,Online
CUST02782,Yash Pillai,48,M,Self-Employed,Uttar Pradesh,Allahabad,BR012,60269.0,653,Verified,2019-06-16,Gold,0,Branch Walk-in
CUST02783,Yash Singh,37,F,Freelancer,Delhi,Faridabad,BR035,61724.0,620,Verified,2023-07-08,Gold,0,Online
CUST02784,Arjun Iyer,53,F,Homemaker,Karnataka,Mysuru,BR046,1800.0,617,Verified,2018-03-24,Basic,0,Branch Walk-in
CUST02785,Priya Yadav,63,F,Retired,Punjab,Chandigarh,BR031,73401.0,665,Verified,2016-05-25,Gold,0,Branch Walk-in
CUST02786,Rohit Iyer,36,F,Salaried,Madhya Pradesh,Jabalpur,BR006,87208.0,676,Verified,2021-07-01,Gold,0,Branch Walk-in
CUST02787,Mihir Nair,25,F,Salaried,Kerala,Kollam,BR031,144617.0,662,Pending,2021-03-02,Premium,0,Agent
CUST02788,Sachin Patel,47,F,Retired,Delhi,Faridabad,BR028,16852.0,605,Verified,2015-06-06,Basic,0,Branch Walk-in
CUST02789,Deepak Kapoor,63,M,Self-Employed,Kerala,Kollam,BR032,169680.0,686,Verified,2021-01-20,Premium,0,Online
CUST02790,Deepika Iyer,63,F,Self-Employed,Bihar,Bhagalpur,BR033,298853.0,750,Verified,2017-03-23,Premium,0,Branch Walk-in
CUST02791,Meera Joshi,36,M,Salaried,Rajasthan,Jodhpur,BR033,127090.0,741,Verified,2015-10-07,Premium,0,Online
CUST02792,Meera Desai,46,M,Homemaker,Telangana,Khammam,BR003,69.0,646,Verified,2022-08-31,Basic,0,Referral
CUST02793,Amit Saxena,53,F,Student,Andhra Pradesh,Nellore,BR014,4633.0,656,Verified,2022-10-28,Basic,0,Branch Walk-in
CUST02794,Tanvi Kapoor,18,M,Self-Employed,Rajasthan,Kota,BR049,16064.0,627,Pending,2022-08-23,Basic,0,Branch Walk-in
CUST02795,Rajesh Rao,26,F,Business Owner,Bihar,Gaya,BR044,164876.0,711,Verified,2018-08-13,Premium,0,Referral
CUST02796,Kavya Das,63,M,Self-Employed,Madhya Pradesh,Jabalpur,BR009,240277.0,677,Verified,2018-07-03,Premium,0,Online
CUST02797,Utkarsh Desai,66,F,Salaried,Bihar,Bhagalpur,BR037,31420.0,720,Verified,2021-11-04,Silver,0,Online
CUST02798,Shreya Banerjee,59,F,Salaried,Tamil Nadu,Chennai,BR012,184976.0,609,Verified,2018-07-01,Premium,0,Online
CUST02799,Ishaan Reddy,69,M,Salaried,Karnataka,Belgaum,BR043,100774.0,678,Verified,2016-09-01,Premium,0,Branch Walk-in
CUST02800,Tanvi Reddy,19,F,Student,Uttar Pradesh,Lucknow,BR031,3069.0,698,Verified,2018-11-02,Basic,0,Online
CUST02801,Suresh Krishnan,65,M,Homemaker,Gujarat,Gandhinagar,BR023,4924.0,692,Verified,2021-05-02,Basic,0,Online
CUST02802,Shreya Mishra,44,M,Student,Tamil Nadu,Chennai,BR014,1934.0,841,Verified,2021-09-13,Basic,0,Online
CUST02803,Ananya Joshi,41,F,Business Owner,West Bengal,Siliguri,BR024,798897.0,860,Verified,2022-03-26,Premium,0,Camp
CUST02804,Deepak Trivedi,70,F,Salaried,Karnataka,Belgaum,BR023,199278.0,659,Verified,2015-05-26,Premium,0,Online
CUST02805,Utkarsh Gupta,18,M,Business Owner,Delhi,Dwarka,BR013,695598.0,813,Verified,2023-05-03,Premium,0,Branch Walk-in
CUST02806,Monika Joshi,18,M,Salaried,Kerala,Kochi,BR022,78868.0,589,Verified,2018-02-13,Gold,0,Referral
CUST02807,Utkarsh Gupta,18,F,Salaried,Telangana,Khammam,BR039,176201.0,710,Verified,2023-12-04,Premium,0,Referral
CUST02808,Shreya Menon,37,M,Business Owner,Bihar,Bhagalpur,BR046,847283.0,799,Verified,2016-07-10,Premium,0,Online
CUST02809,Aditya Mishra,32,F,Self-Employed,Kerala,Kollam,BR025,125325.0,759,Verified,2018-02-01,Premium,0,Referral
CUST02810,Rajesh Yadav,61,M,Salaried,West Bengal,Howrah,BR028,55354.0,658,Verified,2021-03-10,Gold,1,Agent
CUST02811,Sneha Krishnan,24,F,Government Employee,Andhra Pradesh,Guntur,BR040,89812.0,690,Verified,2021-03-12,Gold,0,Agent
CUST02812,Zara Desai,39,M,Salaried,West Bengal,Kolkata,BR008,78945.0,657,Verified,2016-08-18,Gold,0,Referral
CUST02813,Sachin Singh,39,M,Self-Employed,Rajasthan,Jaipur,BR038,130796.0,810,Verified,2022-02-23,Premium,0,Online
CUST02814,Meera Kapoor,48,F,Self-Employed,Tamil Nadu,Madurai,BR033,260668.0,712,Expired,2019-12-28,Premium,0,Branch Walk-in
CUST02815,Sunil Rao,27,F,Self-Employed,West Bengal,Kolkata,BR011,154651.0,820,Verified,2023-05-21,Premium,0,Online
CUST02816,Tanvi Pandey,46,M,Salaried,Bihar,Muzaffarpur,BR048,139769.0,756,Verified,2021-08-03,Premium,0,Online
CUST02817,Yash Krishnan,69,M,Retired,Karnataka,Hubli,BR023,62988.0,721,Verified,2019-09-06,Gold,0,Online
CUST02818,Deepak Saxena,46,M,Self-Employed,Telangana,Hyderabad,BR050,156119.0,733,Verified,2015-02-04,Premium,0,Online
CUST02819,Yash Yadav,39,F,Business Owner,Andhra Pradesh,Visakhapatnam,BR042,883653.0,880,Verified,2019-01-12,Premium,0,Branch Walk-in
CUST02820,Utkarsh Mishra,52,M,Self-Employed,West Bengal,Asansol,BR001,76535.0,579,Verified,2021-04-29,Gold,0,Online
CUST02821,Amit Nair,62,M,Self-Employed,Rajasthan,Udaipur,BR048,276859.0,718,Verified,2015-07-01,Premium,0,Branch Walk-in
CUST02822,Aditi Shah,31,M,Retired,Gujarat,Ahmedabad,BR047,26484.0,736,Verified,2019-05-20,Silver,0,Online
CUST02823,Riya Krishnan,55,M,Self-Employed,Uttar Pradesh,Kanpur,BR035,138086.0,704,Verified,2018-06-09,Premium,0,Referral
CUST02824,Pooja Joshi,33,F,Student,Madhya Pradesh,Jabalpur,BR028,2184.0,596,Verified,2017-04-28,Basic,0,Branch Walk-in
CUST02825,Akash Menon,66,M,Student,Kerala,Thiruvananthapuram,BR004,5756.0,678,Verified,2016-03-09,Basic,0,Branch Walk-in
CUST02826,Rohit Banerjee,56,M,Business Owner,Madhya Pradesh,Ujjain,BR008,361503.0,854,Pending,2021-08-31,Premium,0,Online
CUST02827,Priya Joshi,19,F,Government Employee,Tamil Nadu,Trichy,BR013,68440.0,768,Verified,2019-06-26,Gold,0,Branch Walk-in
CUST02828,Sunil Tiwari,39,F,Salaried,West Bengal,Asansol,BR038,29012.0,682,Verified,2020-11-07,Silver,0,Branch Walk-in
CUST02829,Sachin Agarwal,51,M,Self-Employed,West Bengal,Kolkata,BR047,149056.0,766,Verified,2022-05-12,Premium,0,Referral
CUST02830,Arjun Das,33,M,Business Owner,Punjab,Chandigarh,BR011,888894.0,835,Verified,2021-10-16,Premium,0,Online
CUST02831,Ravi Saxena,37,F,Business Owner,Gujarat,Gandhinagar,BR042,961956.0,770,Pending,2016-09-28,Premium,0,Online
CUST02832,Pooja Mishra,62,M,Salaried,Uttar Pradesh,Varanasi,BR001,113379.0,647,Verified,2015-03-14,Premium,0,Online
CUST02833,Pooja Patel,70,F,Homemaker,Punjab,Amritsar,BR008,2137.0,774,Verified,2015-09-11,Basic,0,Referral
CUST02834,Mihir Reddy,50,M,Student,Telangana,Nizamabad,BR034,9690.0,665,Verified,2015-03-08,Basic,0,Online
CUST02835,Priya Pandey,61,M,Salaried,Bihar,Muzaffarpur,BR043,26267.0,670,Verified,2019-12-14,Silver,0,Branch Walk-in
CUST02836,Priya Nair,50,F,Retired,Karnataka,Mangaluru,BR036,30916.0,668,Verified,2021-08-20,Silver,0,Online
CUST02837,Deepak Chatterjee,34,F,Retired,Haryana,Panipat,BR033,79600.0,810,Pending,2015-09-16,Gold,1,Online
CUST02838,Vikram Sharma,20,F,Government Employee,Maharashtra,Pune,BR012,71505.0,791,Verified,2021-04-28,Gold,0,Online
CUST02839,Divya Pandey,28,F,Student,Madhya Pradesh,Bhopal,BR008,2067.0,813,Verified,2015-08-23,Basic,0,Branch Walk-in
CUST02840,Siddharth Reddy,40,F,Homemaker,Maharashtra,Nashik,BR011,4248.0,671,Expired,2021-10-18,Basic,0,Online
CUST02841,Anita Malhotra,68,M,Salaried,Kerala,Kochi,BR023,172278.0,732,Verified,2018-01-23,Premium,0,Agent
CUST02842,Aarav Sharma,53,M,Salaried,Punjab,Patiala,BR023,195869.0,628,Verified,2020-07-20,Premium,0,Online
CUST02843,Akash Mehta,42,F,Government Employee,Haryana,Gurugram,BR049,113995.0,791,Verified,2017-02-23,Premium,0,Online
CUST02844,Sunita Iyer,36,M,Salaried,Andhra Pradesh,Vijayawada,BR023,149043.0,639,Verified,2018-09-13,Premium,0,Agent
CUST02845,Nisha Banerjee,63,F,Salaried,Kerala,Kollam,BR048,82664.0,709,Verified,2020-07-27,Gold,0,Branch Walk-in
CUST02846,Divya Mishra,26,M,Self-Employed,Delhi,Dwarka,BR049,139428.0,642,Expired,2019-09-02,Premium,0,Branch Walk-in
CUST02847,Sunil Saxena,44,M,Self-Employed,Gujarat,Vadodara,BR042,235591.0,691,Pending,2023-12-13,Premium,0,Branch Walk-in
CUST02848,Rohit Reddy,64,F,Business Owner,Andhra Pradesh,Nellore,BR008,740384.0,777,Verified,2020-08-02,Premium,0,Referral
CUST02849,Monika Sharma,55,M,Business Owner,Maharashtra,Nagpur,BR033,752478.0,794,Verified,2020-07-14,Premium,0,Online
CUST02850,Vijay Krishnan,19,M,Homemaker,Telangana,Hyderabad,BR016,2218.0,648,Verified,2022-01-10,Basic,0,Referral
CUST02851,Rajesh Tiwari,50,F,Retired,Andhra Pradesh,Visakhapatnam,BR024,48201.0,656,Verified,2016-01-21,Silver,0,Referral
CUST02852,Rahul Iyer,58,F,Retired,Telangana,Nizamabad,BR050,47282.0,739,Verified,2023-05-23,Silver,0,Referral
CUST02853,Amit Pandey,36,M,Self-Employed,Delhi,Dwarka,BR033,224948.0,658,Verified,2019-03-24,Premium,0,Referral
CUST02854,Suresh Kapoor,36,F,Business Owner,Bihar,Muzaffarpur,BR024,570048.0,807,Verified,2020-04-13,Premium,0,Referral
CUST02855,Varun Desai,30,F,Self-Employed,Andhra Pradesh,Vijayawada,BR028,208157.0,794,Verified,2020-10-19,Premium,0,Online
CUST02856,Tanvi Mehta,45,M,Student,Gujarat,Ahmedabad,BR011,4468.0,650,Verified,2015-05-10,Basic,0,Branch Walk-in
CUST02857,Sneha Gupta,69,F,Self-Employed,Delhi,Gurgaon,BR026,32885.0,643,Verified,2019-10-25,Silver,0,Agent
CUST02858,Riya Iyer,41,M,Salaried,Punjab,Chandigarh,BR004,83868.0,682,Expired,2019-02-04,Gold,0,Online
CUST02859,Meera Iyer,53,F,Self-Employed,Rajasthan,Jodhpur,BR008,287549.0,808,Pending,2018-08-27,Premium,0,Camp
CUST02860,Sachin Sharma,53,M,Self-Employed,Madhya Pradesh,Jabalpur,BR027,248806.0,741,Verified,2021-01-21,Premium,0,Branch Walk-in
CUST02861,Anita Agarwal,48,F,Salaried,Rajasthan,Jaipur,BR019,40539.0,656,Verified,2020-08-10,Silver,0,Referral
CUST02862,Priyanka Pandey,53,F,Salaried,West Bengal,Asansol,BR015,92150.0,727,Verified,2015-10-15,Gold,0,Referral
CUST02863,Neha Desai,51,M,Freelancer,Maharashtra,Nashik,BR037,147832.0,643,Verified,2020-12-16,Premium,0,Referral
CUST02864,Karan Patel,24,M,Salaried,Uttar Pradesh,Kanpur,BR039,89649.0,738,Verified,2018-06-25,Gold,0,Referral
CUST02865,Rekha Patel,54,M,Salaried,Punjab,Ludhiana,BR046,100850.0,724,Verified,2023-07-03,Premium,0,Branch Walk-in
CUST02866,Deepak Chatterjee,59,F,Salaried,Uttar Pradesh,Varanasi,BR034,199000.0,701,Verified,2016-01-26,Premium,0,Agent
CUST02867,Nisha Saxena,67,F,Student,Uttar Pradesh,Lucknow,BR049,4528.0,630,Pending,2021-11-16,Basic,0,Referral
CUST02868,Monika Tiwari,23,M,Self-Employed,Uttar Pradesh,Kanpur,BR020,67894.0,640,Verified,2018-03-03,Gold,0,Referral
CUST02869,Priyanka Desai,34,F,Retired,Rajasthan,Udaipur,BR018,45102.0,721,Verified,2018-04-21,Silver,0,Online
CUST02870,Yash Bose,38,F,Student,Tamil Nadu,Salem,BR039,5183.0,754,Verified,2023-01-26,Basic,0,Online
CUST02871,Suresh Pandey,34,F,Salaried,Uttar Pradesh,Varanasi,BR043,92204.0,660,Verified,2018-09-11,Gold,0,Online
CUST02872,Ishaan Trivedi,30,M,Business Owner,Rajasthan,Kota,BR020,634298.0,834,Verified,2015-03-05,Premium,0,Referral
CUST02873,Sunil Yadav,55,M,Student,Kerala,Thrissur,BR018,3886.0,555,Expired,2022-02-12,Basic,0,Camp
CUST02874,Rahul Pillai,27,F,Student,Delhi,Dwarka,BR037,2430.0,645,Verified,2017-04-27,Basic,0,Branch Walk-in
CUST02875,Anita Kapoor,67,M,Student,Tamil Nadu,Coimbatore,BR032,2698.0,678,Verified,2021-07-31,Basic,0,Online
CUST02876,Shreya Shah,33,F,Self-Employed,Andhra Pradesh,Nellore,BR021,29665.0,631,Verified,2019-07-08,Silver,0,Online
CUST02877,Zara Banerjee,70,M,Self-Employed,Madhya Pradesh,Jabalpur,BR043,204834.0,664,Verified,2021-04-29,Premium,0,Online
CUST02878,Ajay Reddy,48,F,Business Owner,Karnataka,Mysuru,BR026,669076.0,773,Verified,2019-06-11,Premium,1,Agent
CUST02879,Siddharth Joshi,24,F,Self-Employed,Delhi,Gurgaon,BR003,87778.0,715,Verified,2022-05-23,Gold,0,Branch Walk-in
CUST02880,Sneha Kumar,46,M,Self-Employed,Delhi,New Delhi,BR044,86267.0,686,Verified,2016-09-11,Gold,0,Branch Walk-in
CUST02881,Sneha Trivedi,19,M,Freelancer,Uttar Pradesh,Agra,BR043,124581.0,570,Verified,2021-12-15,Premium,0,Online
CUST02882,Seema Mishra,30,M,Business Owner,Maharashtra,Nashik,BR006,916819.0,736,Pending,2018-02-28,Premium,0,Online
CUST02883,Divya Joshi,62,M,Business Owner,Tamil Nadu,Coimbatore,BR032,730831.0,789,Verified,2019-10-01,Premium,0,Agent
CUST02884,Aditya Iyer,65,M,Government Employee,Haryana,Panipat,BR040,104113.0,728,Verified,2015-09-26,Premium,0,Online
CUST02885,Shreya Das,44,M,Retired,Andhra Pradesh,Guntur,BR038,38520.0,522,Verified,2015-05-11,Silver,0,Online
CUST02886,Kavya Patel,31,M,Retired,Rajasthan,Jaipur,BR008,35574.0,657,Pending,2023-07-28,Silver,0,Online
CUST02887,Divya Gupta,45,M,Salaried,Andhra Pradesh,Guntur,BR008,38442.0,656,Verified,2017-08-09,Silver,0,Referral
CUST02888,Aditya Mehta,46,M,Salaried,Tamil Nadu,Salem,BR008,66861.0,776,Verified,2017-08-21,Gold,0,Branch Walk-in
CUST02889,Karan Nair,40,M,Self-Employed,Karnataka,Mysuru,BR027,128471.0,682,Verified,2015-09-26,Premium,0,Online
CUST02890,Shreya Kumar,34,M,Student,Uttar Pradesh,Lucknow,BR027,4537.0,703,Pending,2020-08-23,Basic,0,Referral
CUST02891,Aarav Sharma,47,F,Salaried,Rajasthan,Kota,BR048,151704.0,718,Verified,2016-12-01,Premium,0,Referral
CUST02892,Zara Singh,45,F,Self-Employed,Punjab,Jalandhar,BR036,180028.0,588,Expired,2020-06-06,Premium,0,Online
CUST02893,Nisha Iyer,56,F,Retired,Bihar,Bhagalpur,BR030,28170.0,731,Verified,2018-01-24,Silver,0,Referral
CUST02894,Anil Mishra,41,F,Business Owner,Andhra Pradesh,Visakhapatnam,BR002,309011.0,754,Expired,2019-10-18,Premium,0,Online
CUST02895,Seema Banerjee,30,M,Business Owner,West Bengal,Kolkata,BR029,188016.0,748,Verified,2016-11-03,Premium,0,Referral
CUST02896,Suresh Sharma,61,M,Business Owner,Rajasthan,Ajmer,BR022,364372.0,900,Verified,2016-11-16,Premium,0,Referral
CUST02897,Arjun Patel,52,F,Student,Andhra Pradesh,Vijayawada,BR021,5044.0,555,Verified,2020-05-17,Basic,0,Online
CUST02898,Seema Tiwari,33,M,Salaried,Tamil Nadu,Coimbatore,BR027,26140.0,788,Verified,2023-03-15,Silver,0,Agent
CUST02899,Mihir Malhotra,25,F,Homemaker,Maharashtra,Nashik,BR035,2028.0,663,Verified,2019-06-26,Basic,0,Branch Walk-in
CUST02900,Shreya Kapoor,21,F,Salaried,West Bengal,Kolkata,BR048,44481.0,706,Verified,2018-02-16,Silver,0,Referral
CUST02901,Anjali Malhotra,58,F,Homemaker,Madhya Pradesh,Indore,BR014,4099.0,678,Verified,2023-01-03,Basic,0,Online
CUST02902,Pooja Saxena,20,M,Self-Employed,West Bengal,Siliguri,BR039,116063.0,677,Verified,2016-08-09,Premium,0,Branch Walk-in
CUST02903,Priyanka Pillai,64,F,Business Owner,Haryana,Gurugram,BR004,394929.0,724,Verified,2016-06-05,Premium,0,Referral
CUST02904,Aditi Banerjee,42,F,Government Employee,West Bengal,Asansol,BR014,55877.0,710,Verified,2023-07-02,Gold,0,Branch Walk-in
CUST02905,Sneha Malhotra,65,M,Retired,Gujarat,Vadodara,BR023,36713.0,596,Verified,2018-06-13,Silver,0,Online
CUST02906,Manoj Menon,29,F,Salaried,Gujarat,Ahmedabad,BR037,177136.0,760,Verified,2022-12-24,Premium,0,Referral
CUST02907,Ajay Desai,28,M,Business Owner,West Bengal,Kolkata,BR038,440136.0,743,Verified,2017-03-10,Premium,1,Branch Walk-in
CUST02908,Vikram Bose,19,M,Student,Rajasthan,Ajmer,BR002,9899.0,614,Verified,2018-09-30,Basic,0,Referral
CUST02909,Divya Agarwal,21,F,Business Owner,Maharashtra,Nashik,BR005,96540.0,672,Verified,2018-05-04,Gold,0,Online
CUST02910,Anjali Reddy,49,F,Self-Employed,Bihar,Darbhanga,BR030,257574.0,806,Verified,2015-11-06,Premium,0,Online
CUST02911,Rohit Rao,45,M,Business Owner,Andhra Pradesh,Vijayawada,BR007,665106.0,780,Verified,2021-10-29,Premium,0,Online
CUST02912,Ishaan Patel,54,M,Business Owner,Kerala,Kozhikode,BR025,701554.0,841,Verified,2017-11-05,Premium,0,Camp
CUST02913,Riya Saxena,64,F,Retired,Gujarat,Rajkot,BR016,69204.0,649,Verified,2022-10-26,Gold,0,Branch Walk-in
CUST02914,Varun Trivedi,65,M,Self-Employed,West Bengal,Durgapur,BR007,90720.0,743,Verified,2023-12-06,Gold,0,Branch Walk-in
CUST02915,Pooja Malhotra,50,F,Self-Employed,Karnataka,Mangaluru,BR047,143043.0,749,Verified,2019-10-20,Premium,1,Agent
CUST02916,Tanvi Pandey,31,F,Business Owner,Punjab,Amritsar,BR042,560195.0,900,Verified,2021-05-05,Premium,0,Online
CUST02917,Vikram Trivedi,21,F,Business Owner,Madhya Pradesh,Bhopal,BR006,712177.0,811,Verified,2019-04-29,Premium,0,Branch Walk-in
CUST02918,Nisha Desai,54,M,Freelancer,Karnataka,Belgaum,BR027,44589.0,729,Verified,2021-04-15,Silver,0,Online
CUST02919,Monika Saxena,43,F,Salaried,Uttar Pradesh,Kanpur,BR003,117815.0,709,Verified,2023-10-09,Premium,0,Referral
CUST02920,Priyanka Chatterjee,26,F,Salaried,Delhi,Gurgaon,BR045,129689.0,783,Verified,2019-09-16,Premium,0,Branch Walk-in
CUST02921,Monika Iyer,60,M,Business Owner,Uttar Pradesh,Kanpur,BR026,609772.0,758,Verified,2019-12-10,Premium,1,Referral
CUST02922,Shreya Menon,59,F,Salaried,Delhi,Faridabad,BR015,105516.0,745,Verified,2022-05-05,Premium,0,Branch Walk-in
CUST02923,Sanjay Agarwal,59,F,Retired,Haryana,Rohtak,BR024,57144.0,679,Verified,2020-05-19,Gold,0,Referral
CUST02924,Rohit Trivedi,26,M,Salaried,Karnataka,Mangaluru,BR020,142131.0,704,Verified,2018-08-08,Premium,0,Referral
CUST02925,Isha Patel,55,F,Self-Employed,Karnataka,Hubli,BR032,55106.0,696,Verified,2022-10-25,Gold,0,Branch Walk-in
CUST02926,Kavya Joshi,44,F,Business Owner,Kerala,Kozhikode,BR029,227131.0,740,Verified,2019-05-14,Premium,0,Referral
CUST02927,Mihir Tiwari,38,F,Self-Employed,West Bengal,Kolkata,BR034,19723.0,676,Verified,2019-08-19,Basic,0,Referral
CUST02928,Priya Pandey,49,M,Salaried,Maharashtra,Mumbai,BR002,161416.0,725,Verified,2023-01-23,Premium,0,Branch Walk-in
CUST02929,Rina Menon,50,F,Student,Maharashtra,Mumbai,BR034,5457.0,775,Verified,2022-01-26,Basic,0,Branch Walk-in
CUST02930,Rajesh Menon,38,F,Self-Employed,Bihar,Darbhanga,BR016,74889.0,754,Verified,2020-03-20,Gold,0,Online
CUST02931,Varun Mehta,43,F,Self-Employed,Bihar,Gaya,BR020,30165.0,738,Pending,2016-07-28,Silver,0,Branch Walk-in
CUST02932,Deepika Bose,28,M,Salaried,Bihar,Muzaffarpur,BR021,25568.0,657,Verified,2018-01-10,Silver,0,Online
CUST02933,Anjali Tiwari,54,M,Business Owner,Haryana,Faridabad,BR010,320266.0,690,Verified,2023-05-04,Premium,0,Online
CUST02934,Anil Desai,34,M,Homemaker,Andhra Pradesh,Vijayawada,BR040,2361.0,737,Verified,2015-11-05,Basic,0,Agent
CUST02935,Kavya Shah,67,M,Self-Employed,Uttar Pradesh,Lucknow,BR004,116879.0,755,Verified,2021-08-27,Premium,0,Branch Walk-in
CUST02936,Utkarsh Singh,58,M,Salaried,Delhi,New Delhi,BR011,43671.0,777,Verified,2020-09-30,Silver,0,Online
CUST02937,Meera Desai,39,M,Student,Punjab,Chandigarh,BR034,2698.0,644,Verified,2018-04-06,Basic,0,Branch Walk-in
CUST02938,Ravi Tiwari,22,F,Retired,Uttar Pradesh,Agra,BR039,36368.0,673,Verified,2022-05-02,Silver,0,Online
CUST02939,Karan Saxena,28,F,Self-Employed,Punjab,Amritsar,BR047,176259.0,616,Verified,2020-08-07,Premium,0,Referral
CUST02940,Rajesh Gupta,59,M,Business Owner,Bihar,Patna,BR042,318983.0,720,Verified,2019-08-07,Premium,0,Branch Walk-in
CUST02941,Riya Das,54,M,Student,Uttar Pradesh,Agra,BR045,5811.0,740,Verified,2017-01-21,Basic,0,Branch Walk-in
CUST02942,Neha Mehta,20,F,Self-Employed,Delhi,New Delhi,BR007,58362.0,663,Verified,2023-08-11,Gold,1,Online
CUST02943,Zara Verma,37,F,Self-Employed,Uttar Pradesh,Varanasi,BR026,169971.0,752,Verified,2017-07-01,Premium,0,Online
CUST02944,Ravi Trivedi,44,F,Freelancer,Andhra Pradesh,Guntur,BR039,60582.0,680,Expired,2019-08-25,Gold,1,Branch Walk-in
CUST02945,Sunita Shah,24,F,Business Owner,Delhi,New Delhi,BR036,143455.0,728,Verified,2016-01-18,Premium,0,Referral
CUST02946,Anil Kumar,52,M,Salaried,Uttar Pradesh,Kanpur,BR016,68873.0,624,Verified,2015-03-18,Gold,0,Branch Walk-in
CUST02947,Aarav Kumar,58,M,Retired,Delhi,Gurgaon,BR031,30775.0,691,Pending,2017-09-09,Silver,1,Agent
CUST02948,Amit Pillai,69,M,Self-Employed,Delhi,Dwarka,BR035,26216.0,505,Verified,2022-08-16,Silver,0,Referral
CUST02949,Seema Pillai,58,F,Self-Employed,Punjab,Patiala,BR049,216233.0,712,Verified,2022-04-04,Premium,1,Referral
CUST02950,Karan Yadav,22,M,Retired,Andhra Pradesh,Tirupati,BR032,17582.0,585,Verified,2020-10-01,Basic,0,Referral
CUST02951,Ishaan Mehta,19,F,Retired,Haryana,Gurugram,BR024,59715.0,764,Verified,2023-05-22,Gold,0,Branch Walk-in
CUST02952,Rekha Verma,45,M,Homemaker,Rajasthan,Udaipur,BR019,3725.0,727,Verified,2018-07-12,Basic,0,Camp
CUST02953,Deepak Verma,62,F,Business Owner,Haryana,Faridabad,BR038,226016.0,753,Verified,2016-10-04,Premium,0,Online
CUST02954,Aditi Agarwal,53,F,Retired,Tamil Nadu,Coimbatore,BR050,57309.0,782,Verified,2023-10-12,Gold,0,Branch Walk-in
CUST02955,Anjali Banerjee,47,F,Homemaker,Andhra Pradesh,Visakhapatnam,BR023,3866.0,623,Verified,2018-12-06,Basic,0,Referral
CUST02956,Sanjay Nair,29,M,Business Owner,Haryana,Rohtak,BR044,690739.0,900,Verified,2018-04-02,Premium,0,Branch Walk-in
CUST02957,Suresh Mehta,18,F,Self-Employed,West Bengal,Kolkata,BR032,221116.0,780,Verified,2020-01-23,Premium,0,Online
CUST02958,Divya Tiwari,44,M,Self-Employed,Madhya Pradesh,Gwalior,BR030,215740.0,708,Verified,2022-01-20,Premium,0,Online
CUST02959,Monika Iyer,70,M,Business Owner,Kerala,Kozhikode,BR005,294345.0,807,Verified,2019-10-03,Premium,0,Online
CUST02960,Monika Shah,70,F,Retired,Gujarat,Ahmedabad,BR013,27280.0,619,Verified,2015-08-03,Silver,0,Online
CUST02961,Aditi Pandey,63,M,Homemaker,Punjab,Amritsar,BR008,4619.0,631,Verified,2016-09-10,Basic,0,Branch Walk-in
CUST02962,Shreya Saxena,40,M,Self-Employed,Bihar,Bhagalpur,BR015,224228.0,688,Verified,2015-03-02,Premium,0,Agent
CUST02963,Rajesh Yadav,26,F,Salaried,Andhra Pradesh,Visakhapatnam,BR010,98467.0,667,Pending,2023-04-14,Gold,1,Camp
CUST02964,Anjali Malhotra,52,M,Business Owner,Tamil Nadu,Coimbatore,BR014,156435.0,647,Verified,2023-10-12,Premium,0,Online
CUST02965,Divya Bose,37,M,Salaried,Haryana,Panipat,BR049,143080.0,782,Pending,2020-06-12,Premium,0,Online
CUST02966,Ananya Singh,49,M,Student,Kerala,Thrissur,BR016,8911.0,666,Verified,2018-09-13,Basic,0,Camp
CUST02967,Vikram Saxena,28,F,Self-Employed,Karnataka,Bengaluru,BR035,292587.0,759,Verified,2015-12-01,Premium,0,Branch Walk-in
CUST02968,Nisha Kapoor,52,M,Salaried,Bihar,Patna,BR002,41717.0,654,Verified,2015-04-27,Silver,0,Branch Walk-in
CUST02969,Aditi Chatterjee,27,M,Salaried,Maharashtra,Mumbai,BR009,78297.0,586,Verified,2019-04-21,Gold,0,Camp
CUST02970,Karan Tiwari,52,M,Business Owner,Karnataka,Mangaluru,BR041,473334.0,790,Verified,2018-04-05,Premium,0,Agent
CUST02971,Sunil Agarwal,19,M,Business Owner,Bihar,Patna,BR014,316099.0,628,Verified,2020-04-18,Premium,0,Branch Walk-in
CUST02972,Utkarsh Sharma,20,M,Salaried,Maharashtra,Thane,BR024,165838.0,709,Verified,2020-01-03,Premium,0,Branch Walk-in
CUST02973,Akash Saxena,47,M,Freelancer,Gujarat,Vadodara,BR022,94259.0,616,Expired,2017-04-07,Gold,0,Referral
CUST02974,Divya Desai,45,M,Freelancer,Punjab,Ludhiana,BR039,118153.0,822,Verified,2022-11-24,Premium,0,Referral
CUST02975,Pooja Rao,55,M,Business Owner,Madhya Pradesh,Ujjain,BR049,576600.0,850,Verified,2022-09-21,Premium,0,Branch Walk-in
CUST02976,Manoj Mishra,26,M,Business Owner,Uttar Pradesh,Varanasi,BR030,800342.0,846,Verified,2016-06-06,Premium,0,Branch Walk-in
CUST02977,Sanjay Shah,35,F,Salaried,Telangana,Khammam,BR031,88218.0,773,Verified,2019-04-21,Gold,0,Referral
CUST02978,Pooja Mishra,25,F,Salaried,Punjab,Jalandhar,BR047,119246.0,653,Verified,2015-07-10,Premium,0,Branch Walk-in
CUST02979,Rina Joshi,69,F,Retired,Punjab,Chandigarh,BR023,35735.0,719,Verified,2020-08-21,Silver,1,Online
CUST02980,Vijay Joshi,41,F,Salaried,Tamil Nadu,Salem,BR047,182592.0,728,Verified,2020-03-14,Premium,0,Referral
CUST02981,Zara Sharma,32,M,Freelancer,Gujarat,Vadodara,BR002,87153.0,713,Verified,2022-02-25,Gold,0,Online
CUST02982,Anita Menon,60,M,Self-Employed,Madhya Pradesh,Gwalior,BR013,94545.0,775,Verified,2015-12-09,Gold,0,Online
CUST02983,Sachin Krishnan,66,M,Salaried,Tamil Nadu,Madurai,BR018,173648.0,758,Verified,2022-08-29,Premium,0,Online
CUST02984,Neha Kapoor,55,F,Government Employee,Uttar Pradesh,Allahabad,BR035,113442.0,720,Verified,2017-10-20,Premium,1,Branch Walk-in
CUST02985,Rahul Sharma,67,F,Salaried,Andhra Pradesh,Vijayawada,BR048,49472.0,590,Verified,2015-02-26,Silver,0,Camp
CUST02986,Manoj Kapoor,62,M,Self-Employed,Karnataka,Mysuru,BR019,141424.0,650,Pending,2023-05-14,Premium,0,Agent
CUST02987,Priya Reddy,48,M,Self-Employed,Haryana,Hisar,BR036,38318.0,680,Verified,2022-02-13,Silver,0,Online
CUST02988,Deepika Yadav,53,M,Salaried,West Bengal,Kolkata,BR045,97525.0,705,Verified,2016-05-25,Gold,0,Referral
CUST02989,Sunil Mehta,67,M,Salaried,Tamil Nadu,Coimbatore,BR011,33226.0,618,Verified,2019-11-08,Silver,0,Branch Walk-in
CUST02990,Sunil Menon,51,M,Self-Employed,Bihar,Bhagalpur,BR043,176394.0,859,Verified,2023-03-20,Premium,0,Referral
CUST02991,Zara Malhotra,32,F,Student,Punjab,Chandigarh,BR017,5134.0,772,Pending,2016-09-20,Basic,0,Online
CUST02992,Riya Das,28,F,Retired,Delhi,Noida,BR026,33436.0,722,Verified,2015-05-19,Silver,0,Branch Walk-in
CUST02993,Anjali Bose,36,M,Student,Karnataka,Belgaum,BR028,2451.0,684,Verified,2019-03-18,Basic,0,Online
CUST02994,Akash Sharma,56,M,Self-Employed,Uttar Pradesh,Lucknow,BR011,37992.0,674,Verified,2023-01-28,Silver,0,Branch Walk-in
CUST02995,Aditi Bose,69,F,Homemaker,Haryana,Faridabad,BR023,3413.0,623,Verified,2020-01-14,Basic,0,Online
CUST02996,Priya Gupta,31,F,Business Owner,Gujarat,Ahmedabad,BR042,167299.0,718,Verified,2020-09-22,Premium,0,Agent
CUST02997,Neha Mishra,49,M,Self-Employed,Punjab,Ludhiana,BR002,44201.0,704,Verified,2021-11-03,Silver,0,Branch Walk-in
CUST02998,Neha Nair,45,F,Salaried,Karnataka,Hubli,BR017,162231.0,637,Verified,2022-06-13,Premium,0,Branch Walk-in
CUST02999,Anita Shah,25,F,Self-Employed,Delhi,Noida,BR050,252268.0,750,Verified,2016-11-06,Premium,0,Online
CUST03000,Sanjay Joshi,23,M,Student,Haryana,Faridabad,BR027,5339.0,671,Verified,2020-08-09,Basic,0,Online
