investment_id,customer_id,investment_type,invested_amount,current_value,returns_pct,start_date,duration_years,maturity_date,annual_return_rate,status,risk_category,branch_id
INV00001,CUST02467,Fixed Deposit,2418656.0,3289369.0,36.0,2022-05-09,7,2029-05-07,12.32,Active,Low,BR033
INV00002,CUST01406,Mutual Fund,19867.0,25252.0,27.11,2021-05-28,5,2026-05-27,6.9,Active,High,BR034
INV00003,CUST02622,Stocks,807580.0,1134352.0,40.46,2022-04-09,5,2027-04-08,13.26,Matured,High,BR031
INV00004,CUST00399,Recurring Deposit,30055.0,36024.0,19.86,2022-05-15,7,2029-05-13,7.13,Active,Low,BR007
INV00005,CUST00064,Mutual Fund,321158.0,374641.0,16.65,2023-02-16,2,2025-02-15,8.58,Active,High,BR014
INV00006,CUST01288,Recurring Deposit,39376.0,64942.0,64.93,2021-07-20,7,2028-07-18,15.61,Active,Low,BR007
INV00007,CUST00126,PPF,106907.0,174804.0,63.51,2020-11-21,7,2027-11-20,12.71,Active,Low,BR044
INV00008,CUST02388,Mutual Fund,297620.0,337461.0,13.39,2023-01-04,1,2024-01-04,6.52,Active,High,BR004
INV00009,CUST00820,Recurring Deposit,9408.0,19083.0,102.84,2020-06-28,1,2021-06-28,16.98,Active,Low,BR001
INV00010,CUST00513,Recurring Deposit,18652.0,28269.0,51.56,2021-07-30,1,2022-07-30,12.92,Active,Low,BR020
INV00011,CUST01846,Recurring Deposit,13513.0,20216.0,49.6,2022-01-23,10,2032-01-21,14.7,Active,Low,BR048
INV00012,CUST02604,Mutual Fund,130387.0,200931.0,54.1,2021-02-24,3,2024-02-24,11.89,Matured,High,BR017
INV00013,CUST01985,Recurring Deposit,17212.0,22585.0,31.22,2022-07-17,3,2025-07-16,11.69,Active,Low,BR038
INV00014,CUST02485,Fixed Deposit,2987552.0,5826829.0,95.04,2020-09-29,5,2025-09-28,17.0,Active,Low,BR024
INV00015,CUST01610,PPF,112377.0,185018.0,64.64,2020-11-20,3,2023-11-20,12.89,Active,Low,BR016
INV00016,CUST01905,Mutual Fund,239023.0,344295.0,44.04,2020-03-12,2,2022-03-12,7.89,Matured,High,BR042
INV00017,CUST02302,Mutual Fund,416805.0,504053.0,20.93,2022-09-13,7,2029-09-11,8.62,Matured,High,BR004
INV00018,CUST00483,SIP,2948.0,4023.0,36.47,2022-09-18,10,2032-09-15,14.58,Active,Medium,BR020
INV00019,CUST01892,PPF,33624.0,64857.0,92.89,2020-12-25,7,2027-12-24,17.77,Active,Low,BR026
INV00020,CUST01743,Fixed Deposit,4666376.0,7630303.0,63.52,2021-10-17,5,2026-10-16,16.58,Active,Low,BR019
INV00021,CUST00250,PPF,37701.0,42721.0,13.32,2023-12-18,1,2024-12-17,12.83,Matured,Low,BR028
INV00022,CUST02881,Gold Bond,441510.0,732249.0,65.85,2021-03-23,7,2028-03-21,14.34,Active,Medium,BR043
INV00023,CUST01305,Stocks,842097.0,1571589.0,86.63,2020-04-05,2,2022-04-05,14.07,Active,High,BR041
INV00024,CUST00933,Stocks,546747.0,885680.0,61.99,2021-05-27,10,2031-05-25,14.35,Active,High,BR022
INV00025,CUST01254,Gold Bond,89520.0,125020.0,39.66,2020-08-27,7,2027-08-26,7.99,Matured,Medium,BR033
INV00026,CUST01217,Fixed Deposit,3187202.0,3933030.0,23.4,2023-05-27,5,2028-05-25,14.07,Withdrawn,Low,BR027
INV00027,CUST00867,Mutual Fund,102454.0,140409.0,37.05,2021-09-26,1,2022-09-26,10.14,Active,High,BR047
INV00028,CUST01121,Mutual Fund,251857.0,467167.0,85.49,2021-02-18,3,2024-02-18,17.33,Matured,High,BR046
INV00029,CUST01236,Mutual Fund,178412.0,334569.0,87.53,2021-02-23,10,2031-02-21,17.73,Active,High,BR015
INV00030,CUST01670,Fixed Deposit,451674.0,528150.0,16.93,2023-04-09,10,2033-04-06,9.47,Active,Low,BR002
INV00031,CUST02346,Mutual Fund,120039.0,143899.0,19.88,2022-05-01,3,2025-04-30,7.03,Active,High,BR036
INV00032,CUST01650,NPS,153304.0,232383.0,51.58,2021-04-25,10,2031-04-23,11.95,Active,Medium,BR005
INV00033,CUST02630,Gold Bond,306900.0,488786.0,59.27,2020-04-07,3,2023-04-07,10.33,Active,Medium,BR045
INV00034,CUST01297,Mutual Fund,73010.0,123073.0,68.57,2020-04-18,3,2023-04-18,11.74,Active,High,BR006
INV00035,CUST00994,Recurring Deposit,26703.0,36929.0,38.3,2021-02-12,3,2024-02-12,8.71,Matured,Low,BR028
INV00036,CUST00027,SIP,27002.0,44810.0,65.95,2021-05-03,3,2024-05-02,14.83,Matured,Medium,BR020
INV00037,CUST02557,Stocks,942002.0,1124702.0,19.39,2023-10-18,1,2024-10-17,15.88,Active,High,BR023
INV00038,CUST01475,PPF,70666.0,99673.0,41.05,2020-06-27,10,2030-06-25,7.92,Active,Low,BR015
INV00039,CUST00676,NPS,110584.0,134272.0,21.42,2022-01-01,1,2023-01-01,6.69,Matured,Medium,BR021
INV00040,CUST00011,Mutual Fund,230055.0,357992.0,55.61,2021-01-13,7,2028-01-12,11.8,Active,High,BR049
INV00041,CUST01288,Gold Bond,304197.0,447192.0,47.01,2022-05-06,1,2023-05-06,15.62,Active,Medium,BR007
INV00042,CUST00402,Recurring Deposit,42652.0,56285.0,31.96,2021-02-11,3,2024-02-11,7.4,Active,Low,BR009
INV00043,CUST02984,Gold Bond,170509.0,279012.0,63.63,2021-08-11,10,2031-08-09,15.64,Active,Medium,BR035
INV00044,CUST00707,Stocks,963295.0,1313267.0,36.33,2022-07-01,2,2024-06-30,13.19,Withdrawn,High,BR037
INV00045,CUST02283,SIP,30427.0,41569.0,36.62,2021-05-31,2,2023-05-31,9.09,Active,Medium,BR014
INV00046,CUST01053,Mutual Fund,70380.0,84855.0,20.57,2022-01-19,7,2029-01-17,6.55,Matured,High,BR035
INV00047,CUST01631,Mutual Fund,248583.0,334229.0,34.45,2020-11-23,1,2021-11-23,7.48,Matured,High,BR020
INV00048,CUST00330,Mutual Fund,158978.0,182547.0,14.83,2023-09-28,5,2028-09-26,11.62,Active,High,BR044
INV00049,CUST02382,SIP,26567.0,38955.0,46.63,2020-07-09,2,2022-07-09,8.92,Active,Medium,BR024
INV00050,CUST01087,Gold Bond,200558.0,240513.0,19.92,2023-03-21,7,2030-03-19,10.74,Active,Medium,BR027
INV00051,CUST01225,SIP,35571.0,56602.0,59.12,2021-06-15,2,2023-06-15,14.0,Active,Medium,BR014
INV00052,CUST02962,Gold Bond,169236.0,369234.0,118.18,2020-01-28,1,2021-01-27,17.16,Active,Medium,BR015
INV00053,CUST02720,NPS,87970.0,113944.0,29.53,2021-03-13,5,2026-03-12,7.04,Active,Medium,BR007
INV00054,CUST02338,PPF,132805.0,183981.0,38.53,2021-02-23,10,2031-02-21,8.83,Active,Low,BR038
INV00055,CUST00491,NPS,31001.0,43048.0,38.86,2021-06-21,10,2031-06-19,9.75,Matured,Medium,BR019
INV00056,CUST01026,Recurring Deposit,9512.0,17442.0,83.37,2021-04-26,3,2024-04-25,17.9,Active,Low,BR020
INV00057,CUST01912,Gold Bond,90364.0,109316.0,20.97,2023-10-09,3,2026-10-08,16.78,Active,Medium,BR013
INV00058,CUST00963,Mutual Fund,292872.0,348324.0,18.93,2023-06-07,3,2026-06-06,11.7,Active,High,BR035
INV00059,CUST01326,Gold Bond,266928.0,360053.0,34.89,2023-02-10,10,2033-02-07,17.18,Withdrawn,Medium,BR039
INV00060,CUST00403,Recurring Deposit,49927.0,61754.0,23.69,2021-07-30,1,2022-07-30,6.41,Matured,Low,BR031
INV00061,CUST01763,Recurring Deposit,35428.0,40626.0,14.67,2023-12-11,10,2033-12-08,13.86,Active,Low,BR048
INV00062,CUST01006,NPS,192951.0,237493.0,23.08,2022-03-14,10,2032-03-11,7.7,Withdrawn,Medium,BR027
INV00063,CUST01460,Fixed Deposit,186745.0,217497.0,16.47,2023-09-23,3,2026-09-22,12.74,Active,Low,BR046
INV00064,CUST00504,SIP,15861.0,25025.0,57.78,2021-01-05,7,2028-01-04,12.12,Active,Medium,BR046
INV00065,CUST02866,PPF,102128.0,115427.0,13.02,2023-10-24,3,2026-10-23,10.87,Active,Low,BR034
INV00066,CUST01471,Mutual Fund,383708.0,568319.0,48.11,2021-03-14,2,2023-03-14,10.89,Active,High,BR043
INV00067,CUST02506,Mutual Fund,213162.0,311118.0,45.95,2020-06-03,3,2023-06-03,8.61,Matured,High,BR002
INV00068,CUST01260,Gold Bond,482407.0,820112.0,70.0,2021-06-04,7,2028-06-02,16.0,Matured,Medium,BR038
INV00069,CUST00302,Recurring Deposit,42031.0,78428.0,86.6,2020-07-17,2,2022-07-17,15.02,Active,Low,BR027
INV00070,CUST02000,Stocks,709772.0,999752.0,40.86,2022-02-08,2,2024-02-08,12.57,Withdrawn,High,BR032
INV00071,CUST02682,Fixed Deposit,847898.0,929711.0,9.65,2023-09-06,5,2028-09-04,7.24,Active,Low,BR023
INV00072,CUST02127,Fixed Deposit,2126311.0,2947497.0,38.62,2020-07-27,1,2021-07-27,7.65,Active,Low,BR002
INV00073,CUST00905,Gold Bond,310833.0,454110.0,46.09,2022-02-24,5,2027-02-23,14.23,Active,Medium,BR031
INV00074,CUST02787,Stocks,520910.0,645027.0,23.83,2022-08-20,5,2027-08-19,9.46,Matured,High,BR031
INV00075,CUST01632,SIP,4377.0,5332.0,21.82,2022-09-24,2,2024-09-23,9.09,Active,Medium,BR013
INV00076,CUST01240,Recurring Deposit,27385.0,41047.0,49.89,2021-12-12,10,2031-12-10,14.18,Active,Low,BR020
INV00077,CUST02925,Gold Bond,468934.0,535913.0,14.28,2023-10-18,5,2028-10-16,11.74,Withdrawn,Medium,BR032
INV00078,CUST00589,SIP,28998.0,41244.0,42.23,2020-05-16,7,2027-05-15,7.91,Active,Medium,BR006
INV00079,CUST02212,Mutual Fund,265934.0,302130.0,13.61,2023-03-16,1,2024-03-15,7.37,Active,High,BR037
INV00080,CUST01467,PPF,134059.0,171185.0,27.69,2023-06-18,3,2026-06-17,17.24,Active,Low,BR016
INV00081,CUST00369,PPF,74120.0,105004.0,41.67,2022-07-21,5,2027-07-20,15.3,Active,Low,BR026
INV00082,CUST01390,Gold Bond,263363.0,325002.0,23.4,2023-01-10,5,2028-01-09,11.25,Active,Medium,BR044
INV00083,CUST00675,PPF,90809.0,141973.0,56.34,2022-04-17,10,2032-04-14,17.95,Matured,Low,BR048
INV00084,CUST02029,NPS,178206.0,322349.0,80.89,2021-04-04,1,2022-04-04,17.16,Active,Medium,BR024
INV00085,CUST00929,Recurring Deposit,3763.0,4618.0,22.72,2023-02-06,7,2030-02-04,11.39,Active,Low,BR033
INV00086,CUST02608,NPS,137610.0,189445.0,37.67,2022-10-28,7,2029-10-26,15.83,Matured,Medium,BR020
INV00087,CUST02773,Stocks,208427.0,331558.0,59.08,2021-01-29,5,2026-01-28,12.57,Active,High,BR002
INV00088,CUST02409,Fixed Deposit,434083.0,638064.0,46.99,2021-03-24,3,2024-03-23,10.75,Matured,Low,BR035
INV00089,CUST00113,Fixed Deposit,4512539.0,6465474.0,43.28,2021-06-05,3,2024-06-04,10.59,Active,Low,BR043
INV00090,CUST00634,Mutual Fund,254599.0,304429.0,19.57,2022-05-04,2,2024-05-03,6.95,Active,High,BR004
INV00091,CUST02299,Gold Bond,400913.0,506974.0,26.45,2021-03-20,7,2028-03-18,6.4,Active,Medium,BR042
INV00092,CUST01524,Gold Bond,188342.0,397890.0,111.26,2020-03-11,1,2021-03-11,16.83,Active,Medium,BR006
INV00093,CUST00853,Recurring Deposit,5944.0,8009.0,34.74,2022-09-28,7,2029-09-26,14.12,Active,Low,BR015
INV00094,CUST00563,NPS,190561.0,255236.0,33.94,2022-04-02,3,2025-04-01,11.22,Active,Medium,BR017
INV00095,CUST02413,SIP,35041.0,44238.0,26.25,2021-12-22,3,2024-12-21,8.01,Active,Medium,BR019
INV00096,CUST02253,Mutual Fund,158148.0,180117.0,13.89,2022-10-29,1,2023-10-29,6.17,Matured,High,BR028
INV00097,CUST00389,Gold Bond,477521.0,582426.0,21.97,2022-06-10,7,2029-06-08,8.07,Active,Medium,BR008
INV00098,CUST02757,Fixed Deposit,2887268.0,3509847.0,21.56,2022-05-19,7,2029-05-17,7.74,Active,Low,BR013
INV00099,CUST00140,Gold Bond,240867.0,307816.0,27.8,2021-08-29,10,2031-08-27,7.62,Active,Medium,BR001
INV00100,CUST00130,NPS,129693.0,177680.0,37.0,2023-01-06,2,2025-01-05,17.2,Active,Medium,BR037
INV00101,CUST01921,Stocks,66511.0,83717.0,25.87,2023-07-28,1,2024-07-27,17.49,Matured,High,BR005
INV00102,CUST02279,Gold Bond,413158.0,568873.0,37.69,2021-08-09,5,2026-08-08,9.88,Active,Medium,BR019
INV00103,CUST02395,NPS,194064.0,291762.0,50.34,2021-12-19,2,2023-12-19,14.39,Withdrawn,Medium,BR006
INV00104,CUST02427,PPF,98302.0,124309.0,26.46,2022-03-01,1,2023-03-01,8.63,Withdrawn,Low,BR026
INV00105,CUST02760,NPS,152657.0,210275.0,37.74,2023-01-06,3,2026-01-05,17.52,Active,Medium,BR028
INV00106,CUST00966,Mutual Fund,157452.0,335650.0,113.18,2020-01-24,10,2030-01-21,16.57,Matured,High,BR050
INV00107,CUST00584,Stocks,259616.0,390886.0,50.56,2021-03-30,3,2024-03-29,11.51,Active,High,BR012
INV00108,CUST02012,NPS,21857.0,38503.0,76.16,2020-11-16,7,2027-11-15,14.72,Active,Medium,BR015
INV00109,CUST01292,Fixed Deposit,3380809.0,4281588.0,26.64,2022-12-05,3,2025-12-04,12.08,Active,Low,BR041
INV00110,CUST01121,PPF,61141.0,119822.0,95.98,2020-10-03,2,2022-10-03,17.18,Active,Low,BR046
INV00111,CUST01271,Recurring Deposit,8014.0,14702.0,83.45,2020-07-27,7,2027-07-26,14.68,Active,Low,BR028
INV00112,CUST02287,NPS,151464.0,276989.0,82.87,2020-03-09,10,2030-03-07,13.36,Matured,Medium,BR014
INV00113,CUST01383,Fixed Deposit,2385639.0,3110067.0,30.37,2021-02-16,10,2031-02-14,7.09,Active,Low,BR028
INV00114,CUST01654,Gold Bond,388669.0,499295.0,28.46,2021-06-20,5,2026-06-19,7.35,Active,Medium,BR029
INV00115,CUST00987,NPS,156086.0,221753.0,42.07,2022-08-02,10,2032-07-30,15.66,Active,Medium,BR003
INV00116,CUST02221,NPS,70874.0,114377.0,61.38,2020-02-18,5,2025-02-16,10.33,Withdrawn,Medium,BR003
INV00117,CUST01985,Recurring Deposit,33997.0,42128.0,23.92,2022-07-21,5,2027-07-20,9.16,Active,Low,BR038
INV00118,CUST00521,Stocks,298334.0,462122.0,54.9,2020-11-24,1,2021-11-24,11.26,Active,High,BR048
INV00119,CUST01486,SIP,18044.0,21781.0,20.71,2022-08-01,5,2027-07-31,8.1,Active,Medium,BR040
INV00120,CUST02970,Gold Bond,189641.0,222642.0,17.4,2023-06-06,1,2024-06-05,10.76,Active,Medium,BR041
INV00121,CUST00151,SIP,44272.0,52428.0,18.42,2023-06-27,5,2028-06-25,11.83,Active,Medium,BR009
INV00122,CUST00271,Recurring Deposit,48952.0,88666.0,81.13,2021-05-30,1,2022-05-30,18.0,Active,Low,BR013
INV00123,CUST01731,Stocks,311793.0,347065.0,11.31,2023-11-14,10,2033-11-11,9.96,Active,High,BR047
INV00124,CUST02544,Stocks,873779.0,1028137.0,17.67,2023-08-21,10,2033-08-18,12.69,Active,High,BR046
INV00125,CUST01664,Stocks,881316.0,1205453.0,36.78,2022-03-02,3,2025-03-01,11.69,Active,High,BR012
INV00126,CUST02551,Mutual Fund,216914.0,250130.0,15.31,2023-05-02,7,2030-04-30,8.93,Matured,High,BR050
INV00127,CUST02000,Fixed Deposit,4562194.0,6202710.0,35.96,2021-06-23,3,2024-06-22,9.11,Matured,Low,BR032
INV00128,CUST02161,Gold Bond,9741.0,13366.0,37.21,2020-06-24,3,2023-06-24,7.25,Active,Medium,BR001
INV00129,CUST01601,NPS,159415.0,223167.0,39.99,2022-07-17,5,2027-07-16,14.67,Active,Medium,BR011
INV00130,CUST00541,Fixed Deposit,1158605.0,2051527.0,77.07,2020-03-06,7,2027-03-05,12.58,Matured,Low,BR008
INV00131,CUST02476,Stocks,995496.0,1578032.0,58.52,2020-07-13,1,2021-07-13,10.86,Matured,High,BR026
INV00132,CUST02137,Stocks,967360.0,1170232.0,20.97,2023-02-16,5,2028-02-15,10.71,Withdrawn,High,BR049
INV00133,CUST00754,NPS,181716.0,232239.0,27.8,2021-12-03,2,2023-12-03,8.3,Matured,Medium,BR045
INV00134,CUST01661,SIP,10863.0,19616.0,80.58,2020-06-11,10,2030-06-09,13.85,Withdrawn,Medium,BR012
INV00135,CUST00512,Fixed Deposit,1788204.0,2670397.0,49.33,2022-05-23,1,2023-05-23,16.62,Active,Low,BR027
INV00136,CUST00099,SIP,27218.0,34173.0,25.55,2022-03-19,2,2024-03-18,8.51,Matured,Medium,BR017
INV00137,CUST01055,Fixed Deposit,2171708.0,3083012.0,41.96,2021-04-06,7,2028-04-04,9.83,Matured,Low,BR018
INV00138,CUST00334,Recurring Deposit,47453.0,53054.0,11.8,2023-08-26,1,2024-08-25,8.63,Matured,Low,BR001
INV00139,CUST02136,SIP,3632.0,4372.0,20.37,2021-11-09,10,2031-11-07,6.08,Active,Medium,BR038
INV00140,CUST00231,SIP,31917.0,34509.0,8.12,2023-09-05,5,2028-09-03,6.09,Active,Medium,BR023
INV00141,CUST02884,Recurring Deposit,33263.0,51452.0,54.68,2022-04-27,7,2029-04-25,17.68,Active,Low,BR040
INV00142,CUST01390,Mutual Fund,292338.0,420216.0,43.74,2020-03-22,2,2022-03-22,7.89,Matured,High,BR044
INV00143,CUST00556,Mutual Fund,114757.0,176533.0,53.83,2021-11-27,1,2022-11-27,14.94,Active,High,BR021
INV00144,CUST02607,Gold Bond,171631.0,255325.0,48.76,2022-01-01,5,2026-12-31,14.17,Matured,Medium,BR029
INV00145,CUST02262,Fixed Deposit,959354.0,1877371.0,95.69,2020-02-06,5,2025-02-04,14.68,Active,Low,BR037
INV00146,CUST02176,NPS,2160.0,2606.0,20.65,2022-05-14,10,2032-05-11,7.39,Matured,Medium,BR026
INV00147,CUST02035,Gold Bond,452769.0,504019.0,11.32,2023-07-05,2,2025-07-04,7.46,Matured,Medium,BR046
INV00148,CUST01515,Stocks,803415.0,1018282.0,26.74,2022-05-17,7,2029-05-15,9.45,Matured,High,BR047
INV00149,CUST02388,Fixed Deposit,2672011.0,3669758.0,37.34,2021-10-10,1,2022-10-10,10.34,Matured,Low,BR004
INV00150,CUST00361,Mutual Fund,478543.0,599103.0,25.19,2023-07-12,2,2025-07-11,16.5,Active,High,BR014
INV00151,CUST00446,Fixed Deposit,4101074.0,6749342.0,64.57,2020-03-16,10,2030-03-14,10.95,Active,Low,BR023
INV00152,CUST02213,Recurring Deposit,43824.0,54904.0,25.28,2021-11-14,2,2023-11-14,7.47,Active,Low,BR008
INV00153,CUST01118,Recurring Deposit,38190.0,47101.0,23.33,2022-08-05,2,2024-08-04,9.11,Active,Low,BR034
INV00154,CUST00130,Recurring Deposit,31150.0,43104.0,38.38,2022-02-02,10,2032-01-31,11.81,Active,Low,BR037
INV00155,CUST01092,NPS,181863.0,246305.0,35.43,2021-05-07,2,2023-05-07,8.66,Active,Medium,BR013
INV00156,CUST00145,NPS,188355.0,314779.0,67.12,2020-12-20,3,2023-12-20,13.59,Active,Medium,BR015
INV00157,CUST00564,NPS,183742.0,222183.0,20.92,2022-02-16,1,2023-02-16,6.84,Active,Medium,BR028
INV00158,CUST00328,Gold Bond,156335.0,185836.0,18.87,2023-11-06,1,2024-11-05,16.21,Active,Medium,BR033
INV00159,CUST02777,PPF,81469.0,157348.0,93.14,2020-03-03,10,2030-03-01,14.6,Active,Low,BR014
INV00160,CUST02336,Gold Bond,146380.0,183748.0,25.53,2022-01-18,7,2029-01-16,8.01,Active,Medium,BR025
INV00161,CUST00206,Stocks,675645.0,908086.0,34.4,2022-08-26,5,2027-08-25,13.42,Active,High,BR030
INV00162,CUST00824,Fixed Deposit,2355582.0,4491790.0,90.69,2020-05-13,1,2021-05-13,14.94,Active,Low,BR011
INV00163,CUST01323,Fixed Deposit,1881929.0,2554753.0,35.75,2022-09-09,7,2029-09-07,14.15,Active,Low,BR012
INV00164,CUST02185,NPS,63540.0,76249.0,20.0,2023-10-15,3,2026-10-14,16.25,Active,Medium,BR009
INV00165,CUST00488,NPS,74442.0,82939.0,11.41,2023-05-12,3,2026-05-11,6.82,Withdrawn,Medium,BR040
INV00166,CUST02663,SIP,32523.0,57407.0,76.51,2020-11-03,7,2027-11-02,14.64,Matured,Medium,BR031
INV00167,CUST02229,Gold Bond,445253.0,598910.0,34.51,2021-10-17,7,2028-10-15,9.69,Active,Medium,BR023
INV00168,CUST01989,Gold Bond,25923.0,33598.0,29.61,2022-11-01,10,2032-10-29,12.73,Withdrawn,Medium,BR042
INV00169,CUST00350,Recurring Deposit,3739.0,7131.0,90.72,2021-01-01,10,2030-12-30,17.53,Withdrawn,Low,BR043
INV00170,CUST01644,Fixed Deposit,4217751.0,5110741.0,21.17,2023-06-10,3,2026-06-09,13.11,Active,Low,BR022
INV00171,CUST02400,Recurring Deposit,5225.0,6413.0,22.74,2021-11-18,3,2024-11-17,6.79,Matured,Low,BR015
INV00172,CUST01511,Fixed Deposit,1592379.0,2173066.0,36.47,2020-12-20,7,2027-12-19,8.02,Matured,Low,BR043
INV00173,CUST00187,PPF,14753.0,25565.0,73.29,2021-04-14,5,2026-04-13,15.95,Matured,Low,BR045
INV00174,CUST00561,NPS,89025.0,126139.0,41.69,2022-03-21,2,2024-03-20,13.35,Active,Medium,BR043
INV00175,CUST00475,Fixed Deposit,2062305.0,3009677.0,45.94,2021-08-14,7,2028-08-12,11.83,Active,Low,BR003
INV00176,CUST00395,Gold Bond,194974.0,286748.0,47.07,2021-06-07,7,2028-06-05,11.42,Active,Medium,BR047
INV00177,CUST01577,SIP,18832.0,26485.0,40.64,2020-03-27,10,2030-03-25,7.42,Matured,Medium,BR047
INV00178,CUST00399,PPF,61631.0,75573.0,22.62,2021-12-12,3,2024-12-11,6.91,Active,Low,BR007
INV00179,CUST02418,Recurring Deposit,5818.0,6443.0,10.74,2023-09-25,1,2024-09-24,8.39,Matured,Low,BR013
INV00180,CUST02233,SIP,18468.0,24250.0,31.31,2021-08-28,5,2026-08-27,8.49,Active,Medium,BR007
INV00181,CUST02319,Fixed Deposit,627468.0,767461.0,22.31,2022-07-20,5,2027-07-19,8.57,Active,Low,BR038
INV00182,CUST02984,Gold Bond,272684.0,417919.0,53.26,2020-03-26,2,2022-03-26,9.37,Active,Medium,BR035
INV00183,CUST02126,Mutual Fund,95838.0,107885.0,12.57,2023-08-10,2,2025-08-09,8.88,Active,High,BR031
INV00184,CUST01323,Gold Bond,383208.0,548057.0,43.02,2021-06-01,3,2024-05-31,10.5,Matured,Medium,BR012
INV00185,CUST02807,NPS,4844.0,6865.0,41.72,2021-09-10,2,2023-09-10,11.12,Matured,Medium,BR039
INV00186,CUST00260,NPS,56331.0,118530.0,110.42,2020-02-26,1,2021-02-25,16.59,Active,Medium,BR039
INV00187,CUST00753,Recurring Deposit,47470.0,82742.0,74.3,2021-03-07,3,2024-03-06,15.66,Active,Low,BR011
INV00188,CUST02012,SIP,6454.0,10140.0,57.11,2020-08-22,1,2021-08-22,10.92,Active,Medium,BR015
INV00189,CUST02672,Recurring Deposit,17533.0,26271.0,49.84,2021-02-11,10,2031-02-09,10.97,Active,Low,BR016
INV00190,CUST01918,SIP,25298.0,33509.0,32.46,2022-05-27,1,2023-05-27,11.43,Active,Medium,BR034
INV00191,CUST01041,Fixed Deposit,3152385.0,4933748.0,56.51,2020-01-19,1,2021-01-18,9.47,Active,Low,BR042
INV00192,CUST02684,NPS,199626.0,244077.0,22.27,2023-08-21,10,2033-08-18,15.91,Active,Medium,BR048
INV00193,CUST02111,Gold Bond,443111.0,845317.0,90.77,2020-02-16,2,2022-02-15,14.17,Active,Medium,BR019
INV00194,CUST02762,SIP,39951.0,55445.0,38.78,2021-10-06,1,2022-10-06,10.66,Active,Medium,BR017
INV00195,CUST02069,Gold Bond,22215.0,28951.0,30.32,2023-03-03,7,2030-03-01,15.57,Active,Medium,BR015
INV00196,CUST02627,Stocks,168071.0,199155.0,18.49,2022-12-25,1,2023-12-25,8.78,Matured,High,BR027
INV00197,CUST02750,Fixed Deposit,297837.0,404106.0,35.68,2020-03-26,2,2022-03-26,6.61,Active,Low,BR006
INV00198,CUST00600,Mutual Fund,14152.0,16266.0,14.94,2023-11-28,1,2024-11-27,13.62,Withdrawn,High,BR002
INV00199,CUST02033,Mutual Fund,32077.0,44391.0,38.39,2022-11-03,5,2027-11-02,16.24,Active,High,BR041
INV00200,CUST01877,NPS,48522.0,98386.0,102.77,2020-08-19,5,2025-08-18,17.57,Active,Medium,BR030
INV00201,CUST00810,Stocks,270028.0,493418.0,82.73,2021-01-16,7,2028-01-15,16.46,Active,High,BR023
INV00202,CUST02263,SIP,1534.0,1955.0,27.44,2023-05-26,1,2024-05-25,16.35,Active,Medium,BR039
INV00203,CUST00873,PPF,66527.0,101720.0,52.9,2021-10-01,2,2023-10-01,13.96,Withdrawn,Low,BR010
INV00204,CUST01775,Mutual Fund,252574.0,396907.0,57.14,2020-06-05,2,2022-06-05,10.39,Active,High,BR011
INV00205,CUST02470,Gold Bond,131775.0,180308.0,36.83,2020-12-25,3,2023-12-25,8.12,Active,Medium,BR039
INV00206,CUST02497,PPF,85839.0,144300.0,68.11,2020-03-04,1,2021-03-04,11.36,Active,Low,BR018
INV00207,CUST00006,Stocks,960627.0,1292343.0,34.53,2021-03-24,10,2031-03-22,8.18,Active,High,BR039
INV00208,CUST01719,SIP,18920.0,25016.0,32.22,2023-01-01,10,2032-12-29,15.01,Active,Medium,BR016
INV00209,CUST00147,PPF,102218.0,179177.0,75.29,2020-01-24,10,2030-01-21,12.04,Matured,Low,BR013
INV00210,CUST02439,SIP,19243.0,22914.0,19.08,2022-06-02,1,2023-06-02,7.0,Active,Medium,BR030
INV00211,CUST00913,NPS,110075.0,157725.0,43.29,2022-05-11,2,2024-05-10,14.59,Active,Medium,BR048
INV00212,CUST02696,Gold Bond,343513.0,405181.0,17.95,2023-02-22,2,2025-02-21,9.31,Matured,Medium,BR007
INV00213,CUST02886,PPF,27273.0,36909.0,35.33,2022-11-11,3,2025-11-10,15.21,Matured,Low,BR008
INV00214,CUST01946,PPF,106324.0,147499.0,38.73,2022-01-29,2,2024-01-29,11.86,Active,Low,BR032
INV00215,CUST02440,Stocks,312998.0,436697.0,39.52,2020-08-22,1,2021-08-22,7.94,Withdrawn,High,BR042
INV00216,CUST01912,Mutual Fund,11835.0,14645.0,23.74,2021-10-25,5,2026-10-24,6.92,Active,High,BR013
INV00217,CUST01949,Gold Bond,229983.0,420422.0,82.81,2020-01-27,10,2030-01-24,13.02,Active,Medium,BR003
INV00218,CUST02510,Fixed Deposit,2080641.0,3166399.0,52.18,2021-12-12,5,2026-12-11,14.75,Active,Low,BR049
INV00219,CUST01603,NPS,144802.0,204895.0,41.5,2021-03-27,5,2026-03-26,9.66,Active,Medium,BR013
INV00220,CUST01152,Fixed Deposit,4909244.0,9645491.0,96.48,2020-08-07,7,2027-08-06,16.59,Matured,Low,BR040
INV00221,CUST01673,Gold Bond,137686.0,183033.0,32.94,2022-06-22,1,2023-06-22,11.93,Active,Medium,BR028
INV00222,CUST01027,Fixed Deposit,2434291.0,4114190.0,69.01,2021-01-03,10,2031-01-01,14.05,Matured,Low,BR038
INV00223,CUST00312,Recurring Deposit,33948.0,45300.0,33.44,2023-01-16,1,2024-01-16,15.89,Matured,Low,BR034
INV00224,CUST01126,PPF,30626.0,42591.0,39.07,2021-12-11,7,2028-12-09,11.4,Active,Low,BR050
INV00225,CUST00255,Fixed Deposit,3711578.0,5298714.0,42.76,2022-09-18,10,2032-09-15,16.86,Active,Low,BR025
INV00226,CUST01674,Gold Bond,73988.0,90927.0,22.89,2023-01-23,7,2030-01-21,11.23,Active,Medium,BR049
INV00227,CUST02474,Recurring Deposit,16605.0,20132.0,21.24,2023-09-13,10,2033-09-10,15.99,Active,Low,BR039
INV00228,CUST00588,Mutual Fund,355818.0,633666.0,78.09,2020-02-16,5,2025-02-14,12.57,Active,High,BR042
INV00229,CUST02189,Fixed Deposit,3989112.0,6398768.0,60.41,2020-10-18,7,2027-10-17,11.9,Active,Low,BR001
INV00230,CUST02771,Gold Bond,204862.0,240731.0,17.51,2023-06-20,10,2033-06-17,11.11,Active,Medium,BR003
INV00231,CUST02553,Gold Bond,496264.0,718708.0,44.82,2022-05-12,3,2025-05-11,15.07,Active,Medium,BR033
INV00232,CUST02156,Recurring Deposit,10178.0,14135.0,38.88,2022-01-15,1,2023-01-15,11.74,Active,Low,BR028
INV00233,CUST02560,SIP,46737.0,58649.0,25.49,2023-07-18,10,2033-07-15,16.89,Active,Medium,BR047
INV00234,CUST01587,Gold Bond,247337.0,492049.0,98.94,2020-02-24,10,2030-02-21,15.23,Matured,Medium,BR037
INV00235,CUST02147,NPS,70879.0,91107.0,28.54,2023-06-17,3,2026-06-16,17.71,Matured,Medium,BR013
INV00236,CUST00409,Mutual Fund,62505.0,76634.0,22.6,2023-06-30,5,2028-06-28,14.51,Active,High,BR043
INV00237,CUST02836,Recurring Deposit,27715.0,33578.0,21.15,2023-05-25,3,2026-05-24,12.72,Active,Low,BR036
INV00238,CUST02383,Mutual Fund,367826.0,554276.0,50.69,2020-08-26,10,2030-08-24,9.89,Active,High,BR038
INV00239,CUST00989,PPF,99451.0,139456.0,40.23,2020-07-01,1,2021-07-01,7.8,Active,Low,BR050
INV00240,CUST02865,PPF,124037.0,146987.0,18.5,2023-04-12,3,2026-04-11,10.37,Active,Low,BR046
INV00241,CUST02741,Gold Bond,465400.0,620621.0,33.35,2022-05-17,5,2027-05-16,11.59,Active,Medium,BR022
INV00242,CUST00360,Gold Bond,145215.0,205643.0,41.61,2022-03-24,3,2025-03-23,13.37,Active,Medium,BR007
INV00243,CUST00357,NPS,98810.0,121035.0,22.49,2022-08-05,1,2023-08-05,8.8,Withdrawn,Medium,BR040
INV00244,CUST01856,Recurring Deposit,48497.0,57480.0,18.52,2023-03-01,3,2026-02-28,9.7,Active,Low,BR004
INV00245,CUST02102,Fixed Deposit,2252039.0,3426763.0,52.16,2021-09-22,3,2024-09-21,13.68,Active,Low,BR040
INV00246,CUST00136,Mutual Fund,6897.0,8537.0,23.78,2022-12-05,1,2023-12-05,10.85,Active,High,BR014
INV00247,CUST02799,SIP,5181.0,8239.0,59.02,2020-02-17,1,2021-02-16,9.99,Active,Medium,BR043
INV00248,CUST00098,NPS,54868.0,60731.0,10.69,2023-09-26,10,2033-09-23,8.37,Active,Medium,BR010
INV00249,CUST00813,Gold Bond,396454.0,517294.0,30.48,2021-06-24,2,2023-06-24,7.85,Active,Medium,BR011
INV00250,CUST02348,SIP,11168.0,17614.0,57.72,2022-03-24,1,2023-03-24,17.86,Active,Medium,BR046
INV00251,CUST01367,Fixed Deposit,1065643.0,1726692.0,62.03,2021-01-06,1,2022-01-06,12.88,Active,Low,BR020
INV00252,CUST02305,PPF,128636.0,146027.0,13.52,2023-06-26,7,2030-06-24,8.73,Active,Low,BR030
INV00253,CUST01879,Mutual Fund,49793.0,60707.0,21.92,2023-09-24,5,2028-09-22,16.91,Active,High,BR023
INV00254,CUST00922,PPF,42843.0,52350.0,22.19,2022-10-20,10,2032-10-17,9.55,Active,Low,BR046
INV00255,CUST01116,Stocks,146371.0,254965.0,74.19,2020-01-07,5,2025-01-05,11.78,Matured,High,BR050
INV00256,CUST02379,NPS,192672.0,258549.0,34.19,2021-12-30,5,2026-12-29,10.29,Withdrawn,Medium,BR014
INV00257,CUST02590,Fixed Deposit,3690033.0,5328012.0,44.39,2020-11-07,3,2023-11-07,9.26,Active,Low,BR032
INV00258,CUST02371,PPF,123857.0,152172.0,22.86,2023-04-11,5,2028-04-09,12.69,Matured,Low,BR026
INV00259,CUST00780,Stocks,160251.0,205758.0,28.4,2021-06-26,10,2031-06-24,7.37,Active,High,BR017
INV00260,CUST01962,Gold Bond,142760.0,165156.0,15.69,2023-10-28,10,2033-10-25,13.2,Active,Medium,BR029
INV00261,CUST01350,Stocks,734347.0,1071180.0,45.87,2021-12-24,1,2022-12-24,13.32,Active,High,BR001
INV00262,CUST01774,NPS,150763.0,237968.0,57.84,2020-12-01,5,2025-11-30,11.83,Matured,Medium,BR026
INV00263,CUST01652,Stocks,733908.0,1150126.0,56.71,2020-06-06,1,2021-06-06,10.33,Active,High,BR013
INV00264,CUST02868,PPF,63301.0,78187.0,23.52,2022-06-27,2,2024-06-26,8.77,Active,Low,BR020
INV00265,CUST00582,Gold Bond,206658.0,275464.0,33.29,2022-04-11,7,2029-04-09,11.13,Active,Medium,BR043
INV00266,CUST01492,Gold Bond,491155.0,739748.0,50.61,2021-12-17,2,2023-12-17,14.43,Active,Medium,BR048
INV00267,CUST02720,Mutual Fund,243411.0,297597.0,22.26,2023-09-27,2,2025-09-26,17.29,Active,High,BR007
INV00268,CUST02765,Mutual Fund,444400.0,536281.0,20.68,2022-01-28,7,2029-01-26,6.64,Active,High,BR028
INV00269,CUST01541,NPS,27163.0,38265.0,40.87,2022-01-25,7,2029-01-23,12.4,Active,Medium,BR013
INV00270,CUST02631,Recurring Deposit,15922.0,19431.0,22.04,2021-11-27,3,2024-11-26,6.65,Active,Low,BR035
INV00271,CUST01217,Fixed Deposit,2203941.0,3130474.0,42.04,2021-01-24,1,2022-01-24,9.33,Active,Low,BR027
INV00272,CUST02886,PPF,40153.0,55985.0,39.43,2022-06-01,3,2025-05-31,13.73,Active,Low,BR008
INV00273,CUST02919,NPS,167819.0,267620.0,59.47,2020-02-23,1,2021-02-22,10.09,Matured,Medium,BR003
INV00274,CUST00569,Fixed Deposit,2317140.0,2924538.0,26.21,2022-07-13,5,2027-07-12,9.89,Active,Low,BR048
INV00275,CUST00960,Mutual Fund,360942.0,538713.0,49.25,2022-05-28,7,2029-05-26,16.69,Active,High,BR001
INV00276,CUST02921,Gold Bond,74807.0,127540.0,70.49,2020-02-25,2,2022-02-24,11.63,Matured,Medium,BR026
INV00277,CUST00481,Mutual Fund,398169.0,533299.0,33.94,2022-09-08,2,2024-09-07,13.47,Withdrawn,High,BR035
INV00278,CUST02954,NPS,3686.0,6740.0,82.85,2020-07-15,5,2025-07-14,14.48,Active,Medium,BR050
INV00279,CUST01137,Gold Bond,373352.0,496740.0,33.05,2021-11-28,1,2022-11-28,9.68,Matured,Medium,BR012
INV00280,CUST02000,Stocks,445483.0,584557.0,31.22,2023-03-04,3,2026-03-03,16.03,Matured,High,BR032
INV00281,CUST01767,Mutual Fund,419162.0,787548.0,87.89,2020-03-08,5,2025-03-07,13.99,Active,High,BR038
INV00282,CUST00595,Fixed Deposit,2829079.0,4288467.0,51.59,2020-06-01,10,2030-05-30,9.5,Active,Low,BR046
INV00283,CUST01771,NPS,89797.0,116285.0,29.5,2023-02-18,7,2030-02-16,14.86,Active,Medium,BR017
INV00284,CUST00118,SIP,5823.0,7199.0,23.63,2023-08-27,5,2028-08-25,17.08,Active,Medium,BR040
INV00285,CUST01414,Mutual Fund,99027.0,110054.0,11.14,2023-10-25,7,2030-10-23,9.33,Matured,High,BR006
INV00286,CUST01255,Mutual Fund,316134.0,375496.0,18.78,2023-02-09,10,2033-02-06,9.53,Active,High,BR006
INV00287,CUST02676,Fixed Deposit,2951071.0,5471818.0,85.42,2021-03-26,1,2022-03-26,17.81,Matured,Low,BR034
INV00288,CUST01502,Stocks,482520.0,594710.0,23.25,2023-07-01,2,2025-06-30,14.94,Active,High,BR045
INV00289,CUST02030,PPF,88343.0,98482.0,11.48,2023-11-01,10,2033-10-29,9.78,Matured,Low,BR009
INV00290,CUST01716,Recurring Deposit,48206.0,67428.0,39.87,2020-08-06,10,2030-08-04,7.92,Withdrawn,Low,BR017
INV00291,CUST02255,Stocks,520737.0,608410.0,16.84,2023-03-31,5,2028-03-29,9.28,Active,High,BR006
INV00292,CUST02663,Gold Bond,489084.0,650059.0,32.91,2021-07-23,1,2022-07-23,8.62,Active,Medium,BR031
INV00293,CUST01517,Stocks,121461.0,133890.0,10.23,2023-06-16,5,2028-06-14,6.52,Matured,High,BR037
INV00294,CUST02602,Mutual Fund,414145.0,819884.0,97.97,2020-10-16,7,2027-10-15,17.62,Active,High,BR046
INV00295,CUST01599,Recurring Deposit,49507.0,82287.0,66.21,2020-03-22,2,2022-03-22,11.22,Matured,Low,BR038
INV00296,CUST01073,Gold Bond,350139.0,454784.0,29.89,2022-10-03,2,2024-10-02,12.36,Withdrawn,Medium,BR020
INV00297,CUST01704,Stocks,457932.0,586705.0,28.12,2021-06-27,10,2031-06-25,7.31,Active,High,BR042
INV00298,CUST02919,Recurring Deposit,22958.0,38271.0,66.7,2021-02-14,5,2026-02-13,14.09,Matured,Low,BR003
INV00299,CUST00925,Fixed Deposit,2180455.0,3260594.0,49.54,2021-09-03,5,2026-09-02,12.86,Active,Low,BR045
INV00300,CUST00056,Stocks,513091.0,572995.0,11.68,2023-10-07,2,2025-10-06,9.37,Matured,High,BR047
INV00301,CUST02684,Mutual Fund,246072.0,540978.0,119.85,2020-03-09,3,2023-03-09,17.78,Active,High,BR048
INV00302,CUST00437,Gold Bond,224113.0,289635.0,29.24,2022-10-23,10,2032-10-20,12.43,Active,Medium,BR040
INV00303,CUST01211,Gold Bond,211069.0,249110.0,18.02,2023-11-22,10,2033-11-19,16.15,Active,Medium,BR007
INV00304,CUST00677,NPS,46615.0,64951.0,39.33,2021-11-27,7,2028-11-25,11.32,Matured,Medium,BR014
INV00305,CUST02024,Fixed Deposit,1770574.0,2606392.0,47.21,2021-03-20,3,2024-03-19,10.76,Matured,Low,BR014
INV00306,CUST02233,PPF,59712.0,80631.0,35.03,2021-08-19,2,2023-08-19,9.33,Active,Low,BR007
INV00307,CUST00347,Recurring Deposit,43619.0,65499.0,50.16,2022-03-28,3,2025-03-27,15.86,Active,Low,BR028
INV00308,CUST01796,Fixed Deposit,1584331.0,1867120.0,17.85,2023-05-26,3,2026-05-25,10.81,Matured,Low,BR048
INV00309,CUST02454,Fixed Deposit,1736398.0,2602775.0,49.9,2020-08-25,10,2030-08-23,9.75,Active,Low,BR037
INV00310,CUST00938,Fixed Deposit,2552379.0,3331248.0,30.52,2023-01-31,10,2033-01-28,14.92,Active,Low,BR009
INV00311,CUST01666,Gold Bond,242024.0,394331.0,62.93,2021-01-26,7,2028-01-25,13.23,Active,Medium,BR045
INV00312,CUST01523,PPF,30702.0,55114.0,79.51,2020-02-22,2,2022-02-21,12.8,Active,Low,BR048
INV00313,CUST00913,Gold Bond,67801.0,87684.0,29.33,2022-10-11,3,2025-10-10,12.27,Active,Medium,BR048
INV00314,CUST02522,NPS,15237.0,19044.0,24.99,2023-04-27,7,2030-04-25,14.2,Withdrawn,Medium,BR009
INV00315,CUST00742,PPF,111087.0,144286.0,29.89,2023-04-14,2,2025-04-13,16.47,Matured,Low,BR043
INV00316,CUST01298,Recurring Deposit,4036.0,6824.0,69.08,2020-01-28,10,2030-01-25,11.25,Active,Low,BR026
INV00317,CUST02627,Stocks,689302.0,782809.0,13.57,2023-11-15,5,2028-11-13,11.96,Active,High,BR027
INV00318,CUST02787,Stocks,939798.0,1280237.0,36.22,2022-10-05,10,2032-10-02,14.81,Withdrawn,High,BR031
INV00319,CUST00678,SIP,4671.0,5275.0,12.93,2023-10-06,2,2025-10-05,10.35,Matured,Medium,BR044
INV00320,CUST00731,PPF,61205.0,85801.0,40.19,2020-03-23,7,2027-03-22,7.33,Active,Low,BR026
INV00321,CUST00347,PPF,100901.0,162399.0,60.95,2021-10-07,2,2023-10-07,15.86,Active,Low,BR028
INV00322,CUST02809,Stocks,602728.0,1012402.0,67.97,2020-06-05,7,2027-06-04,12.01,Matured,High,BR025
INV00323,CUST00042,Fixed Deposit,1620906.0,1844953.0,13.82,2023-09-25,5,2028-09-23,10.77,Active,Low,BR036
INV00324,CUST01822,Mutual Fund,98800.0,162064.0,64.03,2020-05-29,1,2021-05-29,11.38,Withdrawn,High,BR015
INV00325,CUST02847,PPF,35082.0,39771.0,13.37,2023-08-18,1,2024-08-17,9.59,Active,Low,BR042
INV00326,CUST00126,NPS,42929.0,57742.0,34.51,2022-10-13,1,2023-10-13,14.31,Active,Medium,BR044
INV00327,CUST02043,SIP,30091.0,51008.0,69.51,2020-07-11,3,2023-07-11,12.52,Active,Medium,BR040
INV00328,CUST02104,SIP,32233.0,56182.0,74.3,2021-02-20,1,2022-02-20,15.48,Matured,Medium,BR040
INV00329,CUST02968,Gold Bond,447003.0,847479.0,89.59,2021-01-19,10,2031-01-17,17.59,Matured,Medium,BR002
INV00330,CUST02917,Stocks,412919.0,475207.0,15.08,2023-01-06,1,2024-01-06,7.34,Matured,High,BR006
INV00331,CUST00412,Fixed Deposit,4311011.0,6249821.0,44.97,2021-09-19,7,2028-09-17,11.98,Active,Low,BR004
INV00332,CUST01198,Recurring Deposit,41963.0,66113.0,57.55,2021-05-15,5,2026-05-14,13.34,Active,Low,BR048
INV00333,CUST01564,Gold Bond,116312.0,223904.0,92.5,2021-01-03,7,2028-01-02,17.83,Active,Medium,BR017
INV00334,CUST01855,Gold Bond,72104.0,135947.0,88.54,2020-03-03,3,2023-03-03,14.03,Withdrawn,Medium,BR002
INV00335,CUST00222,Recurring Deposit,3568.0,4470.0,25.28,2023-04-18,10,2033-04-15,14.14,Active,Low,BR015
INV00336,CUST00934,Mutual Fund,427900.0,621245.0,45.18,2020-05-12,10,2030-05-10,8.37,Active,High,BR028
INV00337,CUST01147,PPF,128530.0,227476.0,76.98,2020-05-05,1,2021-05-05,13.04,Active,Low,BR022
INV00338,CUST00507,Gold Bond,236703.0,337841.0,42.73,2021-05-08,1,2022-05-08,10.24,Active,Medium,BR048
INV00339,CUST01847,Fixed Deposit,1655222.0,2947738.0,78.09,2020-03-21,10,2030-03-19,12.83,Active,Low,BR015
INV00340,CUST01163,Mutual Fund,473233.0,794965.0,67.99,2021-07-10,2,2023-07-10,16.09,Matured,High,BR043
INV00341,CUST01531,Mutual Fund,247581.0,312985.0,26.42,2023-05-13,10,2033-05-10,15.41,Matured,High,BR024
INV00342,CUST01214,Gold Bond,93330.0,134100.0,43.68,2022-01-11,7,2029-01-09,12.98,Active,Medium,BR008
INV00343,CUST01475,Stocks,959078.0,1211223.0,26.29,2023-01-19,7,2030-01-17,12.73,Active,High,BR015
INV00344,CUST00113,Gold Bond,483741.0,571090.0,18.06,2023-02-12,1,2024-02-12,9.22,Active,Medium,BR043
INV00345,CUST00336,Stocks,90379.0,160418.0,77.49,2021-05-24,3,2024-05-23,17.25,Active,High,BR003
INV00346,CUST00618,SIP,40484.0,66269.0,63.69,2021-03-18,10,2031-03-16,13.89,Active,Medium,BR038
INV00347,CUST00389,Gold Bond,147292.0,177914.0,20.79,2023-05-22,7,2030-05-20,12.44,Withdrawn,Medium,BR008
INV00348,CUST01603,Gold Bond,380939.0,483201.0,26.84,2021-03-04,3,2024-03-03,6.41,Active,Medium,BR013
INV00349,CUST00044,Mutual Fund,340475.0,545767.0,60.3,2020-11-12,5,2025-11-11,12.09,Matured,High,BR022
INV00350,CUST00015,Mutual Fund,238606.0,307458.0,28.86,2021-08-28,2,2023-08-28,7.88,Matured,High,BR047
INV00351,CUST01538,Gold Bond,145655.0,214064.0,46.97,2022-01-13,2,2024-01-13,13.87,Matured,Medium,BR045
INV00352,CUST02797,NPS,146827.0,235937.0,60.69,2021-08-29,10,2031-08-27,15.26,Active,Medium,BR037
INV00353,CUST00542,SIP,17108.0,21110.0,23.39,2023-06-05,3,2026-06-04,14.3,Active,Medium,BR026
INV00354,CUST01971,Gold Bond,35434.0,42756.0,20.66,2023-01-10,7,2030-01-08,9.99,Active,Medium,BR021
INV00355,CUST00820,NPS,176511.0,279674.0,58.45,2022-01-18,5,2027-01-17,16.88,Withdrawn,Medium,BR001
INV00356,CUST01114,Mutual Fund,88426.0,128439.0,45.25,2021-04-14,10,2031-04-12,10.57,Active,High,BR034
INV00357,CUST01552,SIP,39405.0,62429.0,58.43,2021-08-14,2,2023-08-14,14.58,Withdrawn,Medium,BR046
INV00358,CUST01866,Gold Bond,392486.0,420679.0,7.18,2023-11-09,2,2025-11-08,6.26,Active,Medium,BR038
INV00359,CUST00800,Mutual Fund,132654.0,231991.0,74.88,2021-03-24,3,2024-03-23,15.97,Active,High,BR037
INV00360,CUST02311,Gold Bond,280790.0,508009.0,80.92,2020-03-03,1,2021-03-03,13.06,Active,Medium,BR021
INV00361,CUST01791,PPF,18790.0,20863.0,11.03,2023-10-10,1,2024-10-09,8.92,Active,Low,BR009
INV00362,CUST02697,Recurring Deposit,46179.0,59627.0,29.12,2022-09-02,7,2029-08-31,11.6,Matured,Low,BR039
INV00363,CUST02055,SIP,5185.0,8432.0,62.62,2022-01-06,1,2023-01-06,17.7,Active,Medium,BR026
INV00364,CUST00590,SIP,41968.0,55791.0,32.94,2022-07-23,1,2023-07-23,12.37,Active,Medium,BR044
INV00365,CUST02447,PPF,104295.0,158316.0,51.8,2021-10-29,5,2026-10-28,14.06,Active,Low,BR012
INV00366,CUST01608,PPF,6329.0,9384.0,48.27,2022-07-11,10,2032-07-08,17.26,Matured,Low,BR003
INV00367,CUST02097,Gold Bond,360863.0,461251.0,27.82,2022-07-24,2,2024-07-23,10.59,Matured,Medium,BR009
INV00368,CUST02082,Stocks,302101.0,355716.0,17.75,2023-07-22,10,2033-07-19,11.98,Active,High,BR020
INV00369,CUST02783,NPS,178942.0,386614.0,116.06,2020-04-15,2,2022-04-15,17.76,Active,Medium,BR035
INV00370,CUST01493,Gold Bond,358896.0,459922.0,28.15,2022-01-11,3,2025-01-10,8.71,Active,Medium,BR021
INV00371,CUST01227,Stocks,184722.0,291946.0,58.05,2020-08-01,1,2021-08-01,10.92,Active,High,BR032
INV00372,CUST02285,PPF,41721.0,47332.0,13.45,2023-02-22,3,2026-02-21,7.04,Active,Low,BR049
INV00373,CUST02885,Fixed Deposit,1047172.0,1165439.0,11.29,2023-05-06,5,2028-05-04,6.68,Active,Low,BR038
INV00374,CUST02114,Stocks,528778.0,599794.0,13.43,2023-11-01,1,2024-10-31,11.43,Matured,High,BR001
INV00375,CUST00783,Fixed Deposit,3002221.0,4954653.0,65.03,2021-04-01,1,2022-04-01,14.29,Active,Low,BR002
INV00376,CUST01307,Stocks,286218.0,334655.0,16.92,2023-08-18,10,2033-08-15,12.09,Active,High,BR005
INV00377,CUST02544,Fixed Deposit,630716.0,817570.0,29.63,2023-04-24,2,2025-04-23,16.62,Matured,Low,BR046
INV00378,CUST00315,PPF,37275.0,69254.0,85.79,2020-01-05,5,2025-01-03,13.22,Active,Low,BR033
INV00379,CUST02596,Mutual Fund,122288.0,145070.0,18.63,2023-08-31,2,2025-08-30,13.66,Active,High,BR030
INV00380,CUST02842,Recurring Deposit,40347.0,55967.0,38.71,2020-12-05,7,2027-12-04,8.37,Active,Low,BR023
INV00381,CUST01504,Mutual Fund,252197.0,341752.0,35.51,2022-12-15,3,2025-12-14,16.03,Active,High,BR044
INV00382,CUST02674,Recurring Deposit,8129.0,10019.0,23.25,2023-03-28,5,2028-03-26,12.6,Withdrawn,Low,BR020
INV00383,CUST00007,PPF,96634.0,139914.0,44.79,2020-12-07,3,2023-12-07,9.53,Matured,Low,BR043
INV00384,CUST02962,Fixed Deposit,1161917.0,1335585.0,14.95,2023-11-30,3,2026-11-29,13.7,Matured,Low,BR015
INV00385,CUST02988,Gold Bond,309699.0,448096.0,44.69,2020-02-26,7,2027-02-24,7.92,Active,Medium,BR045
INV00386,CUST02958,Fixed Deposit,1983781.0,2297590.0,15.82,2023-10-20,5,2028-10-18,13.05,Active,Low,BR030
INV00387,CUST00431,NPS,147085.0,218198.0,48.35,2022-01-13,3,2025-01-12,14.23,Active,Medium,BR012
INV00388,CUST00718,Mutual Fund,482428.0,537978.0,11.51,2023-11-11,10,2033-11-08,10.06,Active,High,BR002
INV00389,CUST00194,Gold Bond,322130.0,480498.0,49.16,2021-04-09,10,2031-04-07,11.32,Matured,Medium,BR025
INV00390,CUST02424,Stocks,258307.0,408934.0,58.31,2021-02-16,3,2024-02-16,12.6,Active,High,BR047
INV00391,CUST00421,NPS,30401.0,50949.0,67.59,2021-08-29,1,2022-08-29,16.72,Withdrawn,Medium,BR034
INV00392,CUST00351,Fixed Deposit,704393.0,1018277.0,44.56,2022-01-17,7,2029-01-15,13.29,Active,Low,BR023
INV00393,CUST00759,PPF,140393.0,179126.0,27.59,2023-02-12,2,2025-02-11,13.82,Active,Low,BR026
INV00394,CUST00339,Gold Bond,413264.0,507152.0,22.72,2023-04-15,10,2033-04-12,12.7,Active,Medium,BR005
INV00395,CUST01650,SIP,8984.0,13097.0,45.78,2022-01-10,5,2027-01-09,13.52,Active,Medium,BR005
INV00396,CUST00983,SIP,25845.0,31352.0,21.31,2022-03-26,7,2029-03-24,7.23,Matured,Medium,BR036
INV00397,CUST00322,NPS,48196.0,106682.0,121.35,2020-01-20,10,2030-01-17,17.42,Matured,Medium,BR036
INV00398,CUST00016,Gold Bond,53028.0,71818.0,35.43,2022-09-16,2,2024-09-15,14.16,Active,Medium,BR004
INV00399,CUST00828,NPS,30136.0,40519.0,34.45,2020-06-15,2,2022-06-15,6.73,Active,Medium,BR044
INV00400,CUST00018,Recurring Deposit,17532.0,20443.0,16.6,2023-07-31,1,2024-07-30,11.43,Active,Low,BR002
INV00401,CUST01955,NPS,150451.0,212745.0,41.4,2022-08-27,5,2027-08-26,15.92,Active,Medium,BR001
INV00402,CUST01566,PPF,95470.0,149242.0,56.32,2020-12-04,7,2027-12-03,11.59,Active,Low,BR023
INV00403,CUST02405,PPF,117169.0,128105.0,9.33,2023-12-06,2,2025-12-05,8.71,Active,Low,BR035
INV00404,CUST01492,Gold Bond,88990.0,115830.0,30.16,2020-08-21,10,2030-08-19,6.23,Matured,Medium,BR048
INV00405,CUST01971,Fixed Deposit,2503516.0,4093212.0,63.5,2021-02-05,2,2023-02-05,13.43,Active,Low,BR021
INV00406,CUST00635,Fixed Deposit,118327.0,166582.0,40.78,2022-06-22,10,2032-06-19,14.5,Active,Low,BR027
INV00407,CUST01106,Fixed Deposit,4018927.0,5518517.0,37.31,2021-11-01,7,2028-10-30,10.54,Active,Low,BR045
INV00408,CUST02578,Mutual Fund,425171.0,574892.0,35.21,2022-12-05,2,2024-12-04,15.68,Active,High,BR019
INV00409,CUST01840,Mutual Fund,442026.0,507534.0,14.82,2023-05-08,2,2025-05-07,8.74,Withdrawn,High,BR026
INV00410,CUST02390,Recurring Deposit,13371.0,21849.0,63.41,2021-10-18,1,2022-10-18,16.57,Matured,Low,BR013
INV00411,CUST00489,Gold Bond,273168.0,458016.0,67.67,2020-09-25,3,2023-09-25,12.88,Active,Medium,BR049
INV00412,CUST00748,Fixed Deposit,1100228.0,1298909.0,18.06,2023-08-02,5,2028-07-31,12.46,Matured,Low,BR012
INV00413,CUST01718,PPF,60184.0,70640.0,17.37,2022-12-26,10,2032-12-23,8.28,Active,Low,BR003
INV00414,CUST01457,Gold Bond,56056.0,96567.0,72.27,2020-09-23,2,2022-09-23,13.58,Active,Medium,BR017
INV00415,CUST00904,Mutual Fund,274239.0,367437.0,33.98,2022-10-01,3,2025-09-30,13.89,Withdrawn,High,BR004
INV00416,CUST02871,SIP,12300.0,16532.0,34.41,2021-07-09,5,2026-07-08,8.87,Withdrawn,Medium,BR043
INV00417,CUST00267,PPF,84041.0,115121.0,36.98,2023-01-14,5,2028-01-13,17.4,Active,Low,BR042
INV00418,CUST00344,PPF,82191.0,107010.0,30.2,2021-04-12,7,2028-04-10,7.35,Active,Low,BR035
INV00419,CUST01817,Mutual Fund,150130.0,200087.0,33.28,2020-11-27,7,2027-11-26,7.27,Active,High,BR028
INV00420,CUST00144,Mutual Fund,52520.0,66513.0,26.64,2022-08-06,5,2027-08-05,10.33,Active,High,BR043
INV00421,CUST01554,NPS,67975.0,95448.0,40.42,2021-07-21,5,2026-07-20,10.35,Active,Medium,BR004
INV00422,CUST02116,SIP,32318.0,45925.0,42.1,2020-01-20,7,2027-01-18,7.36,Active,Medium,BR039
INV00423,CUST00185,NPS,148623.0,177634.0,19.52,2021-12-18,3,2024-12-17,6.05,Active,Medium,BR043
INV00424,CUST00753,NPS,103035.0,137127.0,33.09,2020-04-06,7,2027-04-05,6.22,Active,Medium,BR011
INV00425,CUST01242,Gold Bond,463440.0,738981.0,59.46,2020-02-03,2,2022-02-02,9.97,Active,Medium,BR035
INV00426,CUST00403,Stocks,744826.0,933316.0,25.31,2023-01-04,1,2024-01-04,12.01,Active,High,BR031
INV00427,CUST02124,Recurring Deposit,6730.0,12387.0,84.06,2021-02-10,1,2022-02-10,16.99,Active,Low,BR040
INV00428,CUST01437,Gold Bond,394840.0,597999.0,51.45,2021-07-07,10,2031-07-05,12.65,Active,Medium,BR027
INV00429,CUST01361,PPF,148158.0,169217.0,14.21,2023-10-11,2,2025-10-10,11.49,Matured,Low,BR004
INV00430,CUST00480,PPF,71088.0,101799.0,43.2,2020-09-28,7,2027-09-27,8.8,Active,Low,BR018
INV00431,CUST00928,SIP,27139.0,31853.0,17.37,2023-04-06,7,2030-04-04,9.66,Withdrawn,Medium,BR011
INV00432,CUST01663,SIP,28007.0,43315.0,54.66,2020-05-19,10,2030-05-17,9.9,Active,Medium,BR039
INV00433,CUST02080,SIP,44439.0,49987.0,12.48,2023-11-12,3,2026-11-11,10.93,Matured,Medium,BR050
INV00434,CUST02050,PPF,33976.0,49621.0,46.05,2022-05-11,10,2032-05-08,15.42,Active,Low,BR031
INV00435,CUST01834,NPS,23835.0,31748.0,33.2,2021-08-10,3,2024-08-09,8.82,Active,Medium,BR050
INV00436,CUST01492,PPF,84385.0,129439.0,53.39,2022-03-31,3,2025-03-30,16.81,Active,Low,BR048
INV00437,CUST01311,Gold Bond,148154.0,187610.0,26.63,2023-02-25,5,2028-02-24,13.64,Withdrawn,Medium,BR027
INV00438,CUST00621,SIP,1823.0,2841.0,55.84,2021-04-12,2,2023-04-12,12.66,Active,Medium,BR030
INV00439,CUST00906,Stocks,652476.0,889832.0,36.38,2022-04-12,5,2027-04-11,12.08,Active,High,BR046
INV00440,CUST00561,Gold Bond,366917.0,414005.0,12.83,2023-06-25,3,2026-06-24,8.28,Active,Medium,BR043
INV00441,CUST00744,NPS,171494.0,256198.0,49.39,2021-05-18,5,2026-05-17,11.72,Active,Medium,BR036
INV00442,CUST01718,SIP,30310.0,34229.0,12.93,2023-07-17,7,2030-07-15,8.7,Matured,Medium,BR003
INV00443,CUST02110,PPF,135416.0,158867.0,17.32,2023-07-09,10,2033-07-06,11.4,Active,Low,BR036
INV00444,CUST02019,PPF,21028.0,24254.0,15.34,2022-09-07,5,2027-09-06,6.36,Active,Low,BR004
INV00445,CUST00118,Stocks,870295.0,1013390.0,16.44,2023-05-18,10,2033-05-15,9.84,Active,High,BR040
INV00446,CUST01338,Fixed Deposit,192066.0,231051.0,20.3,2023-08-13,2,2025-08-12,14.29,Withdrawn,Low,BR016
INV00447,CUST00091,SIP,43290.0,70495.0,62.84,2021-10-17,10,2031-10-15,16.43,Withdrawn,Medium,BR006
INV00448,CUST01264,NPS,13094.0,16406.0,25.29,2023-01-06,3,2026-01-05,12.04,Active,Medium,BR038
INV00449,CUST00932,SIP,31588.0,42018.0,33.02,2023-01-15,7,2030-01-13,15.68,Active,Medium,BR038
INV00450,CUST00158,Mutual Fund,174131.0,326191.0,87.33,2020-04-13,5,2025-04-12,14.23,Withdrawn,High,BR004
INV00451,CUST00672,Mutual Fund,359771.0,443592.0,23.3,2023-05-08,5,2028-05-06,13.54,Active,High,BR017
INV00452,CUST00359,PPF,147526.0,211322.0,43.24,2022-10-15,3,2025-10-14,17.65,Matured,Low,BR023
INV00453,CUST00325,PPF,37463.0,63462.0,69.4,2021-07-10,3,2024-07-09,16.37,Matured,Low,BR032
INV00454,CUST01527,Mutual Fund,441605.0,476134.0,7.82,2023-12-06,5,2028-12-04,7.3,Active,High,BR026
INV00455,CUST02145,Gold Bond,226515.0,426156.0,88.14,2021-03-03,3,2024-03-02,17.94,Matured,Medium,BR025
INV00456,CUST01790,Recurring Deposit,21207.0,30451.0,43.59,2021-10-30,1,2022-10-30,12.09,Matured,Low,BR002
INV00457,CUST01523,NPS,22711.0,32950.0,45.08,2021-10-25,2,2023-10-25,12.4,Matured,Medium,BR048
INV00458,CUST01859,Stocks,684085.0,764172.0,11.71,2023-02-23,10,2033-02-20,6.16,Active,High,BR031
INV00459,CUST00446,Fixed Deposit,202694.0,233615.0,15.26,2023-08-21,1,2024-08-20,10.99,Active,Low,BR023
INV00460,CUST02615,Fixed Deposit,507814.0,678315.0,33.58,2023-03-13,7,2030-03-11,17.42,Active,Low,BR034
INV00461,CUST01693,SIP,28248.0,36265.0,28.38,2023-06-01,1,2024-05-31,17.09,Active,Medium,BR035
INV00462,CUST01968,Fixed Deposit,1845592.0,2227502.0,20.69,2022-06-08,10,2032-06-05,7.61,Active,Low,BR030
INV00463,CUST01503,Mutual Fund,164537.0,245038.0,48.93,2020-02-29,7,2027-02-27,8.58,Active,High,BR020
INV00464,CUST00577,SIP,11677.0,15582.0,33.44,2021-11-13,3,2024-11-12,9.65,Active,Medium,BR006
INV00465,CUST01440,PPF,85982.0,129328.0,50.41,2022-07-04,7,2029-07-02,17.79,Active,Low,BR049
INV00466,CUST00095,PPF,134595.0,176973.0,31.49,2021-11-04,7,2028-11-02,9.06,Active,Low,BR033
INV00467,CUST01538,NPS,14629.0,19391.0,32.55,2023-03-09,7,2030-03-07,16.81,Active,Medium,BR045
INV00468,CUST01353,Fixed Deposit,4283269.0,6017414.0,40.49,2022-02-20,10,2032-02-18,12.62,Active,Low,BR047
INV00469,CUST00701,Stocks,32316.0,54847.0,69.72,2021-08-04,10,2031-08-02,16.79,Matured,High,BR009
INV00470,CUST01178,SIP,43871.0,67736.0,54.4,2020-12-20,5,2025-12-19,11.38,Active,Medium,BR002
INV00471,CUST00234,Fixed Deposit,1027476.0,1364279.0,32.78,2023-04-05,5,2028-04-03,17.7,Active,Low,BR008
INV00472,CUST01763,Recurring Deposit,20724.0,35030.0,69.03,2021-05-16,5,2026-05-15,15.57,Withdrawn,Low,BR048
INV00473,CUST02441,PPF,74518.0,117504.0,57.69,2021-02-08,2,2023-02-08,12.41,Active,Low,BR020
INV00474,CUST00185,Fixed Deposit,3874290.0,5143267.0,32.75,2020-07-14,5,2025-07-13,6.55,Active,Low,BR043
INV00475,CUST01547,Gold Bond,357869.0,414579.0,15.85,2022-11-30,7,2029-11-28,7.31,Active,Medium,BR029
INV00476,CUST02515,Recurring Deposit,18526.0,22708.0,22.57,2023-06-18,10,2033-06-15,14.16,Active,Low,BR029
INV00477,CUST00874,NPS,37196.0,50307.0,35.25,2022-06-09,2,2024-06-08,12.51,Active,Medium,BR028
INV00478,CUST01648,PPF,121192.0,194382.0,60.39,2020-07-21,10,2030-07-19,11.21,Matured,Low,BR027
INV00479,CUST00015,Fixed Deposit,3303588.0,4482364.0,35.68,2022-10-31,1,2023-10-31,15.12,Withdrawn,Low,BR047
INV00480,CUST00693,Fixed Deposit,4517178.0,7221957.0,59.88,2020-02-20,10,2030-02-17,10.13,Withdrawn,Low,BR015
INV00481,CUST01731,Recurring Deposit,43736.0,53788.0,22.98,2022-12-26,1,2023-12-26,10.82,Active,Low,BR047
INV00482,CUST02789,Fixed Deposit,1693377.0,2019546.0,19.26,2023-07-06,7,2030-07-04,12.57,Active,Low,BR032
INV00483,CUST02710,SIP,10879.0,14188.0,30.42,2022-11-12,1,2023-11-12,13.25,Active,Medium,BR048
INV00484,CUST02516,Stocks,354651.0,569104.0,60.47,2021-04-04,5,2026-04-03,13.47,Withdrawn,High,BR031
INV00485,CUST00074,PPF,104061.0,119623.0,14.95,2023-06-04,7,2030-06-02,9.25,Active,Low,BR002
INV00486,CUST02956,Gold Bond,7637.0,9697.0,26.97,2023-05-09,10,2033-05-06,15.61,Active,Medium,BR044
INV00487,CUST00715,Gold Bond,377669.0,601050.0,59.15,2021-10-24,5,2026-10-23,15.7,Active,Medium,BR016
INV00488,CUST00266,SIP,37749.0,70323.0,86.29,2020-03-07,2,2022-03-07,13.78,Active,Medium,BR011
INV00489,CUST02969,SIP,1628.0,2041.0,25.37,2023-04-28,10,2033-04-25,14.45,Active,Medium,BR009
INV00490,CUST01495,Gold Bond,204759.0,323067.0,57.78,2021-11-22,3,2024-11-21,15.81,Active,Medium,BR041
INV00491,CUST01431,Stocks,986004.0,1893117.0,92.0,2021-01-20,5,2026-01-19,17.98,Active,High,BR016
INV00492,CUST01709,SIP,33302.0,42942.0,28.95,2023-01-18,2,2025-01-17,13.92,Active,Medium,BR050
INV00493,CUST01080,SIP,8480.0,11536.0,36.04,2020-10-26,10,2030-10-24,7.64,Active,Medium,BR010
INV00494,CUST01037,NPS,137465.0,289181.0,110.37,2020-06-23,3,2023-06-23,17.87,Matured,Medium,BR012
INV00495,CUST00396,SIP,44125.0,57493.0,30.3,2022-09-07,7,2029-09-05,12.11,Withdrawn,Medium,BR047
INV00496,CUST02137,Stocks,126184.0,139375.0,10.45,2023-10-21,5,2028-10-19,8.68,Active,High,BR049
INV00497,CUST02564,PPF,99249.0,123567.0,24.5,2023-04-03,2,2025-04-02,13.38,Matured,Low,BR018
INV00498,CUST00769,PPF,62964.0,98543.0,56.51,2021-03-15,5,2026-03-14,12.52,Active,Low,BR014
INV00499,CUST02679,PPF,85229.0,129916.0,52.43,2021-11-16,10,2031-11-14,14.45,Active,Low,BR008
INV00500,CUST01963,Stocks,510054.0,896941.0,75.85,2020-11-13,10,2030-11-11,14.64,Active,High,BR033
INV00501,CUST01707,SIP,7945.0,11901.0,49.79,2022-02-23,5,2027-02-22,15.22,Active,Medium,BR039
INV00502,CUST02058,Mutual Fund,86189.0,111749.0,29.66,2022-08-10,3,2025-08-09,11.47,Active,High,BR014
INV00503,CUST00205,Gold Bond,315905.0,464407.0,47.01,2021-08-30,1,2022-08-30,12.24,Active,Medium,BR009
INV00504,CUST01756,Stocks,121648.0,218964.0,80.0,2020-07-24,7,2027-07-23,14.16,Active,High,BR004
INV00505,CUST00053,Recurring Deposit,36707.0,47872.0,30.42,2022-12-31,2,2024-12-30,14.2,Active,Low,BR013
INV00506,CUST00742,SIP,19423.0,28873.0,48.65,2021-07-20,3,2024-07-19,12.18,Active,Medium,BR043
INV00507,CUST02507,SIP,2336.0,3318.0,42.04,2022-10-12,3,2025-10-11,17.13,Active,Medium,BR043
INV00508,CUST01912,Mutual Fund,22410.0,36587.0,63.26,2021-07-06,2,2023-07-06,15.09,Active,High,BR013
INV00509,CUST01635,Stocks,652580.0,711456.0,9.02,2023-12-06,1,2024-12-05,8.42,Matured,High,BR008
INV00510,CUST00567,NPS,12092.0,14611.0,20.83,2022-12-12,10,2032-12-09,9.66,Active,Medium,BR044
INV00511,CUST01787,Mutual Fund,95536.0,123116.0,28.87,2021-07-20,5,2026-07-19,7.63,Active,High,BR010
INV00512,CUST02516,SIP,48954.0,75590.0,54.41,2020-07-22,5,2025-07-21,10.27,Matured,Medium,BR031
INV00513,CUST02911,SIP,24753.0,40736.0,64.57,2020-03-10,3,2023-03-10,10.91,Active,Medium,BR007
INV00514,CUST02564,NPS,66169.0,85766.0,29.62,2021-09-24,3,2024-09-23,8.26,Active,Medium,BR018
INV00515,CUST01410,Recurring Deposit,9919.0,12345.0,24.46,2021-08-04,7,2028-08-02,6.63,Matured,Low,BR004
INV00516,CUST02341,Stocks,16209.0,28669.0,76.87,2020-01-29,3,2023-01-28,12.28,Active,High,BR024
INV00517,CUST00493,NPS,173906.0,216977.0,24.77,2021-10-30,7,2028-10-28,7.23,Active,Medium,BR007
INV00518,CUST00248,Mutual Fund,170343.0,242195.0,42.18,2020-02-05,3,2023-02-04,7.44,Active,High,BR035
INV00519,CUST01074,Gold Bond,128517.0,170804.0,32.9,2022-06-30,5,2027-06-29,12.03,Active,Medium,BR050
INV00520,CUST01833,Stocks,193464.0,252047.0,30.28,2022-06-14,5,2027-06-13,10.94,Active,High,BR004
INV00521,CUST01706,Mutual Fund,309523.0,579014.0,87.07,2020-06-24,10,2030-06-22,14.86,Active,High,BR002
INV00522,CUST01771,Recurring Deposit,48714.0,79368.0,62.93,2021-11-15,2,2023-11-15,16.9,Active,Low,BR017
INV00523,CUST00172,Gold Bond,165592.0,260493.0,57.31,2020-03-31,7,2027-03-30,10.0,Active,Medium,BR016
INV00524,CUST02280,Fixed Deposit,4423618.0,5609249.0,26.8,2022-12-29,1,2023-12-29,12.57,Active,Low,BR023
INV00525,CUST01441,NPS,175407.0,202386.0,15.38,2023-11-28,2,2025-11-27,14.02,Active,Medium,BR030
INV00526,CUST01451,Mutual Fund,317489.0,422322.0,33.02,2020-12-09,10,2030-12-07,7.28,Active,High,BR036
INV00527,CUST00060,Recurring Deposit,25855.0,28595.0,10.6,2023-09-28,5,2028-09-26,8.34,Matured,Low,BR008
INV00528,CUST01850,SIP,4932.0,6471.0,31.2,2023-03-18,5,2028-03-16,16.39,Active,Medium,BR035
INV00529,CUST00038,NPS,135744.0,159592.0,17.57,2023-07-31,10,2033-07-28,12.08,Active,Medium,BR038
INV00530,CUST00137,NPS,9825.0,12900.0,31.3,2023-01-21,3,2026-01-20,15.05,Active,Medium,BR041
INV00531,CUST01453,NPS,128135.0,253960.0,98.2,2020-08-06,2,2022-08-06,16.81,Active,Medium,BR029
INV00532,CUST00769,Fixed Deposit,4315423.0,7394371.0,71.35,2021-07-25,7,2028-07-23,16.97,Matured,Low,BR014
INV00533,CUST02915,Mutual Fund,392675.0,451235.0,14.91,2023-12-27,3,2026-12-26,14.74,Active,High,BR047
INV00534,CUST01143,Stocks,845843.0,1575674.0,86.28,2020-12-28,10,2030-12-26,16.79,Matured,High,BR031
INV00535,CUST00566,PPF,80546.0,114074.0,41.63,2021-03-18,3,2024-03-17,9.62,Matured,Low,BR003
INV00536,CUST01614,Mutual Fund,32716.0,39272.0,20.04,2022-09-10,2,2024-09-09,8.24,Active,High,BR044
INV00537,CUST01028,Stocks,354766.0,622712.0,75.53,2021-06-13,5,2026-06-12,17.17,Active,High,BR022
INV00538,CUST01318,PPF,40296.0,43908.0,8.96,2023-10-14,1,2024-10-13,7.33,Active,Low,BR036
INV00539,CUST01519,Mutual Fund,26450.0,37753.0,42.73,2020-03-13,1,2021-03-13,7.69,Matured,High,BR041
INV00540,CUST02803,Fixed Deposit,4748897.0,7228671.0,52.22,2021-09-06,3,2024-09-05,13.5,Active,Low,BR024
INV00541,CUST02535,Gold Bond,388251.0,591918.0,52.46,2022-05-18,7,2029-05-16,17.45,Active,Medium,BR028
INV00542,CUST02062,Gold Bond,87570.0,99473.0,13.59,2023-06-12,2,2025-06-11,8.55,Active,Medium,BR005
INV00543,CUST01543,Gold Bond,361775.0,585993.0,61.98,2020-04-14,1,2021-04-14,10.77,Matured,Medium,BR036
INV00544,CUST02499,Mutual Fund,148067.0,244694.0,65.26,2020-02-04,7,2027-02-02,10.78,Active,High,BR019
INV00545,CUST01475,Mutual Fund,63759.0,100113.0,57.02,2020-11-29,3,2023-11-29,11.67,Active,High,BR015
INV00546,CUST00469,Gold Bond,280000.0,353564.0,26.27,2023-01-21,2,2025-01-20,12.76,Matured,Medium,BR003
INV00547,CUST02959,SIP,6657.0,7359.0,10.55,2023-10-26,5,2028-10-24,8.86,Active,Medium,BR005
INV00548,CUST01355,SIP,20250.0,24939.0,23.16,2022-12-23,7,2029-12-21,10.85,Active,Medium,BR016
INV00549,CUST00160,PPF,135518.0,181381.0,33.84,2023-02-18,2,2025-02-17,16.91,Withdrawn,Low,BR014
INV00550,CUST00824,PPF,43280.0,57335.0,32.47,2022-01-17,1,2023-01-17,9.99,Withdrawn,Low,BR011
INV00551,CUST02117,Recurring Deposit,40926.0,54958.0,34.29,2021-02-19,1,2022-02-19,7.93,Active,Low,BR020
INV00552,CUST02107,SIP,40524.0,51499.0,27.08,2022-07-15,10,2032-07-12,10.22,Active,Medium,BR049
INV00553,CUST01436,PPF,121640.0,168689.0,38.68,2022-04-06,3,2025-04-05,12.69,Active,Low,BR043
INV00554,CUST00155,NPS,51070.0,66598.0,30.41,2020-11-29,5,2025-11-28,6.71,Matured,Medium,BR021
INV00555,CUST00774,Recurring Deposit,22574.0,41826.0,85.28,2020-09-18,3,2023-09-18,15.48,Active,Low,BR002
INV00556,CUST01499,Recurring Deposit,16741.0,18849.0,12.59,2023-09-08,1,2024-09-07,9.46,Active,Low,BR007
INV00557,CUST01260,NPS,58071.0,73994.0,27.42,2023-02-02,1,2024-02-02,13.53,Matured,Medium,BR038
INV00558,CUST01578,Recurring Deposit,44845.0,58333.0,30.08,2021-11-08,1,2022-11-08,8.72,Active,Low,BR044
INV00559,CUST01954,Fixed Deposit,4226391.0,6261730.0,48.16,2020-01-16,7,2027-01-14,8.25,Withdrawn,Low,BR016
INV00560,CUST00566,PPF,89052.0,123614.0,38.81,2022-08-13,5,2027-08-12,14.75,Active,Low,BR003
INV00561,CUST02488,NPS,19406.0,23524.0,21.22,2023-07-03,1,2024-07-02,13.73,Withdrawn,Medium,BR006
INV00562,CUST01661,Gold Bond,87989.0,153754.0,74.74,2021-08-14,2,2023-08-14,17.95,Active,Medium,BR012
INV00563,CUST00910,Mutual Fund,206461.0,288071.0,39.53,2021-10-22,10,2031-10-20,11.0,Active,High,BR015
INV00564,CUST01382,Gold Bond,486091.0,706864.0,45.42,2021-10-24,10,2031-10-22,12.47,Active,Medium,BR019
INV00565,CUST02987,Recurring Deposit,35400.0,42472.0,19.98,2023-08-17,10,2033-08-14,14.19,Active,Low,BR036
INV00566,CUST00607,NPS,56429.0,95588.0,69.4,2021-06-06,10,2031-06-04,15.91,Active,Medium,BR022
INV00567,CUST02116,Gold Bond,38684.0,64853.0,67.65,2020-10-10,5,2025-10-09,13.01,Active,Medium,BR039
INV00568,CUST00021,NPS,72636.0,126236.0,73.79,2020-08-02,10,2030-07-31,13.34,Matured,Medium,BR043
INV00569,CUST01959,Recurring Deposit,3026.0,4789.0,58.26,2021-09-12,10,2031-09-10,14.92,Active,Low,BR045
INV00570,CUST00046,SIP,29765.0,46806.0,57.25,2021-06-23,2,2023-06-23,13.71,Active,Medium,BR003
INV00571,CUST01727,NPS,11041.0,22411.0,102.98,2020-03-22,5,2025-03-21,15.97,Active,Medium,BR038
INV00572,CUST02307,Fixed Deposit,4397659.0,5011217.0,13.95,2023-06-27,3,2026-06-26,9.02,Active,Low,BR033
INV00573,CUST00619,PPF,23987.0,36079.0,50.41,2021-10-25,1,2022-10-25,13.68,Matured,Low,BR049
INV00574,CUST01262,PPF,63357.0,73844.0,16.55,2023-05-24,3,2026-05-23,10.01,Matured,Low,BR050
INV00575,CUST01604,Fixed Deposit,2159352.0,2697653.0,24.93,2022-03-10,3,2025-03-09,8.24,Active,Low,BR030
INV00576,CUST00411,NPS,194511.0,272170.0,39.93,2021-07-13,5,2026-07-12,10.17,Active,Medium,BR020
INV00577,CUST00214,Gold Bond,244406.0,293410.0,20.05,2023-08-13,2,2025-08-12,14.12,Active,Medium,BR021
INV00578,CUST00769,Mutual Fund,370259.0,442164.0,19.42,2023-04-05,7,2030-04-03,10.74,Active,High,BR014
INV00579,CUST01580,PPF,75067.0,92877.0,23.73,2022-09-11,7,2029-09-09,9.68,Active,Low,BR033
INV00580,CUST02827,Stocks,602313.0,1085146.0,80.16,2020-08-22,10,2030-08-20,14.46,Active,High,BR013
INV00581,CUST00953,Recurring Deposit,46822.0,53668.0,14.62,2023-06-24,7,2030-06-22,9.39,Active,Low,BR018
INV00582,CUST02273,Stocks,432232.0,619727.0,43.38,2022-07-18,5,2027-07-17,15.81,Active,High,BR025
INV00583,CUST02667,NPS,109286.0,169181.0,54.81,2020-02-05,5,2025-02-03,9.32,Active,Medium,BR006
INV00584,CUST01620,NPS,46234.0,69657.0,50.66,2022-04-12,5,2027-04-11,16.26,Active,Medium,BR042
INV00585,CUST00729,SIP,39823.0,52357.0,31.47,2023-04-10,1,2024-04-09,17.18,Active,Medium,BR031
INV00586,CUST02943,SIP,9633.0,10833.0,12.46,2023-09-20,10,2033-09-17,9.61,Active,Medium,BR026
INV00587,CUST01029,Fixed Deposit,3023730.0,4082596.0,35.02,2023-01-10,7,2030-01-08,16.44,Active,Low,BR048
INV00588,CUST00188,Fixed Deposit,2100262.0,2535121.0,20.7,2023-01-01,2,2024-12-31,9.88,Withdrawn,Low,BR020
INV00589,CUST00662,PPF,118679.0,151794.0,27.9,2022-03-30,3,2025-03-29,9.34,Active,Low,BR002
INV00590,CUST01001,NPS,117337.0,179197.0,52.72,2020-06-16,1,2021-06-16,9.77,Withdrawn,Medium,BR007
INV00591,CUST01034,Fixed Deposit,203090.0,221851.0,9.24,2023-09-11,1,2024-09-10,7.01,Active,Low,BR050
INV00592,CUST00130,SIP,18360.0,30907.0,68.34,2021-03-15,5,2026-03-14,14.7,Active,Medium,BR037
INV00593,CUST00880,Stocks,351602.0,693694.0,97.3,2020-03-27,3,2023-03-27,15.33,Matured,High,BR045
INV00594,CUST01915,Recurring Deposit,10474.0,22738.0,117.09,2020-03-06,1,2021-03-06,17.44,Active,Low,BR016
INV00595,CUST02072,SIP,25668.0,30485.0,18.77,2022-02-22,5,2027-02-21,6.21,Active,Medium,BR013
INV00596,CUST00821,NPS,25807.0,32461.0,25.78,2022-10-02,7,2029-09-30,10.75,Active,Medium,BR041
INV00597,CUST00016,Mutual Fund,13821.0,24378.0,76.38,2021-04-16,7,2028-04-14,16.53,Active,High,BR004
INV00598,CUST00431,Gold Bond,89427.0,98046.0,9.64,2023-08-23,3,2026-08-22,7.02,Active,Medium,BR012
INV00599,CUST01625,Stocks,268935.0,503096.0,87.07,2020-06-04,5,2025-06-03,14.67,Active,High,BR007
INV00600,CUST00227,Gold Bond,414558.0,493385.0,19.01,2022-07-05,7,2029-07-03,7.24,Matured,Medium,BR030
INV00601,CUST01543,Stocks,602217.0,768911.0,27.68,2023-04-05,1,2024-04-04,15.08,Active,High,BR036
INV00602,CUST01683,Recurring Deposit,7635.0,13622.0,78.42,2020-03-27,1,2021-03-27,12.92,Matured,Low,BR013
INV00603,CUST00389,Mutual Fund,314069.0,499380.0,59.0,2021-06-18,5,2026-06-17,14.01,Active,High,BR008
INV00604,CUST00096,Stocks,720803.0,899035.0,24.73,2023-06-23,2,2025-06-22,15.61,Withdrawn,High,BR008
INV00605,CUST00192,Mutual Fund,367343.0,478849.0,30.35,2020-11-29,10,2030-11-27,6.7,Matured,High,BR043
INV00606,CUST01774,PPF,44815.0,56270.0,25.56,2021-12-28,10,2031-12-26,7.86,Active,Low,BR026
INV00607,CUST02029,Gold Bond,71225.0,133588.0,87.56,2020-06-15,1,2021-06-15,14.84,Active,Medium,BR024
INV00608,CUST02666,Stocks,508775.0,706992.0,38.96,2021-06-08,5,2026-06-07,9.67,Matured,High,BR010
INV00609,CUST01953,Gold Bond,342870.0,387387.0,12.98,2023-11-22,5,2028-11-20,11.66,Active,Medium,BR002
INV00610,CUST02453,Mutual Fund,411944.0,586441.0,42.36,2021-05-04,2,2023-05-04,10.13,Active,High,BR012
INV00611,CUST02010,Fixed Deposit,1302806.0,2072358.0,59.07,2022-02-14,2,2024-02-14,17.51,Active,Low,BR033
INV00612,CUST01707,SIP,16709.0,34561.0,106.84,2020-06-23,1,2021-06-23,17.43,Withdrawn,Medium,BR039
INV00613,CUST01117,PPF,123874.0,161547.0,30.41,2020-11-20,3,2023-11-20,6.67,Active,Low,BR048
INV00614,CUST01940,SIP,20378.0,24920.0,22.29,2021-11-17,5,2026-11-16,6.66,Active,Medium,BR029
INV00615,CUST00302,SIP,5224.0,7576.0,45.02,2020-03-05,7,2027-03-04,8.01,Active,Medium,BR027
INV00616,CUST00023,Recurring Deposit,15378.0,19383.0,26.04,2023-03-02,5,2028-02-29,13.46,Active,Low,BR021
INV00617,CUST02892,Gold Bond,56849.0,92453.0,62.63,2021-04-27,7,2028-04-25,14.13,Matured,Medium,BR036
INV00618,CUST02303,Fixed Deposit,366354.0,592168.0,61.64,2020-10-03,10,2030-10-01,11.98,Active,Low,BR010
INV00619,CUST00527,Fixed Deposit,3219348.0,4409933.0,36.98,2022-09-24,7,2029-09-22,14.88,Active,Low,BR004
INV00620,CUST01446,Fixed Deposit,678397.0,794845.0,17.17,2023-09-08,3,2026-09-07,12.83,Active,Low,BR031
INV00621,CUST00662,PPF,84745.0,100942.0,19.11,2023-03-05,10,2033-03-02,10.06,Withdrawn,Low,BR002
INV00622,CUST00325,Gold Bond,60750.0,96347.0,58.6,2021-01-10,3,2024-01-10,12.31,Active,Medium,BR032
INV00623,CUST00515,PPF,28706.0,31339.0,9.17,2023-09-11,1,2024-09-10,6.96,Active,Low,BR014
INV00624,CUST00756,NPS,173595.0,344351.0,98.36,2020-11-09,3,2023-11-09,17.98,Withdrawn,Medium,BR033
INV00625,CUST00758,NPS,106039.0,208636.0,96.75,2020-10-08,7,2027-10-07,17.35,Active,Medium,BR003
INV00626,CUST01099,NPS,86439.0,166203.0,92.28,2020-06-06,2,2022-06-06,15.38,Active,Medium,BR021
INV00627,CUST00678,Fixed Deposit,1155005.0,2053445.0,77.79,2021-03-25,3,2024-03-24,16.49,Active,Low,BR044
INV00628,CUST00255,NPS,30569.0,35996.0,17.75,2023-09-29,7,2030-09-27,13.91,Matured,Medium,BR025
INV00629,CUST02276,Fixed Deposit,4971188.0,7963631.0,60.2,2021-04-23,3,2024-04-22,13.62,Active,Low,BR044
INV00630,CUST02114,Fixed Deposit,228259.0,332309.0,45.58,2022-03-13,7,2029-03-11,14.34,Active,Low,BR001
INV00631,CUST01704,Stocks,201050.0,245420.0,22.07,2023-08-15,3,2026-08-14,15.57,Active,High,BR042
INV00632,CUST02039,NPS,46847.0,65250.0,39.28,2021-12-15,7,2028-12-13,11.5,Active,Medium,BR009
INV00633,CUST00037,Stocks,195003.0,362736.0,86.02,2020-09-08,1,2021-09-08,15.48,Active,High,BR038
INV00634,CUST02521,Gold Bond,45399.0,63995.0,40.96,2020-08-23,5,2025-08-22,8.2,Active,Medium,BR008
INV00635,CUST00367,Stocks,601535.0,753392.0,25.24,2022-04-08,1,2023-04-08,8.59,Active,High,BR006
INV00636,CUST01577,Fixed Deposit,2054623.0,3259411.0,58.64,2020-07-16,2,2022-07-16,10.9,Active,Low,BR047
INV00637,CUST00440,Recurring Deposit,26176.0,46766.0,78.66,2021-06-24,2,2023-06-24,17.92,Matured,Low,BR037
INV00638,CUST02493,SIP,15226.0,22002.0,44.5,2022-05-19,2,2024-05-18,15.09,Active,Medium,BR047
INV00639,CUST01337,Recurring Deposit,4289.0,7865.0,83.38,2020-03-06,5,2025-03-05,13.4,Active,Low,BR034
INV00640,CUST01092,SIP,18151.0,24099.0,32.77,2021-04-06,3,2024-04-05,7.88,Active,Medium,BR013
INV00641,CUST02270,Recurring Deposit,6713.0,9222.0,37.38,2022-11-23,3,2025-11-22,16.29,Matured,Low,BR001
INV00642,CUST01390,Stocks,732467.0,1100260.0,50.21,2021-07-20,1,2022-07-20,12.52,Withdrawn,High,BR044
INV00643,CUST01083,NPS,199085.0,278867.0,40.07,2022-12-14,3,2025-12-13,17.9,Active,Medium,BR016
INV00644,CUST01506,Fixed Deposit,3313030.0,4535508.0,36.9,2020-09-17,1,2021-09-17,7.6,Active,Low,BR029
INV00645,CUST01525,Recurring Deposit,37147.0,71164.0,91.57,2021-01-07,10,2031-01-05,17.74,Withdrawn,Low,BR001
INV00646,CUST00576,NPS,35065.0,60186.0,71.64,2021-02-26,2,2023-02-26,15.09,Matured,Medium,BR047
INV00647,CUST02499,Fixed Deposit,2741528.0,3484455.0,27.1,2023-02-02,7,2030-01-31,13.38,Withdrawn,Low,BR019
INV00648,CUST00842,Stocks,492934.0,577551.0,17.17,2023-01-22,3,2026-01-21,8.51,Active,High,BR038
INV00649,CUST00557,PPF,62084.0,84271.0,35.74,2022-11-10,10,2032-11-07,15.35,Active,Low,BR037
INV00650,CUST01281,SIP,37502.0,53287.0,42.09,2021-07-12,7,2028-07-10,10.65,Matured,Medium,BR032
INV00651,CUST00457,PPF,41776.0,67149.0,60.74,2020-11-30,2,2022-11-30,12.32,Active,Low,BR046
INV00652,CUST00951,PPF,45605.0,54324.0,19.12,2023-07-31,5,2028-07-29,13.12,Active,Low,BR025
INV00653,CUST02797,Fixed Deposit,12617.0,17504.0,38.73,2022-11-19,10,2032-11-16,16.74,Active,Low,BR037
INV00654,CUST01351,PPF,119172.0,164046.0,37.65,2022-04-25,5,2027-04-24,12.64,Active,Low,BR040
INV00655,CUST00478,Fixed Deposit,1841444.0,3559307.0,93.29,2020-08-10,7,2027-08-09,16.19,Withdrawn,Low,BR032
INV00656,CUST01279,Recurring Deposit,16028.0,17698.0,10.42,2023-04-20,3,2026-04-19,6.01,Active,Low,BR017
INV00657,CUST01415,Recurring Deposit,31418.0,48355.0,53.91,2022-04-27,10,2032-04-24,17.46,Active,Low,BR038
INV00658,CUST00280,SIP,13964.0,15942.0,14.16,2023-04-04,10,2033-04-01,7.9,Active,Medium,BR003
INV00659,CUST01723,PPF,91267.0,111643.0,22.33,2022-09-03,7,2029-09-01,9.05,Active,Low,BR038
INV00660,CUST01647,Recurring Deposit,35204.0,58622.0,66.52,2020-04-18,1,2021-04-18,11.45,Active,Low,BR003
INV00661,CUST00017,SIP,11427.0,20016.0,75.16,2020-05-10,3,2023-05-10,12.83,Active,Medium,BR031
INV00662,CUST01790,Stocks,194180.0,251683.0,29.61,2020-12-29,10,2030-12-27,6.69,Matured,High,BR002
INV00663,CUST02630,Stocks,635674.0,730781.0,14.96,2023-07-13,2,2025-07-12,9.96,Withdrawn,High,BR045
INV00664,CUST02976,Stocks,517134.0,623018.0,20.48,2023-04-20,1,2024-04-19,11.59,Matured,High,BR030
INV00665,CUST01943,Recurring Deposit,16397.0,26249.0,60.08,2021-09-07,1,2022-09-07,15.25,Active,Low,BR016
INV00666,CUST02666,NPS,188920.0,216475.0,14.59,2023-01-20,2,2025-01-19,7.25,Active,Medium,BR010
INV00667,CUST02754,NPS,180475.0,231811.0,28.44,2021-03-20,3,2024-03-19,6.84,Active,Medium,BR001
INV00668,CUST01046,SIP,21840.0,30143.0,38.02,2022-05-19,3,2025-05-18,13.09,Withdrawn,Medium,BR019
INV00669,CUST01458,Recurring Deposit,38307.0,48892.0,27.63,2023-06-17,3,2026-06-16,17.17,Active,Low,BR003
INV00670,CUST00258,Fixed Deposit,3417557.0,5180193.0,51.58,2020-10-12,3,2023-10-12,10.36,Matured,Low,BR036
INV00671,CUST00645,Gold Bond,405147.0,773452.0,90.91,2020-10-28,7,2027-10-27,16.75,Matured,Medium,BR037
INV00672,CUST02786,SIP,40808.0,73281.0,79.58,2020-06-12,10,2030-06-10,13.72,Withdrawn,Medium,BR006
INV00673,CUST00932,SIP,47154.0,68269.0,44.78,2022-05-05,5,2027-05-04,14.94,Active,Medium,BR038
INV00674,CUST00566,Fixed Deposit,1870248.0,2828265.0,51.22,2021-07-05,1,2022-07-05,12.58,Active,Low,BR003
INV00675,CUST01291,NPS,49834.0,80386.0,61.31,2020-01-19,10,2030-01-16,10.14,Active,Medium,BR039
INV00676,CUST00391,PPF,49065.0,56354.0,14.86,2023-03-25,3,2026-03-24,8.14,Active,Low,BR006
INV00677,CUST02845,SIP,17708.0,25094.0,41.71,2021-04-05,10,2031-04-03,9.77,Withdrawn,Medium,BR048
INV00678,CUST02651,Mutual Fund,440525.0,487181.0,10.59,2023-11-05,7,2030-11-03,9.12,Active,High,BR006
INV00679,CUST02171,SIP,40635.0,52012.0,28.0,2023-02-03,10,2033-01-31,13.82,Active,Medium,BR036
INV00680,CUST00824,NPS,127324.0,173908.0,36.59,2022-07-09,2,2024-07-08,13.4,Active,Medium,BR011
INV00681,CUST01941,Recurring Deposit,22673.0,25583.0,12.83,2023-09-10,3,2026-09-09,9.68,Matured,Low,BR001
INV00682,CUST02781,Stocks,916547.0,1178612.0,28.59,2023-05-26,2,2025-05-25,17.02,Active,High,BR030
INV00683,CUST02431,Gold Bond,77974.0,97485.0,25.02,2021-11-26,10,2031-11-24,7.48,Active,Medium,BR029
INV00684,CUST00411,NPS,18100.0,23738.0,31.15,2020-11-25,3,2023-11-25,6.84,Active,Medium,BR020
INV00685,CUST02270,Stocks,601255.0,1175295.0,95.47,2020-03-21,2,2022-03-21,15.05,Active,High,BR001
INV00686,CUST01418,Mutual Fund,466150.0,836145.0,79.37,2020-06-22,1,2021-06-22,13.78,Active,High,BR028
INV00687,CUST02430,PPF,148639.0,201001.0,35.23,2021-10-03,7,2028-10-01,9.75,Matured,Low,BR004
INV00688,CUST00628,PPF,48892.0,64121.0,31.15,2022-10-11,2,2024-10-10,12.98,Active,Low,BR025
INV00689,CUST00293,Stocks,336447.0,411573.0,22.33,2022-10-04,5,2027-10-03,9.41,Active,High,BR031
INV00690,CUST02872,SIP,5085.0,8949.0,75.99,2020-01-07,2,2022-01-06,12.01,Active,Medium,BR020
INV00691,CUST02656,Fixed Deposit,2541849.0,3389191.0,33.34,2022-05-29,10,2032-05-26,11.74,Active,Low,BR006
INV00692,CUST02681,Recurring Deposit,13662.0,19321.0,41.42,2021-07-29,2,2023-07-29,10.65,Active,Low,BR032
INV00693,CUST01954,SIP,46179.0,57127.0,23.71,2023-07-30,10,2033-07-27,16.14,Withdrawn,Medium,BR016
INV00694,CUST01877,Mutual Fund,458214.0,870270.0,89.93,2020-03-29,7,2027-03-28,14.43,Active,High,BR030
INV00695,CUST00700,Recurring Deposit,10299.0,13291.0,29.05,2022-07-18,7,2029-07-16,10.95,Active,Low,BR039
INV00696,CUST00673,Fixed Deposit,1154814.0,1444569.0,25.09,2023-02-13,7,2030-02-11,12.65,Active,Low,BR026
INV00697,CUST02016,Mutual Fund,369557.0,426126.0,15.31,2022-10-05,5,2027-10-04,6.57,Active,High,BR034
INV00698,CUST01855,SIP,3493.0,5167.0,47.92,2022-08-03,7,2029-08-01,17.63,Active,Medium,BR002
INV00699,CUST00839,PPF,89982.0,110636.0,22.95,2023-06-03,3,2026-06-02,13.99,Active,Low,BR048
INV00700,CUST02703,PPF,59389.0,80827.0,36.1,2022-02-15,10,2032-02-13,11.32,Active,Low,BR030
INV00701,CUST00078,Recurring Deposit,15614.0,26782.0,71.53,2021-05-23,2,2023-05-23,16.13,Active,Low,BR003
INV00702,CUST01631,PPF,61252.0,67052.0,9.47,2023-11-01,2,2025-10-31,8.08,Matured,Low,BR020
INV00703,CUST02627,Recurring Deposit,38498.0,43969.0,14.21,2023-11-30,2,2025-11-29,13.03,Active,Low,BR027
INV00704,CUST02832,PPF,145539.0,239632.0,64.65,2021-11-03,7,2028-11-01,17.1,Active,Low,BR001
INV00705,CUST02145,NPS,35370.0,46191.0,30.59,2021-01-22,3,2024-01-22,7.01,Active,Medium,BR025
INV00706,CUST00568,PPF,90427.0,134700.0,48.96,2022-03-26,10,2032-03-23,15.49,Active,Low,BR020
INV00707,CUST02227,Stocks,330684.0,430948.0,30.32,2023-02-27,7,2030-02-25,15.47,Active,High,BR047
INV00708,CUST00050,PPF,72236.0,83499.0,15.59,2023-07-13,10,2033-07-10,10.37,Active,Low,BR011
INV00709,CUST00647,Recurring Deposit,13064.0,24339.0,86.31,2021-02-14,2,2023-02-14,17.41,Active,Low,BR021
INV00710,CUST01687,Mutual Fund,425251.0,705796.0,65.97,2020-08-31,1,2021-08-31,12.4,Matured,High,BR012
INV00711,CUST01576,PPF,1280.0,1487.0,16.17,2023-03-03,7,2030-03-01,8.55,Withdrawn,Low,BR040
INV00712,CUST02521,PPF,23064.0,34942.0,51.5,2020-10-01,1,2021-10-01,10.27,Matured,Low,BR008
INV00713,CUST00836,SIP,47543.0,51112.0,7.51,2023-11-15,10,2033-11-12,6.64,Active,Medium,BR011
INV00714,CUST00116,Gold Bond,10694.0,12427.0,16.21,2023-06-28,2,2025-06-27,10.46,Active,Medium,BR029
INV00715,CUST02249,NPS,39467.0,46534.0,17.91,2023-12-01,2,2025-11-30,16.44,Active,Medium,BR004
INV00716,CUST01437,Mutual Fund,236682.0,276013.0,16.62,2023-07-24,3,2026-07-23,11.28,Active,High,BR027
INV00717,CUST02337,Stocks,793954.0,897122.0,12.99,2023-07-26,2,2025-07-25,8.9,Active,High,BR023
INV00718,CUST00982,Recurring Deposit,32829.0,53313.0,62.4,2021-07-08,2,2023-07-08,14.94,Active,Low,BR003
INV00719,CUST01710,Fixed Deposit,968786.0,1500168.0,54.85,2021-05-06,5,2026-05-05,12.71,Active,Low,BR032
INV00720,CUST02722,Fixed Deposit,4608750.0,6472289.0,40.43,2021-11-06,10,2031-11-04,11.38,Active,Low,BR003
INV00721,CUST01584,Mutual Fund,336600.0,431429.0,28.17,2021-10-07,7,2028-10-05,7.98,Active,High,BR013
INV00722,CUST01956,Stocks,21616.0,24905.0,15.22,2023-07-04,3,2026-07-03,9.95,Active,High,BR010
INV00723,CUST02547,Stocks,141014.0,167428.0,18.73,2022-08-22,3,2025-08-21,7.55,Active,High,BR034
INV00724,CUST00891,NPS,159510.0,196856.0,23.41,2021-11-18,1,2022-11-18,6.98,Active,Medium,BR004
INV00725,CUST02191,NPS,75969.0,94208.0,24.01,2023-09-12,5,2028-09-10,17.98,Active,Medium,BR028
INV00726,CUST01419,PPF,47993.0,68671.0,43.09,2021-02-22,10,2031-02-20,9.74,Active,Low,BR024
INV00727,CUST00494,Recurring Deposit,22822.0,43056.0,88.66,2020-05-21,1,2021-05-21,14.75,Active,Low,BR044
INV00728,CUST00006,Stocks,812688.0,1082225.0,33.17,2022-03-13,2,2024-03-12,10.76,Active,High,BR039
INV00729,CUST01992,NPS,30119.0,41532.0,37.89,2022-05-02,7,2029-04-30,12.81,Active,Medium,BR035
INV00730,CUST02909,Mutual Fund,286726.0,359680.0,25.44,2022-08-19,5,2027-08-18,10.05,Active,High,BR005
INV00731,CUST01692,Fixed Deposit,4785544.0,6261301.0,30.84,2021-08-19,2,2023-08-19,8.31,Active,Low,BR045
INV00732,CUST00712,Recurring Deposit,8544.0,10649.0,24.64,2023-06-05,2,2025-06-04,15.03,Matured,Low,BR045
INV00733,CUST00511,Gold Bond,417621.0,629060.0,50.63,2020-11-18,3,2023-11-18,10.46,Active,Medium,BR031
INV00734,CUST01248,Fixed Deposit,4819678.0,6878273.0,42.71,2021-08-03,10,2031-08-01,10.99,Active,Low,BR014
INV00735,CUST01050,NPS,149723.0,330265.0,120.58,2020-02-12,7,2027-02-10,17.58,Active,Medium,BR033
INV00736,CUST00642,PPF,149659.0,269523.0,80.09,2021-06-07,10,2031-06-05,17.93,Active,Low,BR044
INV00737,CUST00053,Fixed Deposit,2279111.0,3934770.0,72.64,2021-02-23,3,2024-02-23,15.23,Active,Low,BR013
INV00738,CUST01413,PPF,71374.0,94981.0,33.08,2021-07-26,5,2026-07-25,8.68,Active,Low,BR047
INV00739,CUST02816,Recurring Deposit,17011.0,22259.0,30.85,2022-10-23,3,2025-10-22,13.07,Matured,Low,BR048
INV00740,CUST01050,Fixed Deposit,3282677.0,5127787.0,56.21,2020-07-15,10,2030-07-13,10.51,Matured,Low,BR033
INV00741,CUST00512,Recurring Deposit,29249.0,34355.0,17.46,2023-07-09,1,2024-07-08,11.49,Active,Low,BR027
INV00742,CUST01436,Recurring Deposit,13083.0,15817.0,20.9,2023-09-08,3,2026-09-07,15.56,Active,Low,BR043
INV00743,CUST02445,Fixed Deposit,1148293.0,1264792.0,10.15,2023-12-18,7,2030-12-16,9.78,Active,Low,BR025
INV00744,CUST01062,Stocks,349514.0,461177.0,31.95,2022-06-09,2,2024-06-08,11.43,Active,High,BR024
INV00745,CUST00694,Gold Bond,493542.0,549537.0,11.35,2023-06-04,10,2033-06-01,7.06,Active,Medium,BR042
INV00746,CUST01603,Stocks,286293.0,337723.0,17.96,2022-04-30,2,2024-04-29,6.38,Active,High,BR013
INV00747,CUST00740,PPF,15776.0,23719.0,50.35,2021-08-24,2,2023-08-24,12.93,Active,Low,BR001
INV00748,CUST02403,Recurring Deposit,27461.0,31955.0,16.37,2023-12-22,10,2033-12-19,15.94,Active,Low,BR037
INV00749,CUST02578,Stocks,124947.0,186930.0,49.61,2021-11-10,1,2022-11-10,13.69,Active,High,BR019
INV00750,CUST02821,Recurring Deposit,15059.0,19409.0,28.89,2023-04-09,2,2025-04-08,15.81,Active,Low,BR048
INV00751,CUST00004,PPF,65067.0,111263.0,71.0,2020-10-30,2,2022-10-30,13.73,Active,Low,BR040
INV00752,CUST00626,Gold Bond,397256.0,524673.0,32.07,2022-08-07,3,2025-08-06,12.29,Active,Medium,BR001
INV00753,CUST02621,PPF,57603.0,81371.0,41.26,2020-05-01,5,2025-04-30,7.68,Active,Low,BR045
INV00754,CUST00933,Recurring Deposit,18215.0,22240.0,22.1,2023-03-29,2,2025-03-28,12.02,Withdrawn,Low,BR022
INV00755,CUST01654,Recurring Deposit,45988.0,61122.0,32.91,2021-03-15,5,2026-03-14,7.78,Active,Low,BR029
INV00756,CUST00519,Fixed Deposit,263016.0,324418.0,23.35,2021-09-17,10,2031-09-15,6.59,Matured,Low,BR013
INV00757,CUST00719,Stocks,179530.0,309537.0,72.42,2021-03-01,3,2024-02-29,15.26,Active,High,BR041
INV00758,CUST02380,Fixed Deposit,1819679.0,1986691.0,9.18,2023-08-06,7,2030-08-04,6.46,Active,Low,BR032
INV00759,CUST02721,SIP,42973.0,65181.0,51.68,2021-12-18,2,2023-12-18,14.71,Active,Medium,BR013
INV00760,CUST00243,Recurring Deposit,35015.0,56447.0,61.21,2020-06-28,3,2023-06-28,11.17,Active,Low,BR009
INV00761,CUST00773,Recurring Deposit,25573.0,30305.0,18.5,2022-09-29,1,2023-09-29,7.82,Active,Low,BR049
INV00762,CUST00286,NPS,195442.0,403616.0,106.51,2020-08-08,1,2021-08-08,17.93,Matured,Medium,BR022
INV00763,CUST01563,Mutual Fund,11981.0,23711.0,97.91,2020-07-18,1,2021-07-18,16.56,Active,High,BR030
INV00764,CUST02503,Gold Bond,24469.0,33487.0,36.85,2022-01-08,5,2027-01-07,11.11,Active,Medium,BR034
INV00765,CUST00345,Stocks,293970.0,626720.0,113.19,2020-03-08,5,2025-03-07,17.02,Active,High,BR017
INV00766,CUST02436,NPS,41110.0,55758.0,35.63,2022-07-30,7,2029-07-28,13.41,Active,Medium,BR046
INV00767,CUST02360,PPF,26145.0,29135.0,11.44,2023-08-20,2,2025-08-19,8.26,Active,Low,BR026
INV00768,CUST02164,Recurring Deposit,11372.0,21833.0,91.99,2020-08-30,1,2021-08-30,16.23,Active,Low,BR013
INV00769,CUST00640,Gold Bond,299604.0,397167.0,32.56,2020-12-19,2,2022-12-19,7.24,Withdrawn,Medium,BR018
INV00770,CUST00921,SIP,46476.0,55716.0,19.88,2022-02-13,1,2023-02-13,6.5,Active,Medium,BR024
INV00771,CUST02570,Gold Bond,252251.0,294877.0,16.9,2023-12-16,5,2028-12-14,16.18,Active,Medium,BR042
INV00772,CUST02101,Mutual Fund,348204.0,737625.0,111.84,2020-02-08,7,2027-02-06,16.57,Matured,High,BR036
INV00773,CUST00620,Fixed Deposit,4553401.0,7494343.0,64.59,2020-09-13,7,2027-09-12,12.29,Withdrawn,Low,BR039
INV00774,CUST00148,Recurring Deposit,3869.0,6037.0,56.04,2021-11-18,5,2026-11-17,15.34,Active,Low,BR030
INV00775,CUST00172,Recurring Deposit,32473.0,47363.0,45.85,2021-11-08,1,2022-11-08,12.75,Withdrawn,Low,BR016
INV00776,CUST00529,Gold Bond,48435.0,66550.0,37.4,2022-11-11,2,2024-11-10,16.03,Withdrawn,Medium,BR018
INV00777,CUST00606,Mutual Fund,141185.0,244563.0,73.22,2021-05-12,2,2023-05-12,16.3,Active,High,BR016
INV00778,CUST01661,PPF,64462.0,108379.0,68.13,2020-09-11,2,2022-09-11,12.83,Active,Low,BR012
INV00779,CUST00999,SIP,10191.0,17781.0,74.48,2020-12-18,10,2030-12-16,14.79,Active,Medium,BR032
INV00780,CUST01489,Gold Bond,347332.0,460572.0,32.6,2020-07-06,10,2030-07-04,6.49,Matured,Medium,BR023
INV00781,CUST02509,Recurring Deposit,12765.0,21553.0,68.84,2020-10-10,7,2027-10-09,13.2,Active,Low,BR023
INV00782,CUST00042,Stocks,700681.0,1091637.0,55.8,2021-03-27,5,2026-03-26,12.5,Active,High,BR036
INV00783,CUST02926,Stocks,100372.0,188095.0,87.4,2020-03-07,2,2022-03-07,13.92,Active,High,BR029
INV00784,CUST01896,SIP,41742.0,45207.0,8.3,2023-12-16,1,2024-12-15,7.96,Active,Medium,BR037
INV00785,CUST02973,SIP,885.0,1012.0,14.35,2023-03-14,3,2026-03-13,7.71,Active,Medium,BR022
INV00786,CUST00001,Fixed Deposit,3337928.0,4574070.0,37.03,2021-02-21,5,2026-02-20,8.51,Matured,Low,BR026
INV00787,CUST02989,Stocks,640823.0,751195.0,17.22,2023-09-28,3,2026-09-27,13.47,Active,High,BR011
INV00788,CUST01106,Fixed Deposit,2579773.0,5214239.0,102.12,2020-03-12,2,2022-03-12,15.77,Matured,Low,BR045
INV00789,CUST01601,Mutual Fund,478419.0,697691.0,45.83,2021-06-27,3,2024-06-26,11.34,Withdrawn,High,BR011
INV00790,CUST02662,Gold Bond,444652.0,658427.0,48.08,2020-06-06,2,2022-06-06,8.97,Active,Medium,BR007
INV00791,CUST00529,Recurring Deposit,37593.0,52636.0,40.02,2021-02-11,7,2028-02-10,9.05,Active,Low,BR018
INV00792,CUST02654,Gold Bond,23528.0,28826.0,22.52,2021-07-15,1,2022-07-15,6.04,Active,Medium,BR013
INV00793,CUST00593,PPF,88809.0,107194.0,20.7,2023-08-22,5,2028-08-20,14.85,Matured,Low,BR016
INV00794,CUST00676,Stocks,584450.0,833307.0,42.58,2021-12-09,5,2026-12-08,12.29,Matured,High,BR021
INV00795,CUST00490,Recurring Deposit,20807.0,27451.0,31.93,2023-01-23,3,2026-01-22,15.38,Active,Low,BR003
INV00796,CUST01444,Gold Bond,293287.0,374606.0,27.73,2022-01-05,1,2023-01-05,8.54,Active,Medium,BR046
INV00797,CUST01396,Recurring Deposit,37296.0,40331.0,8.14,2023-11-01,5,2028-10-30,6.95,Active,Low,BR040
INV00798,CUST02652,NPS,89080.0,125520.0,40.91,2021-12-31,1,2022-12-31,12.11,Matured,Medium,BR049
INV00799,CUST00515,SIP,23549.0,28785.0,22.23,2023-07-15,5,2028-07-13,14.71,Active,Medium,BR014
INV00800,CUST02742,NPS,155906.0,191734.0,22.98,2023-07-03,3,2026-07-02,14.83,Withdrawn,Medium,BR003
INV00801,CUST01754,NPS,23108.0,29756.0,28.77,2023-02-20,7,2030-02-18,14.56,Active,Medium,BR005
INV00802,CUST02759,PPF,25071.0,36923.0,47.27,2021-11-26,3,2024-11-25,13.32,Active,Low,BR041
INV00803,CUST02635,NPS,31880.0,53688.0,68.41,2020-05-25,10,2030-05-23,11.99,Withdrawn,Medium,BR031
INV00804,CUST01453,Gold Bond,478290.0,808528.0,69.05,2021-03-10,5,2026-03-09,14.77,Matured,Medium,BR029
INV00805,CUST02940,NPS,115207.0,146755.0,27.38,2022-05-17,10,2032-05-14,9.66,Active,Medium,BR042
INV00806,CUST00333,Gold Bond,92570.0,115401.0,24.66,2022-01-13,2,2024-01-13,7.72,Withdrawn,Medium,BR024
INV00807,CUST02310,NPS,117114.0,150080.0,28.15,2021-05-22,7,2028-05-20,7.11,Active,Medium,BR005
INV00808,CUST00495,NPS,16563.0,19110.0,15.38,2023-10-01,2,2025-09-30,12.13,Active,Medium,BR049
INV00809,CUST00443,PPF,6388.0,9313.0,45.79,2020-06-21,10,2030-06-19,8.68,Active,Low,BR044
INV00810,CUST01065,Recurring Deposit,28841.0,40904.0,41.83,2020-05-11,1,2021-05-11,7.82,Active,Low,BR041
INV00811,CUST02837,Gold Bond,21526.0,27267.0,26.67,2022-12-20,5,2027-12-19,12.35,Active,Medium,BR033
INV00812,CUST02675,Mutual Fund,308498.0,498431.0,61.57,2020-07-07,3,2023-07-07,11.29,Active,High,BR041
INV00813,CUST02090,PPF,102581.0,115723.0,12.81,2023-04-02,7,2030-03-31,7.14,Active,Low,BR001
INV00814,CUST00949,PPF,117605.0,144127.0,22.55,2022-09-19,3,2025-09-18,9.32,Active,Low,BR046
INV00815,CUST01453,Mutual Fund,94714.0,111551.0,17.78,2022-09-23,1,2023-09-23,7.47,Active,High,BR029
INV00816,CUST02006,NPS,100513.0,150837.0,50.07,2021-09-10,7,2028-09-08,13.06,Matured,Medium,BR047
INV00817,CUST00581,PPF,40451.0,59551.0,47.22,2021-01-08,5,2026-01-07,10.21,Active,Low,BR028
INV00818,CUST00706,Stocks,925670.0,1063511.0,14.89,2023-02-02,10,2033-01-30,7.54,Active,High,BR027
INV00819,CUST01693,SIP,9097.0,11226.0,23.4,2022-09-27,1,2023-09-27,9.75,Withdrawn,Medium,BR035
INV00820,CUST01393,NPS,152331.0,186580.0,22.48,2023-07-21,2,2025-07-20,15.05,Active,Medium,BR042
INV00821,CUST00058,PPF,135549.0,210158.0,55.04,2020-06-01,5,2025-05-31,10.04,Active,Low,BR036
INV00822,CUST02589,Stocks,641064.0,798510.0,24.56,2023-01-26,5,2028-01-25,12.06,Active,High,BR027
INV00823,CUST02603,Recurring Deposit,5134.0,7222.0,40.67,2020-07-18,3,2023-07-18,7.96,Active,Low,BR018
INV00824,CUST02223,SIP,22982.0,28962.0,26.02,2022-12-15,5,2027-12-14,11.98,Active,Medium,BR030
INV00825,CUST01129,SIP,11246.0,18486.0,64.38,2020-07-15,3,2023-07-15,11.78,Active,Medium,BR034
INV00826,CUST00624,NPS,108891.0,184932.0,69.83,2020-03-06,7,2027-03-05,11.61,Active,Medium,BR036
INV00827,CUST01290,NPS,61750.0,75451.0,22.19,2022-05-20,5,2027-05-19,7.96,Matured,Medium,BR023
INV00828,CUST02472,Gold Bond,54596.0,95870.0,75.6,2021-05-13,1,2022-05-13,16.75,Active,Medium,BR010
INV00829,CUST02195,PPF,40497.0,48818.0,20.55,2023-08-06,3,2026-08-05,14.25,Active,Low,BR034
INV00830,CUST00220,Recurring Deposit,10199.0,13760.0,34.92,2022-08-21,3,2025-08-20,13.52,Matured,Low,BR033
INV00831,CUST02130,Fixed Deposit,227561.0,341468.0,50.06,2022-03-16,5,2027-03-15,15.63,Active,Low,BR045
INV00832,CUST00287,Mutual Fund,359844.0,687691.0,91.11,2020-03-19,2,2022-03-19,14.49,Active,High,BR017
INV00833,CUST00838,Mutual Fund,180651.0,247030.0,36.74,2022-08-03,1,2023-08-03,13.86,Matured,High,BR002
INV00834,CUST00077,Fixed Deposit,2306006.0,2983366.0,29.37,2023-05-19,5,2028-05-17,17.24,Active,Low,BR039
INV00835,CUST01426,PPF,66925.0,73999.0,10.57,2023-09-15,1,2024-09-14,8.08,Matured,Low,BR011
INV00836,CUST01350,Gold Bond,354188.0,514826.0,45.35,2021-10-28,3,2024-10-27,12.5,Active,Medium,BR001
INV00837,CUST00248,Mutual Fund,335410.0,426175.0,27.06,2023-04-01,7,2030-03-30,14.66,Matured,High,BR035
INV00838,CUST02453,Stocks,794411.0,1597814.0,101.13,2020-07-30,7,2027-07-29,17.12,Active,High,BR012
INV00839,CUST00498,PPF,19489.0,28320.0,45.31,2022-04-29,2,2024-04-28,15.0,Active,Low,BR041
INV00840,CUST01888,Mutual Fund,413267.0,530078.0,28.27,2022-10-19,3,2025-10-18,11.98,Active,High,BR042
INV00841,CUST01996,Mutual Fund,268895.0,356506.0,32.58,2022-03-17,10,2032-03-14,10.63,Matured,High,BR038
INV00842,CUST00870,PPF,56319.0,110824.0,96.78,2020-01-06,3,2023-01-05,14.54,Active,Low,BR040
INV00843,CUST02384,PPF,55981.0,70547.0,26.02,2022-11-20,3,2025-11-19,11.57,Active,Low,BR009
INV00844,CUST02612,Mutual Fund,40468.0,43501.0,7.49,2023-11-21,2,2025-11-20,6.73,Active,High,BR040
INV00845,CUST00348,SIP,30106.0,48614.0,61.48,2021-12-21,1,2022-12-21,17.15,Active,Medium,BR004
INV00846,CUST02030,SIP,34885.0,48705.0,39.62,2022-05-23,10,2032-05-20,13.65,Active,Medium,BR009
INV00847,CUST02193,Stocks,539142.0,626807.0,16.26,2023-09-01,7,2030-08-30,11.98,Active,High,BR013
INV00848,CUST02246,SIP,33386.0,53562.0,60.43,2021-12-18,1,2022-12-18,16.85,Active,Medium,BR025
INV00849,CUST01433,NPS,54324.0,69089.0,27.18,2023-05-01,5,2028-04-29,15.5,Active,Medium,BR023
INV00850,CUST01659,NPS,114378.0,164638.0,43.94,2022-04-09,10,2032-04-06,14.28,Active,Medium,BR044
INV00851,CUST02017,Fixed Deposit,2473921.0,3306987.0,33.67,2023-01-07,1,2024-01-07,15.78,Active,Low,BR002
INV00852,CUST01054,PPF,75646.0,104701.0,38.41,2020-07-14,7,2027-07-13,7.55,Matured,Low,BR035
INV00853,CUST01056,Mutual Fund,364632.0,549529.0,50.71,2021-11-24,2,2023-11-24,14.14,Matured,High,BR025
INV00854,CUST00717,Recurring Deposit,17613.0,20322.0,15.38,2023-06-16,7,2030-06-14,9.72,Active,Low,BR016
INV00855,CUST01012,Fixed Deposit,1517266.0,2675732.0,76.35,2021-02-04,7,2028-02-03,15.64,Active,Low,BR036
INV00856,CUST01006,Recurring Deposit,15924.0,28418.0,78.46,2020-03-30,1,2021-03-30,12.95,Active,Low,BR027
INV00857,CUST01456,PPF,54272.0,72455.0,33.5,2023-03-17,10,2033-03-14,17.5,Active,Low,BR017
INV00858,CUST02354,Gold Bond,265983.0,398389.0,49.78,2021-08-30,2,2023-08-30,12.87,Active,Medium,BR036
INV00859,CUST02880,Stocks,324944.0,443503.0,36.49,2022-05-03,3,2025-05-02,12.39,Active,High,BR044
INV00860,CUST00978,Stocks,274396.0,414383.0,51.02,2020-07-01,1,2021-07-01,9.59,Active,High,BR036
INV00861,CUST00364,Stocks,378731.0,466844.0,23.27,2022-11-02,5,2027-11-01,10.16,Active,High,BR031
INV00862,CUST00823,Fixed Deposit,4598664.0,6748125.0,46.74,2021-03-24,1,2022-03-24,10.7,Active,Low,BR027
INV00863,CUST02714,Mutual Fund,323715.0,399919.0,23.54,2021-08-30,3,2024-08-29,6.54,Withdrawn,High,BR045
INV00864,CUST02179,NPS,91168.0,104398.0,14.51,2022-12-31,3,2025-12-30,7.01,Withdrawn,Medium,BR038
INV00865,CUST02305,SIP,45553.0,55589.0,22.03,2023-03-05,7,2030-03-03,11.53,Active,Medium,BR030
INV00866,CUST00028,Mutual Fund,327148.0,523034.0,59.88,2021-11-25,5,2026-11-24,16.35,Active,High,BR047
INV00867,CUST02565,SIP,26131.0,42499.0,62.64,2021-03-24,10,2031-03-22,13.76,Withdrawn,Medium,BR048
INV00868,CUST01793,Gold Bond,165439.0,198451.0,19.95,2022-08-01,3,2025-07-31,7.82,Active,Medium,BR048
INV00869,CUST02119,Recurring Deposit,13416.0,18153.0,35.31,2022-02-19,10,2032-02-17,11.14,Active,Low,BR001
INV00870,CUST00769,Recurring Deposit,1296.0,1636.0,26.23,2021-06-24,2,2023-06-24,6.84,Active,Low,BR014
INV00871,CUST01959,Mutual Fund,300783.0,387871.0,28.95,2021-10-27,1,2022-10-27,8.33,Matured,High,BR045
INV00872,CUST01769,NPS,131778.0,152899.0,16.03,2022-12-24,3,2025-12-23,7.64,Active,Medium,BR018
INV00873,CUST01993,NPS,129679.0,178524.0,37.67,2021-02-10,10,2031-02-08,8.57,Active,Medium,BR027
INV00874,CUST00268,NPS,118154.0,139063.0,17.7,2022-04-24,2,2024-04-23,6.25,Active,Medium,BR039
INV00875,CUST00915,Gold Bond,476800.0,838314.0,75.82,2020-10-19,1,2021-10-19,14.38,Active,Medium,BR017
INV00876,CUST00993,PPF,18121.0,27147.0,49.81,2021-12-12,1,2022-12-12,14.16,Active,Low,BR040
INV00877,CUST00674,Gold Bond,145156.0,169899.0,17.05,2023-10-15,7,2030-10-13,13.88,Active,Medium,BR021
INV00878,CUST02159,Mutual Fund,258304.0,365076.0,41.34,2022-06-12,3,2025-06-11,14.51,Active,High,BR022
INV00879,CUST00681,Recurring Deposit,47769.0,71301.0,49.26,2022-05-31,10,2032-05-28,16.75,Matured,Low,BR013
INV00880,CUST00024,SIP,41907.0,82041.0,95.77,2020-06-21,1,2021-06-21,15.99,Active,Medium,BR012
INV00881,CUST00157,SIP,24053.0,27824.0,15.68,2023-02-10,1,2024-02-10,8.02,Active,Medium,BR045
INV00882,CUST02337,Stocks,644023.0,1079717.0,67.65,2021-01-05,2,2023-01-05,13.84,Active,High,BR023
INV00883,CUST01814,PPF,124327.0,168939.0,35.88,2020-12-28,2,2022-12-28,7.95,Matured,Low,BR001
INV00884,CUST02420,Recurring Deposit,16351.0,24052.0,47.1,2021-12-19,1,2022-12-19,13.57,Active,Low,BR013
INV00885,CUST00131,Gold Bond,448847.0,534786.0,19.15,2023-08-12,1,2024-08-11,13.47,Active,Medium,BR037
INV00886,CUST01202,PPF,102242.0,155082.0,51.68,2022-04-22,3,2025-04-21,16.73,Active,Low,BR001
INV00887,CUST02412,SIP,4435.0,8449.0,90.51,2020-07-28,7,2027-07-27,15.67,Matured,Medium,BR024
INV00888,CUST00012,Fixed Deposit,2533464.0,3234725.0,27.68,2022-09-21,2,2024-09-20,11.33,Active,Low,BR035
INV00889,CUST01636,NPS,36625.0,52353.0,42.94,2021-02-19,10,2031-02-17,9.69,Active,Medium,BR036
INV00890,CUST01566,PPF,68724.0,78558.0,14.31,2023-07-17,2,2025-07-16,9.61,Withdrawn,Low,BR023
INV00891,CUST01968,PPF,4276.0,7033.0,64.48,2021-12-01,5,2026-11-30,17.52,Matured,Low,BR030
INV00892,CUST02190,NPS,154035.0,175281.0,13.79,2023-08-26,5,2028-08-24,10.06,Active,Medium,BR039
INV00893,CUST01358,Gold Bond,362413.0,622907.0,71.88,2020-08-14,2,2022-08-14,13.16,Active,Medium,BR041
INV00894,CUST02635,PPF,92440.0,111720.0,20.86,2023-03-13,1,2024-03-12,11.08,Matured,Low,BR031
INV00895,CUST01568,Gold Bond,351870.0,449829.0,27.84,2022-06-07,1,2023-06-07,10.04,Active,Medium,BR035
INV00896,CUST01549,Recurring Deposit,2478.0,2701.0,9.0,2023-08-19,1,2024-08-18,6.5,Matured,Low,BR046
INV00897,CUST01297,Fixed Deposit,2294383.0,3179434.0,38.57,2021-08-22,5,2026-08-21,10.2,Active,Low,BR006
INV00898,CUST01307,SIP,30424.0,36723.0,20.7,2023-10-11,7,2030-10-09,16.65,Active,Medium,BR005
INV00899,CUST01009,Gold Bond,420320.0,654268.0,55.66,2021-05-02,7,2028-04-30,12.83,Active,Medium,BR006
INV00900,CUST00922,Gold Bond,180507.0,349106.0,93.4,2020-06-26,5,2025-06-25,15.73,Active,Medium,BR046
INV00901,CUST01136,Mutual Fund,173011.0,266151.0,53.83,2021-09-18,3,2024-09-17,14.01,Active,High,BR031
INV00902,CUST01191,PPF,147671.0,330197.0,123.6,2020-01-19,5,2025-01-17,17.65,Active,Low,BR050
INV00903,CUST00884,NPS,108594.0,140398.0,29.29,2022-07-21,5,2027-07-20,11.07,Active,Medium,BR019
INV00904,CUST01557,NPS,135036.0,181307.0,34.27,2022-06-09,2,2024-06-08,12.19,Withdrawn,Medium,BR004
INV00905,CUST00003,SIP,44862.0,63940.0,42.53,2020-09-09,7,2027-09-08,8.57,Active,Medium,BR013
INV00906,CUST00054,Stocks,834273.0,992542.0,18.97,2022-02-05,7,2029-02-03,6.17,Active,High,BR018
INV00907,CUST01751,Recurring Deposit,47837.0,55983.0,17.03,2023-02-14,5,2028-02-13,8.74,Active,Low,BR049
INV00908,CUST00039,Fixed Deposit,2590621.0,4990123.0,92.62,2020-07-09,5,2025-07-08,15.76,Matured,Low,BR019
INV00909,CUST02703,Fixed Deposit,1054636.0,1317595.0,24.93,2023-05-13,3,2026-05-12,14.58,Active,Low,BR030
INV00910,CUST02474,Gold Bond,23325.0,28173.0,20.78,2023-06-13,1,2024-06-12,12.95,Withdrawn,Medium,BR039
INV00911,CUST02141,PPF,71121.0,86233.0,21.25,2022-08-01,3,2025-07-31,8.3,Active,Low,BR044
INV00912,CUST01238,NPS,128669.0,250959.0,95.04,2020-03-06,1,2021-03-06,14.86,Matured,Medium,BR011
INV00913,CUST01635,NPS,160908.0,216206.0,34.37,2021-01-01,1,2022-01-01,7.67,Active,Medium,BR008
INV00914,CUST00778,SIP,40792.0,51651.0,26.62,2022-07-11,5,2027-07-10,10.01,Active,Medium,BR042
INV00915,CUST01538,Mutual Fund,321118.0,433493.0,34.99,2021-02-11,2,2023-02-11,8.03,Active,High,BR045
INV00916,CUST01753,Stocks,821478.0,1017870.0,23.91,2022-09-11,2,2024-09-10,9.75,Matured,High,BR033
INV00917,CUST01007,NPS,17894.0,26370.0,47.37,2021-05-09,3,2024-05-08,11.22,Active,Medium,BR046
INV00918,CUST01895,Recurring Deposit,45832.0,53464.0,16.65,2023-11-10,1,2024-11-09,14.47,Matured,Low,BR045
INV00919,CUST00134,Mutual Fund,356160.0,582512.0,63.55,2020-09-16,2,2022-09-16,12.15,Matured,High,BR046
INV00920,CUST02311,NPS,85225.0,139275.0,63.42,2021-02-26,5,2026-02-25,13.63,Active,Medium,BR021
INV00921,CUST01405,Fixed Deposit,402504.0,478663.0,18.92,2023-10-17,7,2030-10-15,15.46,Matured,Low,BR013
INV00922,CUST00280,Recurring Deposit,30474.0,44623.0,46.43,2020-04-17,10,2030-04-15,8.44,Matured,Low,BR003
INV00923,CUST02524,PPF,14458.0,18891.0,30.66,2021-11-05,3,2024-11-04,8.85,Active,Low,BR028
INV00924,CUST00608,Stocks,27908.0,32723.0,17.25,2023-03-21,3,2026-03-20,9.35,Active,High,BR010
INV00925,CUST01703,Mutual Fund,356779.0,414614.0,16.21,2023-09-02,7,2030-08-31,11.97,Active,High,BR001
INV00926,CUST01542,Gold Bond,338218.0,429219.0,26.91,2023-05-05,2,2025-05-04,15.46,Matured,Medium,BR033
INV00927,CUST02979,Mutual Fund,6302.0,8295.0,31.62,2021-11-09,1,2022-11-09,9.14,Active,High,BR023
INV00928,CUST00813,NPS,182775.0,262368.0,43.55,2022-10-24,5,2027-10-23,17.98,Withdrawn,Medium,BR011
INV00929,CUST02233,Stocks,655610.0,1036728.0,58.13,2021-01-28,10,2031-01-26,12.39,Withdrawn,High,BR007
INV00930,CUST02208,Recurring Deposit,34468.0,49951.0,44.92,2022-06-02,2,2024-06-01,15.46,Withdrawn,Low,BR003
INV00931,CUST01684,PPF,135483.0,168340.0,24.25,2022-04-19,5,2027-04-18,8.37,Active,Low,BR023
INV00932,CUST02989,SIP,23815.0,31092.0,30.56,2022-06-28,3,2025-06-27,11.21,Active,Medium,BR011
INV00933,CUST01763,SIP,21290.0,40836.0,91.81,2020-05-29,5,2025-05-28,15.24,Active,Medium,BR048
INV00934,CUST01895,Fixed Deposit,3254704.0,4726889.0,45.23,2020-11-08,2,2022-11-08,9.42,Active,Low,BR045
INV00935,CUST02701,PPF,108148.0,120965.0,11.85,2023-07-26,7,2030-07-24,8.13,Matured,Low,BR007
INV00936,CUST00901,Gold Bond,225700.0,319878.0,41.73,2022-11-18,2,2024-11-17,17.9,Matured,Medium,BR004
INV00937,CUST01491,PPF,68169.0,105830.0,55.25,2021-07-05,10,2031-07-03,13.43,Active,Low,BR039
INV00938,CUST02083,PPF,12349.0,14091.0,14.11,2023-11-29,2,2025-11-28,12.9,Active,Low,BR038
INV00939,CUST01980,Gold Bond,196094.0,227749.0,16.14,2022-10-18,2,2024-10-17,7.03,Active,Medium,BR049
INV00940,CUST01483,PPF,126021.0,163215.0,29.51,2021-01-19,7,2028-01-18,6.77,Active,Low,BR028
INV00941,CUST01252,Gold Bond,334791.0,647759.0,93.48,2020-02-17,10,2030-02-14,14.51,Matured,Medium,BR018
INV00942,CUST02011,SIP,42508.0,46713.0,9.89,2023-05-22,5,2028-05-20,6.03,Active,Medium,BR010
INV00943,CUST01125,PPF,91823.0,111765.0,21.72,2022-11-10,3,2025-11-09,9.62,Active,Low,BR008
INV00944,CUST02599,SIP,10365.0,12562.0,21.2,2022-04-08,7,2029-04-06,7.29,Active,Medium,BR031
INV00945,CUST02866,NPS,166139.0,183300.0,10.33,2023-05-05,1,2024-05-04,6.11,Matured,Medium,BR034
INV00946,CUST00880,Recurring Deposit,1078.0,1740.0,61.41,2020-12-19,5,2025-12-18,12.6,Matured,Low,BR045
INV00947,CUST00577,Stocks,617229.0,867377.0,40.53,2022-01-22,5,2027-01-21,12.27,Active,High,BR006
INV00948,CUST02312,SIP,18222.0,19993.0,9.72,2023-08-17,2,2025-08-16,6.99,Active,Medium,BR025
INV00949,CUST02537,Fixed Deposit,830453.0,990302.0,19.25,2022-01-15,3,2025-01-14,6.13,Matured,Low,BR008
INV00950,CUST01979,Gold Bond,29285.0,47723.0,62.96,2021-09-23,2,2023-09-23,16.1,Active,Medium,BR047
INV00951,CUST00677,Stocks,115769.0,167259.0,44.48,2021-09-12,7,2028-09-10,11.79,Withdrawn,High,BR014
INV00952,CUST01439,Mutual Fund,159934.0,204721.0,28.0,2022-07-09,1,2023-07-09,10.47,Matured,High,BR008
INV00953,CUST00009,Recurring Deposit,28813.0,42267.0,46.69,2020-03-24,7,2027-03-23,8.36,Active,Low,BR050
INV00954,CUST02819,NPS,188262.0,216996.0,15.26,2022-12-30,3,2025-12-29,7.35,Active,Medium,BR042
INV00955,CUST01327,PPF,87145.0,114497.0,31.39,2022-11-02,2,2024-11-01,13.46,Matured,Low,BR028
INV00956,CUST01496,NPS,45715.0,54631.0,19.5,2023-05-01,7,2030-04-29,11.27,Matured,Medium,BR045
INV00957,CUST01729,PPF,10213.0,14834.0,45.25,2022-05-14,2,2024-05-13,15.23,Active,Low,BR009
INV00958,CUST00393,SIP,4148.0,5356.0,29.12,2023-03-05,2,2025-03-04,15.04,Active,Medium,BR048
INV00959,CUST01633,NPS,40663.0,56110.0,37.99,2022-01-18,5,2027-01-17,11.53,Matured,Medium,BR013
INV00960,CUST01907,SIP,31024.0,50480.0,62.71,2020-04-10,5,2025-04-09,10.85,Withdrawn,Medium,BR003
INV00961,CUST00566,PPF,82119.0,95509.0,16.31,2022-10-16,5,2027-10-15,7.08,Active,Low,BR003
INV00962,CUST01389,Gold Bond,37184.0,63253.0,70.11,2020-04-09,2,2022-04-09,11.89,Active,Medium,BR015
INV00963,CUST02311,Gold Bond,195468.0,310313.0,58.75,2020-04-11,10,2030-04-09,10.28,Active,Medium,BR021
INV00964,CUST01400,Stocks,456776.0,654902.0,43.37,2020-08-19,1,2021-08-19,8.6,Active,High,BR023
INV00965,CUST00264,Stocks,702542.0,1160271.0,65.15,2020-02-25,3,2023-02-24,10.9,Matured,High,BR037
INV00966,CUST00722,Mutual Fund,480011.0,632955.0,31.86,2021-01-06,2,2023-01-06,7.19,Active,High,BR049
INV00967,CUST00876,Recurring Deposit,19246.0,27090.0,40.76,2022-05-13,3,2025-05-12,13.85,Withdrawn,Low,BR007
INV00968,CUST01509,Fixed Deposit,1421061.0,1644381.0,15.72,2022-08-15,2,2024-08-14,6.33,Active,Low,BR018
INV00969,CUST01719,Gold Bond,162395.0,222289.0,36.88,2022-12-06,2,2024-12-05,16.39,Active,Medium,BR016
INV00970,CUST00269,PPF,133847.0,202401.0,51.22,2021-10-28,1,2022-10-28,13.91,Active,Low,BR030
INV00971,CUST01628,Mutual Fund,116312.0,126224.0,8.52,2023-08-09,7,2030-08-07,6.04,Active,High,BR023
INV00972,CUST01695,Recurring Deposit,29696.0,33017.0,11.18,2023-07-30,2,2025-07-29,7.74,Active,Low,BR002
INV00973,CUST01082,Recurring Deposit,38450.0,48437.0,25.97,2022-03-29,2,2024-03-28,8.73,Matured,Low,BR008
INV00974,CUST02313,Mutual Fund,392001.0,482842.0,23.17,2023-01-14,5,2028-01-13,11.21,Matured,High,BR011
INV00975,CUST01084,Recurring Deposit,1835.0,2390.0,30.25,2020-12-19,2,2022-12-19,6.77,Active,Low,BR041
INV00976,CUST00033,Stocks,600876.0,737571.0,22.75,2021-11-22,2,2023-11-22,6.82,Matured,High,BR017
INV00977,CUST00577,PPF,82799.0,127612.0,54.12,2021-07-19,3,2024-07-18,13.35,Matured,Low,BR006
INV00978,CUST01294,Recurring Deposit,27931.0,37884.0,35.63,2021-04-26,7,2028-04-24,8.63,Active,Low,BR021
INV00979,CUST02404,Recurring Deposit,30412.0,47533.0,56.3,2021-06-10,10,2031-06-08,13.37,Matured,Low,BR027
INV00980,CUST02645,Recurring Deposit,16259.0,20705.0,27.34,2021-07-15,5,2026-07-14,7.23,Active,Low,BR040
INV00981,CUST01014,Recurring Deposit,15024.0,19207.0,27.84,2022-08-01,5,2027-07-31,10.7,Active,Low,BR019
INV00982,CUST02133,Fixed Deposit,2967385.0,4148024.0,39.79,2022-07-14,10,2032-07-11,14.55,Withdrawn,Low,BR026
INV00983,CUST02999,SIP,10578.0,13205.0,24.83,2022-11-27,2,2024-11-26,11.18,Active,Medium,BR050
INV00984,CUST00267,Recurring Deposit,25328.0,30802.0,21.61,2023-09-01,3,2026-08-31,15.83,Active,Low,BR042
INV00985,CUST00391,Recurring Deposit,22638.0,38446.0,69.83,2021-01-07,5,2026-01-06,14.23,Withdrawn,Low,BR006
INV00986,CUST02923,Recurring Deposit,20868.0,30485.0,46.08,2021-03-04,2,2023-03-04,10.41,Active,Low,BR024
INV00987,CUST01470,Stocks,581482.0,712277.0,22.49,2022-01-05,7,2029-01-03,7.03,Active,High,BR037
INV00988,CUST01544,Fixed Deposit,1945319.0,2961591.0,52.24,2020-12-03,1,2021-12-03,10.86,Active,Low,BR010
INV00989,CUST01468,NPS,108238.0,156087.0,44.21,2022-09-23,5,2027-09-22,17.49,Active,Medium,BR029
INV00990,CUST02589,Stocks,326549.0,601526.0,84.21,2020-01-16,5,2025-01-14,13.11,Active,High,BR027
INV00991,CUST00690,NPS,190847.0,228219.0,19.58,2022-08-15,3,2025-08-14,7.81,Matured,Medium,BR025
INV00992,CUST00618,NPS,151462.0,184681.0,21.93,2023-08-13,2,2025-08-12,15.41,Withdrawn,Medium,BR038
INV00993,CUST01685,Recurring Deposit,36879.0,56474.0,53.13,2021-11-19,10,2031-11-17,14.66,Matured,Low,BR011
INV00994,CUST00092,Gold Bond,343000.0,419382.0,22.27,2023-08-25,7,2030-08-23,16.05,Active,Medium,BR010
INV00995,CUST00925,Stocks,590849.0,769024.0,30.16,2021-05-20,2,2023-05-20,7.56,Active,High,BR045
INV00996,CUST00753,Fixed Deposit,618157.0,1250328.0,102.27,2020-07-24,10,2030-07-22,17.2,Matured,Low,BR011
INV00997,CUST00416,Stocks,5405.0,6678.0,23.55,2022-03-11,3,2025-03-10,7.82,Active,High,BR020
INV00998,CUST00745,Gold Bond,192373.0,238295.0,23.87,2021-10-11,1,2022-10-11,6.87,Active,Medium,BR005
INV00999,CUST00375,Gold Bond,129385.0,177210.0,36.96,2021-09-17,1,2022-09-17,10.04,Active,Medium,BR025
INV01000,CUST01489,Stocks,904181.0,1146639.0,26.82,2022-11-13,10,2032-11-10,11.79,Matured,High,BR023
INV01001,CUST00338,Fixed Deposit,3422099.0,4380111.0,27.99,2022-11-29,2,2024-11-28,12.55,Active,Low,BR039
INV01002,CUST00130,Mutual Fund,450280.0,582257.0,29.31,2022-11-20,10,2032-11-17,12.94,Active,High,BR037
INV01003,CUST02053,Fixed Deposit,1649188.0,2136045.0,29.52,2023-03-27,1,2024-03-26,15.79,Active,Low,BR012
INV01004,CUST00252,Fixed Deposit,4841008.0,6971235.0,44.0,2020-03-09,1,2021-03-09,7.87,Active,Low,BR043
INV01005,CUST01293,NPS,96863.0,173810.0,79.44,2020-11-11,3,2023-11-11,15.18,Active,Medium,BR025
INV01006,CUST00491,SIP,13121.0,21756.0,65.81,2020-10-06,10,2030-10-04,12.68,Active,Medium,BR019
INV01007,CUST01358,Stocks,207020.0,335900.0,62.25,2020-09-02,10,2030-08-31,11.83,Active,High,BR041
INV01008,CUST00360,Gold Bond,412488.0,580761.0,40.79,2021-11-05,2,2023-11-05,11.46,Withdrawn,Medium,BR007
INV01009,CUST02789,SIP,34514.0,43926.0,27.27,2021-11-30,2,2023-11-30,8.13,Active,Medium,BR032
INV01010,CUST02287,Mutual Fund,303907.0,483193.0,58.99,2020-06-12,5,2025-06-11,10.72,Active,High,BR014
INV01011,CUST01483,Gold Bond,79856.0,116469.0,45.85,2021-03-10,10,2031-03-08,10.41,Active,Medium,BR028
INV01012,CUST02167,PPF,44137.0,67620.0,53.2,2022-03-06,2,2024-03-05,16.32,Withdrawn,Low,BR050
INV01013,CUST02001,Stocks,126661.0,154206.0,21.75,2022-03-22,10,2032-03-19,7.34,Active,High,BR003
INV01014,CUST02402,Gold Bond,85385.0,99089.0,16.05,2023-05-30,2,2025-05-29,9.82,Withdrawn,Medium,BR020
INV01015,CUST00503,NPS,69652.0,108848.0,56.27,2021-12-30,2,2023-12-30,16.03,Active,Medium,BR031
INV01016,CUST02881,Gold Bond,327177.0,407905.0,24.67,2021-07-14,1,2022-07-14,6.57,Withdrawn,Medium,BR043
INV01017,CUST00487,Recurring Deposit,35723.0,50989.0,42.73,2020-12-23,10,2030-12-21,9.25,Matured,Low,BR012
INV01018,CUST02165,Stocks,710427.0,873672.0,22.98,2023-05-24,3,2026-05-23,13.75,Active,High,BR049
INV01019,CUST02568,SIP,30861.0,51740.0,67.65,2020-03-16,1,2021-03-16,11.38,Active,Medium,BR027
INV01020,CUST01830,NPS,198284.0,364965.0,84.06,2020-11-18,3,2023-11-18,15.97,Active,Medium,BR012
INV01021,CUST02559,Fixed Deposit,236617.0,270989.0,14.53,2023-09-03,7,2030-09-01,10.77,Withdrawn,Low,BR043
INV01022,CUST01022,Recurring Deposit,23111.0,26527.0,14.78,2023-04-26,2,2025-04-25,8.54,Active,Low,BR047
INV01023,CUST02409,NPS,17650.0,20263.0,14.8,2022-11-05,10,2032-11-02,6.62,Active,Medium,BR035
INV01024,CUST01479,PPF,61948.0,94236.0,52.12,2021-09-07,3,2024-09-06,13.49,Active,Low,BR017
INV01025,CUST00046,Gold Bond,225973.0,432729.0,91.5,2020-01-21,2,2022-01-20,14.04,Withdrawn,Medium,BR003
INV01026,CUST00603,Fixed Deposit,1244218.0,1513738.0,21.66,2022-11-24,1,2023-11-24,9.78,Active,Low,BR029
INV01027,CUST00117,Stocks,733407.0,806489.0,9.96,2023-10-15,10,2033-10-12,8.16,Active,High,BR011
INV01028,CUST02589,Mutual Fund,448758.0,711463.0,58.54,2021-11-24,3,2024-11-23,16.02,Active,High,BR027
INV01029,CUST01281,Recurring Deposit,46943.0,70775.0,50.77,2022-04-12,3,2025-04-11,16.29,Active,Low,BR032
INV01030,CUST02643,Mutual Fund,159506.0,188632.0,18.26,2023-12-15,7,2030-12-13,17.43,Withdrawn,High,BR032
INV01031,CUST01661,Gold Bond,24003.0,31612.0,31.7,2021-11-14,2,2023-11-14,9.2,Active,Medium,BR012
INV01032,CUST02314,PPF,45705.0,68518.0,49.91,2021-11-01,5,2026-10-31,13.65,Active,Low,BR047
INV01033,CUST00484,Stocks,626338.0,1005971.0,60.61,2020-08-03,1,2021-08-03,11.34,Active,High,BR016
INV01034,CUST01451,SIP,20090.0,24453.0,21.72,2023-08-27,7,2030-08-25,15.73,Withdrawn,Medium,BR036
INV01035,CUST02816,SIP,10118.0,12341.0,21.97,2023-07-24,3,2026-07-23,14.81,Active,Medium,BR048
INV01036,CUST00766,Mutual Fund,456292.0,616427.0,35.09,2022-10-31,1,2023-10-31,14.89,Active,High,BR040
INV01037,CUST00055,SIP,36449.0,44800.0,22.91,2022-05-24,1,2023-05-24,8.24,Active,Medium,BR015
INV01038,CUST01372,Recurring Deposit,36125.0,49069.0,35.83,2021-07-31,2,2023-07-31,9.37,Active,Low,BR050
INV01039,CUST00373,Recurring Deposit,45160.0,72375.0,60.26,2020-05-10,5,2025-05-09,10.69,Active,Low,BR001
INV01040,CUST01331,Gold Bond,7353.0,10168.0,38.28,2022-01-09,10,2032-01-07,11.51,Active,Medium,BR049
INV01041,CUST02303,Recurring Deposit,41790.0,47666.0,14.06,2023-05-14,10,2033-05-11,8.39,Active,Low,BR010
INV01042,CUST01109,Stocks,425453.0,608863.0,43.11,2020-09-05,10,2030-09-03,8.65,Active,High,BR012
INV01043,CUST00593,PPF,109931.0,161768.0,47.15,2020-08-29,10,2030-08-27,9.31,Active,Low,BR016
INV01044,CUST01413,Fixed Deposit,3707144.0,4180044.0,12.76,2023-06-21,7,2030-06-19,8.17,Withdrawn,Low,BR047
INV01045,CUST02063,SIP,2785.0,4068.0,46.07,2021-09-27,1,2022-09-27,12.32,Active,Medium,BR007
INV01046,CUST02440,Gold Bond,423753.0,518622.0,22.39,2021-11-14,3,2024-11-13,6.67,Active,Medium,BR042
INV01047,CUST02330,SIP,6729.0,7532.0,11.93,2023-10-06,7,2030-10-04,9.55,Matured,Medium,BR037
INV01048,CUST01268,SIP,44539.0,49573.0,11.3,2023-12-30,1,2024-12-29,11.27,Active,Medium,BR007
INV01049,CUST01550,Stocks,540236.0,731990.0,35.49,2022-11-06,2,2024-11-05,15.17,Active,High,BR039
INV01050,CUST00287,NPS,111065.0,125281.0,12.8,2022-12-15,7,2029-12-13,6.07,Matured,Medium,BR017
INV01051,CUST00872,Mutual Fund,216877.0,326997.0,50.78,2020-10-26,5,2025-10-25,10.32,Active,High,BR004
INV01052,CUST01700,SIP,47127.0,64074.0,35.96,2023-01-22,7,2030-01-20,17.16,Active,Medium,BR026
INV01053,CUST02311,Recurring Deposit,22575.0,35275.0,56.26,2021-09-20,7,2028-09-18,14.58,Withdrawn,Low,BR021
INV01054,CUST02014,Stocks,947359.0,1672860.0,76.58,2020-02-10,3,2023-02-09,12.33,Withdrawn,High,BR021
INV01055,CUST01470,Mutual Fund,454768.0,577529.0,26.99,2021-01-19,1,2022-01-19,6.24,Matured,High,BR037
INV01056,CUST02962,Mutual Fund,148360.0,227821.0,53.56,2020-08-19,5,2025-08-18,10.32,Active,High,BR015
INV01057,CUST02820,PPF,96638.0,143671.0,48.67,2020-07-18,7,2027-07-17,9.31,Matured,Low,BR001
INV01058,CUST02507,PPF,119481.0,186051.0,55.72,2020-09-10,7,2027-09-09,10.83,Active,Low,BR043
INV01059,CUST02900,Stocks,561659.0,773821.0,37.77,2021-08-09,7,2028-08-07,9.9,Active,High,BR048
INV01060,CUST01126,NPS,99842.0,119607.0,19.8,2023-06-15,1,2024-06-14,12.4,Active,Medium,BR050
INV01061,CUST02069,Stocks,383254.0,590888.0,54.18,2022-01-03,1,2023-01-03,15.57,Matured,High,BR015
INV01062,CUST00826,PPF,14286.0,23052.0,61.36,2021-07-20,5,2026-07-19,14.88,Withdrawn,Low,BR043
INV01063,CUST00621,Fixed Deposit,2231728.0,3684349.0,65.09,2021-10-19,3,2024-10-18,16.96,Active,Low,BR030
INV01064,CUST01056,Mutual Fund,128494.0,173471.0,35.0,2022-11-13,2,2024-11-12,15.12,Matured,High,BR025
INV01065,CUST02535,SIP,9025.0,12127.0,34.37,2023-02-11,1,2024-02-11,16.97,Active,Medium,BR028
INV01066,CUST00115,SIP,42187.0,69010.0,63.58,2021-02-28,3,2024-02-28,13.68,Active,Medium,BR006
INV01067,CUST00003,Fixed Deposit,3145810.0,4552481.0,44.72,2021-07-05,10,2031-07-03,11.17,Matured,Low,BR013
INV01068,CUST02367,Fixed Deposit,33346.0,65026.0,95.0,2020-08-24,10,2030-08-22,16.58,Active,Low,BR008
INV01069,CUST00210,SIP,1482.0,2563.0,72.94,2020-09-09,10,2030-09-07,13.55,Active,Medium,BR042
INV01070,CUST02853,Recurring Deposit,3816.0,6370.0,66.93,2020-12-09,7,2027-12-08,13.45,Active,Low,BR033
INV01071,CUST01959,Mutual Fund,48489.0,62269.0,28.42,2021-05-18,3,2024-05-17,7.15,Withdrawn,High,BR045
INV01072,CUST00489,Stocks,784758.0,1037992.0,32.27,2023-03-24,5,2028-03-22,17.09,Withdrawn,High,BR049
INV01073,CUST02007,Recurring Deposit,38645.0,46005.0,19.05,2022-08-22,7,2029-08-20,7.67,Active,Low,BR037
INV01074,CUST02821,Gold Bond,165287.0,224602.0,35.89,2020-03-25,1,2021-03-25,6.64,Active,Medium,BR048
INV01075,CUST00452,Fixed Deposit,2925778.0,3796370.0,29.76,2020-07-28,7,2027-07-27,6.06,Active,Low,BR030
INV01076,CUST00196,Fixed Deposit,1139375.0,1649842.0,44.8,2021-12-18,1,2022-12-18,12.97,Active,Low,BR033
INV01077,CUST01589,Gold Bond,101333.0,132236.0,30.5,2023-02-03,1,2024-02-03,14.98,Matured,Medium,BR044
INV01078,CUST02285,Mutual Fund,161398.0,249281.0,54.45,2020-06-14,5,2025-06-13,10.03,Active,High,BR049
INV01079,CUST00975,Fixed Deposit,2430849.0,2907819.0,19.62,2023-06-30,7,2030-06-28,12.65,Active,Low,BR007
INV01080,CUST02593,Stocks,420157.0,557803.0,32.76,2020-12-23,3,2023-12-23,7.3,Active,High,BR035
INV01081,CUST00954,Mutual Fund,406989.0,544263.0,33.73,2023-03-18,2,2025-03-17,17.64,Active,High,BR033
INV01082,CUST01010,Recurring Deposit,7781.0,12610.0,62.06,2020-11-18,3,2023-11-18,12.44,Matured,Low,BR002
INV01083,CUST01251,SIP,4505.0,5564.0,23.51,2022-06-07,1,2023-06-07,8.57,Active,Medium,BR036
INV01084,CUST00317,PPF,87029.0,99714.0,14.58,2023-08-10,5,2028-08-08,10.27,Active,Low,BR042
INV01085,CUST02765,PPF,37271.0,41596.0,11.6,2023-03-08,5,2028-03-06,6.23,Active,Low,BR028
INV01086,CUST02763,Gold Bond,491220.0,661666.0,34.7,2023-01-10,5,2028-01-09,16.3,Matured,Medium,BR027
INV01087,CUST01794,PPF,14585.0,27434.0,88.1,2021-01-07,10,2031-01-05,17.2,Withdrawn,Low,BR027
INV01088,CUST00113,Fixed Deposit,1503699.0,1920182.0,27.7,2022-12-19,1,2023-12-19,12.78,Active,Low,BR043
INV01089,CUST02843,Stocks,940147.0,1052356.0,11.94,2023-12-17,1,2024-12-16,11.47,Withdrawn,High,BR049
INV01090,CUST02062,Stocks,186623.0,205767.0,10.26,2023-06-13,10,2033-06-10,6.5,Withdrawn,High,BR005
INV01091,CUST02285,Fixed Deposit,919007.0,1063961.0,15.77,2023-01-20,1,2024-01-20,7.82,Active,Low,BR049
INV01092,CUST01768,Gold Bond,288688.0,537536.0,86.2,2020-06-29,7,2027-06-28,14.79,Matured,Medium,BR007
INV01093,CUST02258,Gold Bond,366426.0,557715.0,52.2,2021-05-05,7,2028-05-03,12.17,Active,Medium,BR039
INV01094,CUST02861,Recurring Deposit,7405.0,10110.0,36.53,2020-12-25,5,2025-12-24,8.06,Active,Low,BR019
INV01095,CUST02097,NPS,129836.0,182837.0,40.82,2021-12-04,5,2026-12-03,11.78,Active,Medium,BR009
INV01096,CUST01911,Fixed Deposit,2035789.0,2864493.0,40.71,2021-05-08,3,2024-05-07,9.81,Active,Low,BR009
INV01097,CUST00947,SIP,40796.0,70790.0,73.52,2020-07-04,1,2021-07-04,13.05,Active,Medium,BR015
INV01098,CUST00806,Stocks,585573.0,991685.0,69.35,2020-06-24,5,2025-06-23,12.36,Active,High,BR025
INV01099,CUST02069,Recurring Deposit,48591.0,55194.0,13.59,2023-04-20,3,2026-04-19,7.79,Active,Low,BR015
INV01100,CUST00678,Fixed Deposit,3568719.0,5033786.0,41.05,2022-06-15,10,2032-06-12,14.47,Matured,Low,BR044
INV01101,CUST00497,NPS,113912.0,198100.0,73.91,2021-03-25,1,2022-03-25,15.81,Active,Medium,BR015
INV01102,CUST01437,Recurring Deposit,37002.0,57143.0,54.43,2021-06-26,2,2023-06-26,13.16,Active,Low,BR027
INV01103,CUST00160,Gold Bond,97887.0,145650.0,48.79,2020-02-25,3,2023-02-24,8.54,Active,Medium,BR014
INV01104,CUST01012,SIP,20291.0,28121.0,38.59,2021-05-06,2,2023-05-06,9.34,Active,Medium,BR036
INV01105,CUST02196,Mutual Fund,350147.0,465479.0,32.94,2022-08-29,2,2024-08-28,12.94,Active,High,BR013
INV01106,CUST00664,Recurring Deposit,36483.0,48274.0,32.32,2023-01-12,5,2028-01-11,15.3,Active,Low,BR013
INV01107,CUST01666,Fixed Deposit,1272202.0,1886076.0,48.25,2021-03-07,1,2022-03-07,10.86,Matured,Low,BR045
INV01108,CUST02527,SIP,41794.0,54147.0,29.56,2020-10-05,3,2023-10-05,6.3,Withdrawn,Medium,BR040
INV01109,CUST00243,Gold Bond,219088.0,294885.0,34.6,2021-06-26,1,2022-06-26,8.82,Active,Medium,BR009
INV01110,CUST02663,Stocks,684811.0,1026521.0,49.9,2021-03-29,2,2023-03-29,11.37,Active,High,BR031
INV01111,CUST01934,PPF,50631.0,81355.0,60.68,2021-08-04,10,2031-08-02,14.93,Active,Low,BR049
INV01112,CUST00987,Gold Bond,242723.0,448756.0,84.88,2020-05-30,3,2023-05-30,14.33,Active,Medium,BR003
INV01113,CUST02082,Gold Bond,430569.0,834920.0,93.91,2020-01-02,3,2023-01-01,14.17,Active,Medium,BR020
INV01114,CUST01087,Mutual Fund,85546.0,118025.0,37.97,2022-08-16,3,2025-08-15,14.51,Active,High,BR027
INV01115,CUST02806,Mutual Fund,7450.0,14588.0,95.81,2020-05-05,7,2027-05-04,15.52,Active,High,BR022
INV01116,CUST00680,Gold Bond,207460.0,226506.0,9.18,2023-12-22,7,2030-12-20,8.95,Active,Medium,BR048
INV01117,CUST00032,Stocks,468110.0,784491.0,67.59,2020-07-03,2,2022-07-03,12.17,Active,High,BR029
INV01118,CUST01183,Gold Bond,199870.0,238551.0,19.35,2022-03-06,1,2023-03-06,6.47,Matured,Medium,BR008
INV01119,CUST00015,Mutual Fund,404569.0,646280.0,59.75,2020-08-12,1,2021-08-12,11.27,Active,High,BR047
INV01120,CUST00772,SIP,41099.0,78503.0,91.01,2020-05-17,5,2025-05-16,15.02,Withdrawn,Medium,BR005
INV01121,CUST00632,Mutual Fund,48137.0,58839.0,22.23,2023-01-23,1,2024-01-23,10.92,Active,High,BR021
INV01122,CUST00114,Gold Bond,364076.0,532404.0,46.23,2020-07-10,3,2023-07-10,8.86,Active,Medium,BR015
INV01123,CUST01657,NPS,102150.0,137605.0,34.71,2022-05-07,1,2023-05-07,11.89,Active,Medium,BR004
INV01124,CUST00429,NPS,162155.0,219422.0,35.32,2020-05-27,3,2023-05-27,6.8,Active,Medium,BR041
INV01125,CUST00174,Mutual Fund,343946.0,459105.0,33.48,2022-10-11,3,2025-10-10,13.88,Active,High,BR029
INV01126,CUST00437,SIP,15407.0,20029.0,30.0,2023-02-06,3,2026-02-05,14.82,Withdrawn,Medium,BR040
INV01127,CUST01731,Mutual Fund,462867.0,567910.0,22.69,2022-05-30,10,2032-05-27,8.22,Active,High,BR047
INV01128,CUST00203,Fixed Deposit,1304935.0,1977714.0,51.56,2020-07-27,2,2022-07-27,9.84,Active,Low,BR026
INV01129,CUST01756,NPS,61496.0,113956.0,85.31,2020-07-24,3,2023-07-24,14.91,Active,Medium,BR004
INV01130,CUST00026,NPS,188747.0,216806.0,14.87,2023-11-24,7,2030-11-22,13.41,Active,Medium,BR045
INV01131,CUST01253,Recurring Deposit,22570.0,33269.0,47.4,2021-03-14,1,2022-03-14,10.75,Active,Low,BR024
INV01132,CUST02492,PPF,98163.0,157660.0,60.61,2020-07-08,3,2023-07-08,11.15,Matured,Low,BR048
INV01133,CUST02044,Fixed Deposit,1721682.0,2578368.0,49.76,2020-09-22,3,2023-09-22,9.91,Matured,Low,BR039
INV01134,CUST02428,SIP,25714.0,30058.0,16.89,2023-10-09,7,2030-10-07,13.56,Active,Medium,BR045
INV01135,CUST01269,Gold Bond,92043.0,106586.0,15.8,2023-05-06,7,2030-05-04,9.27,Active,Medium,BR019
INV01136,CUST00887,PPF,43643.0,72488.0,66.09,2021-10-17,7,2028-10-15,17.15,Matured,Low,BR005
INV01137,CUST00873,Fixed Deposit,700335.0,883984.0,26.22,2023-08-01,5,2028-07-30,17.87,Matured,Low,BR010
INV01138,CUST00283,NPS,75578.0,85924.0,13.69,2023-03-26,5,2028-03-24,7.53,Active,Medium,BR004
INV01139,CUST00606,PPF,142788.0,170291.0,19.26,2022-06-13,10,2032-06-10,7.15,Withdrawn,Low,BR016
INV01140,CUST00050,Stocks,520341.0,1020646.0,96.15,2020-04-13,2,2022-04-13,15.35,Withdrawn,High,BR011
INV01141,CUST02889,SIP,34227.0,44737.0,30.71,2020-11-16,7,2027-11-15,6.71,Active,Medium,BR027
INV01142,CUST01806,NPS,61233.0,81744.0,33.5,2021-12-10,10,2031-12-08,9.91,Active,Medium,BR032
INV01143,CUST00265,NPS,168053.0,196413.0,16.88,2023-12-05,3,2026-12-04,15.67,Active,Medium,BR033
INV01144,CUST02599,Mutual Fund,453796.0,642772.0,41.64,2022-06-21,2,2024-06-20,14.76,Active,High,BR031
INV01145,CUST01086,NPS,175633.0,200599.0,14.21,2023-01-09,3,2026-01-08,6.96,Active,Medium,BR039
INV01146,CUST02235,Mutual Fund,464812.0,649789.0,39.8,2020-11-17,5,2025-11-16,8.47,Active,High,BR048
INV01147,CUST01672,Gold Bond,480649.0,587162.0,22.16,2022-10-21,1,2023-10-21,9.55,Active,Medium,BR028
INV01148,CUST00459,Recurring Deposit,34227.0,38602.0,12.78,2023-09-29,1,2024-09-28,10.06,Active,Low,BR026
INV01149,CUST01720,SIP,11520.0,18200.0,57.99,2021-03-09,2,2023-03-09,12.74,Active,Medium,BR005
INV01150,CUST00510,Recurring Deposit,27949.0,43772.0,56.61,2021-05-06,10,2031-05-04,13.06,Active,Low,BR011
INV01151,CUST02744,Recurring Deposit,5474.0,6579.0,20.19,2023-08-21,10,2033-08-18,14.46,Matured,Low,BR049
INV01152,CUST02233,Mutual Fund,396856.0,468907.0,18.16,2023-02-26,1,2024-02-26,9.47,Matured,High,BR007
INV01153,CUST00576,PPF,2256.0,3110.0,37.85,2021-10-01,7,2028-09-29,10.38,Active,Low,BR047
INV01154,CUST02578,Recurring Deposit,39415.0,81546.0,106.89,2020-01-02,2,2022-01-01,15.66,Active,Low,BR019
INV01155,CUST01915,Gold Bond,162324.0,215140.0,32.54,2022-04-24,1,2023-04-24,11.05,Active,Medium,BR016
INV01156,CUST01219,Recurring Deposit,13785.0,18034.0,30.82,2023-04-28,5,2028-04-26,17.38,Active,Low,BR028
INV01157,CUST02949,Gold Bond,371612.0,441444.0,18.79,2022-09-11,7,2029-09-09,7.76,Active,Medium,BR049
INV01158,CUST00475,NPS,158607.0,197349.0,24.43,2023-07-02,2,2025-07-01,15.7,Active,Medium,BR003
INV01159,CUST00864,Recurring Deposit,30117.0,50967.0,69.23,2020-06-02,7,2027-06-01,12.17,Active,Low,BR001
INV01160,CUST02102,NPS,179797.0,268860.0,49.54,2021-01-01,10,2030-12-30,10.59,Active,Medium,BR040
INV01161,CUST01713,Stocks,540020.0,754987.0,39.81,2022-02-24,3,2025-02-23,12.48,Active,High,BR041
INV01162,CUST02983,Recurring Deposit,3415.0,5632.0,64.92,2021-04-04,2,2023-04-04,14.3,Matured,Low,BR018
INV01163,CUST02119,NPS,29235.0,51108.0,74.82,2020-07-17,1,2021-07-17,13.35,Active,Medium,BR001
INV01164,CUST02977,Fixed Deposit,2233059.0,2941179.0,31.71,2022-08-19,2,2024-08-18,12.34,Matured,Low,BR031
INV01165,CUST02528,Gold Bond,339925.0,567920.0,67.07,2020-04-14,5,2025-04-13,11.5,Active,Medium,BR028
INV01166,CUST01550,Recurring Deposit,46588.0,58697.0,25.99,2023-07-11,2,2025-07-10,16.97,Matured,Low,BR039
INV01167,CUST01295,PPF,7076.0,10145.0,43.37,2021-05-06,3,2024-05-05,10.36,Active,Low,BR008
INV01168,CUST02008,Mutual Fund,292206.0,568120.0,94.42,2020-12-18,10,2030-12-16,17.91,Matured,High,BR049
INV01169,CUST01620,NPS,165661.0,320463.0,93.45,2020-08-19,5,2025-08-18,16.31,Active,Medium,BR042
INV01170,CUST00588,PPF,4688.0,6737.0,43.71,2022-03-17,1,2023-03-17,13.87,Active,Low,BR042
INV01171,CUST01175,Recurring Deposit,42507.0,52769.0,24.14,2022-12-04,3,2025-12-03,10.99,Active,Low,BR033
INV01172,CUST01835,SIP,18658.0,20136.0,7.92,2023-10-05,5,2028-10-03,6.35,Matured,Medium,BR048
INV01173,CUST00199,PPF,108459.0,147986.0,36.44,2021-11-19,1,2022-11-19,10.49,Active,Low,BR029
INV01174,CUST01212,Stocks,645585.0,986880.0,52.87,2021-09-13,5,2026-09-12,13.73,Active,High,BR009
INV01175,CUST01540,NPS,164716.0,269279.0,63.48,2021-12-28,3,2024-12-27,17.75,Active,Medium,BR043
INV01176,CUST01696,SIP,22088.0,30956.0,40.15,2022-07-18,10,2032-07-15,14.74,Active,Medium,BR002
INV01177,CUST00423,Gold Bond,155341.0,193461.0,24.54,2021-10-08,5,2026-10-07,7.03,Active,Medium,BR042
INV01178,CUST02773,Recurring Deposit,42447.0,55742.0,31.32,2023-01-28,7,2030-01-26,15.22,Matured,Low,BR002
INV01179,CUST00445,SIP,27018.0,29277.0,8.36,2023-10-28,3,2026-10-27,7.07,Matured,Medium,BR035
INV01180,CUST00252,NPS,19485.0,21042.0,7.99,2023-11-06,1,2024-11-05,6.91,Active,Medium,BR043
INV01181,CUST01201,PPF,37359.0,51571.0,38.04,2021-12-25,7,2028-12-23,11.28,Active,Low,BR002
INV01182,CUST01878,NPS,1999.0,4391.0,119.66,2020-01-22,7,2027-01-20,17.26,Active,Medium,BR027
INV01183,CUST01557,Mutual Fund,149658.0,164908.0,10.19,2023-08-27,7,2030-08-25,7.48,Active,High,BR004
INV01184,CUST02698,Mutual Fund,355681.0,669682.0,88.28,2020-05-21,1,2021-05-21,14.7,Active,High,BR017
INV01185,CUST01713,Mutual Fund,111572.0,153856.0,37.9,2020-05-27,10,2030-05-25,7.24,Active,High,BR041
INV01186,CUST01998,SIP,20148.0,41246.0,104.72,2020-06-21,3,2023-06-21,17.14,Active,Medium,BR033
INV01187,CUST02034,Recurring Deposit,38478.0,45878.0,19.23,2022-01-31,3,2025-01-30,6.22,Active,Low,BR043
INV01188,CUST02023,PPF,114213.0,186579.0,63.36,2020-03-10,5,2025-03-09,10.74,Active,Low,BR009
INV01189,CUST02113,Stocks,96462.0,119314.0,23.69,2022-10-26,7,2029-10-24,10.24,Active,High,BR039
INV01190,CUST01700,Gold Bond,148126.0,207795.0,40.28,2020-02-18,5,2025-02-16,7.2,Matured,Medium,BR026
INV01191,CUST02500,SIP,5917.0,8033.0,35.76,2021-11-23,7,2028-11-21,10.35,Active,Medium,BR015
INV01192,CUST02232,SIP,13175.0,23933.0,81.65,2021-03-23,3,2024-03-22,17.13,Active,Medium,BR018
INV01193,CUST02630,SIP,10765.0,21985.0,104.23,2020-03-13,3,2023-03-13,16.03,Active,Medium,BR045
INV01194,CUST02261,SIP,37206.0,53241.0,43.1,2022-01-24,1,2023-01-24,12.99,Matured,Medium,BR032
INV01195,CUST01550,Fixed Deposit,2075196.0,2466210.0,18.84,2023-02-13,10,2033-02-10,9.62,Withdrawn,Low,BR039
INV01196,CUST02202,Fixed Deposit,2940135.0,3752958.0,27.65,2021-05-01,2,2023-05-01,6.88,Matured,Low,BR018
INV01197,CUST02532,Stocks,372885.0,532540.0,42.82,2022-09-05,3,2025-09-04,16.6,Matured,High,BR012
INV01198,CUST01181,PPF,71657.0,95892.0,33.82,2023-01-25,1,2024-01-25,16.28,Active,Low,BR010
INV01199,CUST00852,Gold Bond,309931.0,400838.0,29.33,2022-10-02,1,2023-10-02,12.13,Active,Medium,BR049
INV01200,CUST01817,NPS,115393.0,143079.0,23.99,2022-11-14,1,2023-11-14,10.63,Withdrawn,Medium,BR028
INV01201,CUST00970,PPF,73991.0,114216.0,54.36,2022-04-26,1,2023-04-26,17.57,Active,Low,BR012
INV01202,CUST00004,Recurring Deposit,22248.0,38990.0,75.25,2021-03-05,5,2026-03-04,15.8,Active,Low,BR040
INV01203,CUST02536,SIP,9007.0,11935.0,32.51,2020-10-08,3,2023-10-08,6.88,Active,Medium,BR016
INV01204,CUST00895,PPF,145681.0,232980.0,59.92,2020-05-07,2,2022-05-07,10.62,Withdrawn,Low,BR009
INV01205,CUST01327,SIP,45855.0,82072.0,78.98,2020-03-11,2,2022-03-11,12.87,Active,Medium,BR028
INV01206,CUST00989,PPF,82923.0,105607.0,27.36,2021-03-18,5,2026-03-17,6.59,Active,Low,BR050
INV01207,CUST02147,Stocks,898443.0,1194935.0,33.0,2022-05-10,7,2029-05-08,11.39,Active,High,BR013
INV01208,CUST01363,Mutual Fund,358477.0,462892.0,29.13,2022-07-01,3,2025-06-30,10.76,Matured,High,BR049
INV01209,CUST02261,Stocks,847118.0,1098977.0,29.73,2021-04-18,2,2023-04-18,7.28,Active,High,BR032
INV01210,CUST00723,Recurring Deposit,34315.0,45244.0,31.85,2022-07-15,5,2027-07-14,11.88,Active,Low,BR043
INV01211,CUST02337,Fixed Deposit,4818274.0,6010323.0,24.74,2023-03-28,7,2030-03-26,13.37,Active,Low,BR023
INV01212,CUST01692,Gold Bond,426109.0,461255.0,8.25,2023-10-21,1,2024-10-20,6.86,Active,Medium,BR045
INV01213,CUST00138,SIP,2377.0,4562.0,91.92,2020-11-15,1,2021-11-15,17.12,Active,Medium,BR031
INV01214,CUST01084,Fixed Deposit,4131825.0,4563333.0,10.44,2023-08-28,1,2024-08-27,7.68,Active,Low,BR041
INV01215,CUST00507,PPF,33850.0,47398.0,40.02,2022-05-18,10,2032-05-15,13.7,Active,Low,BR048
INV01216,CUST01319,NPS,44425.0,64826.0,45.92,2021-10-07,1,2022-10-07,12.4,Active,Medium,BR014
INV01217,CUST00234,PPF,58878.0,105092.0,78.49,2020-10-15,1,2021-10-15,14.75,Withdrawn,Low,BR008
INV01218,CUST01721,Mutual Fund,30362.0,33037.0,8.81,2023-12-13,7,2030-12-11,8.38,Active,High,BR008
INV01219,CUST01466,NPS,95554.0,137606.0,44.01,2021-10-27,10,2031-10-25,12.16,Active,Medium,BR004
INV01220,CUST00280,NPS,173020.0,224834.0,29.95,2020-11-25,1,2021-11-25,6.6,Active,Medium,BR003
INV01221,CUST01433,SIP,23171.0,25274.0,9.08,2023-10-04,3,2026-10-03,7.25,Active,Medium,BR023
INV01222,CUST02808,Recurring Deposit,43163.0,73993.0,71.43,2021-07-28,5,2026-07-27,17.03,Withdrawn,Low,BR046
INV01223,CUST01402,Recurring Deposit,16965.0,19733.0,16.32,2023-06-26,1,2024-06-25,10.49,Matured,Low,BR047
INV01224,CUST01999,Gold Bond,267855.0,358752.0,33.94,2021-12-29,5,2026-12-28,10.21,Active,Medium,BR048
INV01225,CUST02202,Mutual Fund,235809.0,313867.0,33.1,2022-11-06,7,2029-11-04,14.22,Withdrawn,High,BR018
INV01226,CUST02526,NPS,191170.0,222023.0,16.14,2022-10-28,3,2025-10-27,7.12,Active,Medium,BR007
INV01227,CUST01134,NPS,154926.0,206924.0,33.56,2022-05-18,2,2024-05-17,11.67,Matured,Medium,BR026
INV01228,CUST01553,Stocks,515684.0,720442.0,39.71,2022-12-07,10,2032-12-04,17.57,Withdrawn,High,BR045
INV01229,CUST02821,Fixed Deposit,1459970.0,1764910.0,20.89,2022-12-19,1,2023-12-19,9.78,Active,Low,BR048
INV01230,CUST00327,Mutual Fund,50281.0,70711.0,40.63,2022-05-07,3,2025-05-06,13.72,Active,High,BR036
INV01231,CUST01969,Mutual Fund,165844.0,229439.0,38.35,2022-11-23,3,2025-11-22,16.68,Active,High,BR035
INV01232,CUST00099,PPF,84489.0,147788.0,74.92,2020-10-21,1,2021-10-21,14.26,Active,Low,BR017
INV01233,CUST01969,Mutual Fund,40451.0,55644.0,37.56,2022-02-18,2,2024-02-18,11.77,Active,High,BR035
INV01234,CUST01145,Gold Bond,352933.0,463284.0,31.27,2022-07-04,10,2032-07-01,11.53,Active,Medium,BR041
INV01235,CUST01782,SIP,5075.0,6854.0,35.05,2020-06-23,7,2027-06-22,6.87,Withdrawn,Medium,BR016
INV01236,CUST00617,SIP,1307.0,1953.0,49.43,2022-02-25,2,2024-02-25,15.16,Active,Medium,BR034
INV01237,CUST01876,Stocks,599706.0,836697.0,39.52,2022-09-12,5,2027-09-11,15.57,Active,High,BR004
INV01238,CUST00366,Recurring Deposit,39440.0,44704.0,13.35,2023-09-04,7,2030-09-02,9.93,Matured,Low,BR025
INV01239,CUST01689,Gold Bond,378544.0,460748.0,21.72,2022-11-26,10,2032-11-23,9.83,Active,Medium,BR031
INV01240,CUST02010,Gold Bond,258128.0,433749.0,68.04,2021-07-10,5,2026-07-09,16.1,Active,Medium,BR033
INV01241,CUST00972,Fixed Deposit,4499302.0,5531478.0,22.94,2023-08-23,10,2033-08-20,16.45,Active,Low,BR001
INV01242,CUST01045,Gold Bond,212516.0,288669.0,35.83,2020-08-03,7,2027-08-02,7.19,Active,Medium,BR010
INV01243,CUST02014,SIP,1817.0,2212.0,21.74,2022-09-09,10,2032-09-06,8.89,Active,Medium,BR021
INV01244,CUST00805,Mutual Fund,381023.0,533488.0,40.01,2021-09-02,1,2022-09-02,10.64,Withdrawn,High,BR049
INV01245,CUST00706,Recurring Deposit,21013.0,25039.0,19.16,2023-09-16,5,2028-09-14,14.55,Withdrawn,Low,BR027
INV01246,CUST00296,Gold Bond,33458.0,57553.0,72.02,2021-07-02,1,2022-07-02,16.77,Active,Medium,BR003
INV01247,CUST02618,Mutual Fund,332816.0,465199.0,39.78,2020-03-22,7,2027-03-21,7.26,Withdrawn,High,BR010
INV01248,CUST00397,Stocks,790819.0,962218.0,21.67,2023-08-27,5,2028-08-25,15.7,Matured,High,BR036
INV01249,CUST02923,Mutual Fund,356828.0,466368.0,30.7,2023-02-05,7,2030-02-03,15.12,Active,High,BR024
INV01250,CUST01899,Mutual Fund,494594.0,779669.0,57.64,2021-10-18,5,2026-10-17,15.27,Active,High,BR032
INV01251,CUST01369,Stocks,594600.0,872920.0,46.81,2022-01-29,5,2027-01-28,14.05,Active,High,BR040
INV01252,CUST02189,Gold Bond,347520.0,411562.0,18.43,2023-09-29,1,2024-09-28,14.43,Active,Medium,BR001
INV01253,CUST01403,Fixed Deposit,1095409.0,1434874.0,30.99,2021-02-08,7,2028-02-07,7.18,Withdrawn,Low,BR022
INV01254,CUST01558,PPF,49574.0,59828.0,20.68,2023-10-26,3,2026-10-25,17.26,Active,Low,BR009
INV01255,CUST01479,Stocks,240841.0,344044.0,42.85,2022-08-18,7,2029-08-16,16.24,Active,High,BR017
INV01256,CUST02204,NPS,72738.0,86007.0,18.24,2022-04-07,7,2029-04-05,6.32,Active,Medium,BR026
INV01257,CUST00137,Recurring Deposit,9090.0,11961.0,31.58,2022-10-03,1,2023-10-03,13.01,Active,Low,BR041
INV01258,CUST02913,Fixed Deposit,726501.0,1065789.0,46.7,2021-12-05,5,2026-12-04,13.29,Active,Low,BR016
INV01259,CUST00944,Stocks,515243.0,657420.0,27.59,2022-06-09,10,2032-06-06,9.98,Withdrawn,High,BR021
INV01260,CUST01479,PPF,106605.0,115759.0,8.59,2023-10-07,2,2025-10-06,6.91,Active,Low,BR017
INV01261,CUST01264,Mutual Fund,258492.0,293897.0,13.7,2023-04-29,3,2026-04-28,7.97,Withdrawn,High,BR038
INV01262,CUST01935,Gold Bond,251126.0,345754.0,37.68,2022-01-21,5,2027-01-20,11.48,Matured,Medium,BR013
INV01263,CUST01691,PPF,122524.0,268626.0,119.24,2020-01-03,1,2021-01-02,17.02,Active,Low,BR029
INV01264,CUST01435,Gold Bond,294999.0,387195.0,31.25,2021-07-18,5,2026-07-17,8.19,Matured,Medium,BR011
INV01265,CUST00320,PPF,129367.0,154855.0,19.7,2023-05-07,1,2024-05-06,11.5,Matured,Low,BR006
INV01266,CUST02250,SIP,42247.0,63055.0,49.25,2022-05-13,5,2027-05-12,16.41,Active,Medium,BR002
INV01267,CUST01801,Stocks,426080.0,487802.0,14.49,2023-03-20,7,2030-03-18,7.88,Active,High,BR011
INV01268,CUST01979,NPS,130650.0,164214.0,25.69,2022-06-16,2,2024-06-15,9.41,Active,Medium,BR047
INV01269,CUST02881,SIP,32428.0,64657.0,99.39,2020-08-26,1,2021-08-26,17.2,Matured,Medium,BR043
INV01270,CUST00403,Gold Bond,493363.0,646050.0,30.95,2020-08-12,5,2025-08-11,6.34,Active,Medium,BR031
INV01271,CUST02974,SIP,41836.0,54816.0,31.03,2022-03-28,7,2029-03-26,10.28,Active,Medium,BR039
INV01272,CUST02936,SIP,31590.0,60038.0,90.05,2020-10-13,7,2027-10-12,16.45,Active,Medium,BR011
INV01273,CUST00305,Fixed Deposit,3912030.0,6335892.0,61.96,2020-01-14,3,2023-01-13,10.2,Matured,Low,BR019
INV01274,CUST00317,PPF,138433.0,164921.0,19.13,2023-05-06,1,2024-05-05,11.16,Active,Low,BR042
INV01275,CUST00312,PPF,71031.0,88583.0,24.71,2023-08-19,5,2028-08-17,17.53,Active,Low,BR034
INV01276,CUST00618,SIP,19499.0,24168.0,23.94,2023-01-19,2,2025-01-18,11.65,Active,Medium,BR038
INV01277,CUST01917,SIP,27061.0,31582.0,16.71,2023-10-06,2,2025-10-05,13.32,Withdrawn,Medium,BR044
INV01278,CUST00058,Fixed Deposit,2141639.0,3639733.0,69.95,2021-02-04,7,2028-02-03,14.55,Active,Low,BR036
INV01279,CUST02990,Recurring Deposit,46435.0,55836.0,20.25,2022-01-02,5,2027-01-01,6.35,Active,Low,BR043
INV01280,CUST01492,Gold Bond,485427.0,784129.0,61.53,2021-10-07,1,2022-10-07,15.99,Active,Medium,BR048
INV01281,CUST01496,PPF,15787.0,33167.0,110.09,2020-05-31,5,2025-05-30,17.57,Active,Low,BR045
INV01282,CUST02863,PPF,42048.0,49524.0,17.78,2023-08-12,2,2025-08-11,12.53,Active,Low,BR037
INV01283,CUST01083,SIP,40728.0,47228.0,15.96,2023-04-24,10,2033-04-21,9.17,Active,Medium,BR016
INV01284,CUST01053,Fixed Deposit,2626953.0,3536328.0,34.62,2022-04-22,1,2023-04-22,11.67,Withdrawn,Low,BR035
INV01285,CUST00568,Recurring Deposit,4439.0,6339.0,42.8,2020-08-08,7,2027-08-07,8.44,Withdrawn,Low,BR020
INV01286,CUST00555,Mutual Fund,374365.0,472056.0,26.1,2023-01-06,5,2028-01-05,12.4,Matured,High,BR005
INV01287,CUST00148,Stocks,664869.0,1254658.0,88.71,2020-11-05,3,2023-11-05,16.52,Active,High,BR030
INV01288,CUST00571,Stocks,529664.0,888309.0,67.71,2021-10-21,5,2026-10-20,17.57,Matured,High,BR006
INV01289,CUST02649,SIP,38362.0,47649.0,24.21,2023-01-16,1,2024-01-16,11.72,Active,Medium,BR005
INV01290,CUST00671,NPS,51118.0,61116.0,19.56,2021-12-16,10,2031-12-14,6.05,Active,Medium,BR035
INV01291,CUST01519,Gold Bond,49407.0,56085.0,13.52,2023-08-25,2,2025-08-24,9.84,Matured,Medium,BR041
INV01292,CUST01062,PPF,71848.0,110161.0,53.33,2020-02-02,7,2027-01-31,9.09,Withdrawn,Low,BR024
INV01293,CUST00386,Mutual Fund,42731.0,85855.0,100.92,2020-10-03,3,2023-10-03,17.87,Active,High,BR037
INV01294,CUST02072,Fixed Deposit,688773.0,795123.0,15.44,2022-12-24,10,2032-12-21,7.37,Active,Low,BR013
INV01295,CUST00550,Gold Bond,176269.0,295477.0,67.63,2020-11-11,2,2022-11-11,13.3,Active,Medium,BR025
INV01296,CUST01431,Stocks,268826.0,343086.0,27.62,2020-12-27,1,2021-12-27,6.27,Active,High,BR016
INV01297,CUST01101,Mutual Fund,496645.0,561815.0,13.12,2023-01-10,1,2024-01-10,6.45,Matured,High,BR011
INV01298,CUST01229,SIP,15574.0,19214.0,23.37,2022-12-22,1,2023-12-22,10.93,Matured,Medium,BR036
INV01299,CUST01134,SIP,18634.0,30229.0,62.22,2020-05-07,7,2027-05-06,10.96,Active,Medium,BR026
INV01300,CUST01008,Stocks,39409.0,48700.0,23.58,2023-01-04,10,2033-01-01,11.23,Active,High,BR022
INV01301,CUST02082,Stocks,449023.0,619476.0,37.96,2021-07-04,7,2028-07-02,9.65,Withdrawn,High,BR020
INV01302,CUST02672,PPF,114307.0,183495.0,60.53,2021-07-21,5,2026-07-20,14.72,Active,Low,BR016
INV01303,CUST02559,SIP,2502.0,3222.0,28.78,2022-08-06,1,2023-08-06,11.1,Matured,Medium,BR043
INV01304,CUST01873,NPS,63320.0,83629.0,32.07,2023-04-04,1,2024-04-03,17.31,Active,Medium,BR038
INV01305,CUST01766,Fixed Deposit,4901046.0,8593153.0,75.33,2020-03-14,10,2030-03-12,12.41,Active,Low,BR006
INV01306,CUST02201,Stocks,836790.0,1152251.0,37.7,2020-09-02,2,2022-09-02,7.67,Active,High,BR017
INV01307,CUST00821,Stocks,508593.0,606279.0,19.21,2022-10-14,3,2025-10-13,8.26,Active,High,BR041
INV01308,CUST02806,SIP,27614.0,32860.0,19.0,2022-12-14,1,2023-12-14,8.87,Withdrawn,Medium,BR022
INV01309,CUST01269,Stocks,338612.0,398645.0,17.73,2023-01-29,1,2024-01-29,8.87,Active,High,BR019
INV01310,CUST02035,Mutual Fund,157050.0,256151.0,63.1,2020-11-05,3,2023-11-05,12.5,Matured,High,BR046
INV01311,CUST02012,NPS,77597.0,93036.0,19.9,2022-07-30,10,2032-07-27,7.78,Active,Medium,BR015
INV01312,CUST00892,PPF,84495.0,140149.0,65.87,2021-07-14,10,2031-07-12,15.72,Active,Low,BR025
INV01313,CUST02624,Gold Bond,467035.0,668842.0,43.21,2022-04-21,5,2027-04-20,14.25,Matured,Medium,BR007
INV01314,CUST02464,PPF,19592.0,31799.0,62.31,2020-10-08,1,2021-10-08,12.13,Active,Low,BR018
INV01315,CUST02124,Fixed Deposit,2322772.0,2695960.0,16.07,2023-10-13,10,2033-10-10,13.03,Matured,Low,BR040
INV01316,CUST00881,PPF,147738.0,203048.0,37.44,2020-11-11,10,2030-11-09,7.99,Active,Low,BR032
INV01317,CUST00228,PPF,25337.0,41983.0,65.7,2021-09-08,5,2026-09-07,16.47,Active,Low,BR019
INV01318,CUST01092,Mutual Fund,54555.0,114193.0,109.32,2020-01-02,7,2026-12-31,15.93,Withdrawn,High,BR013
INV01319,CUST01164,Fixed Deposit,587462.0,763894.0,30.03,2021-11-12,2,2023-11-12,8.74,Active,Low,BR032
INV01320,CUST01791,Stocks,550866.0,836874.0,51.92,2021-07-08,1,2022-07-08,12.76,Active,High,BR009
INV01321,CUST02677,Mutual Fund,491167.0,702731.0,43.07,2021-10-13,5,2026-10-12,11.78,Active,High,BR022
INV01322,CUST02273,Mutual Fund,379735.0,474695.0,25.01,2022-08-20,5,2027-08-19,9.9,Active,High,BR025
INV01323,CUST01286,Mutual Fund,281469.0,534016.0,89.72,2020-10-18,10,2030-10-16,16.46,Active,High,BR012
INV01324,CUST01146,Recurring Deposit,42686.0,70468.0,65.08,2020-01-05,7,2027-01-03,10.57,Active,Low,BR017
INV01325,CUST00399,SIP,38530.0,84973.0,120.54,2020-02-04,7,2027-02-02,17.49,Active,Medium,BR007
INV01326,CUST02515,SIP,11452.0,13412.0,17.11,2022-09-18,10,2032-09-15,7.16,Active,Medium,BR029
INV01327,CUST02382,Fixed Deposit,1207594.0,1678254.0,38.98,2022-11-14,1,2023-11-14,16.72,Active,Low,BR024
INV01328,CUST02141,PPF,132142.0,247091.0,86.99,2020-11-09,10,2030-11-07,16.31,Active,Low,BR044
INV01329,CUST01900,Fixed Deposit,2880665.0,3895477.0,35.23,2022-07-14,7,2029-07-12,13.02,Withdrawn,Low,BR035
INV01330,CUST02294,Gold Bond,380924.0,482913.0,26.77,2021-01-25,1,2022-01-25,6.22,Matured,Medium,BR030
INV01331,CUST02474,Recurring Deposit,31694.0,40428.0,27.56,2022-10-23,5,2027-10-22,11.76,Active,Low,BR039
INV01332,CUST00347,Stocks,546705.0,746824.0,36.6,2021-12-08,2,2023-12-08,10.72,Active,High,BR028
INV01333,CUST01919,Fixed Deposit,4038914.0,5520702.0,36.69,2020-11-28,10,2030-11-26,7.94,Matured,Low,BR034
INV01334,CUST00829,Stocks,431232.0,568682.0,31.87,2020-08-07,1,2021-08-07,6.49,Active,High,BR037
INV01335,CUST02064,SIP,18712.0,34433.0,84.02,2020-04-27,5,2025-04-26,13.92,Withdrawn,Medium,BR049
INV01336,CUST00028,Fixed Deposit,258948.0,424158.0,63.8,2021-03-01,7,2028-02-28,13.73,Active,Low,BR047
INV01337,CUST00621,Stocks,765356.0,1206791.0,57.68,2022-03-24,10,2032-03-21,17.85,Active,High,BR030
INV01338,CUST00606,PPF,126390.0,139707.0,10.54,2023-12-22,3,2026-12-21,10.27,Matured,Low,BR016
INV01339,CUST02359,Mutual Fund,70287.0,94691.0,34.72,2021-04-29,5,2026-04-28,8.45,Matured,High,BR002
INV01340,CUST02030,Gold Bond,483647.0,552783.0,14.29,2023-08-26,2,2025-08-25,10.42,Withdrawn,Medium,BR009
INV01341,CUST00544,NPS,171839.0,206653.0,20.26,2023-11-04,7,2030-11-02,17.3,Active,Medium,BR002
INV01342,CUST01442,Recurring Deposit,3347.0,5401.0,61.37,2020-01-19,5,2025-01-17,10.15,Matured,Low,BR044
INV01343,CUST00405,NPS,104183.0,139877.0,34.26,2022-04-26,3,2025-04-25,11.61,Active,Medium,BR023
INV01344,CUST00991,Mutual Fund,72509.0,83176.0,14.71,2022-11-23,7,2029-11-21,6.74,Active,High,BR043
INV01345,CUST00984,Fixed Deposit,3708492.0,5571886.0,50.25,2021-10-07,10,2031-10-05,13.42,Active,Low,BR031
INV01346,CUST00566,NPS,169677.0,196615.0,15.88,2023-11-27,7,2030-11-25,14.43,Active,Medium,BR003
INV01347,CUST02537,Mutual Fund,124152.0,139035.0,11.99,2023-12-17,1,2024-12-16,11.52,Active,High,BR008
INV01348,CUST00659,Gold Bond,255645.0,343577.0,34.4,2021-08-22,3,2024-08-21,9.2,Withdrawn,Medium,BR032
INV01349,CUST00689,Stocks,829396.0,1452411.0,75.12,2021-02-25,7,2028-02-24,15.68,Matured,High,BR029
INV01350,CUST01238,Gold Bond,252159.0,425723.0,68.83,2021-01-26,2,2023-01-26,14.26,Active,Medium,BR011
INV01351,CUST02359,Fixed Deposit,191106.0,357809.0,87.23,2020-07-02,10,2030-06-30,14.96,Matured,Low,BR002
INV01352,CUST02787,Gold Bond,201442.0,278905.0,38.45,2022-10-26,7,2029-10-24,16.09,Active,Medium,BR031
INV01353,CUST02580,SIP,42322.0,56717.0,34.01,2020-10-15,2,2022-10-15,7.2,Active,Medium,BR015
INV01354,CUST01033,Gold Bond,334746.0,414989.0,23.97,2023-04-11,3,2026-04-10,13.28,Active,Medium,BR008
INV01355,CUST00723,Gold Bond,46080.0,51350.0,11.44,2023-12-13,5,2028-12-11,10.87,Matured,Medium,BR043
INV01356,CUST02042,PPF,104218.0,177024.0,69.86,2020-06-07,10,2030-06-05,12.3,Active,Low,BR004
INV01357,CUST00706,NPS,3283.0,5701.0,73.65,2021-04-30,2,2023-04-30,16.22,Active,Medium,BR027
INV01358,CUST02970,Gold Bond,389021.0,469767.0,20.76,2023-09-18,7,2030-09-16,15.81,Active,Medium,BR041
INV01359,CUST02028,Recurring Deposit,43171.0,47062.0,9.01,2023-10-07,3,2026-10-06,7.25,Matured,Low,BR002
INV01360,CUST02384,Fixed Deposit,905770.0,1484501.0,63.89,2021-01-27,7,2028-01-26,13.41,Active,Low,BR009
INV01361,CUST00410,Mutual Fund,251478.0,423535.0,68.42,2020-06-03,3,2023-06-03,12.06,Withdrawn,High,BR021
INV01362,CUST02423,NPS,125105.0,149412.0,19.43,2023-11-22,10,2033-11-19,17.4,Matured,Medium,BR024
INV01363,CUST02467,SIP,28190.0,34151.0,21.15,2023-10-24,10,2033-10-21,17.55,Active,Medium,BR033
INV01364,CUST02970,PPF,133744.0,161975.0,21.11,2022-06-28,1,2023-06-28,7.93,Active,Low,BR041
INV01365,CUST00240,Gold Bond,380319.0,511052.0,34.37,2022-08-29,3,2025-08-28,13.46,Withdrawn,Medium,BR010
INV01366,CUST02629,Gold Bond,190177.0,318491.0,67.47,2021-02-19,2,2023-02-19,14.28,Active,Medium,BR028
INV01367,CUST01789,PPF,21677.0,25594.0,18.07,2023-11-17,7,2030-11-15,15.98,Active,Low,BR009
INV01368,CUST00484,SIP,26111.0,42547.0,62.95,2021-01-05,1,2022-01-05,13.03,Active,Medium,BR016
INV01369,CUST00100,Stocks,224024.0,324244.0,44.74,2020-03-25,3,2023-03-25,8.06,Active,High,BR030
INV01370,CUST01186,Stocks,893587.0,1415463.0,58.4,2020-12-28,10,2030-12-26,12.16,Active,High,BR005
INV01371,CUST00649,Mutual Fund,448463.0,950899.0,112.04,2020-04-24,7,2027-04-23,17.39,Active,High,BR016
INV01372,CUST02390,Fixed Deposit,2874914.0,3999115.0,39.1,2022-05-25,10,2032-05-22,13.52,Active,Low,BR013
INV01373,CUST00245,Fixed Deposit,3132053.0,3707872.0,18.38,2023-10-29,5,2028-10-27,15.48,Matured,Low,BR050
INV01374,CUST02337,Gold Bond,31486.0,44635.0,41.76,2020-03-07,7,2027-03-06,7.51,Active,Medium,BR023
INV01375,CUST02570,NPS,180717.0,291306.0,61.19,2021-03-21,1,2022-03-21,13.46,Active,Medium,BR042
INV01376,CUST01036,NPS,80675.0,113513.0,40.7,2020-08-24,5,2025-08-23,8.16,Active,Medium,BR032
INV01377,CUST00746,Mutual Fund,488772.0,847971.0,73.49,2020-01-10,3,2023-01-09,11.71,Active,High,BR021
INV01378,CUST01564,Mutual Fund,186889.0,264007.0,41.26,2022-03-19,2,2024-03-18,13.2,Matured,High,BR017
INV01379,CUST00801,Recurring Deposit,37223.0,57681.0,54.96,2022-01-29,5,2027-01-28,16.18,Active,Low,BR015
INV01380,CUST02644,NPS,180428.0,243133.0,34.75,2020-02-13,2,2022-02-12,6.3,Active,Medium,BR033
INV01381,CUST02994,NPS,145064.0,201807.0,39.12,2020-02-14,7,2027-02-12,7.0,Active,Medium,BR011
INV01382,CUST02664,PPF,74774.0,83580.0,11.78,2023-08-13,7,2030-08-11,8.38,Active,Low,BR008
INV01383,CUST00246,SIP,31654.0,46967.0,48.38,2020-07-11,3,2023-07-11,9.22,Active,Medium,BR023
INV01384,CUST01708,SIP,14109.0,21001.0,48.85,2022-07-25,7,2029-07-23,17.74,Active,Medium,BR020
INV01385,CUST01953,Stocks,949519.0,1882278.0,98.23,2020-11-05,3,2023-11-05,17.91,Active,High,BR002
INV01386,CUST01854,Recurring Deposit,44442.0,51910.0,16.8,2023-12-14,7,2030-12-12,16.0,Active,Low,BR040
INV01387,CUST00599,PPF,45807.0,77584.0,69.37,2021-03-18,3,2024-03-17,14.92,Active,Low,BR013
INV01388,CUST00855,Mutual Fund,339894.0,383520.0,12.84,2022-12-07,2,2024-12-06,6.02,Active,High,BR033
INV01389,CUST00744,SIP,41973.0,61089.0,45.54,2022-03-23,3,2025-03-22,14.48,Withdrawn,Medium,BR036
INV01390,CUST02938,Gold Bond,306134.0,402773.0,31.57,2021-03-11,1,2022-03-11,7.47,Active,Medium,BR039
INV01391,CUST01990,Fixed Deposit,2317679.0,2977779.0,28.48,2022-08-11,3,2025-08-10,11.06,Active,Low,BR037
INV01392,CUST01496,Recurring Deposit,18224.0,19910.0,9.25,2023-09-15,3,2026-09-14,7.08,Active,Low,BR045
INV01393,CUST00777,NPS,35277.0,59895.0,69.78,2020-02-20,1,2021-02-19,11.5,Matured,Medium,BR036
INV01394,CUST02868,SIP,17269.0,29695.0,71.96,2021-08-08,7,2028-08-06,17.3,Active,Medium,BR020
INV01395,CUST01353,Gold Bond,202371.0,348048.0,71.99,2021-07-01,1,2022-07-01,16.75,Active,Medium,BR047
INV01396,CUST01599,Mutual Fund,174082.0,343615.0,97.39,2020-07-27,2,2022-07-27,16.59,Active,High,BR038
INV01397,CUST01561,NPS,153025.0,215374.0,40.74,2022-10-07,7,2029-10-05,16.54,Withdrawn,Medium,BR004
INV01398,CUST02399,Mutual Fund,194310.0,260862.0,34.25,2022-07-04,7,2029-07-02,12.54,Active,High,BR001
INV01399,CUST01404,PPF,48456.0,72004.0,48.6,2020-09-22,2,2022-09-22,9.71,Active,Low,BR042
INV01400,CUST02167,PPF,85737.0,165806.0,93.39,2020-07-02,7,2027-07-01,15.79,Matured,Low,BR050
INV01401,CUST01811,PPF,94626.0,113056.0,19.48,2023-03-01,7,2030-02-27,10.18,Active,Low,BR036
INV01402,CUST01768,Mutual Fund,307304.0,655563.0,113.33,2020-04-12,5,2025-04-11,17.41,Active,High,BR007
INV01403,CUST01223,Gold Bond,410489.0,473837.0,15.43,2022-09-30,1,2023-09-30,6.58,Active,Medium,BR022
INV01404,CUST02637,Mutual Fund,288048.0,434235.0,50.75,2022-03-26,5,2027-03-25,15.99,Withdrawn,High,BR002
INV01405,CUST02416,Recurring Deposit,15989.0,19659.0,22.95,2022-08-06,10,2032-08-03,8.98,Matured,Low,BR010
INV01406,CUST00051,Fixed Deposit,3839705.0,4610337.0,20.07,2023-08-24,3,2026-08-23,14.47,Active,Low,BR011
INV01407,CUST02325,Recurring Deposit,34013.0,51953.0,52.74,2020-09-15,10,2030-09-13,10.37,Active,Low,BR020
INV01408,CUST02845,Mutual Fund,81633.0,96092.0,17.71,2023-05-25,7,2030-05-23,10.71,Active,High,BR048
INV01409,CUST00935,NPS,4583.0,7337.0,60.09,2021-09-01,7,2028-08-30,15.17,Matured,Medium,BR019
INV01410,CUST01763,Fixed Deposit,1076137.0,1467073.0,36.33,2022-11-07,7,2029-11-05,15.52,Matured,Low,BR048
INV01411,CUST01092,Recurring Deposit,37978.0,48055.0,26.53,2022-08-10,7,2029-08-08,10.34,Withdrawn,Low,BR013
INV01412,CUST01212,SIP,47868.0,85887.0,79.42,2020-12-20,3,2023-12-20,15.61,Matured,Medium,BR009
INV01413,CUST00345,Mutual Fund,325356.0,421523.0,29.56,2022-03-25,10,2032-03-22,9.8,Active,High,BR017
INV01414,CUST02125,Recurring Deposit,21713.0,37697.0,73.61,2020-12-20,10,2030-12-18,14.67,Active,Low,BR023
INV01415,CUST02229,Mutual Fund,111232.0,193799.0,74.23,2020-08-06,2,2022-08-06,13.44,Withdrawn,High,BR023
INV01416,CUST02838,Gold Bond,33607.0,47169.0,40.35,2022-09-10,3,2025-09-09,15.83,Matured,Medium,BR012
INV01417,CUST02453,NPS,161571.0,232850.0,44.12,2021-03-16,5,2026-03-15,10.11,Active,Medium,BR012
INV01418,CUST01528,Fixed Deposit,124412.0,143875.0,15.64,2023-11-17,5,2028-11-15,13.85,Matured,Low,BR034
INV01419,CUST01230,Stocks,325982.0,563755.0,72.94,2021-03-16,3,2024-03-15,15.53,Active,High,BR019
INV01420,CUST00394,PPF,101930.0,131311.0,28.82,2022-04-20,2,2024-04-19,9.84,Active,Low,BR033
INV01421,CUST00320,Recurring Deposit,22652.0,41006.0,81.03,2021-04-11,10,2031-04-09,17.28,Active,Low,BR006
INV01422,CUST01115,Mutual Fund,152109.0,227569.0,49.61,2021-03-10,10,2031-03-08,11.15,Withdrawn,High,BR026
INV01423,CUST01614,Stocks,518131.0,701134.0,35.32,2022-11-16,10,2032-11-13,15.31,Active,High,BR044
INV01424,CUST01708,SIP,43395.0,52440.0,20.84,2022-09-04,7,2029-09-02,8.49,Active,Medium,BR020
INV01425,CUST01939,PPF,30562.0,38761.0,26.83,2023-07-17,10,2033-07-14,17.71,Active,Low,BR003
INV01426,CUST01761,NPS,45644.0,77655.0,70.13,2020-03-13,3,2023-03-13,11.7,Withdrawn,Medium,BR038
INV01427,CUST00430,Stocks,154899.0,241342.0,55.81,2020-06-06,10,2030-06-04,10.19,Active,High,BR020
INV01428,CUST01958,Gold Bond,194572.0,228409.0,17.39,2023-12-16,5,2028-12-14,16.65,Matured,Medium,BR032
INV01429,CUST02945,Fixed Deposit,4744478.0,9128442.0,92.4,2020-04-12,3,2023-04-12,14.87,Active,Low,BR036
INV01430,CUST01256,Fixed Deposit,1909225.0,2260885.0,18.42,2022-11-18,5,2027-11-17,8.31,Matured,Low,BR028
INV01431,CUST00426,Stocks,902813.0,1416115.0,56.86,2021-07-14,1,2022-07-14,13.87,Withdrawn,High,BR025
INV01432,CUST01840,Stocks,28257.0,48772.0,72.6,2020-01-24,5,2025-01-22,11.69,Active,High,BR026
INV01433,CUST02557,Mutual Fund,439344.0,791365.0,80.12,2021-02-13,5,2026-02-12,16.38,Active,High,BR023
INV01434,CUST01323,NPS,195972.0,245926.0,25.49,2023-06-09,1,2024-06-08,15.65,Active,Medium,BR012
INV01435,CUST00802,Mutual Fund,58398.0,69745.0,19.43,2022-08-06,5,2027-08-05,7.67,Active,High,BR042
INV01436,CUST02997,SIP,38306.0,41891.0,9.36,2023-11-15,7,2030-11-13,8.27,Matured,Medium,BR002
INV01437,CUST00287,NPS,55211.0,111383.0,101.74,2020-04-23,2,2022-04-23,16.14,Active,Medium,BR017
INV01438,CUST02682,PPF,114459.0,146836.0,28.29,2023-01-12,2,2025-01-11,13.5,Active,Low,BR023
INV01439,CUST00045,PPF,50684.0,70924.0,39.93,2021-03-09,2,2023-03-09,9.21,Active,Low,BR035
INV01440,CUST02262,SIP,44737.0,49904.0,11.55,2023-05-22,2,2025-05-21,7.02,Matured,Medium,BR037
INV01441,CUST00928,Recurring Deposit,30260.0,35873.0,18.55,2022-10-13,3,2025-10-12,7.98,Active,Low,BR011
INV01442,CUST02180,NPS,188004.0,280207.0,49.04,2021-09-20,2,2023-09-20,12.94,Active,Medium,BR042
INV01443,CUST02145,Recurring Deposit,16461.0,21159.0,28.54,2021-11-08,5,2026-11-07,8.31,Withdrawn,Low,BR025
INV01444,CUST02904,SIP,43147.0,55462.0,28.54,2021-03-04,3,2024-03-03,6.78,Matured,Medium,BR014
INV01445,CUST02718,NPS,44612.0,79963.0,79.24,2020-01-08,3,2023-01-07,12.43,Active,Medium,BR036
INV01446,CUST01414,Stocks,544053.0,841552.0,54.68,2020-10-05,2,2022-10-05,10.84,Active,High,BR006
INV01447,CUST01105,SIP,20761.0,38517.0,85.53,2021-04-05,5,2026-04-04,17.97,Active,Medium,BR012
INV01448,CUST00042,Mutual Fund,412865.0,635926.0,54.03,2020-12-22,3,2023-12-22,11.33,Matured,High,BR036
INV01449,CUST02449,Fixed Deposit,3824124.0,5248461.0,37.25,2022-08-29,10,2032-08-26,14.49,Active,Low,BR037
INV01450,CUST02637,SIP,10992.0,12274.0,11.66,2023-03-10,7,2030-03-08,6.28,Active,Medium,BR002
INV01451,CUST01762,PPF,136168.0,205113.0,50.63,2020-09-25,1,2021-09-25,10.08,Matured,Low,BR030
INV01452,CUST02823,Fixed Deposit,3306701.0,4039385.0,22.16,2022-04-14,7,2029-04-12,7.65,Active,Low,BR035
INV01453,CUST00008,Mutual Fund,62420.0,88977.0,42.55,2021-10-27,2,2023-10-27,11.8,Withdrawn,High,BR050
INV01454,CUST01667,Fixed Deposit,3492730.0,5602298.0,60.4,2021-01-10,5,2026-01-09,12.63,Active,Low,BR033
INV01455,CUST02738,PPF,98329.0,161632.0,64.38,2020-12-11,3,2023-12-11,13.04,Matured,Low,BR048
INV01456,CUST01517,PPF,85863.0,106350.0,23.86,2023-08-06,1,2024-08-05,16.48,Matured,Low,BR037
INV01457,CUST00265,Mutual Fund,38633.0,59038.0,52.82,2020-06-07,2,2022-06-07,9.73,Matured,High,BR033
INV01458,CUST02541,NPS,58107.0,70722.0,21.71,2022-08-03,2,2024-08-02,8.49,Matured,Medium,BR046
INV01459,CUST00762,Fixed Deposit,3952272.0,6061211.0,53.36,2022-03-14,1,2023-03-14,16.5,Active,Low,BR043
INV01460,CUST01479,Gold Bond,480225.0,814528.0,69.61,2021-07-24,1,2022-07-24,16.61,Active,Medium,BR017
INV01461,CUST01848,PPF,40725.0,50640.0,24.35,2023-07-02,5,2028-06-30,15.65,Withdrawn,Low,BR030
INV01462,CUST02863,Recurring Deposit,3301.0,4710.0,42.68,2021-10-02,3,2024-10-01,11.57,Active,Low,BR037
INV01463,CUST00904,Recurring Deposit,41599.0,48327.0,16.17,2023-09-16,3,2026-09-15,12.32,Active,Low,BR004
INV01464,CUST01689,Gold Bond,185123.0,228792.0,23.59,2023-06-01,5,2028-05-30,14.31,Matured,Medium,BR031
INV01465,CUST01753,Gold Bond,114347.0,224259.0,96.12,2020-11-14,3,2023-11-14,17.72,Matured,Medium,BR033
INV01466,CUST00285,Fixed Deposit,1373040.0,1780505.0,29.68,2022-07-19,7,2029-07-17,11.18,Active,Low,BR032
INV01467,CUST02820,PPF,19398.0,29999.0,54.65,2021-04-24,10,2031-04-22,12.55,Active,Low,BR001
INV01468,CUST01898,Recurring Deposit,8153.0,9649.0,18.35,2023-05-03,3,2026-05-02,10.66,Matured,Low,BR031
INV01469,CUST02465,SIP,33529.0,59088.0,76.23,2021-05-06,3,2024-05-05,16.77,Active,Medium,BR046
INV01470,CUST01265,Mutual Fund,401517.0,475328.0,18.38,2023-08-18,10,2033-08-15,13.11,Active,High,BR004
INV01471,CUST01951,Gold Bond,272083.0,541761.0,99.12,2020-07-09,10,2030-07-07,16.62,Active,Medium,BR049
INV01472,CUST00836,PPF,58996.0,89789.0,52.2,2020-05-31,5,2025-05-30,9.59,Active,Low,BR011
INV01473,CUST02662,Fixed Deposit,3178536.0,6123599.0,92.65,2020-11-04,2,2022-11-04,17.09,Active,Low,BR007
INV01474,CUST00071,Stocks,122900.0,170673.0,38.87,2021-12-24,3,2024-12-23,11.49,Active,High,BR006
INV01475,CUST00964,Gold Bond,462430.0,669842.0,44.85,2021-04-08,7,2028-04-06,10.44,Active,Medium,BR018
INV01476,CUST00775,Mutual Fund,209071.0,358877.0,71.65,2021-04-28,2,2023-04-28,15.83,Active,High,BR032
INV01477,CUST02490,SIP,17919.0,22148.0,23.6,2022-07-02,5,2027-07-01,8.85,Matured,Medium,BR015
INV01478,CUST02484,NPS,108754.0,139315.0,28.1,2021-09-03,10,2031-09-01,7.73,Active,Medium,BR010
INV01479,CUST00731,Recurring Deposit,11008.0,23085.0,109.71,2020-02-07,3,2023-02-06,16.32,Active,Low,BR026
INV01480,CUST02353,PPF,83362.0,109020.0,30.78,2021-12-12,1,2022-12-12,9.19,Withdrawn,Low,BR050
INV01481,CUST00636,Stocks,902919.0,1462532.0,61.98,2021-09-07,10,2031-09-05,15.66,Matured,High,BR020
INV01482,CUST02544,Fixed Deposit,427412.0,810045.0,89.52,2020-04-06,1,2021-04-06,14.45,Active,Low,BR046
INV01483,CUST01117,NPS,190593.0,227204.0,19.21,2023-11-23,10,2033-11-20,17.25,Active,Medium,BR048
INV01484,CUST02202,Fixed Deposit,3404480.0,4187438.0,23.0,2023-04-09,1,2024-04-08,12.72,Active,Low,BR018
INV01485,CUST02183,Recurring Deposit,3266.0,4983.0,52.57,2022-05-12,10,2032-05-09,17.37,Active,Low,BR050
INV01486,CUST01237,SIP,43429.0,61168.0,40.85,2020-02-16,2,2022-02-15,7.28,Active,Medium,BR002
INV01487,CUST02428,Stocks,191888.0,251180.0,30.9,2022-10-12,10,2032-10-09,12.9,Active,High,BR045
INV01488,CUST01260,Mutual Fund,166075.0,253984.0,52.93,2022-05-16,1,2023-05-16,17.55,Active,High,BR038
INV01489,CUST00494,Recurring Deposit,20173.0,26875.0,33.22,2022-05-14,1,2023-05-14,11.51,Active,Low,BR044
INV01490,CUST01535,Mutual Fund,304629.0,333242.0,9.39,2023-12-26,2,2025-12-25,9.26,Active,High,BR009
INV01491,CUST01577,Gold Bond,276770.0,515667.0,86.32,2020-11-16,10,2030-11-14,16.29,Active,Medium,BR047
INV01492,CUST01667,Gold Bond,242251.0,289493.0,19.5,2022-01-02,10,2031-12-31,6.13,Active,Medium,BR033
INV01493,CUST02183,Fixed Deposit,4737186.0,7740173.0,63.39,2021-08-14,7,2028-08-12,15.63,Active,Low,BR050
INV01494,CUST01801,SIP,7414.0,8417.0,13.53,2023-09-13,3,2026-09-12,10.26,Withdrawn,Medium,BR011
INV01495,CUST02318,Stocks,815332.0,969320.0,18.89,2022-02-06,1,2023-02-06,6.15,Active,High,BR025
INV01496,CUST00878,Gold Bond,409182.0,485621.0,18.68,2023-08-24,10,2033-08-21,13.49,Matured,Medium,BR019
INV01497,CUST00037,Mutual Fund,219912.0,286214.0,30.15,2020-12-29,2,2022-12-29,6.8,Active,High,BR038
INV01498,CUST01032,Fixed Deposit,2306684.0,4832699.0,109.51,2020-01-27,3,2023-01-26,16.19,Active,Low,BR034
INV01499,CUST00419,SIP,32947.0,41855.0,27.04,2021-08-26,1,2022-08-26,7.41,Matured,Medium,BR027
INV01500,CUST02727,SIP,7254.0,9030.0,24.48,2021-04-07,3,2024-04-06,6.04,Active,Medium,BR019
