loan_id,customer_id,loan_type,loan_amount,interest_rate,tenure_years,emi_amount,disbursement_date,maturity_date,outstanding_amount,paid_emis,total_emis,days_past_due,loan_status,collateral_type,branch_id,credit_score_at_sanction
LN000001,CUST01774,Gold Loan,319796.0,11.47,5,7028.0,2021-01-20,2026-01-19,241082.0,16,60,0,Active,Gold,BR026,820
LN000002,CUST00137,Car Loan,2355709.0,9.15,2,107784.0,2020-07-14,2022-07-14,1374875.0,13,24,365,NPA,Vehicle,BR041,652
LN000003,CUST02728,Business Loan,4753731.0,13.49,1,425680.0,2023-07-26,2024-07-25,3859803.0,3,12,0,Active,None,BR023,775
LN000004,CUST02752,Car Loan,2678546.0,10.91,3,87572.0,2023-07-29,2026-07-28,2678546.0,0,36,90,NPA,Vehicle,BR014,787
LN000005,CUST00174,Car Loan,2187521.0,9.61,7,35874.0,2020-08-20,2027-08-19,982155.0,48,84,0,Active,Vehicle,BR029,734
LN000006,CUST02056,Credit Card Loan,18442.0,20.47,2,943.0,2023-03-21,2025-03-20,15802.0,4,24,0,Active,None,BR009,637
LN000007,CUST00635,Education Loan,1552724.0,9.84,5,32872.0,2023-02-12,2028-02-11,678329.0,38,60,0,Active,None,BR027,638
LN000008,CUST02106,Credit Card Loan,76191.0,19.45,3,2810.0,2021-09-29,2024-09-28,11280.0,33,36,0,Active,None,BR039,900
LN000009,CUST02270,Car Loan,2288306.0,11.23,7,39457.0,2022-10-11,2029-10-09,1542569.0,27,84,0,Active,Vehicle,BR001,768
LN000010,CUST02069,Car Loan,2093576.0,8.94,7,33620.0,2024-03-16,2031-03-15,1387556.0,30,84,0,Active,Vehicle,BR015,791
LN000011,CUST00188,Personal Loan,479171.0,14.1,3,16399.0,2022-02-26,2025-02-25,352899.0,11,36,0,Active,None,BR020,687
LN000012,CUST00982,Gold Loan,409723.0,10.32,3,13282.0,2023-07-17,2026-07-16,102909.0,33,36,0,Active,Gold,BR003,719
LN000013,CUST00606,Business Loan,9384684.0,13.19,7,171692.0,2023-10-01,2030-09-29,8423209.0,8,84,60,Special Mention,None,BR016,832
LN000014,CUST02437,Gold Loan,272813.0,12.16,7,4840.0,2024-05-29,2031-05-28,113577.0,47,84,0,Active,Gold,BR007,708
LN000015,CUST00689,Gold Loan,84464.0,11.12,5,1842.0,2020-03-09,2025-03-08,23862.0,47,60,0,Active,Gold,BR029,766
LN000016,CUST00918,Gold Loan,499748.0,11.89,7,8791.0,2023-03-11,2030-03-09,419750.0,13,84,90,NPA,Gold,BR046,730
LN000017,CUST00268,Education Loan,1449948.0,12.32,1,129043.0,2023-06-09,2024-06-08,817637.0,7,12,0,Active,None,BR039,600
LN000018,CUST00593,Gold Loan,208498.0,10.29,7,3492.0,2023-05-17,2030-05-15,137610.0,29,84,0,Active,Gold,BR016,744
LN000019,CUST01687,Business Loan,1630946.0,11.27,3,53606.0,2021-07-03,2024-07-02,1443325.0,5,36,60,Special Mention,None,BR012,669
LN000020,CUST00383,Business Loan,5432004.0,11.09,3,178078.0,2023-06-20,2026-06-19,1443057.0,32,36,0,Active,None,BR045,709
LN000021,CUST02247,Credit Card Loan,158646.0,17.52,7,3290.0,2023-01-17,2030-01-15,137919.0,9,84,0,Active,None,BR001,638
LN000022,CUST02611,Business Loan,8266567.0,13.18,2,393697.0,2021-05-04,2023-05-04,8266567.0,0,24,0,Active,None,BR008,755
LN000023,CUST02787,Car Loan,2657816.0,9.83,2,122437.0,2022-01-10,2024-01-10,1372228.0,15,24,0,Active,Vehicle,BR031,662
LN000024,CUST02513,Business Loan,7855922.0,13.08,7,143248.0,2023-03-01,2030-02-27,6953460.0,9,84,0,Active,None,BR024,721
LN000025,CUST02492,Gold Loan,280403.0,9.07,2,12819.0,2020-04-24,2022-04-24,82990.0,22,24,0,Active,Gold,BR048,672
LN000026,CUST02323,Business Loan,7579063.0,14.26,2,364815.0,2021-12-01,2023-12-01,3748506.0,15,24,0,Active,None,BR004,710
LN000027,CUST00695,Personal Loan,334302.0,13.87,1,29996.0,2021-06-30,2022-06-30,250313.0,4,12,0,Active,None,BR011,741
LN000028,CUST00574,Personal Loan,707417.0,12.04,3,23511.0,2020-01-08,2023-01-07,213686.0,30,36,365,NPA,None,BR017,677
LN000029,CUST02765,Credit Card Loan,52037.0,20.36,1,4829.0,2022-01-04,2023-01-04,11473.0,12,12,0,Active,None,BR028,723
LN000030,CUST00072,Education Loan,923784.0,10.64,1,81491.0,2023-11-28,2024-11-27,239260.0,12,12,0,Active,None,BR043,798
LN000031,CUST01027,Gold Loan,343940.0,11.91,1,30544.0,2023-09-27,2024-09-26,237036.0,5,12,0,Active,Gold,BR038,692
LN000032,CUST02631,Car Loan,1094376.0,11.12,5,23859.0,2022-08-25,2027-08-24,994168.0,6,60,180,NPA,Vehicle,BR035,725
LN000033,CUST01142,Home Loan,2338947.0,8.64,10,29177.0,2021-05-19,2031-05-17,1848773.0,24,120,0,Active,Property,BR045,783
LN000034,CUST00655,Car Loan,344610.0,8.83,5,7126.0,2024-04-14,2029-04-13,244846.0,20,60,0,Active,Vehicle,BR017,878
LN000035,CUST02299,Home Loan,12115551.0,10.41,7,203732.0,2022-04-20,2029-04-18,9405915.0,19,84,30,Special Mention,Property,BR042,753
LN000036,CUST00081,Gold Loan,207870.0,10.74,2,9663.0,2023-10-16,2025-10-15,126701.0,12,24,0,Active,Gold,BR030,670
LN000037,CUST00924,Business Loan,4361376.0,11.22,2,203719.0,2020-09-06,2022-09-06,3648360.0,5,24,365,NPA,None,BR034,652
LN000038,CUST00536,Home Loan,13560165.0,9.88,7,224257.0,2023-12-02,2030-11-30,8850768.0,30,84,0,Active,Property,BR016,691
LN000039,CUST01402,Car Loan,2709630.0,8.3,5,55329.0,2023-11-08,2028-11-06,1237879.0,38,60,0,Active,Vehicle,BR047,721
LN000040,CUST02721,Education Loan,695427.0,11.87,7,12227.0,2020-06-08,2027-06-07,626956.0,8,84,30,Special Mention,None,BR013,888
LN000041,CUST00091,Personal Loan,1264789.0,15.65,2,61715.0,2022-07-27,2024-07-26,1091987.0,4,24,0,Active,None,BR006,792
LN000042,CUST01791,Credit Card Loan,113113.0,16.89,2,5587.0,2023-03-04,2025-03-03,30984.0,21,24,0,Active,None,BR009,604
LN000043,CUST01823,Business Loan,8059547.0,10.77,5,174304.0,2023-02-04,2028-02-03,2935009.0,42,60,0,Active,None,BR032,726
LN000044,CUST02729,Credit Card Loan,17233.0,17.15,3,616.0,2022-08-08,2025-08-07,2141.0,35,36,0,Active,None,BR003,670
LN000045,CUST02672,Education Loan,547895.0,10.21,2,25336.0,2022-08-09,2024-08-08,406013.0,8,24,0,Active,None,BR016,759
LN000046,CUST00448,Home Loan,7245480.0,8.16,5,147482.0,2021-03-22,2026-03-21,3941883.0,32,60,0,Active,Property,BR040,673
LN000047,CUST02110,Education Loan,1904061.0,9.76,1,167184.0,2021-03-02,2022-03-02,733773.0,10,12,0,Active,None,BR036,728
LN000048,CUST01148,Business Loan,5440192.0,14.05,3,186072.0,2021-12-06,2024-12-05,2444433.0,23,36,0,Active,None,BR002,630
LN000049,CUST00852,Car Loan,2778509.0,9.49,5,58346.0,2020-01-13,2025-01-11,1675770.0,27,60,365,NPA,Vehicle,BR049,777
LN000050,CUST02445,Car Loan,1401483.0,9.09,3,44628.0,2024-03-30,2027-03-30,339337.0,34,36,180,NPA,Vehicle,BR025,818
LN000051,CUST02830,Home Loan,14001207.0,9.71,5,295515.0,2022-03-28,2027-03-27,10691439.0,16,60,60,Special Mention,Property,BR011,835
LN000052,CUST01580,Home Loan,14138271.0,10.58,30,130193.0,2020-05-25,2050-05-18,12497839.0,18,360,0,Active,Property,BR033,667
LN000053,CUST02138,Business Loan,2393218.0,12.93,1,213678.0,2023-09-14,2024-09-13,1944494.0,3,12,365,NPA,None,BR044,776
LN000054,CUST02393,Personal Loan,1402613.0,13.64,5,32373.0,2021-06-16,2026-06-15,1311969.0,4,60,0,Active,None,BR032,614
LN000055,CUST02279,Education Loan,185132.0,12.46,7,3313.0,2020-07-16,2027-07-15,108602.0,33,84,0,Active,None,BR019,731
LN000056,CUST02136,Car Loan,841471.0,11.73,5,18604.0,2024-01-07,2029-01-05,528924.0,24,60,30,Special Mention,Vehicle,BR038,665
LN000057,CUST01329,Gold Loan,126667.0,9.72,3,4070.0,2023-07-03,2026-07-02,69687.0,20,36,365,NPA,Gold,BR006,638
LN000058,CUST01947,Home Loan,5238677.0,8.02,7,81705.0,2022-05-04,2029-05-02,2664970.0,45,84,30,Special Mention,Property,BR035,714
LN000059,CUST01717,Credit Card Loan,30642.0,18.06,7,645.0,2022-06-08,2029-06-06,18903.0,26,84,0,Active,None,BR008,704
LN000060,CUST01767,Home Loan,5769264.0,7.22,15,52559.0,2022-07-29,2037-07-25,5143812.0,17,180,180,NPA,Property,BR038,844
LN000061,CUST00160,Home Loan,10821915.0,7.81,15,102224.0,2023-01-21,2038-01-17,7458745.0,47,180,30,Special Mention,Property,BR014,739
LN000062,CUST01876,Education Loan,531936.0,12.12,7,9423.0,2021-11-18,2028-11-16,347245.0,28,84,60,Special Mention,None,BR004,816
LN000063,CUST01117,Personal Loan,170940.0,14.2,3,5859.0,2023-04-15,2026-04-14,31496.0,34,36,0,Active,None,BR048,830
LN000064,CUST01715,Home Loan,3635869.0,7.39,2,163434.0,2023-09-20,2025-09-19,2606235.0,9,24,0,Active,Property,BR021,655
LN000065,CUST02075,Gold Loan,309310.0,12.43,3,10338.0,2020-04-14,2023-04-14,280364.0,4,36,0,Active,Gold,BR046,651
LN000066,CUST01683,Gold Loan,457799.0,9.23,7,7419.0,2021-12-16,2028-12-14,431832.0,5,84,0,Active,Gold,BR013,632
LN000067,CUST02212,Personal Loan,1009970.0,13.22,3,34139.0,2024-04-20,2027-04-20,412538.0,25,36,60,Special Mention,None,BR037,735
LN000068,CUST01087,Gold Loan,416178.0,10.77,2,19353.0,2023-10-15,2025-10-14,389084.0,2,24,0,Active,Gold,BR027,754
LN000069,CUST00529,Education Loan,1200810.0,11.59,2,56296.0,2020-02-13,2022-02-12,1003774.0,5,24,90,NPA,None,BR018,774
LN000070,CUST01137,Gold Loan,479261.0,12.29,2,22625.0,2022-07-04,2024-07-03,114998.0,23,24,0,Active,Gold,BR012,773
LN000071,CUST02970,Car Loan,2766186.0,9.39,1,242413.0,2021-10-20,2022-10-20,1408673.0,8,12,0,Active,Vehicle,BR041,790
LN000072,CUST02838,Education Loan,1874445.0,11.87,7,32955.0,2024-03-27,2031-03-26,1136253.0,32,84,0,Active,None,BR012,791
LN000073,CUST01916,Business Loan,7849150.0,11.96,5,174460.0,2021-01-11,2026-01-10,3330636.0,37,60,0,Active,None,BR003,690
LN000074,CUST01528,Car Loan,2163970.0,9.35,7,35206.0,2021-08-13,2028-08-11,1178202.0,40,84,0,Active,Vehicle,BR034,790
LN000075,CUST02949,Home Loan,14011517.0,7.51,20,112988.0,2023-11-04,2043-10-30,11164219.0,36,240,0,Active,Property,BR049,712
LN000076,CUST00634,Education Loan,1577202.0,12.66,3,52885.0,2021-07-18,2024-07-17,318539.0,34,36,60,Special Mention,None,BR004,680
LN000077,CUST01615,Education Loan,1919326.0,11.46,5,42173.0,2022-01-22,2027-01-21,1889805.0,1,60,0,Active,None,BR050,690
LN000078,CUST00607,Personal Loan,1429377.0,12.32,1,127214.0,2020-12-27,2021-12-27,1162228.0,3,12,30,Special Mention,None,BR022,649
LN000079,CUST00726,Car Loan,2649757.0,11.08,5,57711.0,2020-12-12,2025-12-11,1478224.0,29,60,0,Active,Vehicle,BR021,692
LN000080,CUST01791,Car Loan,2184685.0,9.89,2,100705.0,2020-02-19,2022-02-18,774815.0,20,24,0,Active,Vehicle,BR009,604
LN000081,CUST02310,Home Loan,11792388.0,10.8,2,548544.0,2024-01-30,2026-01-29,11024426.0,2,24,0,Active,Property,BR005,762
LN000082,CUST00536,Gold Loan,332722.0,9.27,5,6950.0,2023-09-02,2028-08-31,230557.0,21,60,0,Active,Gold,BR016,691
LN000083,CUST00915,Credit Card Loan,91404.0,17.22,3,3269.0,2020-12-10,2023-12-10,70809.0,9,36,30,Special Mention,None,BR017,683
LN000084,CUST00861,Personal Loan,595567.0,13.72,7,11068.0,2024-03-13,2031-03-12,549081.0,6,84,0,Active,None,BR007,727
LN000085,CUST00265,Business Loan,6282513.0,11.38,1,556368.0,2024-03-29,2025-03-29,1998479.0,11,12,0,Active,None,BR033,706
LN000086,CUST00719,Home Loan,9749439.0,10.84,1,860950.0,2020-07-20,2021-07-20,9749439.0,0,12,0,Active,Property,BR041,670
LN000087,CUST01826,Home Loan,2536089.0,9.44,1,222304.0,2020-10-19,2021-10-19,2224863.0,2,12,0,Active,Property,BR030,724
LN000088,CUST02866,Gold Loan,224478.0,9.58,7,3678.0,2021-06-17,2028-06-15,136942.0,34,84,90,NPA,Gold,BR034,701
LN000089,CUST02362,Business Loan,3071114.0,13.93,7,57433.0,2022-09-28,2029-09-26,1503193.0,39,84,60,Special Mention,None,BR020,624
LN000090,CUST01839,Gold Loan,174128.0,9.28,1,15251.0,2022-01-31,2023-01-31,67371.0,10,12,0,Active,Gold,BR008,693
LN000091,CUST02276,Car Loan,2394878.0,8.53,2,108896.0,2020-07-07,2022-07-07,2166196.0,3,24,30,Special Mention,Vehicle,BR044,647
LN000092,CUST01502,Gold Loan,380561.0,8.98,3,12097.0,2023-12-18,2026-12-17,202735.0,21,36,30,Special Mention,Gold,BR045,821
LN000093,CUST01549,Gold Loan,373033.0,10.81,2,17354.0,2022-12-14,2024-12-13,287998.0,7,24,60,Special Mention,Gold,BR046,746
LN000094,CUST02196,Credit Card Loan,44367.0,20.36,3,1657.0,2023-08-22,2026-08-21,32768.0,10,36,0,Active,None,BR013,670
LN000095,CUST00591,Personal Loan,632964.0,12.04,3,21037.0,2022-05-30,2025-05-29,308994.0,22,36,0,Active,None,BR049,722
LN000096,CUST02519,Education Loan,1477670.0,10.49,3,48018.0,2020-12-11,2023-12-11,973481.0,15,36,0,Active,None,BR006,701
LN000097,CUST00353,Home Loan,11281180.0,8.18,30,84163.0,2022-08-13,2052-08-05,8630046.0,45,360,0,Active,Property,BR049,752
LN000098,CUST02251,Education Loan,1574826.0,12.01,3,52317.0,2022-08-01,2025-07-31,915632.0,18,36,0,Active,None,BR042,694
LN000099,CUST00825,Education Loan,474132.0,12.81,2,22500.0,2022-03-19,2024-03-18,395382.0,5,24,0,Active,None,BR006,840
LN000100,CUST01360,Home Loan,4075175.0,7.96,3,127617.0,2024-01-30,2027-01-29,2288537.0,20,36,60,Special Mention,Property,BR009,707
LN000101,CUST01474,Business Loan,1374640.0,13.42,2,65625.0,2022-06-07,2024-06-06,1236828.0,3,24,0,Active,None,BR038,708
LN000102,CUST02487,Personal Loan,340945.0,13.31,1,30502.0,2022-07-25,2023-07-25,276891.0,3,12,0,Active,None,BR014,766
LN000103,CUST01184,Gold Loan,320308.0,9.65,2,14729.0,2023-07-18,2025-07-17,258446.0,6,24,0,Active,Gold,BR020,625
LN000104,CUST02972,Credit Card Loan,188329.0,16.52,5,4632.0,2021-11-11,2026-11-10,39179.0,46,60,60,Special Mention,None,BR024,709
LN000105,CUST00250,Credit Card Loan,58204.0,20.36,1,5402.0,2021-04-04,2022-04-04,35516.0,6,12,0,Active,None,BR028,724
LN000106,CUST00004,Credit Card Loan,19382.0,19.4,3,714.0,2021-12-19,2024-12-18,9886.0,19,36,0,Active,None,BR040,801
LN000107,CUST02263,Gold Loan,207559.0,10.56,2,9632.0,2023-08-10,2025-08-09,180589.0,4,24,0,Active,Gold,BR039,787
LN000108,CUST00174,Gold Loan,424214.0,9.06,2,19392.0,2020-11-05,2022-11-05,315619.0,8,24,0,Active,Gold,BR029,734
LN000109,CUST01420,Education Loan,1018233.0,11.7,7,17814.0,2024-03-24,2031-03-23,669079.0,28,84,60,Special Mention,None,BR039,715
LN000110,CUST00580,Home Loan,14339323.0,7.49,1,1244008.0,2023-05-01,2024-04-30,13468517.0,1,12,0,Active,Property,BR009,772
LN000111,CUST01555,Car Loan,439138.0,10.09,3,14188.0,2020-11-11,2023-11-11,270301.0,17,36,0,Active,Vehicle,BR042,725
LN000112,CUST02902,Car Loan,2260531.0,8.39,1,197044.0,2020-05-14,2021-05-14,605361.0,12,12,0,Active,Vehicle,BR039,677
LN000113,CUST01934,Home Loan,7307426.0,7.78,15,68921.0,2023-10-11,2038-10-07,5377638.0,40,180,0,Active,Property,BR049,717
LN000114,CUST01649,Education Loan,1684263.0,10.02,3,54363.0,2020-04-15,2023-04-15,885127.0,21,36,0,Active,None,BR037,764
LN000115,CUST00474,Credit Card Loan,117012.0,18.76,7,2512.0,2023-02-20,2030-02-18,113495.0,2,84,60,Special Mention,None,BR036,796
LN000116,CUST01978,Credit Card Loan,30291.0,16.8,2,1495.0,2023-08-04,2025-08-03,17733.0,12,24,90,NPA,None,BR036,761
LN000117,CUST02114,Business Loan,2432339.0,11.34,1,215358.0,2021-12-06,2022-12-06,1980087.0,3,12,30,Special Mention,None,BR001,637
LN000118,CUST01903,Business Loan,7046708.0,10.64,7,119316.0,2024-04-26,2031-04-25,3204733.0,46,84,0,Active,None,BR011,760
LN000119,CUST02405,Car Loan,1222846.0,10.19,7,20418.0,2020-08-14,2027-08-13,979872.0,17,84,0,Active,Vehicle,BR035,791
LN000120,CUST00027,Gold Loan,252849.0,9.76,1,22201.0,2022-05-20,2023-05-20,66361.0,12,12,0,Active,Gold,BR020,641
LN000121,CUST02535,Education Loan,1300962.0,11.0,3,42591.0,2023-06-24,2026-06-23,436365.0,29,36,180,NPA,None,BR028,672
LN000122,CUST01978,Business Loan,5457287.0,11.23,5,119280.0,2022-06-12,2027-06-11,2117447.0,40,60,0,Active,None,BR036,761
LN000123,CUST00204,Education Loan,1401718.0,12.03,3,46577.0,2021-11-01,2024-10-31,749640.0,20,36,0,Active,None,BR041,900
LN000124,CUST01081,Personal Loan,1320942.0,12.7,3,44318.0,2023-12-22,2026-12-21,1072761.0,8,36,0,Active,None,BR008,687
LN000125,CUST02006,Education Loan,315110.0,12.14,5,7032.0,2023-11-26,2028-11-24,108369.0,42,60,0,Active,None,BR047,715
LN000126,CUST01783,Business Loan,6417797.0,10.79,2,298498.0,2020-12-06,2022-12-06,1820928.0,22,24,0,Active,None,BR042,611
LN000127,CUST02888,Business Loan,2146974.0,10.83,3,70115.0,2024-03-19,2027-03-19,723640.0,29,36,0,Active,None,BR008,776
LN000128,CUST01597,Gold Loan,311869.0,10.19,1,27445.0,2023-01-23,2024-01-23,138966.0,9,12,0,Active,Gold,BR010,742
LN000129,CUST02634,Gold Loan,476971.0,8.74,1,41654.0,2021-12-25,2022-12-25,476971.0,0,12,0,Active,Gold,BR029,702
LN000130,CUST00424,Education Loan,1515948.0,10.86,5,32854.0,2023-12-02,2028-11-30,550040.0,42,60,0,Active,None,BR012,792
LN000131,CUST01658,Personal Loan,861137.0,12.99,3,29009.0,2024-01-17,2027-01-16,211335.0,32,36,0,Active,None,BR021,763
LN000132,CUST00903,Education Loan,1580574.0,12.74,3,53057.0,2021-11-30,2024-11-29,1394874.0,5,36,60,Special Mention,None,BR016,687
LN000133,CUST01930,Education Loan,839480.0,10.51,7,14160.0,2021-04-06,2028-04-04,601592.0,24,84,0,Active,None,BR003,883
LN000134,CUST00597,Business Loan,1706283.0,13.79,1,153036.0,2022-05-19,2023-05-19,635031.0,10,12,0,Active,None,BR043,686
LN000135,CUST01080,Home Loan,7734011.0,9.09,30,62757.0,2021-07-25,2051-07-18,5932885.0,41,360,0,Active,Property,BR010,803
LN000136,CUST01743,Car Loan,2749721.0,11.95,5,61094.0,2023-07-21,2028-07-19,1637810.0,26,60,0,Active,Vehicle,BR019,702
LN000137,CUST01882,Home Loan,1517145.0,8.42,15,14869.0,2020-10-24,2035-10-21,1090405.0,41,180,0,Active,Property,BR019,845
LN000138,CUST02068,Personal Loan,381673.0,12.11,7,6759.0,2024-03-09,2031-03-08,216078.0,35,84,0,Active,None,BR010,697
LN000139,CUST02017,Car Loan,1237616.0,9.2,1,108345.0,2023-01-02,2024-01-02,1085933.0,2,12,0,Active,Vehicle,BR002,814
LN000140,CUST02988,Business Loan,3787690.0,14.37,2,182523.0,2022-02-14,2024-02-14,721304.0,24,24,0,Active,None,BR045,705
LN000141,CUST00073,Credit Card Loan,153066.0,20.33,2,7815.0,2020-03-11,2022-03-11,81950.0,13,24,0,Active,None,BR007,701
LN000142,CUST02597,Education Loan,1304407.0,12.53,7,23400.0,2022-10-14,2029-10-12,1107847.0,12,84,30,Special Mention,None,BR006,646
LN000143,CUST01568,Gold Loan,188095.0,11.0,5,4090.0,2022-12-23,2027-12-22,133698.0,19,60,365,NPA,Gold,BR035,763
LN000144,CUST00896,Education Loan,1830200.0,11.35,5,40109.0,2023-07-29,2028-07-27,650995.0,42,60,0,Active,None,BR039,734
LN000145,CUST02988,Education Loan,1548111.0,11.2,3,50830.0,2023-02-24,2026-02-23,1370206.0,5,36,0,Active,None,BR045,705
LN000146,CUST00156,Credit Card Loan,30186.0,20.14,7,673.0,2020-10-08,2027-10-07,15582.0,31,84,365,NPA,None,BR036,664
LN000147,CUST00773,Car Loan,2577782.0,10.32,2,119335.0,2024-03-30,2026-03-30,907092.0,20,24,0,Active,Vehicle,BR049,733
LN000148,CUST00720,Credit Card Loan,13163.0,16.9,1,1200.0,2022-02-07,2023-02-07,10643.0,3,12,0,Active,None,BR006,716
LN000149,CUST01478,Car Loan,1155456.0,11.64,2,54198.0,2021-11-11,2023-11-11,814009.0,9,24,0,Active,Vehicle,BR018,708
LN000150,CUST00966,Credit Card Loan,46003.0,17.09,5,1145.0,2022-09-14,2027-09-13,29973.0,20,60,0,Active,None,BR050,773
LN000151,CUST00445,Credit Card Loan,35156.0,18.79,5,908.0,2022-04-05,2027-04-04,5283.0,47,60,0,Active,None,BR035,630
LN000152,CUST01061,Home Loan,1411773.0,9.66,1,123897.0,2023-01-17,2024-01-17,1151589.0,3,12,0,Active,Property,BR048,853
LN000153,CUST02826,Home Loan,3516439.0,7.4,3,109219.0,2020-06-08,2023-06-08,1987373.0,20,36,0,Active,Property,BR008,854
LN000154,CUST01256,Gold Loan,71143.0,9.9,5,1508.0,2022-05-12,2027-05-11,56365.0,14,60,0,Active,Gold,BR028,666
LN000155,CUST00043,Car Loan,1198007.0,11.36,5,26264.0,2020-11-30,2025-11-29,536154.0,36,60,180,NPA,Vehicle,BR027,679
LN000156,CUST00451,Gold Loan,343984.0,9.2,2,15747.0,2023-01-19,2025-01-18,134549.0,19,24,0,Active,Gold,BR050,685
LN000157,CUST00637,Personal Loan,1032877.0,14.17,7,19455.0,2020-08-23,2027-08-22,787744.0,18,84,0,Active,None,BR036,778
LN000158,CUST02957,Business Loan,7599809.0,13.46,2,362938.0,2024-04-28,2026-04-28,7599809.0,0,24,90,NPA,None,BR032,780
LN000159,CUST01178,Gold Loan,365270.0,10.56,1,32209.0,2020-08-13,2021-08-13,252538.0,5,12,0,Active,Gold,BR002,686
LN000160,CUST02637,Gold Loan,147491.0,9.9,3,4752.0,2021-06-09,2024-06-08,77637.0,21,36,60,Special Mention,Gold,BR002,724
LN000161,CUST02924,Car Loan,383231.0,10.85,1,33845.0,2021-08-19,2022-08-19,264774.0,5,12,0,Active,Vehicle,BR020,704
LN000162,CUST00444,Home Loan,7694299.0,9.54,7,125927.0,2020-11-04,2027-11-03,3815747.0,44,84,0,Active,Property,BR006,683
LN000163,CUST02437,Personal Loan,708700.0,12.58,2,33552.0,2022-01-07,2024-01-07,332918.0,16,24,0,Active,None,BR007,708
LN000164,CUST01247,Business Loan,2496773.0,11.51,1,221268.0,2023-09-14,2024-09-13,1412560.0,7,12,0,Active,None,BR014,716
LN000165,CUST01197,Car Loan,1098593.0,10.55,2,50973.0,2021-09-27,2023-09-27,1062912.0,1,24,0,Active,Vehicle,BR045,705
LN000166,CUST00248,Credit Card Loan,83675.0,16.63,3,2968.0,2021-09-28,2024-09-27,31735.0,25,36,0,Active,None,BR035,688
LN000167,CUST02549,Business Loan,7084007.0,13.98,3,242060.0,2020-03-01,2023-03-01,4203493.0,17,36,0,Active,None,BR009,900
LN000168,CUST01172,Car Loan,581955.0,11.53,3,19198.0,2023-09-18,2026-09-17,111604.0,35,36,0,Active,Vehicle,BR029,736
LN000169,CUST01658,Home Loan,14406135.0,10.3,2,666782.0,2023-02-08,2025-02-07,10205408.0,9,24,90,NPA,Property,BR021,763
LN000170,CUST01046,Personal Loan,956859.0,15.56,2,46649.0,2021-09-13,2023-09-13,467045.0,15,24,0,Active,None,BR019,889
LN000171,CUST01611,Home Loan,9879213.0,8.91,2,450919.0,2023-06-05,2025-06-04,4513277.0,17,24,90,NPA,Property,BR031,830
LN000172,CUST02586,Personal Loan,1126380.0,12.87,5,25553.0,2020-05-09,2025-05-08,643428.0,27,60,0,Active,None,BR002,655
LN000173,CUST00092,Gold Loan,124848.0,10.87,5,2707.0,2022-06-19,2027-06-18,33893.0,48,60,0,Active,Gold,BR010,746
LN000174,CUST02920,Personal Loan,1358729.0,15.46,3,47410.0,2022-06-08,2025-06-07,1060046.0,9,36,0,Active,None,BR045,783
LN000175,CUST02164,Home Loan,6094047.0,9.74,3,195908.0,2023-01-06,2026-01-05,3899877.0,16,36,0,Active,Property,BR013,770
LN000176,CUST00384,Gold Loan,332750.0,10.09,7,5540.0,2021-04-01,2028-03-30,332750.0,0,84,90,NPA,Gold,BR004,691
LN000177,CUST02631,Business Loan,7172657.0,12.03,1,637366.0,2022-09-12,2023-09-12,2711095.0,10,12,0,Active,None,BR035,725
LN000178,CUST01652,Business Loan,3590366.0,13.06,5,81801.0,2020-10-09,2025-10-08,2731456.0,15,60,30,Special Mention,None,BR013,739
LN000179,CUST02103,Home Loan,5576725.0,7.64,5,112108.0,2020-03-21,2025-03-20,3850262.0,22,60,0,Active,Property,BR042,652
LN000180,CUST02541,Credit Card Loan,198082.0,20.23,5,5274.0,2022-02-24,2027-02-23,57794.0,38,60,0,Active,None,BR046,673
LN000181,CUST01903,Personal Loan,704826.0,15.21,7,13683.0,2023-09-11,2030-09-09,503686.0,21,84,0,Active,None,BR011,760
LN000182,CUST01365,Gold Loan,190328.0,11.94,7,3354.0,2023-09-24,2030-09-22,148068.0,18,84,0,Active,Gold,BR007,785
LN000183,CUST01245,Car Loan,1987537.0,11.2,2,92815.0,2022-09-26,2024-09-25,1337832.0,10,24,0,Active,Vehicle,BR009,664
LN000184,CUST00525,Personal Loan,1168012.0,15.33,3,40681.0,2022-07-01,2025-06-30,683908.0,17,36,0,Active,None,BR027,661
LN000185,CUST01371,Credit Card Loan,33050.0,19.98,7,733.0,2020-12-27,2027-12-26,11500.0,42,84,30,Special Mention,None,BR050,685
LN000186,CUST00826,Business Loan,7227559.0,13.07,5,164707.0,2022-10-01,2027-09-30,1923994.0,46,60,0,Active,None,BR043,779
LN000187,CUST00488,Credit Card Loan,86732.0,20.31,7,1942.0,2024-03-14,2031-03-13,47309.0,29,84,0,Active,None,BR040,627
LN000188,CUST02405,Car Loan,1442346.0,8.6,2,65630.0,2022-03-03,2024-03-02,661349.0,17,24,0,Active,Vehicle,BR035,791
LN000189,CUST00433,Business Loan,2939699.0,12.23,3,97967.0,2020-12-08,2023-12-08,539508.0,35,36,0,Active,None,BR006,701
LN000190,CUST01467,Business Loan,2000079.0,13.98,7,37456.0,2021-02-17,2028-02-16,1161065.0,32,84,0,Active,None,BR016,825
LN000191,CUST00383,Car Loan,2672815.0,9.92,7,44257.0,2021-05-12,2028-05-10,2486936.0,6,84,0,Active,Vehicle,BR045,709
LN000192,CUST01160,Car Loan,572491.0,8.47,1,49925.0,2021-08-01,2022-08-01,257964.0,9,12,0,Active,Vehicle,BR030,669
LN000193,CUST02620,Home Loan,2171744.0,8.25,7,34120.0,2020-03-18,2027-03-17,1096964.0,45,84,180,NPA,Property,BR047,796
LN000194,CUST02165,Business Loan,6636097.0,11.36,7,114900.0,2021-06-10,2028-06-08,4303627.0,29,84,0,Active,None,BR049,900
LN000195,CUST00769,Credit Card Loan,45012.0,19.23,5,1173.0,2020-02-24,2025-02-22,41728.0,4,60,0,Active,None,BR014,679
LN000196,CUST01063,Car Loan,600079.0,9.88,5,12715.0,2022-01-27,2027-01-26,582278.0,2,60,0,Active,Vehicle,BR002,755
LN000197,CUST02068,Car Loan,2931409.0,10.57,2,136036.0,2020-11-05,2022-11-05,741229.0,23,24,60,Special Mention,Vehicle,BR010,697
LN000198,CUST02927,Gold Loan,218766.0,9.2,5,4562.0,2022-08-05,2027-08-04,161285.0,18,60,30,Special Mention,Gold,BR034,676
LN000199,CUST00077,Home Loan,7665000.0,9.57,1,672358.0,2023-08-11,2024-08-10,2017193.0,12,12,0,Active,Property,BR039,700
LN000200,CUST00767,Home Loan,11752421.0,10.16,2,543204.0,2023-11-09,2025-11-08,9851207.0,5,24,0,Active,Property,BR040,696
LN000201,CUST00613,Car Loan,1739047.0,8.31,3,54747.0,2021-12-29,2024-12-28,895943.0,22,36,0,Active,Vehicle,BR002,700
LN000202,CUST02092,Personal Loan,340022.0,15.44,2,16557.0,2021-03-30,2023-03-30,247303.0,8,24,0,Active,None,BR023,707
LN000203,CUST00328,Car Loan,1222512.0,8.07,5,24829.0,2022-06-13,2027-06-12,405638.0,47,60,30,Special Mention,Vehicle,BR033,848
LN000204,CUST02877,Credit Card Loan,199525.0,16.51,3,7065.0,2021-04-28,2024-04-27,169852.0,6,36,0,Active,None,BR043,664
LN000205,CUST01668,Gold Loan,294851.0,10.61,3,9598.0,2024-03-19,2027-03-19,194072.0,15,36,0,Active,Gold,BR005,695
LN000206,CUST01691,Education Loan,1264808.0,9.43,1,110861.0,2022-01-22,2023-01-22,1032000.0,3,12,180,NPA,None,BR029,731
LN000207,CUST00875,Gold Loan,150315.0,11.69,3,4970.0,2020-10-27,2023-10-27,35508.0,33,36,60,Special Mention,Gold,BR017,689
LN000208,CUST00221,Business Loan,4290064.0,14.31,7,81144.0,2023-01-18,2030-01-16,2302036.0,35,84,0,Active,None,BR001,832
LN000209,CUST02675,Credit Card Loan,144900.0,19.37,5,3789.0,2023-02-11,2028-02-10,142248.0,1,60,30,Special Mention,None,BR041,643
LN000210,CUST02173,Personal Loan,845099.0,15.77,2,41285.0,2020-01-20,2022-01-19,816200.0,1,24,30,Special Mention,None,BR016,675
LN000211,CUST00304,Business Loan,2503528.0,10.68,1,220892.0,2022-09-08,2023-09-08,2194279.0,2,12,0,Active,None,BR033,737
LN000212,CUST02591,Car Loan,344903.0,8.96,5,7152.0,2023-01-23,2028-01-22,209730.0,27,60,0,Active,Vehicle,BR012,783
LN000213,CUST01166,Personal Loan,273690.0,13.05,5,6234.0,2020-04-14,2025-04-13,147140.0,29,60,0,Active,None,BR021,900
LN000214,CUST01837,Education Loan,1026604.0,12.55,7,18423.0,2021-04-26,2028-04-24,949227.0,6,84,0,Active,None,BR016,617
LN000215,CUST01996,Personal Loan,240664.0,12.92,5,5466.0,2023-12-18,2028-12-16,125878.0,30,60,0,Active,None,BR038,755
LN000216,CUST00201,Gold Loan,168589.0,11.56,1,14944.0,2021-10-21,2022-10-21,168589.0,0,12,365,NPA,Gold,BR019,898
LN000217,CUST00585,Business Loan,9073548.0,13.96,2,435489.0,2020-06-11,2022-06-11,6939652.0,7,24,30,Special Mention,None,BR012,707
LN000218,CUST00870,Car Loan,1145532.0,9.09,1,100228.0,2022-03-22,2023-03-22,584255.0,8,12,0,Active,Vehicle,BR040,821
LN000219,CUST02832,Credit Card Loan,74833.0,16.68,2,3688.0,2022-07-31,2024-07-30,38691.0,14,24,0,Active,None,BR001,647
LN000220,CUST00344,Car Loan,1308793.0,10.23,7,21883.0,2022-08-08,2029-08-06,895204.0,27,84,0,Active,Vehicle,BR035,687
LN000221,CUST01137,Business Loan,5157324.0,10.54,5,110950.0,2020-08-01,2025-07-31,2827374.0,30,60,0,Active,None,BR012,773
LN000222,CUST00267,Credit Card Loan,123011.0,17.39,7,2541.0,2020-01-23,2027-01-21,108781.0,8,84,0,Active,None,BR042,792
LN000223,CUST01543,Home Loan,12582122.0,7.26,3,390001.0,2023-06-15,2026-06-14,6849107.0,21,36,0,Active,Property,BR036,855
LN000224,CUST00800,Personal Loan,686907.0,13.91,3,23446.0,2023-10-25,2026-10-24,621258.0,4,36,0,Active,None,BR037,697
LN000225,CUST01545,Gold Loan,357375.0,12.08,7,6324.0,2021-06-23,2028-06-21,198010.0,36,84,60,Special Mention,Gold,BR050,730
LN000226,CUST01209,Home Loan,8079730.0,8.78,10,101398.0,2022-12-29,2032-12-26,6731137.0,19,120,0,Active,Property,BR020,631
LN000227,CUST02692,Home Loan,13319019.0,7.49,30,93053.0,2022-10-12,2052-10-04,11560317.0,27,360,0,Active,Property,BR004,686
LN000228,CUST01327,Car Loan,567512.0,9.17,7,9179.0,2022-05-22,2029-05-20,509684.0,9,84,30,Special Mention,Vehicle,BR028,634
LN000229,CUST00325,Car Loan,1419099.0,9.13,3,45211.0,2021-09-19,2024-09-18,564611.0,27,36,0,Active,Vehicle,BR032,660
LN000230,CUST02666,Credit Card Loan,63013.0,17.05,3,2248.0,2022-12-04,2025-12-03,14231.0,31,36,0,Active,None,BR010,616
LN000231,CUST02328,Home Loan,11931157.0,7.73,1,1036402.0,2021-04-26,2022-04-26,9029231.0,4,12,0,Active,Property,BR027,661
LN000232,CUST01555,Gold Loan,185228.0,12.32,5,4151.0,2023-08-09,2028-08-07,86434.0,34,60,60,Special Mention,Gold,BR042,725
LN000233,CUST00410,Business Loan,3840089.0,11.57,2,179992.0,2023-06-29,2025-06-28,2076167.0,14,24,30,Special Mention,None,BR021,744
LN000234,CUST00107,Personal Loan,549206.0,15.91,1,49806.0,2022-01-16,2023-01-16,130836.0,12,12,0,Active,None,BR006,806
LN000235,CUST00032,Car Loan,2285549.0,11.09,3,74926.0,2021-08-25,2024-08-24,2128204.0,3,36,30,Special Mention,Vehicle,BR029,830
LN000236,CUST02536,Business Loan,2315703.0,10.66,1,204294.0,2022-02-25,2023-02-25,1457668.0,6,12,0,Active,None,BR016,691
LN000237,CUST00057,Business Loan,5096944.0,10.75,7,86602.0,2021-01-10,2028-01-09,3157059.0,32,84,0,Active,None,BR011,667
LN000238,CUST02164,Credit Card Loan,163753.0,17.87,5,4147.0,2024-04-08,2029-04-07,62152.0,35,60,0,Active,None,BR013,770
LN000239,CUST02849,Business Loan,639051.0,12.39,1,56895.0,2023-10-04,2024-10-03,599224.0,1,12,0,Active,None,BR033,794
LN000240,CUST00915,Personal Loan,1021707.0,15.16,1,92295.0,2023-01-12,2024-01-12,957100.0,1,12,30,Special Mention,None,BR017,683
LN000241,CUST01521,Home Loan,11611526.0,10.83,20,118502.0,2021-10-26,2041-10-21,9454790.0,26,240,30,Special Mention,Property,BR018,799
LN000242,CUST01924,Home Loan,13614438.0,7.64,20,110833.0,2020-04-20,2040-04-15,13226522.0,5,240,0,Active,Property,BR039,701
LN000243,CUST00556,Education Loan,337998.0,9.68,1,29665.0,2022-06-20,2023-06-20,317232.0,1,12,0,Active,None,BR021,669
LN000244,CUST00086,Education Loan,847577.0,9.45,2,38897.0,2021-01-02,2023-01-02,820349.0,1,24,0,Active,None,BR039,685
LN000245,CUST01979,Car Loan,2713743.0,11.61,3,89633.0,2024-04-18,2027-04-18,2400028.0,5,36,90,NPA,Vehicle,BR047,642
LN000246,CUST00400,Credit Card Loan,194260.0,17.16,7,3988.0,2023-08-28,2030-08-26,71430.0,44,84,0,Active,None,BR050,789
LN000247,CUST02085,Education Loan,1693794.0,11.41,1,150021.0,2024-03-03,2025-03-03,1693794.0,0,12,0,Active,None,BR036,653
LN000248,CUST02957,Home Loan,1441815.0,10.28,7,24148.0,2021-10-22,2028-10-20,1391104.0,3,84,0,Active,Property,BR032,780
LN000249,CUST02440,Credit Card Loan,165207.0,19.5,2,8368.0,2023-05-27,2025-05-26,24625.0,24,24,0,Active,None,BR042,767
LN000250,CUST00524,Gold Loan,318196.0,11.93,5,7067.0,2021-11-25,2026-11-24,120320.0,40,60,60,Special Mention,Gold,BR020,743
LN000251,CUST01012,Car Loan,892473.0,9.76,3,28697.0,2020-12-26,2023-12-26,731770.0,8,36,0,Active,Vehicle,BR036,707
LN000252,CUST01530,Home Loan,9086579.0,9.54,30,76699.0,2020-02-26,2050-02-18,7690657.0,26,360,60,Special Mention,Property,BR041,663
LN000253,CUST01661,Business Loan,966882.0,14.48,2,46644.0,2023-12-14,2025-12-13,966882.0,0,24,0,Active,None,BR012,767
LN000254,CUST00284,Home Loan,4260123.0,10.15,5,90832.0,2023-04-04,2028-04-02,1653245.0,41,60,0,Active,Property,BR043,620
LN000255,CUST00818,Business Loan,9917317.0,12.65,2,469846.0,2021-06-11,2023-06-11,8601748.0,4,24,0,Active,None,BR022,741
LN000256,CUST02122,Business Loan,5529855.0,10.94,2,257572.0,2023-09-14,2025-09-13,2104147.0,19,24,0,Active,None,BR040,733
LN000257,CUST01087,Gold Loan,311921.0,10.88,2,14520.0,2020-06-28,2022-06-28,230609.0,8,24,0,Active,Gold,BR027,754
LN000258,CUST02249,Car Loan,655516.0,10.33,5,14035.0,2024-04-17,2029-04-16,586744.0,7,60,0,Active,Vehicle,BR004,679
LN000259,CUST01369,Home Loan,10224766.0,7.31,5,203965.0,2024-04-24,2029-04-23,4228195.0,42,60,0,Active,Property,BR040,687
LN000260,CUST00922,Personal Loan,422068.0,12.82,3,14184.0,2020-04-25,2023-04-25,422068.0,0,36,0,Active,None,BR046,636
LN000261,CUST02124,Credit Card Loan,42824.0,19.8,2,2175.0,2022-06-30,2024-06-29,16942.0,17,24,0,Active,None,BR040,681
LN000262,CUST00505,Personal Loan,852685.0,13.41,1,76325.0,2022-10-10,2023-10-10,585548.0,5,12,0,Active,None,BR044,671
LN000263,CUST02496,Personal Loan,778450.0,13.43,2,37168.0,2023-04-08,2025-04-07,284116.0,19,24,0,Active,None,BR030,762
LN000264,CUST02089,Gold Loan,56196.0,9.45,2,2579.0,2021-08-30,2023-08-30,43559.0,7,24,0,Active,Gold,BR025,666
LN000265,CUST00589,Gold Loan,89314.0,12.33,7,1592.0,2020-04-05,2027-04-04,50310.0,35,84,0,Active,Gold,BR006,740
LN000266,CUST02044,Gold Loan,164365.0,10.07,7,2735.0,2021-03-06,2028-03-04,129904.0,18,84,0,Active,Gold,BR039,726
LN000267,CUST01526,Education Loan,724144.0,11.1,5,15780.0,2022-12-10,2027-12-09,492178.0,21,60,60,Special Mention,None,BR001,791
LN000268,CUST02324,Education Loan,1890208.0,9.51,2,86800.0,2023-05-19,2025-05-18,675008.0,20,24,0,Active,None,BR024,900
LN000269,CUST00344,Personal Loan,265026.0,13.52,1,23736.0,2023-09-12,2024-09-11,115489.0,9,12,365,NPA,None,BR035,687
LN000270,CUST00838,Credit Card Loan,100288.0,19.38,1,9260.0,2023-09-02,2024-09-01,54914.0,7,12,0,Active,None,BR002,628
LN000271,CUST00446,Home Loan,3697917.0,10.14,10,49151.0,2022-01-21,2032-01-19,3525888.0,5,120,0,Active,Property,BR023,731
LN000272,CUST00133,Home Loan,6664261.0,7.82,20,54989.0,2020-10-16,2040-10-11,6471800.0,5,240,365,NPA,Property,BR022,663
LN000273,CUST00437,Gold Loan,59902.0,10.72,5,1294.0,2020-12-05,2025-12-04,20047.0,44,60,365,NPA,Gold,BR040,786
LN000274,CUST01771,Personal Loan,758930.0,14.12,3,25982.0,2020-08-20,2023-08-20,649806.0,6,36,0,Active,None,BR017,730
LN000275,CUST01523,Personal Loan,401596.0,14.41,1,36135.0,2021-02-05,2022-02-05,401596.0,0,12,30,Special Mention,None,BR048,834
LN000276,CUST02659,Car Loan,1959329.0,11.37,5,42964.0,2020-04-25,2025-04-24,1147309.0,27,60,30,Special Mention,Vehicle,BR050,726
LN000277,CUST02052,Education Loan,1655721.0,10.12,3,53516.0,2022-03-09,2025-03-08,943958.0,19,36,0,Active,None,BR043,658
LN000278,CUST00631,Gold Loan,282511.0,10.33,7,4738.0,2020-01-08,2027-01-06,265928.0,5,84,0,Active,Gold,BR029,604
LN000279,CUST00651,Car Loan,2735677.0,10.84,1,241578.0,2023-07-06,2024-07-05,2397468.0,2,12,0,Active,Vehicle,BR041,798
LN000280,CUST01327,Home Loan,13992196.0,7.13,30,94309.0,2023-01-30,2053-01-22,11153495.0,43,360,0,Active,Property,BR028,634
LN000281,CUST01060,Home Loan,7655519.0,7.78,15,72170.0,2024-02-26,2039-02-22,5483202.0,43,180,0,Active,Property,BR003,668
LN000282,CUST02649,Car Loan,949206.0,8.98,5,19694.0,2023-10-23,2028-10-21,494275.0,33,60,60,Special Mention,Vehicle,BR005,756
LN000283,CUST02338,Education Loan,770552.0,12.06,3,25615.0,2020-05-18,2023-05-18,627108.0,8,36,0,Active,None,BR038,722
LN000284,CUST00172,Gold Loan,371015.0,11.99,7,6547.0,2023-02-17,2030-02-15,343518.0,6,84,60,Special Mention,Gold,BR016,769
LN000285,CUST00642,Personal Loan,990992.0,15.01,7,19126.0,2023-08-04,2030-08-02,750004.0,18,84,90,NPA,None,BR044,798
LN000286,CUST02312,Gold Loan,252667.0,9.52,1,22157.0,2022-08-15,2023-08-15,175118.0,5,12,180,NPA,Gold,BR025,818
LN000287,CUST01600,Car Loan,1465748.0,9.41,7,23889.0,2022-11-20,2029-11-18,1248358.0,13,84,0,Active,Vehicle,BR027,657
LN000288,CUST00198,Car Loan,1491899.0,9.74,7,24567.0,2021-01-13,2028-01-12,975992.0,30,84,0,Active,Vehicle,BR024,694
LN000289,CUST01626,Car Loan,2828557.0,8.46,7,44735.0,2020-03-02,2027-03-01,2734614.0,3,84,0,Active,Vehicle,BR035,831
LN000290,CUST01830,Car Loan,1612263.0,9.98,3,52007.0,2023-10-03,2026-10-02,410901.0,33,36,60,Special Mention,Vehicle,BR012,712
LN000291,CUST00095,Business Loan,6864716.0,14.24,5,160579.0,2024-02-06,2029-02-04,4166989.0,24,60,365,NPA,None,BR033,706
LN000292,CUST00496,Business Loan,5600201.0,11.67,3,185120.0,2020-08-13,2023-08-13,3267689.0,18,36,0,Active,None,BR038,743
LN000293,CUST02879,Gold Loan,179380.0,10.91,3,5865.0,2022-12-28,2025-12-27,84954.0,23,36,0,Active,Gold,BR003,715
LN000294,CUST01403,Car Loan,451045.0,10.99,7,7721.0,2022-08-03,2029-08-01,294309.0,29,84,0,Active,Vehicle,BR022,793
LN000295,CUST01477,Car Loan,2684097.0,11.05,7,46027.0,2022-03-13,2029-03-11,1653092.0,32,84,0,Active,Vehicle,BR020,678
LN000296,CUST00507,Business Loan,5608167.0,12.42,3,187395.0,2020-05-10,2023-05-10,5608167.0,0,36,0,Active,None,BR048,671
LN000297,CUST02373,Business Loan,5817481.0,11.39,1,515210.0,2020-10-25,2021-10-25,1489717.0,12,12,0,Active,None,BR043,853
LN000298,CUST00525,Personal Loan,848909.0,13.1,3,28642.0,2020-12-09,2023-12-09,808810.0,2,36,180,NPA,None,BR027,661
LN000299,CUST01241,Education Loan,1516420.0,10.6,7,25648.0,2020-05-20,2027-05-19,1408698.0,6,84,0,Active,None,BR019,711
LN000300,CUST01943,Home Loan,10689384.0,10.67,20,107952.0,2021-07-02,2041-06-27,8422392.0,30,240,0,Active,Property,BR016,730
LN000301,CUST01308,Education Loan,1656184.0,9.35,5,34660.0,2020-05-01,2025-04-30,1195206.0,19,60,0,Active,None,BR015,683
LN000302,CUST00254,Personal Loan,625266.0,12.17,3,20818.0,2020-11-26,2023-11-26,188088.0,30,36,0,Active,None,BR015,745
LN000303,CUST02359,Education Loan,1374018.0,11.26,3,45155.0,2021-06-08,2024-06-07,805065.0,18,36,60,Special Mention,None,BR002,648
LN000304,CUST01692,Business Loan,7780189.0,11.46,7,135112.0,2022-09-04,2029-09-02,7307297.0,5,84,0,Active,None,BR045,673
LN000305,CUST00137,Personal Loan,1045323.0,12.79,7,18897.0,2023-12-10,2030-12-08,1018867.0,2,84,0,Active,None,BR041,652
LN000306,CUST01457,Home Loan,10651626.0,9.18,20,97060.0,2023-04-09,2043-04-04,8885134.0,26,240,0,Active,Property,BR017,733
LN000307,CUST01172,Gold Loan,272511.0,10.16,7,4546.0,2024-04-28,2031-04-27,221596.0,16,84,0,Active,Gold,BR029,736
LN000308,CUST01095,Business Loan,1876946.0,10.9,3,61356.0,2020-01-23,2023-01-22,1533352.0,8,36,0,Active,None,BR040,795
LN000309,CUST01490,Business Loan,5203462.0,13.28,5,119132.0,2023-11-19,2028-11-17,3785791.0,17,60,0,Active,None,BR016,795
LN000310,CUST01485,Personal Loan,843417.0,12.45,3,28197.0,2020-07-09,2023-07-09,764465.0,4,36,0,Active,None,BR026,704
LN000311,CUST01247,Education Loan,1013691.0,10.71,3,33048.0,2021-01-09,2024-01-09,712954.0,13,36,0,Active,None,BR014,716
LN000312,CUST02347,Education Loan,854979.0,10.32,5,18299.0,2021-11-17,2026-11-16,445081.0,32,60,0,Active,None,BR023,723
LN000313,CUST00188,Education Loan,336434.0,11.84,2,15812.0,2023-04-26,2025-04-25,247887.0,8,24,0,Active,None,BR020,687
LN000314,CUST00209,Gold Loan,435630.0,10.32,5,9325.0,2022-02-13,2027-02-12,239805.0,30,60,0,Active,Gold,BR031,719
LN000315,CUST02526,Home Loan,12560649.0,9.71,15,132728.0,2021-12-27,2036-12-23,9959180.0,28,180,90,NPA,Property,BR007,722
LN000316,CUST01479,Car Loan,449545.0,9.3,5,9398.0,2020-06-16,2025-06-15,370602.0,12,60,0,Active,Vehicle,BR017,686
LN000317,CUST01963,Home Loan,8195914.0,8.87,5,169616.0,2023-11-30,2028-11-28,6771140.0,12,60,0,Active,Property,BR033,735
LN000318,CUST02335,Personal Loan,351004.0,15.76,1,31807.0,2020-12-10,2021-12-10,217415.0,6,12,0,Active,None,BR046,900
LN000319,CUST02501,Personal Loan,1158282.0,15.87,3,40648.0,2021-05-25,2024-05-24,788385.0,13,36,0,Active,None,BR035,787
LN000320,CUST00203,Home Loan,3035598.0,7.49,7,46553.0,2022-01-29,2029-01-27,1764701.0,39,84,0,Active,Property,BR026,787
LN000321,CUST01058,Car Loan,919016.0,10.88,2,42783.0,2020-10-02,2022-10-02,439846.0,16,24,0,Active,Vehicle,BR024,759
LN000322,CUST00015,Personal Loan,1193725.0,12.06,3,39682.0,2022-03-05,2025-03-04,1138170.0,2,36,90,NPA,None,BR047,613
LN000323,CUST01687,Home Loan,11478377.0,10.13,5,244640.0,2021-11-23,2026-11-22,10622137.0,5,60,0,Active,Property,BR012,669
LN000324,CUST00804,Car Loan,2539396.0,9.02,2,116040.0,2022-05-29,2024-05-28,1727116.0,10,24,0,Active,Vehicle,BR037,659
LN000325,CUST01959,Personal Loan,621572.0,14.47,7,11810.0,2022-05-26,2029-05-24,390096.0,28,84,0,Active,None,BR045,756
LN000326,CUST01180,Business Loan,7688554.0,12.18,2,362584.0,2022-07-06,2024-07-05,3119996.0,18,24,90,NPA,None,BR038,639
LN000327,CUST00271,Education Loan,381176.0,11.07,5,8300.0,2023-12-07,2028-12-05,375366.0,1,60,0,Active,None,BR013,779
LN000328,CUST01115,Car Loan,1344924.0,8.96,3,42746.0,2022-11-10,2025-11-09,447258.0,30,36,0,Active,Vehicle,BR026,719
LN000329,CUST02406,Car Loan,2489384.0,9.66,3,79926.0,2023-10-19,2026-10-18,1370420.0,20,36,90,NPA,Vehicle,BR030,788
LN000330,CUST00874,Business Loan,4353600.0,11.07,2,203052.0,2023-12-02,2025-12-01,2932236.0,10,24,180,NPA,None,BR028,690
LN000331,CUST02617,Personal Loan,56104.0,13.55,5,1292.0,2022-07-14,2027-07-13,25354.0,34,60,0,Active,None,BR017,813
LN000332,CUST02286,Gold Loan,200377.0,9.55,2,9205.0,2022-10-09,2024-10-08,129498.0,11,24,30,Special Mention,Gold,BR005,734
LN000333,CUST00849,Car Loan,593317.0,9.54,2,27251.0,2022-12-11,2024-12-10,536090.0,3,24,0,Active,Vehicle,BR024,646
LN000334,CUST01400,Gold Loan,271537.0,12.39,1,24176.0,2021-10-24,2022-10-24,153075.0,7,12,0,Active,Gold,BR023,647
LN000335,CUST00970,Credit Card Loan,185848.0,18.4,1,17074.0,2020-07-13,2021-07-13,78282.0,9,12,0,Active,None,BR012,629
LN000336,CUST02919,Education Loan,1487740.0,9.53,1,130474.0,2022-10-05,2023-10-05,939749.0,6,12,0,Active,None,BR003,709
LN000337,CUST02373,Credit Card Loan,48765.0,18.86,7,1050.0,2023-01-29,2030-01-27,24510.0,33,84,0,Active,None,BR043,853
LN000338,CUST00969,Credit Card Loan,151184.0,17.02,3,5392.0,2023-05-25,2026-05-24,87019.0,17,36,0,Active,None,BR041,682
LN000339,CUST02111,Gold Loan,414685.0,10.19,5,8851.0,2021-02-12,2026-02-11,303162.0,18,60,0,Active,Gold,BR019,679
LN000340,CUST00359,Education Loan,948691.0,12.44,1,84487.0,2020-01-05,2021-01-04,416423.0,9,12,0,Active,None,BR023,746
LN000341,CUST02500,Education Loan,302697.0,10.35,7,5080.0,2022-12-11,2029-12-09,299141.0,1,84,0,Active,None,BR015,721
LN000342,CUST02599,Home Loan,8085787.0,9.6,10,105069.0,2024-03-26,2034-03-24,4702565.0,46,120,0,Active,Property,BR031,758
LN000343,CUST00339,Gold Loan,201346.0,8.65,3,6370.0,2023-11-18,2026-11-17,152297.0,11,36,0,Active,Gold,BR005,714
LN000344,CUST00189,Credit Card Loan,63741.0,19.89,3,2365.0,2023-10-21,2026-10-20,27320.0,22,36,0,Active,None,BR002,633
LN000345,CUST00995,Education Loan,1264033.0,11.44,5,27763.0,2023-05-29,2028-05-27,564405.0,36,60,0,Active,None,BR030,631
LN000346,CUST02374,Car Loan,2560597.0,9.94,3,82545.0,2023-05-14,2026-05-13,1751656.0,14,36,0,Active,Vehicle,BR032,732
LN000347,CUST00837,Personal Loan,256981.0,14.96,1,23190.0,2023-09-27,2024-09-26,192049.0,4,12,0,Active,None,BR048,784
LN000348,CUST02116,Home Loan,2131301.0,7.47,5,42680.0,2021-11-23,2026-11-22,757005.0,46,60,365,NPA,Property,BR039,703
LN000349,CUST02085,Credit Card Loan,143473.0,18.76,2,7216.0,2020-12-08,2022-12-08,72756.0,14,24,0,Active,None,BR036,653
LN000350,CUST02417,Credit Card Loan,44656.0,18.21,7,944.0,2020-01-14,2027-01-12,18224.0,40,84,0,Active,None,BR023,738
LN000351,CUST00824,Car Loan,386346.0,11.65,7,6748.0,2021-07-16,2028-07-14,329663.0,12,84,30,Special Mention,Vehicle,BR011,677
LN000352,CUST01556,Business Loan,4768214.0,11.51,1,422567.0,2023-09-25,2024-09-24,1810245.0,10,12,60,Special Mention,None,BR009,707
LN000353,CUST00496,Education Loan,690641.0,10.35,5,14794.0,2022-04-22,2027-04-21,638862.0,5,60,365,NPA,None,BR038,743
LN000354,CUST00887,Car Loan,678610.0,10.77,2,31557.0,2023-08-19,2025-08-18,347262.0,15,24,30,Special Mention,Vehicle,BR005,732
LN000355,CUST01065,Credit Card Loan,152314.0,17.23,1,13909.0,2022-01-23,2023-01-23,132841.0,2,12,0,Active,None,BR041,679
LN000356,CUST01083,Credit Card Loan,54458.0,18.83,5,1408.0,2021-09-03,2026-09-02,43616.0,11,60,0,Active,None,BR016,670
LN000357,CUST02655,Education Loan,1860222.0,12.02,5,41395.0,2021-04-19,2026-04-18,1599434.0,9,60,0,Active,None,BR046,648
LN000358,CUST00228,Education Loan,584737.0,11.02,1,51684.0,2023-06-23,2024-06-22,403843.0,5,12,30,Special Mention,None,BR019,652
LN000359,CUST02466,Gold Loan,336428.0,9.06,1,29431.0,2024-02-01,2025-01-31,254021.0,4,12,0,Active,Gold,BR043,756
LN000360,CUST01979,Personal Loan,682523.0,12.91,3,22968.0,2020-05-26,2023-05-26,650368.0,2,36,0,Active,None,BR047,642
LN000361,CUST01319,Personal Loan,1017338.0,13.44,3,34494.0,2022-12-11,2025-12-10,872463.0,6,36,90,NPA,None,BR014,664
LN000362,CUST00526,Business Loan,656277.0,13.34,2,31306.0,2021-10-28,2023-10-28,590534.0,3,24,0,Active,None,BR037,610
LN000363,CUST00121,Personal Loan,1383934.0,14.35,2,66673.0,2023-08-02,2025-08-01,1243921.0,3,24,30,Special Mention,None,BR039,743
LN000364,CUST02496,Home Loan,9595447.0,8.15,7,150293.0,2021-02-03,2028-02-02,8438191.0,11,84,0,Active,Property,BR030,762
LN000365,CUST02846,Personal Loan,508191.0,12.06,5,11320.0,2021-07-04,2026-07-03,325939.0,23,60,0,Active,None,BR049,642
LN000366,CUST02066,Credit Card Loan,119104.0,17.61,3,4283.0,2023-07-11,2026-07-10,65138.0,18,36,0,Active,None,BR007,655
LN000367,CUST00169,Credit Card Loan,110106.0,17.61,3,3959.0,2024-03-30,2027-03-30,87936.0,8,36,0,Active,None,BR006,699
LN000368,CUST00101,Gold Loan,366377.0,12.19,1,32585.0,2022-11-05,2023-11-05,206710.0,7,12,0,Active,Gold,BR037,636
LN000369,CUST00819,Home Loan,14767741.0,10.54,20,147794.0,2024-02-24,2044-02-19,10836421.0,38,240,60,Special Mention,Property,BR025,698
LN000370,CUST00221,Credit Card Loan,120802.0,16.88,5,2994.0,2021-01-03,2026-01-02,24395.0,46,60,90,NPA,None,BR001,832
LN000371,CUST02766,Credit Card Loan,120851.0,20.17,3,4502.0,2021-04-19,2024-04-18,20006.0,32,36,0,Active,None,BR007,760
LN000372,CUST00529,Home Loan,10027840.0,9.69,15,105849.0,2021-04-25,2036-04-21,8397765.0,22,180,0,Active,Property,BR018,774
LN000373,CUST01638,Business Loan,3837186.0,13.61,2,183521.0,2023-12-25,2025-12-24,754033.0,24,24,0,Active,None,BR046,716
LN000374,CUST01245,Car Loan,676359.0,9.17,2,30951.0,2022-03-03,2024-03-02,394705.0,13,24,0,Active,Vehicle,BR009,664
LN000375,CUST00817,Car Loan,1244217.0,10.42,3,40391.0,2021-01-19,2024-01-19,1159396.0,3,36,0,Active,Vehicle,BR006,716
LN000376,CUST02472,Gold Loan,187165.0,11.91,3,6208.0,2022-06-16,2025-06-15,78525.0,25,36,0,Active,Gold,BR010,871
LN000377,CUST02959,Gold Loan,312630.0,9.88,2,14409.0,2024-01-22,2026-01-21,242026.0,7,24,60,Special Mention,Gold,BR005,807
LN000378,CUST01910,Credit Card Loan,197604.0,16.8,3,7025.0,2023-03-06,2026-03-05,59914.0,28,36,0,Active,None,BR006,693
LN000379,CUST01193,Business Loan,4863110.0,11.47,7,84466.0,2022-06-16,2029-06-14,3621460.0,21,84,0,Active,None,BR039,673
LN000380,CUST01554,Education Loan,859674.0,11.07,2,40097.0,2021-10-19,2023-10-19,691267.0,6,24,0,Active,None,BR004,661
LN000381,CUST00665,Home Loan,8674086.0,7.55,5,174030.0,2023-05-08,2028-05-06,5872203.0,23,60,0,Active,Property,BR021,670
LN000382,CUST02748,Personal Loan,452793.0,15.4,1,40955.0,2021-01-28,2022-01-28,223445.0,8,12,0,Active,None,BR024,762
LN000383,CUST00429,Credit Card Loan,24247.0,17.47,1,2217.0,2020-05-21,2021-05-21,24247.0,0,12,0,Active,None,BR041,792
LN000384,CUST02506,Car Loan,550963.0,9.38,2,25266.0,2020-11-15,2022-11-15,197239.0,20,24,0,Active,Vehicle,BR002,644
LN000385,CUST00904,Personal Loan,1165071.0,15.92,2,57002.0,2022-09-26,2024-09-25,1125170.0,1,24,0,Active,None,BR004,777
LN000386,CUST01572,Education Loan,921837.0,11.61,1,81737.0,2023-09-29,2024-09-28,406894.0,9,12,60,Special Mention,None,BR044,632
LN000387,CUST02795,Car Loan,2325171.0,8.18,2,105354.0,2022-01-11,2024-01-11,702719.0,22,24,60,Special Mention,Vehicle,BR044,711
LN000388,CUST00347,Home Loan,2179630.0,9.2,15,22365.0,2020-11-11,2035-11-08,1835209.0,22,180,30,Special Mention,Property,BR028,605
LN000389,CUST01153,Gold Loan,271276.0,12.21,7,4819.0,2022-01-26,2029-01-24,176824.0,28,84,60,Special Mention,Gold,BR046,668
LN000390,CUST00633,Car Loan,774842.0,9.03,2,35409.0,2020-06-01,2022-06-01,427834.0,14,24,0,Active,Vehicle,BR004,714
LN000391,CUST02199,Education Loan,1359076.0,12.41,7,24289.0,2021-10-27,2028-10-25,763996.0,35,84,0,Active,None,BR009,666
LN000392,CUST00688,Home Loan,3314387.0,10.59,7,56041.0,2023-02-15,2030-02-13,3157472.0,4,84,0,Active,Property,BR011,661
LN000393,CUST00241,Personal Loan,1485284.0,13.83,7,27698.0,2024-05-24,2031-05-23,884237.0,31,84,90,NPA,None,BR031,644
LN000394,CUST01993,Credit Card Loan,172451.0,18.59,2,8658.0,2022-12-07,2024-12-06,57300.0,19,24,0,Active,None,BR027,768
LN000395,CUST01040,Personal Loan,1112670.0,14.41,2,53639.0,2021-04-08,2023-04-08,962481.0,4,24,0,Active,None,BR047,763
LN000396,CUST00846,Education Loan,1929166.0,12.8,1,172123.0,2022-08-26,2023-08-26,1567708.0,3,12,90,NPA,None,BR008,735
LN000397,CUST01419,Education Loan,183277.0,10.11,7,3053.0,2020-07-03,2027-07-02,108478.0,35,84,0,Active,None,BR024,795
LN000398,CUST00767,Gold Loan,483506.0,9.7,1,42440.0,2020-03-30,2021-03-30,364674.0,4,12,0,Active,Gold,BR040,696
LN000399,CUST01650,Car Loan,1602034.0,8.19,7,25125.0,2023-08-16,2030-08-14,1531684.0,4,84,0,Active,Vehicle,BR005,895
LN000400,CUST01634,Car Loan,1912279.0,10.59,5,41190.0,2023-02-03,2028-02-02,874291.0,36,60,0,Active,Vehicle,BR042,784
LN000401,CUST01211,Personal Loan,1296084.0,13.04,2,61643.0,2021-02-08,2023-02-08,907733.0,9,24,0,Active,None,BR007,624
LN000402,CUST01401,Education Loan,415742.0,12.46,2,19661.0,2024-02-06,2026-02-05,250590.0,12,24,30,Special Mention,None,BR013,673
LN000403,CUST00905,Personal Loan,999670.0,14.84,3,34576.0,2022-06-23,2025-06-22,999670.0,0,36,60,Special Mention,None,BR031,716
LN000404,CUST02117,Business Loan,5345639.0,13.72,5,123600.0,2023-04-19,2028-04-17,2144399.0,37,60,0,Active,None,BR020,690
LN000405,CUST01164,Business Loan,3812739.0,13.04,7,69448.0,2023-06-23,2030-06-21,2014036.0,37,84,0,Active,None,BR032,608
LN000406,CUST00299,Home Loan,3795520.0,9.16,2,173670.0,2020-01-03,2022-01-02,2215123.0,13,24,0,Active,Property,BR007,740
LN000407,CUST01279,Home Loan,9012708.0,8.3,5,184031.0,2024-01-17,2029-01-15,4761592.0,33,60,0,Active,Property,BR017,724
LN000408,CUST02622,Education Loan,1065578.0,9.2,2,48781.0,2021-07-31,2023-07-31,724111.0,10,24,0,Active,None,BR031,873
LN000409,CUST02516,Home Loan,2722852.0,9.87,10,35790.0,2024-05-21,2034-05-19,2296951.0,17,120,0,Active,Property,BR031,847
LN000410,CUST02397,Education Loan,826813.0,12.99,1,73847.0,2020-12-02,2021-12-02,464963.0,7,12,0,Active,None,BR008,798
LN000411,CUST01851,Home Loan,7705793.0,8.13,20,65097.0,2024-01-28,2044-01-23,7295682.0,9,240,30,Special Mention,Property,BR040,665
LN000412,CUST01995,Home Loan,11106788.0,8.47,3,350470.0,2023-08-08,2026-08-07,10616130.0,2,36,0,Active,Property,BR044,720
LN000413,CUST00533,Car Loan,2150419.0,9.44,2,98673.0,2020-07-20,2022-07-20,1459708.0,10,24,0,Active,Vehicle,BR014,695
LN000414,CUST02131,Business Loan,631144.0,10.85,3,20618.0,2023-04-03,2026-04-02,313627.0,22,36,0,Active,None,BR040,737
LN000415,CUST00688,Home Loan,3727797.0,7.19,1,322877.0,2021-05-01,2022-05-01,3049755.0,3,12,0,Active,Property,BR011,661
LN000416,CUST02125,Car Loan,1889263.0,9.5,1,165655.0,2023-10-04,2024-10-03,1077554.0,7,12,0,Active,Vehicle,BR023,709
LN000417,CUST02240,Home Loan,3326264.0,8.82,1,290609.0,2022-12-21,2023-12-21,3122838.0,1,12,0,Active,Property,BR010,795
LN000418,CUST02276,Gold Loan,114734.0,12.32,1,10211.0,2021-10-22,2022-10-22,50405.0,9,12,0,Active,Gold,BR044,647
LN000419,CUST02629,Credit Card Loan,142335.0,17.84,5,3602.0,2022-03-26,2027-03-25,49043.0,37,60,0,Active,None,BR028,821
LN000420,CUST01723,Car Loan,671855.0,9.09,7,10842.0,2021-05-19,2028-05-17,330332.0,45,84,0,Active,Vehicle,BR038,739
LN000421,CUST00302,Education Loan,1562750.0,10.13,2,72204.0,2022-12-20,2024-12-19,1461664.0,2,24,0,Active,None,BR027,666
LN000422,CUST02118,Education Loan,1886207.0,9.42,2,86537.0,2022-04-18,2024-04-17,1401600.0,8,24,0,Active,None,BR001,670
LN000423,CUST01648,Education Loan,1965323.0,10.38,3,63764.0,2020-08-24,2023-08-24,1251166.0,16,36,0,Active,None,BR027,780
LN000424,CUST02739,Gold Loan,83678.0,10.18,7,1397.0,2024-03-31,2031-03-30,82700.0,1,84,0,Active,Gold,BR021,790
LN000425,CUST00510,Personal Loan,163297.0,14.29,3,5604.0,2021-04-27,2024-04-26,147606.0,4,36,0,Active,None,BR011,640
LN000426,CUST00502,Gold Loan,418821.0,11.5,3,13811.0,2024-03-23,2027-03-23,70784.0,36,36,0,Active,Gold,BR029,829
LN000427,CUST02816,Car Loan,918940.0,11.13,1,81275.0,2022-02-25,2023-02-25,862048.0,1,12,0,Active,Vehicle,BR048,756
LN000428,CUST02247,Education Loan,1453505.0,12.77,5,32899.0,2021-06-01,2026-05-31,1038978.0,18,60,365,NPA,None,BR001,638
LN000429,CUST02118,Business Loan,5857094.0,13.34,5,134293.0,2021-01-16,2026-01-15,4259007.0,17,60,180,NPA,None,BR001,670
LN000430,CUST01105,Credit Card Loan,24754.0,16.95,1,2257.0,2021-11-16,2022-11-16,5795.0,12,12,0,Active,None,BR012,776
LN000431,CUST00172,Business Loan,1095632.0,13.66,5,25300.0,2020-08-27,2025-08-26,794562.0,17,60,0,Active,None,BR016,769
LN000432,CUST01582,Gold Loan,301867.0,10.92,3,9871.0,2020-04-26,2023-04-26,205131.0,14,36,0,Active,Gold,BR042,757
LN000433,CUST01228,Business Loan,6732166.0,11.09,5,146666.0,2022-01-19,2027-01-18,6424167.0,3,60,0,Active,None,BR007,692
LN000434,CUST00729,Personal Loan,1097910.0,12.19,2,51779.0,2022-10-14,2024-10-13,590476.0,14,24,90,NPA,None,BR031,751
LN000435,CUST00690,Business Loan,7167363.0,14.05,2,344305.0,2021-02-01,2023-02-01,3552160.0,15,24,0,Active,None,BR025,726
LN000436,CUST00619,Home Loan,2009986.0,9.67,10,26191.0,2021-04-14,2031-04-12,1478309.0,29,120,0,Active,Property,BR049,804
LN000437,CUST02953,Gold Loan,246349.0,8.78,2,11230.0,2024-04-29,2026-04-29,136295.0,14,24,0,Active,Gold,BR038,753
LN000438,CUST02390,Car Loan,1976452.0,11.19,1,174856.0,2023-03-31,2024-03-30,874859.0,9,12,0,Active,Vehicle,BR013,781
LN000439,CUST01745,Credit Card Loan,48747.0,20.07,3,1813.0,2024-01-06,2027-01-05,29710.0,15,36,0,Active,None,BR035,663
LN000440,CUST01653,Personal Loan,50485.0,12.63,3,1692.0,2020-08-06,2023-08-06,44563.0,5,36,0,Active,None,BR015,705
LN000441,CUST01949,Credit Card Loan,176634.0,19.65,7,3885.0,2024-02-09,2031-02-07,144000.0,12,84,0,Active,None,BR003,780
LN000442,CUST01740,Gold Loan,275302.0,10.54,5,5923.0,2024-03-23,2029-03-22,262864.0,3,60,0,Active,Gold,BR006,811
LN000443,CUST02718,Education Loan,1102298.0,12.42,3,36833.0,2020-03-21,2023-03-21,509287.0,23,36,60,Special Mention,None,BR036,794
LN000444,CUST00623,Education Loan,1966367.0,12.4,3,65683.0,2021-05-23,2024-05-22,1138761.0,18,36,0,Active,None,BR011,814
LN000445,CUST01192,Personal Loan,251354.0,13.38,7,4625.0,2023-02-15,2030-02-13,160704.0,28,84,0,Active,None,BR001,621
LN000446,CUST00464,Personal Loan,1452936.0,14.9,2,70381.0,2023-08-09,2025-08-08,1255869.0,4,24,30,Special Mention,None,BR006,700
LN000447,CUST01979,Business Loan,4719927.0,12.77,2,223885.0,2020-11-04,2022-11-04,2839293.0,12,24,0,Active,None,BR047,642
LN000448,CUST00064,Home Loan,6515625.0,10.27,15,71077.0,2021-05-30,2036-05-26,4575223.0,39,180,0,Active,Property,BR014,783
LN000449,CUST02504,Business Loan,7764144.0,13.03,5,176793.0,2021-02-10,2026-02-09,7764144.0,0,60,0,Active,None,BR049,681
LN000450,CUST02547,Credit Card Loan,85920.0,17.09,3,3067.0,2021-04-03,2024-04-02,66598.0,9,36,0,Active,None,BR034,612
LN000451,CUST00389,Personal Loan,793416.0,12.95,7,14413.0,2023-11-09,2030-11-07,561367.0,23,84,30,Special Mention,None,BR008,744
LN000452,CUST02816,Gold Loan,230892.0,10.28,1,20330.0,2023-09-04,2024-09-03,188199.0,3,12,0,Active,Gold,BR048,756
LN000453,CUST01891,Car Loan,609055.0,11.5,1,53973.0,2023-07-13,2024-07-12,382368.0,6,12,0,Active,Vehicle,BR024,717
LN000454,CUST01180,Home Loan,14012326.0,9.12,30,113955.0,2024-05-31,2054-05-24,12736030.0,16,360,0,Active,Property,BR038,639
LN000455,CUST01255,Credit Card Loan,124177.0,20.22,3,4629.0,2021-09-19,2024-09-18,72332.0,16,36,0,Active,None,BR006,838
LN000456,CUST00434,Gold Loan,105657.0,11.0,1,9338.0,2021-03-27,2022-03-27,79511.0,4,12,0,Active,Gold,BR040,871
LN000457,CUST01366,Car Loan,2084134.0,10.15,3,67394.0,2022-08-16,2025-08-15,951915.0,24,36,0,Active,Vehicle,BR040,770
LN000458,CUST02322,Home Loan,1066573.0,7.23,20,8414.0,2021-02-21,2041-02-16,995895.0,12,240,90,NPA,Property,BR047,743
LN000459,CUST01744,Credit Card Loan,32197.0,19.76,2,1635.0,2022-12-28,2024-12-27,5874.0,23,24,0,Active,None,BR021,823
LN000460,CUST02590,Credit Card Loan,123805.0,19.93,3,4597.0,2021-05-08,2024-05-07,98062.0,8,36,0,Active,None,BR032,702
LN000461,CUST01810,Car Loan,1097956.0,11.31,7,18978.0,2023-11-10,2030-11-08,725987.0,28,84,0,Active,Vehicle,BR022,744
LN000462,CUST02695,Business Loan,4496303.0,10.7,2,208942.0,2023-05-02,2025-05-01,4203784.0,2,24,0,Active,None,BR043,710
LN000463,CUST01631,Car Loan,1455128.0,8.6,2,66210.0,2020-07-09,2022-07-09,1223393.0,5,24,0,Active,Vehicle,BR020,740
LN000464,CUST00620,Personal Loan,1040515.0,15.83,5,25210.0,2022-09-08,2027-09-07,775810.0,15,60,180,NPA,None,BR039,708
LN000465,CUST01336,Personal Loan,405083.0,14.64,7,7735.0,2022-12-22,2029-12-20,394254.0,2,84,0,Active,None,BR050,850
LN000466,CUST01225,Business Loan,4494089.0,13.15,3,151747.0,2022-09-17,2025-09-16,1732294.0,26,36,0,Active,None,BR014,836
LN000467,CUST01346,Personal Loan,893183.0,15.21,1,80706.0,2021-06-24,2022-06-24,441229.0,8,12,0,Active,None,BR006,611
LN000468,CUST02827,Education Loan,1219859.0,11.62,7,21288.0,2021-12-23,2028-12-21,966532.0,17,84,0,Active,None,BR013,768
LN000469,CUST02228,Personal Loan,1250219.0,13.89,3,42666.0,2020-11-17,2023-11-17,563296.0,23,36,0,Active,None,BR014,801
LN000470,CUST01849,Home Loan,2696646.0,7.43,7,41270.0,2021-08-28,2028-08-26,1569975.0,39,84,0,Active,Property,BR033,745
LN000471,CUST00906,Home Loan,8332113.0,8.95,1,728464.0,2022-07-08,2023-07-08,3232865.0,10,12,0,Active,Property,BR046,715
LN000472,CUST00323,Business Loan,6768901.0,10.67,1,597219.0,2022-01-19,2023-01-19,2588368.0,10,12,0,Active,None,BR013,663
LN000473,CUST01585,Credit Card Loan,116391.0,19.6,2,5901.0,2023-02-06,2025-02-05,54431.0,15,24,0,Active,None,BR030,719
LN000474,CUST01799,Home Loan,1874655.0,10.62,1,165357.0,2023-05-14,2024-05-13,485656.0,12,12,0,Active,Property,BR033,766
LN000475,CUST00324,Gold Loan,451125.0,9.58,5,9492.0,2024-05-09,2029-05-08,218571.0,35,60,0,Active,Gold,BR017,830
LN000476,CUST01126,Gold Loan,430603.0,11.6,2,20189.0,2021-11-12,2023-11-12,218618.0,15,24,60,Special Mention,Gold,BR050,621
LN000477,CUST00956,Home Loan,3228185.0,9.33,3,103154.0,2023-03-10,2026-03-09,2433899.0,11,36,0,Active,Property,BR038,766
LN000478,CUST02637,Personal Loan,149760.0,12.43,1,13336.0,2021-01-07,2022-01-07,112419.0,4,12,365,NPA,None,BR002,724
LN000479,CUST02670,Car Loan,382187.0,10.09,3,12348.0,2021-07-30,2024-07-29,278464.0,12,36,0,Active,Vehicle,BR034,720
LN000480,CUST02494,Business Loan,7045243.0,11.12,3,231064.0,2022-11-18,2025-11-17,4133837.0,18,36,0,Active,None,BR034,793
LN000481,CUST01237,Gold Loan,368476.0,8.98,1,32220.0,2020-09-03,2021-09-03,165490.0,9,12,0,Active,Gold,BR002,809
LN000482,CUST02110,Credit Card Loan,112216.0,20.23,2,5724.0,2020-11-30,2022-11-30,68141.0,11,24,0,Active,None,BR036,728
LN000483,CUST02161,Credit Card Loan,21769.0,20.42,2,1112.0,2020-03-01,2022-03-01,17099.0,6,24,90,NPA,None,BR001,668
LN000484,CUST00031,Education Loan,1511043.0,11.51,1,133906.0,2024-02-04,2025-02-03,854904.0,7,12,60,Special Mention,None,BR037,673
LN000485,CUST00965,Credit Card Loan,140300.0,18.37,3,5098.0,2021-06-30,2024-06-29,26105.0,32,36,0,Active,None,BR038,687
LN000486,CUST00426,Gold Loan,378706.0,10.42,2,17548.0,2024-03-20,2026-03-20,341855.0,3,24,90,NPA,Gold,BR025,799
LN000487,CUST00531,Credit Card Loan,112779.0,20.23,1,10459.0,2021-01-03,2022-01-03,112779.0,0,12,0,Active,None,BR027,727
LN000488,CUST02093,Gold Loan,153076.0,11.0,3,5011.0,2021-05-09,2024-05-08,44337.0,31,36,0,Active,Gold,BR030,726
LN000489,CUST00005,Car Loan,1194989.0,10.04,3,38579.0,2022-08-22,2025-08-21,384830.0,30,36,60,Special Mention,Vehicle,BR043,689
LN000490,CUST01371,Home Loan,5301944.0,9.88,20,50729.0,2021-06-05,2041-05-31,4449697.0,24,240,0,Active,Property,BR050,685
LN000491,CUST01454,Car Loan,378950.0,8.29,3,11926.0,2024-05-28,2027-05-28,295468.0,10,36,0,Active,Vehicle,BR004,858
LN000492,CUST02640,Credit Card Loan,24563.0,19.68,7,541.0,2020-10-29,2027-10-28,11308.0,35,84,0,Active,None,BR025,897
LN000493,CUST02206,Home Loan,11892721.0,10.2,10,158453.0,2023-12-31,2033-12-28,7456037.0,40,120,365,NPA,Property,BR039,724
LN000494,CUST00364,Home Loan,9814640.0,8.68,30,76689.0,2020-04-23,2050-04-16,7559983.0,42,360,0,Active,Property,BR031,712
LN000495,CUST02050,Home Loan,7855056.0,10.41,1,692075.0,2023-05-04,2024-05-03,3979436.0,8,12,30,Special Mention,Property,BR031,728
LN000496,CUST02728,Home Loan,4643782.0,10.28,10,62100.0,2021-03-05,2031-03-03,3513562.0,26,120,60,Special Mention,Property,BR023,775
LN000497,CUST02218,Business Loan,4772147.0,14.2,1,428928.0,2023-08-10,2024-08-09,4171648.0,2,12,90,NPA,None,BR001,766
LN000498,CUST00362,Car Loan,1806163.0,10.35,5,38689.0,2020-05-18,2025-05-17,831200.0,36,60,0,Active,Vehicle,BR016,819
LN000499,CUST01694,Education Loan,940489.0,11.74,3,31120.0,2024-02-22,2027-02-21,439457.0,23,36,0,Active,None,BR011,625
LN000500,CUST02441,Business Loan,2416307.0,11.65,2,113346.0,2023-12-07,2025-12-06,1940254.0,6,24,0,Active,None,BR020,796
LN000501,CUST02988,Gold Loan,121199.0,9.04,3,3856.0,2023-06-27,2026-06-26,37524.0,31,36,0,Active,Gold,BR045,705
LN000502,CUST02689,Car Loan,626390.0,8.1,3,19658.0,2020-11-17,2023-11-17,612629.0,1,36,365,NPA,Vehicle,BR006,743
LN000503,CUST01443,Home Loan,8677755.0,8.85,10,109221.0,2022-06-15,2032-06-12,5084384.0,47,120,0,Active,Property,BR038,730
LN000504,CUST02048,Personal Loan,774053.0,12.3,1,68882.0,2023-08-06,2024-08-05,725836.0,1,12,0,Active,None,BR021,701
LN000505,CUST02629,Credit Card Loan,178862.0,18.74,1,16461.0,2023-03-21,2024-03-20,40590.0,12,12,0,Active,None,BR028,821
LN000506,CUST01211,Business Loan,913880.0,14.19,7,17220.0,2023-02-17,2030-02-15,757178.0,13,84,0,Active,None,BR007,624
LN000507,CUST01703,Gold Loan,351077.0,8.89,1,30684.0,2023-12-06,2024-12-05,157768.0,9,12,0,Active,Gold,BR001,724
LN000508,CUST00832,Business Loan,7907457.0,12.84,1,705671.0,2020-09-23,2021-09-23,3461730.0,9,12,0,Active,None,BR037,669
LN000509,CUST00874,Credit Card Loan,150211.0,19.36,1,13869.0,2020-01-27,2021-01-26,82253.0,7,12,60,Special Mention,None,BR028,690
LN000510,CUST01080,Personal Loan,434307.0,15.54,7,8513.0,2020-02-22,2027-02-20,374716.0,10,84,0,Active,None,BR010,803
LN000511,CUST02606,Home Loan,1137567.0,8.61,1,99277.0,2020-04-05,2021-04-05,373134.0,11,12,0,Active,Property,BR016,727
LN000512,CUST01820,Home Loan,6867795.0,8.41,15,67271.0,2022-07-22,2037-07-18,4795848.0,44,180,0,Active,Property,BR015,657
LN000513,CUST00191,Credit Card Loan,136270.0,20.16,1,12634.0,2021-04-07,2022-04-07,56676.0,9,12,0,Active,None,BR014,686
LN000514,CUST01504,Business Loan,1125819.0,10.83,3,36769.0,2023-01-26,2026-01-25,456623.0,26,36,0,Active,None,BR044,691
LN000515,CUST01682,Home Loan,5597920.0,9.06,2,255886.0,2020-07-29,2022-07-29,5597920.0,0,24,0,Active,Property,BR027,709
LN000516,CUST01673,Home Loan,1299150.0,10.94,7,22203.0,2022-06-25,2029-06-23,1128187.0,11,84,0,Active,Property,BR028,697
LN000517,CUST01208,Home Loan,13049150.0,8.74,20,115240.0,2021-05-16,2041-05-11,10387106.0,33,240,0,Active,Property,BR008,688
LN000518,CUST02102,Credit Card Loan,82113.0,17.14,2,4066.0,2020-10-20,2022-10-20,28035.0,19,24,365,NPA,None,BR040,663
LN000519,CUST00579,Car Loan,1787502.0,9.02,3,56858.0,2021-06-09,2024-06-08,832288.0,24,36,0,Active,Vehicle,BR040,632
LN000520,CUST01899,Credit Card Loan,155577.0,17.86,2,7756.0,2022-06-09,2024-06-08,57851.0,18,24,0,Active,None,BR032,733
LN000521,CUST00901,Business Loan,3199067.0,13.79,2,153277.0,2022-09-17,2024-09-16,3199067.0,0,24,0,Active,None,BR004,735
LN000522,CUST02419,Gold Loan,59078.0,11.83,3,1957.0,2022-04-26,2025-04-25,33050.0,19,36,0,Active,Gold,BR026,717
LN000523,CUST02098,Car Loan,1558215.0,10.06,5,33153.0,2021-06-23,2026-06-22,653138.0,39,60,0,Active,Vehicle,BR023,632
LN000524,CUST02317,Credit Card Loan,173563.0,16.61,1,15798.0,2021-07-11,2022-07-11,162504.0,1,12,0,Active,None,BR036,900
LN000525,CUST00101,Business Loan,8107837.0,12.94,7,147230.0,2022-10-11,2029-10-09,5943556.0,21,84,0,Active,None,BR037,636
LN000526,CUST00804,Gold Loan,434287.0,10.63,3,14141.0,2020-02-07,2023-02-06,236313.0,20,36,60,Special Mention,Gold,BR037,659
LN000527,CUST00965,Home Loan,13072921.0,10.29,10,174898.0,2020-10-05,2030-10-03,7441205.0,46,120,30,Special Mention,Property,BR038,687
LN000528,CUST01705,Education Loan,167143.0,10.12,7,2785.0,2021-07-21,2028-07-19,161294.0,3,84,0,Active,None,BR028,736
LN000529,CUST01351,Car Loan,2604836.0,8.69,1,227417.0,2021-06-25,2022-06-25,1331301.0,8,12,0,Active,Vehicle,BR040,689
LN000530,CUST01087,Gold Loan,98064.0,8.89,1,8571.0,2021-06-25,2022-06-25,98064.0,0,12,0,Active,Gold,BR027,754
LN000531,CUST01061,Car Loan,2982973.0,10.03,3,96300.0,2023-08-15,2026-08-14,2106643.0,13,36,0,Active,Vehicle,BR048,853
LN000532,CUST01044,Home Loan,14296573.0,7.23,3,442924.0,2021-09-07,2024-09-06,7165497.0,23,36,90,NPA,Property,BR004,789
LN000533,CUST00509,Home Loan,12090805.0,10.18,10,161016.0,2022-02-10,2032-02-08,7356935.0,42,120,0,Active,Property,BR040,739
LN000534,CUST01255,Personal Loan,960207.0,13.95,3,32796.0,2020-03-24,2023-03-24,569935.0,17,36,0,Active,None,BR006,838
LN000535,CUST01503,Personal Loan,578829.0,12.79,7,10465.0,2022-01-04,2029-01-02,337088.0,33,84,30,Special Mention,None,BR020,655
LN000536,CUST01143,Education Loan,1584351.0,11.59,1,140467.0,2022-06-28,2023-06-28,994390.0,6,12,0,Active,None,BR031,717
LN000537,CUST00535,Business Loan,5856530.0,13.57,5,134981.0,2020-06-19,2025-06-18,4817176.0,11,60,0,Active,None,BR013,646
LN000538,CUST00425,Gold Loan,108604.0,9.72,1,9534.0,2021-09-07,2022-09-07,81909.0,4,12,30,Special Mention,Gold,BR006,745
LN000539,CUST01209,Education Loan,1037230.0,9.38,3,33167.0,2020-01-20,2023-01-19,271072.0,33,36,0,Active,None,BR020,631
LN000540,CUST00323,Home Loan,12219712.0,9.11,15,124708.0,2020-06-22,2035-06-19,9338957.0,33,180,0,Active,Property,BR013,663
LN000541,CUST01546,Business Loan,9803710.0,13.95,7,183428.0,2020-06-01,2027-05-31,8519714.0,10,84,60,Special Mention,None,BR017,724
LN000542,CUST02091,Personal Loan,1030512.0,12.07,5,22959.0,2024-02-02,2029-01-31,982298.0,3,60,0,Active,None,BR028,731
LN000543,CUST00683,Credit Card Loan,140312.0,17.38,3,5029.0,2020-05-09,2023-05-09,55825.0,24,36,0,Active,None,BR040,656
LN000544,CUST02275,Personal Loan,280865.0,12.95,5,6383.0,2020-08-07,2025-08-06,169162.0,25,60,0,Active,None,BR037,638
LN000545,CUST01105,Business Loan,8703970.0,13.39,1,779024.0,2020-06-17,2021-06-17,7068020.0,3,12,0,Active,None,BR012,776
LN000546,CUST01627,Home Loan,2491815.0,8.32,30,18840.0,2024-03-11,2054-03-04,2082987.0,31,360,0,Active,Property,BR050,680
LN000547,CUST01782,Personal Loan,1082726.0,12.7,2,51322.0,2021-03-31,2023-03-31,939024.0,4,24,0,Active,None,BR016,719
LN000548,CUST02102,Home Loan,13272386.0,10.67,2,616585.0,2021-05-23,2023-05-23,10682729.0,6,24,365,NPA,Property,BR040,663
LN000549,CUST01544,Home Loan,6468612.0,9.91,7,107074.0,2021-10-06,2028-10-04,4744721.0,23,84,0,Active,Property,BR010,673
LN000550,CUST01599,Business Loan,6115876.0,12.24,7,108743.0,2021-04-01,2028-03-30,3375552.0,36,84,0,Active,None,BR038,717
LN000551,CUST02101,Gold Loan,383449.0,10.78,2,17832.0,2020-02-13,2022-02-12,271107.0,9,24,0,Active,Gold,BR036,722
LN000552,CUST00541,Business Loan,2351039.0,13.8,7,43797.0,2024-04-21,2031-04-20,1431302.0,30,84,0,Active,None,BR008,759
LN000553,CUST00889,Car Loan,2789369.0,8.38,7,44000.0,2021-10-14,2028-10-12,2388969.0,13,84,30,Special Mention,Vehicle,BR045,732
LN000554,CUST01843,Education Loan,737200.0,11.22,5,16108.0,2020-08-19,2025-08-18,207247.0,47,60,30,Special Mention,None,BR044,662
LN000555,CUST00597,Education Loan,528627.0,10.54,7,8924.0,2023-02-28,2030-02-26,241274.0,46,84,0,Active,None,BR043,686
LN000556,CUST02954,Personal Loan,1270785.0,13.9,1,114038.0,2021-02-25,2022-02-25,1031305.0,3,12,0,Active,None,BR050,782
LN000557,CUST01142,Home Loan,9325594.0,9.07,30,75490.0,2024-04-30,2054-04-23,7211874.0,40,360,0,Active,Property,BR045,783
LN000558,CUST02483,Education Loan,492298.0,11.68,3,16276.0,2021-09-07,2024-09-06,104929.0,34,36,0,Active,None,BR021,819
LN000559,CUST02861,Business Loan,2006904.0,13.13,1,179378.0,2022-11-04,2023-11-04,751258.0,10,12,60,Special Mention,None,BR019,656
LN000560,CUST00603,Gold Loan,130161.0,11.22,3,4275.0,2022-07-22,2025-07-21,31408.0,33,36,0,Active,Gold,BR029,772
LN000561,CUST00744,Gold Loan,460545.0,10.97,3,15071.0,2023-06-25,2026-06-24,165153.0,28,36,180,NPA,Gold,BR036,709
LN000562,CUST00420,Credit Card Loan,138001.0,17.46,5,3464.0,2020-09-18,2025-09-17,55558.0,34,60,60,Special Mention,None,BR016,689
LN000563,CUST01045,Home Loan,10538417.0,7.2,20,82960.0,2020-05-24,2040-05-19,8447825.0,36,240,60,Special Mention,Property,BR010,676
LN000564,CUST01251,Car Loan,1706036.0,8.44,2,77498.0,2023-06-24,2025-06-23,404070.0,24,24,0,Active,Vehicle,BR036,706
LN000565,CUST02033,Education Loan,152035.0,12.49,1,13543.0,2024-03-14,2025-03-14,47754.0,11,12,60,Special Mention,None,BR041,764
LN000566,CUST01509,Car Loan,1877820.0,9.56,2,86271.0,2024-05-22,2026-05-22,1877820.0,0,24,0,Active,Vehicle,BR018,758
LN000567,CUST01215,Credit Card Loan,106089.0,20.3,1,9843.0,2020-11-03,2021-11-03,99199.0,1,12,0,Active,None,BR043,677
LN000568,CUST00830,Home Loan,11322488.0,8.18,3,355739.0,2021-11-05,2024-11-04,7587228.0,15,36,0,Active,Property,BR047,686
LN000569,CUST02956,Gold Loan,449911.0,12.47,2,21277.0,2022-07-05,2024-07-04,360548.0,6,24,30,Special Mention,Gold,BR044,900
LN000570,CUST02813,Business Loan,2595024.0,14.24,5,60707.0,2021-09-18,2026-09-17,1362672.0,29,60,90,NPA,None,BR038,810
LN000571,CUST00589,Home Loan,2422956.0,9.32,2,111050.0,2020-03-16,2022-03-16,1801076.0,8,24,0,Active,Property,BR006,740
LN000572,CUST00953,Gold Loan,470570.0,10.92,7,8036.0,2023-05-06,2030-05-04,346816.0,22,84,0,Active,Gold,BR018,622
LN000573,CUST01035,Home Loan,14854097.0,8.86,15,149466.0,2021-08-11,2036-08-07,12343068.0,24,180,30,Special Mention,Property,BR033,666
LN000574,CUST02442,Credit Card Loan,69561.0,17.88,3,2511.0,2021-10-22,2024-10-21,29134.0,23,36,0,Active,None,BR031,794
LN000575,CUST00609,Business Loan,8484166.0,14.46,7,161163.0,2020-04-09,2027-04-08,3633160.0,43,84,0,Active,None,BR040,739
LN000576,CUST01511,Gold Loan,142071.0,10.36,2,6580.0,2023-10-21,2025-10-20,77587.0,14,24,0,Active,Gold,BR043,622
LN000577,CUST01500,Education Loan,162578.0,9.31,3,5194.0,2020-07-02,2023-07-02,104405.0,16,36,0,Active,None,BR029,743
LN000578,CUST02247,Gold Loan,77723.0,8.67,7,1238.0,2021-03-20,2028-03-18,76856.0,1,84,0,Active,Gold,BR001,638
LN000579,CUST02384,Credit Card Loan,59454.0,17.9,2,2965.0,2021-02-26,2023-02-26,30397.0,14,24,30,Special Mention,None,BR009,838
LN000580,CUST00765,Gold Loan,90330.0,9.82,5,1911.0,2021-02-22,2026-02-21,82304.0,6,60,0,Active,Gold,BR012,757
LN000581,CUST00226,Personal Loan,106710.0,12.2,2,5033.0,2023-11-08,2025-11-07,99664.0,2,24,180,NPA,None,BR007,765
LN000582,CUST01115,Credit Card Loan,127841.0,19.57,1,11816.0,2021-05-16,2022-05-16,61671.0,8,12,0,Active,None,BR026,719
LN000583,CUST02028,Education Loan,1619320.0,11.99,3,53777.0,2020-07-03,2023-07-03,1129949.0,13,36,0,Active,None,BR002,792
LN000584,CUST02352,Education Loan,411701.0,10.23,5,8793.0,2021-12-28,2026-12-27,325530.0,14,60,0,Active,None,BR010,748
LN000585,CUST01881,Education Loan,1931133.0,10.41,1,170143.0,2022-03-19,2023-03-19,1097432.0,7,12,0,Active,None,BR022,758
LN000586,CUST00903,Education Loan,1198729.0,10.32,5,25661.0,2022-08-16,2027-08-15,480221.0,40,60,0,Active,None,BR016,687
LN000587,CUST02228,Credit Card Loan,163312.0,19.76,1,15110.0,2022-10-25,2023-10-25,163312.0,0,12,0,Active,None,BR014,801
LN000588,CUST01292,Credit Card Loan,125880.0,19.19,5,3278.0,2021-01-22,2026-01-21,123585.0,1,60,30,Special Mention,None,BR041,853
LN000589,CUST01362,Gold Loan,116654.0,9.96,5,2476.0,2023-10-25,2028-10-23,109721.0,4,60,0,Active,Gold,BR011,758
LN000590,CUST02939,Gold Loan,261579.0,11.31,3,8603.0,2022-12-29,2025-12-28,80916.0,30,36,0,Active,Gold,BR047,616
LN000591,CUST02058,Car Loan,584464.0,10.8,5,12648.0,2023-03-17,2028-03-15,540196.0,5,60,90,NPA,Vehicle,BR014,758
LN000592,CUST00235,Education Loan,1846985.0,11.47,3,60878.0,2020-11-14,2023-11-14,866849.0,23,36,0,Active,None,BR018,814
LN000593,CUST02019,Car Loan,2444039.0,8.86,2,111503.0,2024-05-26,2026-05-26,1897674.0,7,24,0,Active,Vehicle,BR004,733
LN000594,CUST02136,Business Loan,1495952.0,12.93,3,50356.0,2021-06-15,2024-06-14,1354955.0,4,36,0,Active,None,BR038,665
LN000595,CUST02906,Car Loan,872925.0,10.92,5,18946.0,2020-09-06,2025-09-05,448535.0,32,60,60,Special Mention,Vehicle,BR037,760
LN000596,CUST01723,Personal Loan,450981.0,13.47,7,8320.0,2024-05-31,2031-05-30,282085.0,29,84,60,Special Mention,None,BR038,739
LN000597,CUST01000,Gold Loan,154540.0,11.51,3,5097.0,2021-08-31,2024-08-30,122429.0,9,36,0,Active,Gold,BR023,735
LN000598,CUST01551,Personal Loan,1288470.0,12.22,3,42932.0,2023-01-18,2026-01-17,326793.0,32,36,0,Active,None,BR015,713
LN000599,CUST00903,Credit Card Loan,14224.0,17.97,2,710.0,2021-10-25,2023-10-25,9751.0,9,24,0,Active,None,BR016,687
LN000600,CUST01025,Education Loan,613700.0,9.92,5,13016.0,2023-05-09,2028-05-07,486143.0,14,60,0,Active,None,BR044,816
LN000601,CUST01156,Business Loan,5249449.0,12.61,7,94382.0,2023-01-16,2030-01-14,3994168.0,19,84,0,Active,None,BR028,771
LN000602,CUST01434,Personal Loan,1037481.0,14.25,3,35583.0,2020-10-16,2023-10-16,888032.0,6,36,60,Special Mention,None,BR013,658
LN000603,CUST00881,Education Loan,1979843.0,9.17,1,173295.0,2023-11-18,2024-11-17,1615924.0,3,12,0,Active,None,BR032,863
LN000604,CUST00633,Home Loan,11360568.0,8.67,7,180873.0,2021-02-07,2028-02-06,5663068.0,45,84,0,Active,Property,BR004,714
LN000605,CUST01620,Education Loan,1666267.0,11.05,1,147305.0,2024-02-28,2025-02-27,428905.0,12,12,0,Active,None,BR042,761
LN000606,CUST00100,Education Loan,1995778.0,11.84,1,177171.0,2023-02-22,2024-02-22,1747739.0,2,12,0,Active,None,BR030,691
LN000607,CUST00019,Personal Loan,226382.0,13.09,7,4130.0,2021-06-10,2028-06-08,223491.0,1,84,0,Active,None,BR050,629
LN000608,CUST02318,Home Loan,10631129.0,10.51,7,179319.0,2022-12-27,2029-12-25,7618570.0,24,84,0,Active,Property,BR025,666
LN000609,CUST01695,Car Loan,460756.0,8.08,5,9359.0,2020-04-30,2025-04-29,428000.0,5,60,0,Active,Vehicle,BR002,717
LN000610,CUST00987,Car Loan,1698787.0,11.71,3,56189.0,2022-03-27,2025-03-26,1620122.0,2,36,0,Active,Vehicle,BR003,789
LN000611,CUST01477,Credit Card Loan,111196.0,18.04,3,4022.0,2022-12-14,2025-12-13,68965.0,15,36,0,Active,None,BR020,678
LN000612,CUST01398,Business Loan,2044490.0,11.05,5,44504.0,2024-05-17,2029-05-16,1857573.0,6,60,60,Special Mention,None,BR045,649
LN000613,CUST01377,Gold Loan,199950.0,12.03,5,4450.0,2022-10-24,2027-10-23,175030.0,8,60,0,Active,Gold,BR047,681
LN000614,CUST01054,Business Loan,4698356.0,12.35,2,221938.0,2020-12-12,2022-12-12,2212650.0,16,24,0,Active,None,BR035,853
LN000615,CUST02662,Education Loan,1049153.0,10.13,2,48475.0,2022-06-17,2024-06-16,743760.0,9,24,0,Active,None,BR007,642
LN000616,CUST00618,Education Loan,1175912.0,10.61,5,25340.0,2024-01-24,2029-01-22,803414.0,21,60,0,Active,None,BR038,739
LN000617,CUST01963,Credit Card Loan,75799.0,17.52,1,6932.0,2020-12-13,2021-12-13,75799.0,0,12,0,Active,None,BR033,735
LN000618,CUST01849,Gold Loan,111104.0,9.33,7,1806.0,2022-07-14,2029-07-12,75706.0,28,84,0,Active,Gold,BR033,745
LN000619,CUST01624,Gold Loan,117494.0,9.97,1,10328.0,2022-05-01,2023-05-01,110264.0,1,12,0,Active,Gold,BR012,644
LN000620,CUST01501,Car Loan,2996590.0,10.6,1,264279.0,2020-09-22,2021-09-22,1516628.0,8,12,0,Active,Vehicle,BR005,763
LN000621,CUST01318,Education Loan,1189351.0,10.78,3,38812.0,2021-08-02,2024-08-01,836162.0,13,36,0,Active,None,BR036,812
LN000622,CUST01564,Education Loan,1492786.0,11.21,1,132081.0,2023-11-21,2024-11-20,845589.0,7,12,0,Active,None,BR017,744
LN000623,CUST01060,Business Loan,1387149.0,11.5,3,45744.0,2021-09-10,2024-09-09,778754.0,19,36,0,Active,None,BR003,668
LN000624,CUST01182,Personal Loan,819194.0,14.53,3,28208.0,2021-10-11,2024-10-10,759957.0,3,36,0,Active,None,BR013,782
LN000625,CUST00427,Credit Card Loan,137980.0,18.66,7,2953.0,2024-03-15,2031-03-14,49095.0,43,84,0,Active,None,BR019,802
LN000626,CUST02646,Education Loan,1083803.0,12.64,1,96619.0,2020-02-01,2021-01-31,610370.0,7,12,0,Active,None,BR013,638
LN000627,CUST02372,Home Loan,1123731.0,7.8,15,10610.0,2022-05-29,2037-05-25,915775.0,28,180,0,Active,Property,BR029,668
LN000628,CUST01357,Education Loan,324609.0,10.62,5,6996.0,2023-09-10,2028-09-08,99338.0,46,60,0,Active,None,BR048,679
LN000629,CUST02842,Business Loan,4030493.0,11.7,3,133299.0,2020-09-02,2023-09-02,1604451.0,26,36,0,Active,None,BR023,628
LN000630,CUST00977,Home Loan,5283072.0,8.53,30,40725.0,2020-06-17,2050-06-10,5083520.0,7,360,0,Active,Property,BR006,667
LN000631,CUST02427,Personal Loan,293768.0,13.42,5,6748.0,2021-12-24,2026-12-23,114271.0,38,60,0,Active,None,BR026,734
LN000632,CUST02420,Gold Loan,126517.0,12.01,1,11241.0,2022-08-08,2023-08-08,110780.0,2,12,0,Active,Gold,BR013,636
LN000633,CUST01591,Gold Loan,443202.0,12.4,1,39462.0,2023-12-15,2024-12-14,166968.0,10,12,60,Special Mention,Gold,BR015,648
LN000634,CUST00043,Credit Card Loan,66541.0,20.4,1,6177.0,2024-01-20,2025-01-19,53569.0,3,12,60,Special Mention,None,BR027,679
LN000635,CUST01320,Personal Loan,1068165.0,13.56,5,24612.0,2023-06-17,2028-06-15,930338.0,8,60,0,Active,None,BR044,675
LN000636,CUST01997,Home Loan,2247631.0,10.97,10,30923.0,2024-04-14,2034-04-12,1381787.0,40,120,0,Active,Property,BR031,682
LN000637,CUST02016,Car Loan,1731227.0,11.46,1,153383.0,2023-07-05,2024-07-04,1623859.0,1,12,0,Active,Vehicle,BR034,706
LN000638,CUST00311,Home Loan,13545394.0,9.46,30,113518.0,2020-02-16,2050-02-08,10605278.0,37,360,30,Special Mention,Property,BR050,692
LN000639,CUST02401,Home Loan,7105086.0,7.11,5,141058.0,2022-12-31,2027-12-30,6907605.0,2,60,0,Active,Property,BR021,643
LN000640,CUST01632,Personal Loan,1232153.0,15.66,3,43113.0,2020-01-10,2023-01-09,749287.0,16,36,0,Active,None,BR013,656
LN000641,CUST00126,Credit Card Loan,49043.0,17.25,3,1755.0,2021-06-02,2024-06-01,42900.0,5,36,0,Active,None,BR044,900
LN000642,CUST01924,Personal Loan,330432.0,12.02,5,7354.0,2021-06-15,2026-06-14,109077.0,43,60,30,Special Mention,None,BR039,701
LN000643,CUST02619,Business Loan,6378020.0,11.77,3,211136.0,2022-01-02,2025-01-01,4013297.0,16,36,0,Active,None,BR031,723
LN000644,CUST01348,Education Loan,352550.0,12.38,1,31386.0,2022-09-15,2023-09-15,242699.0,5,12,0,Active,None,BR049,840
LN000645,CUST00953,Credit Card Loan,148762.0,18.84,1,13698.0,2020-06-20,2021-06-20,81642.0,7,12,0,Active,None,BR018,622
LN000646,CUST00459,Education Loan,1168586.0,10.97,5,25392.0,2024-05-14,2029-05-13,457610.0,40,60,90,NPA,None,BR026,661
LN000647,CUST01551,Credit Card Loan,89592.0,18.31,5,2290.0,2021-04-24,2026-04-23,76768.0,8,60,0,Active,None,BR015,713
LN000648,CUST02382,Education Loan,1548706.0,11.8,3,51291.0,2021-07-29,2024-07-28,866536.0,19,36,365,NPA,None,BR024,706
LN000649,CUST01229,Education Loan,626536.0,12.44,7,11207.0,2023-07-06,2030-07-04,446103.0,23,84,180,NPA,None,BR036,785
LN000650,CUST02024,Business Loan,3833989.0,12.17,2,180777.0,2020-08-12,2022-08-12,1050023.0,22,24,0,Active,None,BR014,617
LN000651,CUST02053,Car Loan,1800177.0,8.97,5,37340.0,2023-12-29,2028-12-27,1408107.0,15,60,0,Active,Vehicle,BR012,667
LN000652,CUST00714,Credit Card Loan,130364.0,18.07,7,2745.0,2021-07-02,2028-06-30,84248.0,24,84,0,Active,None,BR049,724
LN000653,CUST00659,Personal Loan,1450737.0,14.66,5,34254.0,2020-06-26,2025-06-25,899248.0,23,60,0,Active,None,BR032,719
LN000654,CUST01915,Business Loan,5611567.0,13.62,7,103984.0,2024-05-14,2031-05-13,3646269.0,27,84,0,Active,None,BR016,726
LN000655,CUST00813,Car Loan,1823511.0,10.03,5,38774.0,2022-03-27,2027-03-26,1226391.0,22,60,365,NPA,Vehicle,BR011,819
LN000656,CUST00896,Education Loan,1765423.0,10.93,3,57737.0,2023-10-08,2026-10-07,1240016.0,13,36,30,Special Mention,None,BR039,734
LN000657,CUST00711,Credit Card Loan,105489.0,19.12,5,2744.0,2020-05-08,2025-05-07,95885.0,5,60,0,Active,None,BR038,723
LN000658,CUST00661,Car Loan,2102755.0,10.76,2,97772.0,2022-03-02,2024-03-01,1760553.0,5,24,60,Special Mention,Vehicle,BR049,659
LN000659,CUST01852,Home Loan,9002224.0,10.83,20,91878.0,2023-08-01,2043-07-27,8809280.0,3,240,60,Special Mention,Property,BR011,792
LN000660,CUST01350,Home Loan,6158041.0,10.45,2,285456.0,2022-06-04,2024-06-03,1562199.0,23,24,0,Active,Property,BR001,683
LN000661,CUST02607,Personal Loan,476287.0,12.36,5,10682.0,2022-11-25,2027-11-24,207101.0,36,60,60,Special Mention,None,BR029,689
LN000662,CUST01818,Car Loan,1675294.0,8.15,5,34093.0,2022-11-23,2027-11-22,1341183.0,14,60,0,Active,Vehicle,BR020,640
LN000663,CUST02330,Car Loan,506971.0,11.89,3,16813.0,2022-07-08,2025-07-07,342204.0,14,36,0,Active,Vehicle,BR037,763
LN000664,CUST02318,Personal Loan,1052506.0,13.23,7,19277.0,2021-10-13,2028-10-11,593713.0,34,84,0,Active,None,BR025,666
LN000665,CUST00848,Gold Loan,498740.0,10.66,3,16247.0,2021-12-05,2024-12-04,89316.0,36,36,0,Active,Gold,BR018,846
LN000666,CUST02617,Car Loan,923622.0,10.69,7,15666.0,2022-08-21,2029-08-19,517873.0,37,84,0,Active,Vehicle,BR017,813
LN000667,CUST02273,Gold Loan,465519.0,10.45,2,21579.0,2022-04-01,2024-03-31,329571.0,9,24,60,Special Mention,Gold,BR025,654
LN000668,CUST01960,Business Loan,4380306.0,13.68,3,149019.0,2023-04-18,2026-04-17,1772474.0,25,36,30,Special Mention,None,BR034,725
LN000669,CUST02476,Home Loan,7062543.0,9.66,15,74428.0,2022-12-07,2037-12-03,7010443.0,1,180,180,NPA,Property,BR026,737
LN000670,CUST02310,Car Loan,2639782.0,9.71,3,84824.0,2022-12-11,2025-12-10,561594.0,35,36,0,Active,Vehicle,BR005,762
LN000671,CUST00376,Home Loan,9264985.0,9.55,10,120132.0,2022-09-09,2032-09-06,6910398.0,28,120,0,Active,Property,BR018,647
LN000672,CUST01272,Car Loan,864241.0,9.48,7,14116.0,2022-04-24,2029-04-22,449231.0,42,84,30,Special Mention,Vehicle,BR004,730
LN000673,CUST02466,Gold Loan,200080.0,12.42,3,6686.0,2022-03-10,2025-03-09,181359.0,4,36,0,Active,Gold,BR043,756
LN000674,CUST01743,Education Loan,1046576.0,9.13,7,16910.0,2020-01-18,2027-01-16,726977.0,27,84,0,Active,None,BR019,702
LN000675,CUST02980,Business Loan,8585929.0,12.18,3,285925.0,2022-02-11,2025-02-10,5583716.0,15,36,60,Special Mention,None,BR047,728
LN000676,CUST00378,Car Loan,832906.0,9.87,1,73176.0,2020-06-26,2021-06-26,474344.0,7,12,0,Active,Vehicle,BR014,723
LN000677,CUST02093,Personal Loan,395658.0,15.0,7,7635.0,2021-02-06,2028-02-05,192567.0,38,84,0,Active,None,BR030,726
LN000678,CUST00732,Gold Loan,62792.0,10.16,2,2902.0,2021-06-06,2023-06-06,16070.0,23,24,0,Active,Gold,BR026,652
LN000679,CUST02294,Education Loan,1868473.0,12.44,3,62450.0,2021-07-05,2024-07-04,1169033.0,16,36,0,Active,None,BR030,677
LN000680,CUST00069,Credit Card Loan,118279.0,20.1,2,6026.0,2020-06-30,2022-06-30,88752.0,7,24,0,Active,None,BR019,729
LN000681,CUST01488,Gold Loan,450389.0,9.82,1,39558.0,2020-05-27,2021-05-27,173483.0,10,12,30,Special Mention,Gold,BR043,600
LN000682,CUST02707,Home Loan,7127021.0,7.73,20,58438.0,2023-06-30,2043-06-25,6840675.0,7,240,0,Active,Property,BR023,721
LN000683,CUST02656,Home Loan,5308642.0,8.7,3,168063.0,2020-09-11,2023-09-11,4838066.0,4,36,90,NPA,Property,BR006,744
LN000684,CUST01783,Credit Card Loan,118911.0,18.35,2,5957.0,2021-04-26,2023-04-26,27173.0,22,24,0,Active,None,BR042,611
LN000685,CUST01240,Home Loan,9351856.0,7.92,5,189249.0,2021-05-12,2026-05-11,7497216.0,14,60,30,Special Mention,Property,BR020,790
LN000686,CUST01275,Car Loan,1492176.0,9.67,7,24522.0,2021-02-19,2028-02-18,891387.0,35,84,0,Active,Vehicle,BR040,761
LN000687,CUST00451,Education Loan,659613.0,11.94,3,21891.0,2023-08-01,2026-07-31,613642.0,3,36,0,Active,None,BR050,685
LN000688,CUST00185,Personal Loan,101744.0,15.92,7,2016.0,2020-05-21,2027-05-20,62230.0,28,84,0,Active,None,BR043,799
LN000689,CUST02120,Credit Card Loan,164479.0,18.04,2,8214.0,2023-04-02,2025-04-01,95481.0,12,24,90,NPA,None,BR006,689
LN000690,CUST00460,Personal Loan,396530.0,15.41,7,7743.0,2022-09-25,2029-09-23,239347.0,29,84,0,Active,None,BR043,615
LN000691,CUST01436,Gold Loan,334882.0,11.6,7,5840.0,2024-03-26,2031-03-25,155010.0,44,84,0,Active,Gold,BR043,708
LN000692,CUST00574,Personal Loan,1466487.0,14.05,2,70442.0,2022-02-01,2024-02-01,430990.0,21,24,90,NPA,None,BR017,677
LN000693,CUST01516,Home Loan,11878246.0,10.59,1,1047568.0,2024-05-21,2025-05-21,3078675.0,12,12,0,Active,Property,BR029,686
LN000694,CUST00915,Business Loan,4218910.0,12.38,5,94663.0,2021-02-17,2026-02-16,3755061.0,7,60,30,Special Mention,None,BR017,683
LN000695,CUST00906,Credit Card Loan,92119.0,20.39,7,2067.0,2021-06-25,2028-06-23,70416.0,15,84,0,Active,None,BR046,715
LN000696,CUST00579,Credit Card Loan,62909.0,17.09,1,5740.0,2021-10-15,2022-10-15,42819.0,5,12,0,Active,None,BR040,632
LN000697,CUST02353,Car Loan,2723431.0,8.15,1,237091.0,2021-01-21,2022-01-21,731867.0,12,12,0,Active,Vehicle,BR050,750
LN000698,CUST00600,Car Loan,2040273.0,9.75,5,43102.0,2023-07-18,2028-07-16,1346331.0,23,60,0,Active,Vehicle,BR002,708
LN000699,CUST01262,Business Loan,8361015.0,11.59,5,184271.0,2020-11-19,2025-11-18,2556478.0,45,60,0,Active,None,BR050,704
LN000700,CUST02416,Home Loan,9887805.0,10.97,2,460709.0,2020-02-06,2022-02-05,6340346.0,11,24,0,Active,Property,BR010,725
LN000701,CUST01689,Credit Card Loan,135043.0,17.52,2,6710.0,2021-05-17,2023-05-17,102164.0,7,24,0,Active,None,BR031,727
LN000702,CUST00726,Credit Card Loan,94954.0,19.48,3,3504.0,2020-06-09,2023-06-09,92501.0,1,36,0,Active,None,BR021,692
LN000703,CUST00056,Personal Loan,245333.0,15.82,5,5942.0,2023-06-16,2028-06-14,212058.0,8,60,0,Active,None,BR047,752
LN000704,CUST02796,Credit Card Loan,170215.0,20.18,7,3798.0,2022-08-24,2029-08-22,130336.0,15,84,0,Active,None,BR009,677
LN000705,CUST02280,Personal Loan,84339.0,14.82,3,2916.0,2023-06-06,2026-06-05,78215.0,3,36,0,Active,None,BR023,742
LN000706,CUST02409,Credit Card Loan,113330.0,19.23,5,2954.0,2021-03-06,2026-03-05,78177.0,17,60,0,Active,None,BR035,763
LN000707,CUST00572,Car Loan,1018674.0,10.39,5,21842.0,2022-11-25,2027-11-24,881069.0,9,60,0,Active,Vehicle,BR012,852
LN000708,CUST00245,Home Loan,10340270.0,8.26,7,162510.0,2022-08-29,2029-08-27,7268831.0,27,84,0,Active,Property,BR050,616
LN000709,CUST01129,Education Loan,140576.0,10.76,2,6536.0,2021-07-26,2023-07-26,44497.0,21,24,0,Active,None,BR034,720
LN000710,CUST00924,Education Loan,1761302.0,11.31,7,30444.0,2020-05-06,2027-05-05,1633437.0,6,84,0,Active,None,BR034,652
LN000711,CUST00860,Gold Loan,150006.0,10.45,3,4872.0,2022-10-15,2025-10-14,136364.0,4,36,30,Special Mention,Gold,BR008,743
LN000712,CUST01667,Business Loan,1852820.0,13.15,3,62559.0,2022-04-02,2025-04-01,1020785.0,19,36,30,Special Mention,None,BR033,632
LN000713,CUST01501,Gold Loan,330798.0,12.35,5,7417.0,2022-12-19,2027-12-18,320414.0,2,60,0,Active,Gold,BR005,763
LN000714,CUST01112,Personal Loan,948387.0,14.58,1,85411.0,2024-02-05,2025-02-04,529873.0,7,12,30,Special Mention,None,BR043,740
LN000715,CUST01271,Education Loan,372779.0,11.56,7,6493.0,2020-10-18,2027-10-17,359144.0,3,84,60,Special Mention,None,BR028,786
LN000716,CUST00155,Business Loan,6562215.0,13.26,7,120300.0,2024-03-29,2031-03-28,6393795.0,2,84,0,Active,None,BR021,835
LN000717,CUST01822,Business Loan,6974245.0,11.17,3,228882.0,2023-03-13,2026-03-12,1687071.0,33,36,365,NPA,None,BR015,858
LN000718,CUST02262,Business Loan,6823278.0,11.83,3,226086.0,2020-08-22,2023-08-22,5240676.0,10,36,0,Active,None,BR037,763
LN000719,CUST01280,Gold Loan,285818.0,11.54,7,4975.0,2023-05-13,2030-05-11,129106.0,45,84,0,Active,Gold,BR035,676
LN000720,CUST00947,Gold Loan,99143.0,9.91,1,8712.0,2024-01-06,2025-01-05,68651.0,5,12,90,NPA,Gold,BR015,700
LN000721,CUST00233,Gold Loan,272034.0,10.73,5,5877.0,2021-10-17,2026-10-16,193870.0,19,60,0,Active,Gold,BR038,706
LN000722,CUST00650,Credit Card Loan,23221.0,19.65,7,511.0,2021-12-07,2028-12-05,12848.0,29,84,30,Special Mention,None,BR016,760
LN000723,CUST00940,Education Loan,241429.0,12.48,5,5429.0,2021-01-21,2026-01-20,230028.0,3,60,0,Active,None,BR041,682
LN000724,CUST02103,Education Loan,497974.0,12.11,3,16567.0,2022-03-03,2025-03-02,393602.0,9,36,30,Special Mention,None,BR042,652
LN000725,CUST01930,Credit Card Loan,164320.0,19.3,2,8307.0,2022-08-14,2024-08-13,141060.0,4,24,0,Active,None,BR003,883
LN000726,CUST00583,Credit Card Loan,22372.0,19.2,1,2064.0,2020-12-18,2021-12-18,9369.0,9,12,0,Active,None,BR003,752
LN000727,CUST02851,Business Loan,5736734.0,12.52,1,511102.0,2022-12-23,2023-12-23,5736734.0,0,12,30,Special Mention,None,BR024,656
LN000728,CUST02290,Business Loan,2170427.0,11.13,2,101293.0,2020-02-22,2022-02-21,1603186.0,8,24,0,Active,None,BR020,777
LN000729,CUST01358,Gold Loan,238291.0,10.97,2,11103.0,2023-09-04,2025-09-03,168342.0,9,24,0,Active,Gold,BR041,716
LN000730,CUST00350,Home Loan,10445654.0,7.25,20,82550.0,2022-11-18,2042-11-13,8018684.0,42,240,30,Special Mention,Property,BR043,681
LN000731,CUST02717,Education Loan,947441.0,10.51,7,15982.0,2023-08-19,2030-08-17,589444.0,32,84,0,Active,None,BR049,744
LN000732,CUST01903,Gold Loan,361028.0,8.8,5,7459.0,2020-11-12,2025-11-11,110406.0,48,60,180,NPA,Gold,BR011,760
LN000733,CUST00578,Home Loan,11930072.0,8.65,7,189861.0,2022-08-06,2029-08-04,8607504.0,25,84,0,Active,Property,BR004,747
LN000734,CUST00871,Personal Loan,596478.0,12.8,2,28302.0,2020-11-17,2022-11-17,358741.0,12,24,0,Active,None,BR019,710
LN000735,CUST02196,Car Loan,401207.0,9.44,2,18410.0,2022-11-27,2024-11-26,143467.0,20,24,0,Active,Vehicle,BR013,670
LN000736,CUST00017,Home Loan,8738639.0,7.37,30,60297.0,2020-04-06,2050-03-30,7134739.0,38,360,0,Active,Property,BR031,626
LN000737,CUST01185,Business Loan,8401625.0,11.04,7,144023.0,2021-04-16,2028-04-14,3764084.0,46,84,60,Special Mention,None,BR022,639
LN000738,CUST01262,Car Loan,1119350.0,9.48,1,98137.0,2022-07-23,2023-07-23,294999.0,12,12,0,Active,Vehicle,BR050,704
LN000739,CUST00642,Education Loan,1743462.0,11.9,3,57824.0,2020-01-19,2023-01-18,933926.0,20,36,0,Active,None,BR044,798
LN000740,CUST00774,Business Loan,950893.0,13.78,7,17702.0,2022-01-30,2029-01-28,678282.0,22,84,0,Active,None,BR002,767
LN000741,CUST02234,Credit Card Loan,52825.0,18.12,2,2640.0,2023-01-28,2025-01-27,23257.0,16,24,0,Active,None,BR004,744
LN000742,CUST01886,Education Loan,750933.0,10.55,7,12680.0,2024-05-06,2031-05-05,600041.0,17,84,365,NPA,None,BR039,702
LN000743,CUST02637,Car Loan,1918075.0,10.97,1,169496.0,2020-01-17,2021-01-16,1324839.0,5,12,0,Active,Vehicle,BR002,724
LN000744,CUST00341,Business Loan,3894286.0,10.92,7,66515.0,2021-02-27,2028-02-26,2404350.0,32,84,0,Active,None,BR034,673
LN000745,CUST00570,Car Loan,543172.0,10.06,7,9034.0,2023-01-03,2030-01-01,473610.0,11,84,0,Active,Vehicle,BR030,678
LN000746,CUST01425,Home Loan,10998591.0,8.53,2,500091.0,2023-07-31,2025-07-30,10298464.0,2,24,0,Active,Property,BR042,809
LN000747,CUST01015,Home Loan,13884485.0,9.19,1,1215451.0,2024-02-25,2025-02-24,6227144.0,9,12,0,Active,Property,BR040,810
LN000748,CUST01166,Personal Loan,860519.0,15.66,1,77937.0,2020-09-04,2021-09-04,260404.0,11,12,0,Active,None,BR021,900
LN000749,CUST02164,Gold Loan,90543.0,10.01,7,1504.0,2023-12-30,2030-12-28,47378.0,41,84,0,Active,Gold,BR013,770
LN000750,CUST02225,Car Loan,1537130.0,10.03,7,25541.0,2024-02-25,2031-02-23,804103.0,41,84,0,Active,Vehicle,BR031,680
LN000751,CUST00577,Credit Card Loan,119869.0,16.64,1,10912.0,2024-02-23,2025-02-22,112231.0,1,12,0,Active,None,BR006,729
LN000752,CUST00597,Business Loan,7427610.0,11.14,3,243657.0,2020-03-06,2023-03-06,1628573.0,34,36,60,Special Mention,None,BR043,686
LN000753,CUST01364,Business Loan,8588814.0,13.82,7,160085.0,2021-06-05,2028-06-03,8140576.0,4,84,0,Active,None,BR016,630
LN000754,CUST02489,Education Loan,1019544.0,11.57,5,22459.0,2020-01-17,2025-01-15,280643.0,47,60,0,Active,None,BR017,739
LN000755,CUST00197,Education Loan,780792.0,9.24,2,35756.0,2021-04-17,2023-04-17,455412.0,13,24,30,Special Mention,None,BR003,642
LN000756,CUST02127,Credit Card Loan,191918.0,17.28,7,3953.0,2021-07-03,2028-07-01,117206.0,27,84,0,Active,None,BR002,639
LN000757,CUST00861,Credit Card Loan,47936.0,18.22,2,2398.0,2024-03-03,2026-03-03,24436.0,14,24,0,Active,None,BR007,727
LN000758,CUST01777,Home Loan,13583001.0,9.59,20,127436.0,2022-09-14,2042-09-09,12601744.0,11,240,0,Active,Property,BR002,660
LN000759,CUST01822,Car Loan,2838145.0,9.46,3,90865.0,2022-10-08,2025-10-07,2710934.0,2,36,0,Active,Vehicle,BR015,858
LN000760,CUST02946,Education Loan,1105562.0,11.92,3,36681.0,2020-03-21,2023-03-21,489321.0,24,36,0,Active,None,BR016,624
LN000761,CUST00584,Home Loan,10440110.0,8.92,10,131824.0,2020-08-12,2030-08-10,6379931.0,44,120,90,NPA,Property,BR012,825
LN000762,CUST01801,Education Loan,1146262.0,12.91,1,102332.0,2022-10-15,2023-10-15,716468.0,6,12,0,Active,None,BR011,841
LN000763,CUST01129,Home Loan,9728501.0,7.79,5,196289.0,2020-09-10,2025-09-09,8629283.0,8,60,0,Active,Property,BR034,720
LN000764,CUST00003,Gold Loan,366280.0,10.21,5,7820.0,2024-03-26,2029-03-25,366280.0,0,60,0,Active,Gold,BR013,739
LN000765,CUST01524,Car Loan,304021.0,10.65,3,9904.0,2023-11-03,2026-11-02,144567.0,23,36,0,Active,Vehicle,BR006,641
LN000766,CUST01665,Education Loan,1246767.0,12.45,2,58953.0,2021-02-14,2023-02-14,586493.0,16,24,0,Active,None,BR008,799
LN000767,CUST00828,Car Loan,2810406.0,10.02,1,247111.0,2023-11-29,2024-11-28,2118495.0,4,12,30,Special Mention,Vehicle,BR044,654
LN000768,CUST02664,Car Loan,2198757.0,11.9,1,195254.0,2020-09-10,2021-09-10,1515368.0,5,12,0,Active,Vehicle,BR008,655
LN000769,CUST00686,Personal Loan,681230.0,14.04,1,61180.0,2021-05-23,2022-05-23,595578.0,2,12,0,Active,None,BR033,730
LN000770,CUST02027,Education Loan,751603.0,11.27,5,16444.0,2022-09-09,2027-09-08,682538.0,6,60,0,Active,None,BR019,813
LN000771,CUST00634,Credit Card Loan,47606.0,17.31,2,2361.0,2021-10-30,2023-10-30,19510.0,17,24,365,NPA,None,BR004,680
LN000772,CUST02860,Business Loan,1767802.0,12.68,3,59292.0,2020-09-14,2023-09-14,356652.0,34,36,0,Active,None,BR027,741
LN000773,CUST02997,Personal Loan,454232.0,12.99,2,21592.0,2021-07-26,2023-07-26,318202.0,9,24,30,Special Mention,None,BR002,704
LN000774,CUST02558,Business Loan,6011008.0,14.26,3,206193.0,2020-08-05,2023-08-05,1536620.0,31,36,60,Special Mention,None,BR013,717
LN000775,CUST01692,Home Loan,2654124.0,10.09,7,44180.0,2021-11-24,2028-11-22,2159308.0,16,84,0,Active,Property,BR045,673
LN000776,CUST00623,Credit Card Loan,56087.0,19.24,1,5175.0,2020-06-16,2021-06-16,16240.0,11,12,0,Active,None,BR011,814
LN000777,CUST00580,Credit Card Loan,56238.0,17.49,3,2019.0,2020-04-18,2023-04-18,22319.0,24,36,0,Active,None,BR009,772
LN000778,CUST01778,Credit Card Loan,87871.0,18.14,1,8062.0,2022-11-04,2023-11-04,82228.0,1,12,0,Active,None,BR034,795
LN000779,CUST01924,Personal Loan,798064.0,15.19,1,72102.0,2024-03-19,2025-03-19,495236.0,6,12,0,Active,None,BR039,701
LN000780,CUST02542,Personal Loan,510776.0,13.62,1,45770.0,2022-09-09,2023-09-09,318542.0,6,12,0,Active,None,BR003,628
LN000781,CUST02341,Car Loan,1605777.0,9.72,7,26424.0,2022-04-27,2029-04-25,921395.0,37,84,0,Active,Vehicle,BR024,731
LN000782,CUST00439,Credit Card Loan,37782.0,18.07,3,1367.0,2022-10-03,2025-10-02,36825.0,1,36,365,NPA,None,BR014,739
LN000783,CUST02397,Car Loan,1656698.0,8.23,1,144292.0,2022-09-12,2023-09-12,1454689.0,2,12,90,NPA,Vehicle,BR008,798
LN000784,CUST02643,Business Loan,8037439.0,12.65,1,716547.0,2021-05-22,2022-05-22,3523193.0,9,12,90,NPA,None,BR032,663
LN000785,CUST02078,Gold Loan,407054.0,10.86,1,35950.0,2020-08-20,2021-08-20,381889.0,1,12,0,Active,Gold,BR044,760
LN000786,CUST02946,Credit Card Loan,133980.0,17.72,2,6671.0,2021-07-11,2023-07-11,101292.0,7,24,0,Active,None,BR016,624
LN000787,CUST01023,Car Loan,377782.0,8.66,7,6013.0,2023-03-06,2030-03-04,175745.0,48,84,0,Active,Vehicle,BR049,695
LN000788,CUST02895,Gold Loan,304787.0,11.64,2,14296.0,2020-06-19,2022-06-19,194708.0,11,24,365,NPA,Gold,BR029,748
LN000789,CUST01530,Home Loan,10301243.0,7.15,20,80797.0,2023-08-25,2043-08-20,8038927.0,40,240,0,Active,Property,BR041,663
LN000790,CUST02270,Home Loan,4977672.0,8.67,10,62162.0,2021-10-11,2031-10-09,4847132.0,3,120,0,Active,Property,BR001,768
LN000791,CUST01265,Personal Loan,1405816.0,14.24,3,48211.0,2021-11-01,2024-10-31,967096.0,13,36,30,Special Mention,None,BR004,696
LN000792,CUST02030,Home Loan,13375788.0,7.89,10,161489.0,2023-09-19,2033-09-16,9532350.0,34,120,180,NPA,Property,BR009,723
LN000793,CUST01009,Credit Card Loan,16571.0,19.43,5,434.0,2021-01-13,2026-01-12,9280.0,24,60,0,Active,None,BR006,900
LN000794,CUST01414,Car Loan,753353.0,8.66,3,23837.0,2024-01-01,2026-12-31,169346.0,35,36,0,Active,Vehicle,BR006,825
LN000795,CUST01674,Gold Loan,50579.0,9.95,1,4446.0,2020-07-24,2021-07-24,35018.0,5,12,0,Active,Gold,BR049,631
LN000796,CUST01194,Business Loan,7054282.0,13.38,7,129805.0,2020-03-27,2027-03-26,5055285.0,22,84,0,Active,None,BR027,717
LN000797,CUST01636,Credit Card Loan,131749.0,19.25,7,2866.0,2023-09-04,2030-09-02,59526.0,36,84,0,Active,None,BR036,663
LN000798,CUST01659,Business Loan,5141873.0,11.39,3,169301.0,2022-06-02,2025-06-01,2653148.0,21,36,0,Active,None,BR044,641
LN000799,CUST01117,Home Loan,9491748.0,9.76,7,156416.0,2024-04-22,2031-04-21,6644977.0,26,84,30,Special Mention,Property,BR048,830
LN000800,CUST02658,Education Loan,1735318.0,9.58,3,55653.0,2021-12-25,2024-12-24,527648.0,31,36,180,NPA,None,BR028,824
LN000801,CUST02544,Car Loan,765798.0,8.59,2,34840.0,2022-04-06,2024-04-05,180486.0,24,24,0,Active,Vehicle,BR046,688
LN000802,CUST00267,Credit Card Loan,161444.0,18.93,3,5912.0,2023-02-06,2026-02-05,95230.0,16,36,0,Active,None,BR042,792
LN000803,CUST02272,Credit Card Loan,26845.0,20.18,7,599.0,2020-05-16,2027-05-15,10492.0,39,84,0,Active,None,BR030,684
LN000804,CUST02866,Car Loan,1128125.0,10.42,1,99402.0,2021-01-18,2022-01-18,293148.0,12,12,0,Active,Vehicle,BR034,701
LN000805,CUST00517,Gold Loan,424136.0,11.53,1,37591.0,2021-02-10,2022-02-10,108372.0,12,12,0,Active,Gold,BR049,728
LN000806,CUST01658,Education Loan,410916.0,11.84,7,7219.0,2020-02-12,2027-02-10,284584.0,25,84,0,Active,None,BR021,763
LN000807,CUST02163,Home Loan,13591401.0,10.22,30,121536.0,2020-09-25,2050-09-18,9507791.0,48,360,0,Active,Property,BR025,735
LN000808,CUST01462,Car Loan,1015238.0,10.4,7,17067.0,2023-02-22,2030-02-20,764353.0,21,84,0,Active,Vehicle,BR041,618
LN000809,CUST01854,Gold Loan,448271.0,11.57,2,21011.0,2022-03-14,2024-03-13,345317.0,7,24,0,Active,Gold,BR040,748
LN000810,CUST00169,Business Loan,8730731.0,12.89,2,414614.0,2020-04-15,2022-04-15,5247973.0,12,24,0,Active,None,BR006,699
LN000811,CUST02740,Gold Loan,72876.0,9.78,5,1540.0,2022-09-23,2027-09-22,65330.0,7,60,0,Active,Gold,BR018,788
LN000812,CUST00520,Gold Loan,325891.0,10.33,5,6977.0,2023-01-24,2028-01-23,101232.0,46,60,60,Special Mention,Gold,BR026,743
LN000813,CUST02103,Business Loan,7689300.0,13.17,5,175616.0,2021-11-26,2026-11-25,3263777.0,36,60,180,NPA,None,BR042,652
LN000814,CUST01349,Car Loan,1036874.0,11.9,3,34387.0,2021-05-13,2024-05-12,362889.0,28,36,0,Active,Vehicle,BR001,610
LN000815,CUST01229,Credit Card Loan,30362.0,16.88,2,1499.0,2023-08-04,2025-08-03,17770.0,12,24,0,Active,None,BR036,785
LN000816,CUST01894,Credit Card Loan,91336.0,17.43,1,8349.0,2021-12-25,2022-12-25,91336.0,0,12,0,Active,None,BR014,714
LN000817,CUST00949,Home Loan,4720935.0,9.29,5,98664.0,2023-02-27,2028-02-26,4720935.0,0,60,0,Active,Property,BR046,687
LN000818,CUST00377,Home Loan,8932458.0,9.77,5,188770.0,2023-08-15,2028-08-13,7214651.0,13,60,0,Active,Property,BR010,738
LN000819,CUST00388,Gold Loan,331161.0,11.22,5,7237.0,2024-04-27,2029-04-26,98130.0,46,60,0,Active,Gold,BR016,820
LN000820,CUST02222,Car Loan,993952.0,11.33,5,21773.0,2021-07-20,2026-07-19,643407.0,23,60,90,NPA,Vehicle,BR024,651
LN000821,CUST01133,Personal Loan,988772.0,15.95,3,34739.0,2022-02-15,2025-02-14,161984.0,34,36,0,Active,None,BR028,780
LN000822,CUST02674,Education Loan,946514.0,9.65,2,43525.0,2023-07-17,2025-07-16,459034.0,16,24,0,Active,None,BR020,695
LN000823,CUST02367,Home Loan,8379965.0,9.36,30,69616.0,2021-03-01,2051-02-22,7843922.0,11,360,0,Active,Property,BR008,658
LN000824,CUST02476,Education Loan,579046.0,11.82,2,27208.0,2021-05-07,2023-05-07,483818.0,5,24,365,NPA,None,BR026,737
LN000825,CUST02662,Credit Card Loan,163080.0,17.31,3,5840.0,2020-10-03,2023-10-03,158992.0,1,36,0,Active,None,BR007,642
LN000826,CUST02447,Home Loan,1730854.0,10.8,10,23643.0,2023-04-27,2033-04-24,1548803.0,11,120,0,Active,Property,BR012,704
LN000827,CUST00136,Home Loan,6032508.0,7.75,2,272158.0,2021-01-23,2023-01-23,2984338.0,16,24,0,Active,Property,BR014,787
LN000828,CUST01084,Personal Loan,1323350.0,13.84,3,45129.0,2023-07-31,2026-07-30,470412.0,27,36,0,Active,None,BR041,845
LN000829,CUST01749,Gold Loan,110748.0,10.91,7,1891.0,2022-03-17,2029-03-15,82950.0,21,84,60,Special Mention,Gold,BR050,727
LN000830,CUST02926,Business Loan,2066286.0,11.94,7,36407.0,2023-09-06,2030-09-04,919466.0,45,84,0,Active,None,BR029,740
LN000831,CUST00456,Gold Loan,217101.0,9.93,7,3597.0,2021-11-25,2028-11-23,116385.0,40,84,0,Active,Gold,BR029,670
LN000832,CUST01675,Education Loan,1836373.0,10.78,1,162113.0,2020-09-03,2021-09-03,1042019.0,7,12,0,Active,None,BR005,809
LN000833,CUST01521,Business Loan,7439606.0,12.71,2,352691.0,2023-08-06,2025-08-05,2008165.0,22,24,0,Active,None,BR018,799
LN000834,CUST00658,Business Loan,9946676.0,13.8,1,892165.0,2021-10-18,2022-10-18,9946676.0,0,12,0,Active,None,BR043,737
LN000835,CUST00109,Education Loan,1949699.0,9.4,7,31770.0,2020-05-21,2027-05-20,1504919.0,20,84,0,Active,None,BR024,737
LN000836,CUST02502,Car Loan,617832.0,11.46,3,20363.0,2023-12-30,2026-12-29,404020.0,15,36,0,Active,Vehicle,BR029,757
LN000837,CUST00810,Gold Loan,338732.0,9.0,1,29622.0,2023-05-01,2024-04-30,317997.0,1,12,60,Special Mention,Gold,BR023,656
LN000838,CUST00172,Home Loan,9798836.0,8.56,10,121805.0,2023-01-07,2033-01-04,5791452.0,47,120,0,Active,Property,BR016,769
LN000839,CUST02197,Business Loan,9211122.0,11.59,2,431849.0,2020-11-07,2022-11-07,8001945.0,4,24,0,Active,None,BR011,791
LN000840,CUST00034,Education Loan,1362586.0,9.2,3,43456.0,2023-08-29,2026-08-28,1180071.0,6,36,0,Active,None,BR045,628
LN000841,CUST00668,Gold Loan,162188.0,10.83,3,5297.0,2020-08-03,2023-08-03,43535.0,32,36,60,Special Mention,Gold,BR037,784
LN000842,CUST02425,Education Loan,1141676.0,12.78,3,38347.0,2020-08-09,2023-08-09,819561.0,12,36,0,Active,None,BR036,643
LN000843,CUST02633,Personal Loan,1051437.0,13.09,3,35475.0,2022-05-28,2025-05-27,728614.0,13,36,0,Active,None,BR010,716
LN000844,CUST00054,Education Loan,611693.0,9.78,5,12930.0,2022-07-11,2027-07-10,358265.0,28,60,0,Active,None,BR018,748
LN000845,CUST01874,Credit Card Loan,144703.0,17.13,3,5168.0,2020-10-25,2023-10-25,108527.0,10,36,0,Active,None,BR037,758
LN000846,CUST01807,Home Loan,7901628.0,10.54,1,696652.0,2020-06-29,2021-06-29,2049751.0,12,12,0,Active,Property,BR029,824
LN000847,CUST02323,Credit Card Loan,140243.0,19.02,7,3032.0,2024-04-19,2031-04-18,104162.0,17,84,365,NPA,None,BR004,710
LN000848,CUST02464,Home Loan,3824223.0,9.81,10,50126.0,2021-08-29,2031-08-27,2911930.0,26,120,60,Special Mention,Property,BR018,656
LN000849,CUST02179,Personal Loan,228672.0,15.69,5,5523.0,2024-01-07,2029-01-05,162948.0,17,60,0,Active,None,BR038,821
LN000850,CUST02562,Education Loan,1760381.0,12.83,1,157089.0,2024-05-11,2025-05-11,1540456.0,2,12,0,Active,None,BR033,743
LN000851,CUST02399,Credit Card Loan,156588.0,17.65,7,3259.0,2022-01-05,2029-01-03,113243.0,19,84,0,Active,None,BR001,712
LN000852,CUST00772,Personal Loan,386868.0,12.7,2,18338.0,2020-04-17,2022-04-17,142973.0,19,24,0,Active,None,BR005,659
LN000853,CUST00467,Gold Loan,302412.0,11.9,3,10030.0,2022-05-13,2025-05-12,183055.0,17,36,0,Active,Gold,BR048,818
LN000854,CUST00622,Gold Loan,181161.0,12.19,5,4047.0,2020-12-11,2025-12-10,79177.0,36,60,180,NPA,Gold,BR026,866
LN000855,CUST02706,Education Loan,1286629.0,11.71,1,114138.0,2020-01-02,2021-01-01,807249.0,6,12,0,Active,None,BR016,768
LN000856,CUST02250,Business Loan,5024030.0,11.12,2,234440.0,2022-08-18,2024-08-17,2890626.0,13,24,30,Special Mention,None,BR002,755
LN000857,CUST00047,Business Loan,7185702.0,10.83,3,234689.0,2020-06-29,2023-06-29,6364290.0,5,36,0,Active,None,BR038,687
LN000858,CUST00854,Gold Loan,373150.0,10.92,5,8098.0,2021-12-02,2026-12-01,169080.0,36,60,0,Active,Gold,BR005,761
LN000859,CUST02441,Business Loan,4808190.0,10.77,1,424447.0,2024-01-17,2025-01-16,1837061.0,10,12,180,NPA,None,BR020,796
LN000860,CUST01066,Credit Card Loan,79447.0,19.69,7,1750.0,2021-08-09,2028-08-07,62297.0,14,84,60,Special Mention,None,BR048,618
LN000861,CUST00506,Personal Loan,675576.0,14.67,2,32649.0,2024-05-21,2026-05-21,515596.0,7,24,0,Active,None,BR024,685
LN000862,CUST01731,Business Loan,698295.0,13.73,2,33437.0,2023-08-15,2025-08-14,417424.0,12,24,0,Active,None,BR047,678
LN000863,CUST00684,Business Loan,8353437.0,12.56,2,395421.0,2022-07-01,2024-06-30,3094338.0,19,24,30,Special Mention,None,BR045,736
LN000864,CUST01421,Education Loan,1979899.0,12.24,1,176135.0,2024-03-11,2025-03-11,1240132.0,6,12,0,Active,None,BR032,736
LN000865,CUST01118,Home Loan,4502067.0,10.3,7,75443.0,2023-12-13,2030-12-11,4026776.0,9,84,0,Active,Property,BR034,684
LN000866,CUST01822,Home Loan,7293170.0,9.48,30,61212.0,2022-09-28,2052-09-20,5493537.0,42,360,180,NPA,Property,BR015,858
LN000867,CUST02889,Business Loan,823137.0,14.0,5,19153.0,2021-08-19,2026-08-18,300260.0,39,60,0,Active,None,BR027,682
LN000868,CUST02935,Education Loan,1674511.0,10.0,7,27799.0,2021-06-12,2028-06-10,1246406.0,22,84,0,Active,None,BR004,755
LN000869,CUST01156,Business Loan,5209556.0,11.28,1,461120.0,2022-12-08,2023-12-08,3918420.0,4,12,0,Active,None,BR028,771
LN000870,CUST00332,Car Loan,1100927.0,8.59,3,34799.0,2023-05-21,2026-05-20,711178.0,16,36,90,NPA,Vehicle,BR003,642
LN000871,CUST02422,Business Loan,7376926.0,14.32,2,355289.0,2024-03-16,2026-03-16,6879521.0,2,24,0,Active,None,BR001,767
LN000872,CUST02828,Gold Loan,486920.0,9.89,7,8057.0,2021-06-02,2028-05-31,227485.0,46,84,0,Active,Gold,BR038,682
LN000873,CUST02872,Education Loan,605646.0,11.75,1,53740.0,2020-02-17,2021-02-16,455174.0,4,12,0,Active,None,BR020,834
LN000874,CUST02038,Gold Loan,357445.0,10.8,5,7735.0,2020-03-18,2025-03-17,324958.0,6,60,30,Special Mention,Gold,BR027,652
LN000875,CUST01444,Business Loan,7037158.0,12.8,7,127262.0,2021-04-09,2028-04-07,3295655.0,42,84,0,Active,None,BR046,677
LN000876,CUST00863,Personal Loan,535356.0,13.17,3,18081.0,2020-12-07,2023-12-07,510043.0,2,36,30,Special Mention,None,BR001,846
LN000877,CUST01515,Home Loan,3760315.0,10.61,2,174577.0,2021-08-26,2023-08-26,2416072.0,11,24,0,Active,Property,BR047,694
LN000878,CUST01554,Home Loan,9703282.0,7.4,3,301366.0,2021-01-31,2024-01-31,4851289.0,23,36,0,Active,Property,BR004,661
LN000879,CUST02061,Education Loan,1964466.0,10.95,7,33586.0,2022-06-11,2029-06-09,1353201.0,26,84,0,Active,None,BR012,808
LN000880,CUST01155,Education Loan,320864.0,12.51,7,5752.0,2020-09-12,2027-09-11,147729.0,43,84,0,Active,None,BR013,809
LN000881,CUST00563,Home Loan,13139642.0,8.98,2,600172.0,2023-07-31,2025-07-30,8938438.0,10,24,30,Special Mention,Property,BR017,748
LN000882,CUST02673,Home Loan,13726083.0,8.61,30,106598.0,2020-09-09,2050-09-02,11114432.0,35,360,0,Active,Property,BR036,706
LN000883,CUST01297,Credit Card Loan,45934.0,19.46,7,1005.0,2022-10-07,2029-10-05,22015.0,34,84,0,Active,None,BR006,885
LN000884,CUST01436,Gold Loan,391588.0,8.79,5,8089.0,2020-05-25,2025-05-24,329303.0,11,60,0,Active,Gold,BR043,708
LN000885,CUST01333,Gold Loan,364066.0,8.96,5,7550.0,2022-12-30,2027-12-29,327071.0,7,60,0,Active,Gold,BR043,685
LN000886,CUST01766,Car Loan,384382.0,9.93,2,17725.0,2022-02-02,2024-02-02,161047.0,18,24,0,Active,Vehicle,BR006,666
LN000887,CUST02697,Personal Loan,595671.0,13.16,3,20117.0,2023-06-16,2026-06-15,299951.0,21,36,0,Active,None,BR039,782
LN000888,CUST02001,Credit Card Loan,103254.0,19.32,2,5221.0,2021-06-03,2023-06-03,48434.0,15,24,0,Active,None,BR003,685
LN000889,CUST01634,Car Loan,779999.0,8.58,5,16032.0,2024-02-08,2029-02-06,645330.0,12,60,0,Active,Vehicle,BR042,784
LN000890,CUST02973,Home Loan,11899783.0,10.84,1,1050834.0,2024-03-22,2025-03-22,6015113.0,8,12,60,Special Mention,Property,BR022,616
LN000891,CUST00538,Car Loan,1312989.0,9.6,2,60346.0,2020-02-04,2022-02-03,1101778.0,5,24,0,Active,Vehicle,BR015,716
LN000892,CUST00270,Home Loan,9583822.0,7.45,1,831230.0,2021-04-03,2022-04-03,7256378.0,4,12,0,Active,Property,BR039,696
LN000893,CUST00047,Business Loan,1201739.0,13.19,5,27461.0,2024-03-02,2029-03-01,798062.0,21,60,0,Active,None,BR038,687
LN000894,CUST02140,Car Loan,765719.0,9.46,7,12498.0,2020-02-25,2027-02-23,616993.0,17,84,0,Active,Vehicle,BR008,604
LN000895,CUST00236,Education Loan,384350.0,12.87,3,12926.0,2023-04-04,2026-04-03,230531.0,17,36,0,Active,None,BR027,741
LN000896,CUST00042,Car Loan,1364364.0,8.68,5,28109.0,2021-06-13,2026-06-12,616665.0,38,60,0,Active,Vehicle,BR036,749
LN000897,CUST02155,Gold Loan,94094.0,9.8,1,8263.0,2020-02-02,2021-02-01,76742.0,3,12,0,Active,Gold,BR031,611
LN000898,CUST01097,Home Loan,5424274.0,10.11,20,52758.0,2023-06-10,2043-06-05,3651605.0,48,240,0,Active,Property,BR029,744
LN000899,CUST01337,Gold Loan,163260.0,10.39,3,5298.0,2022-04-08,2025-04-07,52002.0,30,36,30,Special Mention,Gold,BR034,680
LN000900,CUST01166,Credit Card Loan,42920.0,19.0,1,3955.0,2020-02-26,2021-02-25,12467.0,11,12,0,Active,None,BR021,900
LN000901,CUST00303,Home Loan,7953817.0,9.94,5,168768.0,2020-07-18,2025-07-17,6181753.0,15,60,0,Active,Property,BR020,739
LN000902,CUST00558,Personal Loan,1090033.0,15.52,7,21356.0,2020-03-25,2027-03-24,805998.0,19,84,90,NPA,None,BR047,702
LN000903,CUST00342,Personal Loan,1451685.0,13.19,2,69147.0,2021-10-07,2023-10-07,580433.0,18,24,0,Active,None,BR007,724
LN000904,CUST00225,Home Loan,4075974.0,8.92,3,129456.0,2023-11-29,2026-11-28,3804116.0,3,36,90,NPA,Property,BR010,657
LN000905,CUST00018,Personal Loan,1336455.0,13.26,7,24499.0,2021-12-20,2028-12-18,959170.0,22,84,0,Active,None,BR002,732
LN000906,CUST00282,Credit Card Loan,166009.0,18.72,7,3559.0,2021-12-06,2028-12-04,76322.0,36,84,0,Active,None,BR008,767
LN000907,CUST00296,Gold Loan,345813.0,10.63,5,7456.0,2021-04-26,2026-04-25,283183.0,12,60,0,Active,Gold,BR003,805
LN000908,CUST02484,Personal Loan,673861.0,13.85,7,12571.0,2021-07-16,2028-07-14,673861.0,0,84,30,Special Mention,None,BR010,666
LN000909,CUST01748,Gold Loan,438053.0,10.79,7,7453.0,2021-12-08,2028-12-06,391099.0,9,84,30,Special Mention,Gold,BR037,733
LN000910,CUST01280,Business Loan,5689625.0,10.73,5,122931.0,2021-02-13,2026-02-12,1559143.0,48,60,0,Active,None,BR035,676
LN000911,CUST01830,Business Loan,7246134.0,11.18,3,237861.0,2020-11-16,2023-11-16,4415588.0,17,36,60,Special Mention,None,BR012,712
LN000912,CUST00375,Education Loan,1974886.0,11.6,1,175093.0,2022-08-14,2023-08-14,994365.0,8,12,30,Special Mention,None,BR025,828
LN000913,CUST02104,Personal Loan,1429988.0,14.77,3,49409.0,2023-09-22,2026-09-21,807435.0,18,36,0,Active,None,BR040,760
LN000914,CUST01628,Education Loan,1289261.0,10.48,1,113635.0,2021-03-13,2022-03-13,1050628.0,3,12,90,NPA,None,BR023,794
LN000915,CUST02073,Gold Loan,365567.0,11.16,3,11995.0,2021-08-03,2024-08-02,138862.0,27,36,0,Active,Gold,BR025,692
LN000916,CUST01182,Education Loan,100134.0,11.19,3,3287.0,2021-12-19,2024-12-18,95532.0,2,36,0,Active,None,BR013,782
LN000917,CUST01509,Gold Loan,254396.0,8.81,5,5258.0,2020-07-10,2025-07-09,88769.0,45,60,0,Active,Gold,BR018,758
LN000918,CUST00924,Home Loan,8268803.0,8.78,1,722276.0,2022-05-10,2023-05-10,2201685.0,12,12,0,Active,Property,BR034,652
LN000919,CUST00975,Personal Loan,1300197.0,14.93,1,117309.0,2021-01-27,2022-01-27,1218081.0,1,12,0,Active,None,BR007,669
LN000920,CUST02542,Home Loan,6373683.0,9.96,10,84073.0,2023-05-15,2033-05-12,4549299.0,31,120,30,Special Mention,Property,BR003,628
LN000921,CUST00550,Personal Loan,245746.0,12.03,7,4342.0,2024-01-14,2031-01-12,236628.0,3,84,0,Active,None,BR025,683
LN000922,CUST02712,Car Loan,1725914.0,10.07,5,36726.0,2020-05-15,2025-05-14,1391707.0,13,60,30,Special Mention,Vehicle,BR024,801
LN000923,CUST00459,Gold Loan,179661.0,11.4,3,5916.0,2022-10-03,2025-10-02,76131.0,25,36,0,Active,Gold,BR026,661
LN000924,CUST00417,Business Loan,6313923.0,14.14,3,216218.0,2022-08-09,2025-08-08,2530108.0,25,36,365,NPA,None,BR039,896
LN000925,CUST02176,Gold Loan,265601.0,9.03,1,23231.0,2021-08-29,2022-08-29,200554.0,4,12,0,Active,Gold,BR026,873
LN000926,CUST02642,Education Loan,1351692.0,11.12,2,63077.0,2021-09-28,2023-09-28,733537.0,14,24,0,Active,None,BR043,673
LN000927,CUST00878,Home Loan,8848937.0,10.4,10,118899.0,2020-04-06,2030-04-04,6019141.0,34,120,0,Active,Property,BR019,702
LN000928,CUST00299,Business Loan,6237556.0,12.11,7,110490.0,2021-12-10,2028-12-08,5696155.0,7,84,60,Special Mention,None,BR007,740
LN000929,CUST00962,Business Loan,7568433.0,11.24,5,165468.0,2022-01-19,2027-01-18,7452605.0,1,60,0,Active,None,BR011,763
LN000930,CUST00880,Home Loan,10967072.0,9.36,1,960935.0,2022-07-19,2023-07-19,6258490.0,7,12,0,Active,Property,BR045,775
LN000931,CUST01891,Car Loan,2470688.0,10.7,2,114812.0,2023-06-01,2025-05-31,1988478.0,6,24,0,Active,Vehicle,BR024,717
LN000932,CUST01600,Personal Loan,996682.0,12.28,5,22311.0,2024-04-11,2029-04-10,434445.0,36,60,0,Active,None,BR027,657
LN000933,CUST00707,Personal Loan,203695.0,12.81,5,4615.0,2021-01-04,2026-01-03,80936.0,38,60,0,Active,None,BR037,623
LN000934,CUST00348,Personal Loan,893695.0,14.32,5,20943.0,2023-07-19,2028-07-17,395252.0,34,60,0,Active,None,BR004,604
LN000935,CUST01401,Education Loan,975967.0,10.77,2,45385.0,2024-02-29,2026-02-28,372346.0,19,24,0,Active,None,BR013,673
LN000936,CUST02163,Home Loan,3879474.0,9.23,7,62862.0,2020-01-02,2026-12-31,3131416.0,17,84,30,Special Mention,Property,BR025,735
LN000937,CUST02397,Home Loan,13834327.0,10.43,7,232767.0,2023-05-02,2030-04-30,13345516.0,3,84,0,Active,Property,BR008,798
LN000938,CUST00846,Home Loan,11316569.0,10.57,1,997911.0,2022-12-06,2023-12-06,10618031.0,1,12,0,Active,Property,BR008,735
LN000939,CUST00578,Credit Card Loan,126505.0,17.26,7,2604.0,2020-10-20,2027-10-19,66353.0,33,84,0,Active,None,BR004,747
LN000940,CUST00512,Home Loan,1790260.0,9.66,7,29407.0,2024-03-09,2031-03-08,1522656.0,13,84,0,Active,Property,BR027,809
LN000941,CUST01289,Personal Loan,901066.0,15.57,2,43933.0,2020-05-27,2022-05-27,224498.0,22,24,0,Active,None,BR043,630
LN000942,CUST01687,Gold Loan,436572.0,10.22,5,9324.0,2020-09-01,2025-08-31,325616.0,17,60,365,NPA,Gold,BR012,669
LN000943,CUST00147,Education Loan,1948595.0,10.65,1,171898.0,2023-03-19,2024-03-18,1587609.0,3,12,0,Active,None,BR013,647
LN000944,CUST00832,Credit Card Loan,91272.0,19.2,5,2378.0,2022-10-12,2027-10-11,91272.0,0,60,0,Active,None,BR037,669
LN000945,CUST02189,Home Loan,8963833.0,7.91,5,181366.0,2023-02-23,2028-02-22,4393410.0,36,60,0,Active,Property,BR001,701
LN000946,CUST00130,Personal Loan,172282.0,13.86,5,3996.0,2020-05-06,2025-05-05,79974.0,33,60,0,Active,None,BR037,675
LN000947,CUST00774,Home Loan,10334962.0,9.75,20,98034.0,2021-08-11,2041-08-06,7521386.0,41,240,0,Active,Property,BR002,767
LN000948,CUST00733,Home Loan,11526158.0,9.3,7,187228.0,2021-06-24,2028-06-22,6808012.0,36,84,30,Special Mention,Property,BR014,716
LN000949,CUST00863,Business Loan,1485930.0,14.0,5,34572.0,2024-02-21,2029-02-19,638916.0,35,60,0,Active,None,BR001,846
LN000950,CUST02167,Personal Loan,1232385.0,13.82,2,59065.0,2022-05-07,2024-05-06,529512.0,17,24,0,Active,None,BR050,657
LN000951,CUST00720,Car Loan,2271250.0,9.27,2,104042.0,2022-01-23,2024-01-23,1397297.0,12,24,0,Active,Vehicle,BR006,716
LN000952,CUST00372,Business Loan,6545596.0,13.75,1,586939.0,2020-01-13,2021-01-12,6134739.0,1,12,0,Active,None,BR028,743
LN000953,CUST00361,Home Loan,1401394.0,8.15,1,122002.0,2021-06-20,2022-06-20,718183.0,8,12,90,NPA,Property,BR014,735
LN000954,CUST02131,Credit Card Loan,93141.0,17.94,2,4647.0,2020-09-09,2022-09-09,57359.0,11,24,0,Active,None,BR040,737
LN000955,CUST01459,Credit Card Loan,111106.0,18.33,5,2841.0,2023-03-12,2028-03-10,73321.0,19,60,90,NPA,None,BR029,856
LN000956,CUST01304,Car Loan,2758111.0,10.6,7,46647.0,2020-08-08,2027-08-07,1354036.0,43,84,30,Special Mention,Vehicle,BR014,678
LN000957,CUST02330,Gold Loan,127018.0,11.89,2,5973.0,2020-06-27,2022-06-27,64302.0,15,24,0,Active,Gold,BR037,763
LN000958,CUST00347,Business Loan,3814179.0,11.4,2,178486.0,2023-08-26,2025-08-25,940554.0,23,24,30,Special Mention,None,BR028,605
LN000959,CUST01803,Education Loan,135708.0,12.56,3,4544.0,2024-02-07,2027-02-06,59369.0,24,36,365,NPA,None,BR044,742
LN000960,CUST00408,Personal Loan,762935.0,12.97,3,25694.0,2023-05-29,2026-05-28,619049.0,8,36,0,Active,None,BR043,684
LN000961,CUST01074,Education Loan,1368956.0,12.16,1,121730.0,2020-05-28,2021-05-28,942901.0,5,12,0,Active,None,BR050,634
LN000962,CUST00466,Gold Loan,269437.0,10.49,5,5790.0,2021-02-20,2026-02-19,220801.0,12,60,30,Special Mention,Gold,BR019,704
LN000963,CUST02315,Gold Loan,450002.0,10.91,3,14714.0,2024-03-15,2027-03-15,141008.0,30,36,0,Active,Gold,BR032,734
LN000964,CUST02136,Gold Loan,78042.0,8.87,5,1615.0,2021-04-06,2026-04-05,53171.0,22,60,0,Active,Gold,BR038,665
LN000965,CUST01412,Gold Loan,158397.0,9.13,5,3298.0,2023-12-27,2028-12-25,49893.0,47,60,0,Active,Gold,BR035,765
LN000966,CUST02829,Business Loan,8858937.0,13.17,7,161988.0,2020-06-14,2027-06-13,5683972.0,28,84,0,Active,None,BR047,766
LN000967,CUST00591,Credit Card Loan,100139.0,19.86,1,9270.0,2022-11-24,2023-11-24,87161.0,2,12,0,Active,None,BR049,722
LN000968,CUST02117,Education Loan,1797579.0,10.08,1,158101.0,2021-09-15,2022-09-15,1797579.0,0,12,0,Active,None,BR020,690
LN000969,CUST02509,Car Loan,2091844.0,11.23,2,97723.0,2022-12-09,2024-12-08,1681407.0,6,24,0,Active,Vehicle,BR023,629
LN000970,CUST01819,Business Loan,6758926.0,11.71,2,317239.0,2021-02-27,2023-02-27,3427916.0,15,24,180,NPA,None,BR011,696
LN000971,CUST00624,Business Loan,9289161.0,13.73,2,444797.0,2022-11-10,2024-11-09,4618792.0,15,24,0,Active,None,BR036,798
LN000972,CUST01575,Home Loan,1216353.0,7.19,20,9571.0,2020-03-11,2040-03-06,1055560.0,24,240,0,Active,Property,BR033,743
LN000973,CUST00085,Gold Loan,189551.0,10.38,7,3184.0,2021-03-02,2028-02-29,142746.0,21,84,0,Active,Gold,BR004,652
LN000974,CUST02194,Business Loan,8380657.0,11.26,5,183309.0,2021-10-02,2026-10-01,4531168.0,30,60,0,Active,None,BR034,650
LN000975,CUST00368,Personal Loan,1129946.0,14.68,3,38990.0,2021-02-03,2024-02-03,911602.0,8,36,60,Special Mention,None,BR034,689
LN000976,CUST02131,Car Loan,2000909.0,11.12,1,176951.0,2023-11-15,2024-11-14,1257715.0,6,12,0,Active,Vehicle,BR040,737
LN000977,CUST01735,Personal Loan,554561.0,12.34,3,18509.0,2024-05-08,2027-05-08,373173.0,14,36,30,Special Mention,None,BR013,733
LN000978,CUST00134,Education Loan,998570.0,9.41,3,31946.0,2020-11-26,2023-11-26,864397.0,6,36,0,Active,None,BR046,730
LN000979,CUST02436,Business Loan,2109685.0,10.96,3,69029.0,2022-07-16,2025-07-15,853357.0,26,36,60,Special Mention,None,BR046,678
LN000980,CUST02953,Car Loan,2831919.0,11.06,3,92795.0,2022-07-29,2025-07-28,493485.0,36,36,0,Active,Vehicle,BR038,753
LN000981,CUST01698,Education Loan,536757.0,10.35,1,47278.0,2023-11-15,2024-11-14,172716.0,11,12,0,Active,None,BR014,672
LN000982,CUST00372,Personal Loan,1403756.0,15.38,5,33675.0,2021-07-17,2026-07-16,979451.0,18,60,0,Active,None,BR028,743
LN000983,CUST00843,Credit Card Loan,10209.0,17.3,3,366.0,2023-09-30,2026-09-29,3548.0,26,36,0,Active,None,BR014,650
LN000984,CUST01037,Gold Loan,227859.0,11.57,1,20199.0,2020-07-15,2021-07-15,114745.0,8,12,30,Special Mention,Gold,BR012,638
LN000985,CUST02098,Gold Loan,443910.0,12.37,5,9959.0,2021-02-21,2026-02-20,360254.0,12,60,0,Active,Gold,BR023,632
LN000986,CUST01543,Personal Loan,1456834.0,12.58,1,129836.0,2023-10-10,2024-10-09,638867.0,9,12,30,Special Mention,None,BR036,855
LN000987,CUST00405,Business Loan,2474520.0,12.34,1,220251.0,2020-03-29,2021-03-29,624412.0,12,12,0,Active,None,BR023,747
LN000988,CUST01072,Education Loan,996613.0,9.43,5,20897.0,2021-10-01,2026-09-30,996613.0,0,60,0,Active,None,BR024,766
LN000989,CUST01204,Gold Loan,429667.0,9.68,7,7062.0,2021-06-22,2028-06-20,197327.0,47,84,30,Special Mention,Gold,BR002,758
LN000990,CUST02693,Home Loan,4286320.0,7.02,3,132387.0,2023-06-19,2026-06-18,3822966.0,5,36,0,Active,Property,BR003,692
LN000991,CUST00817,Education Loan,1994716.0,11.72,2,93636.0,2024-01-18,2026-01-17,1798080.0,3,24,0,Active,None,BR006,716
LN000992,CUST02083,Education Loan,511319.0,12.9,5,11608.0,2020-12-19,2025-12-18,356933.0,19,60,60,Special Mention,None,BR038,611
LN000993,CUST00108,Business Loan,2442304.0,12.06,2,115032.0,2022-12-12,2024-12-11,1959170.0,6,24,365,NPA,None,BR045,695
LN000994,CUST01270,Education Loan,221333.0,10.55,3,7200.0,2021-02-27,2024-02-27,165893.0,11,36,0,Active,None,BR038,758
LN000995,CUST02492,Home Loan,4389001.0,10.24,10,58575.0,2021-11-01,2031-10-30,2871908.0,37,120,0,Active,Property,BR048,672
LN000996,CUST01560,Business Loan,2838242.0,14.07,1,254935.0,2023-04-03,2024-04-02,2302878.0,3,12,0,Active,None,BR003,668
LN000997,CUST02224,Business Loan,5469612.0,13.72,3,186200.0,2020-09-16,2023-09-16,4035872.0,11,36,0,Active,None,BR042,705
LN000998,CUST00733,Car Loan,2111996.0,9.59,7,34612.0,2023-04-12,2030-04-10,1094403.0,42,84,0,Active,Vehicle,BR014,716
LN000999,CUST02484,Education Loan,805660.0,11.06,2,37574.0,2021-11-27,2023-11-27,437435.0,14,24,60,Special Mention,None,BR010,666
LN001000,CUST00835,Home Loan,7798742.0,8.56,5,160245.0,2024-02-21,2029-02-19,6901370.0,8,60,30,Special Mention,Property,BR026,683
LN001001,CUST01256,Home Loan,11184412.0,9.29,5,233763.0,2020-07-21,2025-07-20,10038973.0,7,60,0,Active,Property,BR028,666
LN001002,CUST02533,Home Loan,8994446.0,7.32,1,779572.0,2022-01-15,2023-01-15,2446041.0,12,12,0,Active,Property,BR032,726
LN001003,CUST01000,Credit Card Loan,141799.0,18.15,7,2993.0,2020-12-21,2027-12-20,93612.0,23,84,0,Active,None,BR023,735
LN001004,CUST01291,Gold Loan,100651.0,10.64,5,2170.0,2023-05-10,2028-05-08,32296.0,45,60,0,Active,Gold,BR039,712
LN001005,CUST00985,Home Loan,6807819.0,10.82,5,147409.0,2020-06-28,2025-06-27,6291888.0,5,60,30,Special Mention,Property,BR011,701
LN001006,CUST02327,Business Loan,6187607.0,10.72,2,287576.0,2023-12-13,2025-12-12,1758937.0,22,24,0,Active,None,BR006,650
LN001007,CUST02147,Education Loan,1150129.0,12.46,2,54390.0,2022-06-03,2024-06-02,274450.0,23,24,0,Active,None,BR013,601
LN001008,CUST00323,Home Loan,1912922.0,7.75,3,59720.0,2020-02-25,2023-02-24,1076842.0,20,36,0,Active,Property,BR013,663
LN001009,CUST02221,Gold Loan,238028.0,9.41,5,4989.0,2022-11-27,2027-11-26,91351.0,42,60,0,Active,Gold,BR003,693
LN001010,CUST00072,Credit Card Loan,57007.0,19.89,7,1262.0,2023-04-04,2030-04-02,26088.0,35,84,0,Active,None,BR043,798
LN001011,CUST00589,Home Loan,8356916.0,8.91,20,74707.0,2023-08-09,2043-08-04,6422005.0,37,240,0,Active,Property,BR006,740
LN001012,CUST00413,Home Loan,13774415.0,8.82,2,628158.0,2024-05-08,2026-05-08,12015573.0,4,24,0,Active,Property,BR034,614
LN001013,CUST02783,Home Loan,3069390.0,9.81,10,40242.0,2023-09-30,2033-09-27,2815865.0,9,120,0,Active,Property,BR035,620
LN001014,CUST02029,Gold Loan,129759.0,10.97,3,4246.0,2022-03-23,2025-03-22,85176.0,15,36,30,Special Mention,Gold,BR024,729
LN001015,CUST02860,Credit Card Loan,163385.0,19.19,5,4255.0,2021-09-13,2026-09-12,50202.0,38,60,30,Special Mention,None,BR027,741
LN001016,CUST02437,Credit Card Loan,113210.0,19.86,1,10480.0,2021-10-27,2022-10-27,32514.0,11,12,0,Active,None,BR007,708
LN001017,CUST00005,Home Loan,1486257.0,9.14,10,18940.0,2020-03-30,2030-03-28,1446483.0,3,120,0,Active,Property,BR043,689
LN001018,CUST01876,Education Loan,1198164.0,10.27,2,55438.0,2022-05-08,2024-05-07,266806.0,24,24,0,Active,None,BR004,816
LN001019,CUST00331,Gold Loan,485676.0,9.74,5,10258.0,2020-12-23,2025-12-22,428231.0,8,60,0,Active,Gold,BR003,692
LN001020,CUST00084,Car Loan,1223422.0,10.09,7,20367.0,2023-05-18,2030-05-16,653146.0,40,84,90,NPA,Vehicle,BR049,834
LN001021,CUST01851,Business Loan,8248011.0,11.91,2,387899.0,2022-06-02,2024-06-01,2545896.0,21,24,0,Active,None,BR040,665
LN001022,CUST02228,Car Loan,2202185.0,11.72,1,195369.0,2022-12-25,2023-12-25,1108119.0,8,12,0,Active,Vehicle,BR014,801
LN001023,CUST02445,Education Loan,547873.0,10.16,5,11683.0,2022-09-25,2027-09-24,294352.0,31,60,30,Special Mention,None,BR025,818
LN001024,CUST01277,Credit Card Loan,95802.0,19.51,3,3536.0,2021-07-17,2024-07-16,41348.0,22,36,30,Special Mention,None,BR035,825
LN001025,CUST01726,Personal Loan,602338.0,14.21,3,20648.0,2020-10-15,2023-10-15,342173.0,18,36,0,Active,None,BR042,775
LN001026,CUST02607,Credit Card Loan,113833.0,17.15,1,10390.0,2022-05-04,2023-05-04,62922.0,7,12,0,Active,None,BR029,689
LN001027,CUST00820,Education Loan,352717.0,9.45,1,30920.0,2021-11-05,2022-11-05,201209.0,7,12,0,Active,None,BR001,781
LN001028,CUST01339,Gold Loan,97882.0,12.28,3,3264.0,2023-02-15,2026-02-14,31623.0,29,36,0,Active,Gold,BR040,699
LN001029,CUST02227,Car Loan,1531072.0,10.54,3,49794.0,2024-02-18,2027-02-17,555110.0,28,36,0,Active,Vehicle,BR047,814
LN001030,CUST00702,Car Loan,1635040.0,11.94,5,36317.0,2021-03-24,2026-03-23,1202868.0,17,60,0,Active,Vehicle,BR012,807
LN001031,CUST00357,Business Loan,1503000.0,11.8,1,133398.0,2021-05-24,2022-05-24,382457.0,12,12,0,Active,None,BR040,717
LN001032,CUST01965,Car Loan,778087.0,10.03,7,12931.0,2021-10-16,2028-10-14,642312.0,15,84,0,Active,Vehicle,BR020,719
LN001033,CUST01709,Personal Loan,815908.0,13.01,7,14847.0,2021-08-18,2028-08-16,815908.0,0,84,30,Special Mention,None,BR050,681
LN001034,CUST01006,Car Loan,852716.0,11.08,3,27949.0,2020-06-17,2023-06-17,167966.0,35,36,60,Special Mention,Vehicle,BR027,723
LN001035,CUST02048,Education Loan,440740.0,10.24,5,9417.0,2023-06-16,2028-06-14,381413.0,9,60,0,Active,None,BR021,701
LN001036,CUST02453,Car Loan,1298199.0,9.14,3,41369.0,2021-01-27,2024-01-27,979658.0,11,36,0,Active,Vehicle,BR012,762
LN001037,CUST00204,Gold Loan,472251.0,9.9,7,7816.0,2021-10-21,2028-10-19,324529.0,27,84,0,Active,Gold,BR041,900
LN001038,CUST02646,Car Loan,1734263.0,11.92,1,154025.0,2024-02-21,2025-02-20,763906.0,9,12,0,Active,Vehicle,BR013,638
LN001039,CUST01366,Personal Loan,605671.0,12.57,3,20283.0,2022-08-08,2025-08-07,577275.0,2,36,60,Special Mention,None,BR040,770
LN001040,CUST00991,Gold Loan,326485.0,10.3,3,10581.0,2021-05-10,2024-05-09,304265.0,3,36,0,Active,Gold,BR043,735
LN001041,CUST00230,Credit Card Loan,180527.0,19.02,3,6620.0,2022-10-07,2025-10-06,175893.0,1,36,0,Active,None,BR030,728
LN001042,CUST00684,Business Loan,6068116.0,14.39,3,208543.0,2022-04-18,2025-04-17,958812.0,35,36,0,Active,None,BR045,736
LN001043,CUST02115,Car Loan,742600.0,9.84,7,12265.0,2020-12-19,2027-12-18,390594.0,41,84,90,NPA,Vehicle,BR023,759
LN001044,CUST00464,Education Loan,1115734.0,10.42,5,23936.0,2020-12-04,2025-12-03,479036.0,38,60,60,Special Mention,None,BR006,700
LN001045,CUST00296,Education Loan,1748417.0,9.57,5,36780.0,2020-06-04,2025-06-03,564101.0,46,60,0,Active,None,BR003,805
LN001046,CUST00613,Personal Loan,494646.0,12.07,1,43964.0,2023-03-03,2024-03-02,217673.0,9,12,0,Active,None,BR002,700
LN001047,CUST00831,Personal Loan,1249765.0,14.58,3,43066.0,2023-04-03,2026-04-02,1129180.0,4,36,0,Active,None,BR036,611
LN001048,CUST00909,Gold Loan,461220.0,10.74,2,21442.0,2020-05-24,2022-05-24,131013.0,22,24,0,Active,Gold,BR018,885
LN001049,CUST02896,Personal Loan,526437.0,13.83,1,47225.0,2021-10-23,2022-10-23,526437.0,0,12,0,Active,None,BR022,900
LN001050,CUST00280,Car Loan,2031579.0,9.72,7,33429.0,2022-12-07,2029-12-05,978566.0,45,84,0,Active,Vehicle,BR003,677
LN001051,CUST00959,Personal Loan,532586.0,15.65,1,48233.0,2023-01-06,2024-01-06,397534.0,4,12,180,NPA,None,BR011,720
LN001052,CUST00512,Home Loan,13117446.0,10.29,7,219740.0,2022-02-17,2029-02-15,9733450.0,22,84,0,Active,Property,BR027,809
LN001053,CUST02458,Personal Loan,490402.0,13.07,2,23332.0,2023-05-24,2025-05-23,229084.0,16,24,30,Special Mention,None,BR016,710
LN001054,CUST00887,Education Loan,391544.0,10.3,2,18121.0,2023-07-17,2025-07-16,150535.0,19,24,365,NPA,None,BR005,732
LN001055,CUST00195,Car Loan,1958647.0,11.47,2,91716.0,2022-06-29,2024-06-28,1252434.0,11,24,0,Active,Vehicle,BR032,706
LN001056,CUST02395,Home Loan,12247500.0,8.48,3,386507.0,2023-03-27,2026-03-26,2778078.0,35,36,0,Active,Property,BR006,718
LN001057,CUST01024,Car Loan,1900752.0,9.41,1,166586.0,2023-03-20,2024-03-19,1084481.0,7,12,30,Special Mention,Vehicle,BR034,844
LN001058,CUST01966,Car Loan,501216.0,11.77,5,11091.0,2023-10-14,2028-10-12,206195.0,38,60,0,Active,Vehicle,BR038,706
LN001059,CUST00416,Business Loan,8487560.0,11.38,2,397081.0,2021-05-23,2023-05-23,2094556.0,23,24,60,Special Mention,None,BR020,689
LN001060,CUST01791,Home Loan,10149999.0,8.51,5,208315.0,2022-10-23,2027-10-22,10149999.0,0,60,0,Active,Property,BR009,604
LN001061,CUST00758,Car Loan,1000125.0,11.82,2,46993.0,2022-05-10,2024-05-09,309328.0,21,24,180,NPA,Vehicle,BR003,717
LN001062,CUST02436,Education Loan,290614.0,11.52,1,25755.0,2024-01-05,2025-01-04,92300.0,11,12,0,Active,None,BR046,678
LN001063,CUST01507,Credit Card Loan,149249.0,19.44,3,5504.0,2024-05-15,2027-05-15,87604.0,16,36,30,Special Mention,None,BR036,734
LN001064,CUST01554,Business Loan,6846944.0,13.25,1,612355.0,2024-05-26,2025-05-26,4703702.0,5,12,0,Active,None,BR004,661
LN001065,CUST01338,Education Loan,1682069.0,10.68,2,78148.0,2021-08-04,2023-08-04,1682069.0,0,24,0,Active,None,BR016,705
LN001066,CUST01260,Home Loan,7983919.0,8.16,1,695105.0,2022-04-11,2023-04-11,7983919.0,0,12,0,Active,Property,BR038,685
LN001067,CUST00120,Car Loan,385173.0,11.99,7,6798.0,2020-09-15,2027-09-14,199588.0,39,84,0,Active,Vehicle,BR019,826
LN001068,CUST01369,Business Loan,3026457.0,13.83,1,271488.0,2023-01-31,2024-01-31,935999.0,11,12,0,Active,None,BR040,687
LN001069,CUST01021,Business Loan,6102752.0,13.94,5,141806.0,2021-11-25,2026-11-24,2132184.0,40,60,60,Special Mention,None,BR024,750
LN001070,CUST01226,Education Loan,1367167.0,9.44,5,28672.0,2022-04-07,2027-04-06,684773.0,34,60,0,Active,None,BR035,698
LN001071,CUST01015,Home Loan,8095772.0,9.99,3,261199.0,2023-05-24,2026-05-23,6998736.0,6,36,0,Active,Property,BR040,810
LN001072,CUST00061,Gold Loan,153601.0,11.24,3,5046.0,2023-03-07,2026-03-06,68828.0,24,36,0,Active,Gold,BR027,690
LN001073,CUST00053,Personal Loan,98223.0,15.61,5,2368.0,2022-07-25,2027-07-24,84962.0,8,60,365,NPA,None,BR013,647
LN001074,CUST02222,Home Loan,8907888.0,9.85,1,782508.0,2021-02-15,2022-02-15,6716866.0,4,12,365,NPA,Property,BR024,651
LN001075,CUST02682,Personal Loan,617068.0,15.3,3,21481.0,2023-07-01,2026-06-30,541884.0,5,36,0,Active,None,BR023,752
LN001076,CUST01382,Home Loan,6304637.0,9.08,3,200718.0,2021-01-24,2024-01-24,3073077.0,23,36,0,Active,Property,BR019,657
LN001077,CUST01363,Business Loan,1237605.0,14.46,3,42574.0,2022-02-22,2025-02-21,254146.0,33,36,60,Special Mention,None,BR049,825
LN001078,CUST02859,Car Loan,783352.0,11.6,2,36727.0,2020-11-13,2022-11-13,346301.0,17,24,180,NPA,Vehicle,BR008,808
LN001079,CUST00677,Business Loan,9210730.0,11.62,3,304265.0,2021-11-15,2024-11-14,1756238.0,35,36,90,NPA,None,BR014,631
LN001080,CUST02116,Personal Loan,774759.0,14.74,7,14837.0,2020-12-21,2027-12-20,276236.0,48,84,0,Active,None,BR039,703
LN001081,CUST00604,Education Loan,1776472.0,12.63,2,84151.0,2022-07-13,2024-07-12,1010698.0,13,24,0,Active,None,BR046,900
LN001082,CUST01205,Personal Loan,953608.0,14.54,1,85864.0,2021-02-23,2022-02-23,953608.0,0,12,0,Active,None,BR030,699
LN001083,CUST00007,Gold Loan,260073.0,9.71,7,4279.0,2021-07-15,2028-07-13,260073.0,0,84,30,Special Mention,Gold,BR043,802
LN001084,CUST01717,Business Loan,1269256.0,13.2,3,42891.0,2023-11-09,2026-11-08,338521.0,31,36,365,NPA,None,BR008,704
LN001085,CUST01795,Credit Card Loan,148289.0,16.73,3,5267.0,2022-02-09,2025-02-08,41369.0,29,36,30,Special Mention,None,BR047,706
LN001086,CUST00217,Gold Loan,360118.0,8.71,1,31445.0,2022-02-01,2023-02-01,117992.0,11,12,0,Active,Gold,BR020,824
LN001087,CUST00683,Business Loan,3520128.0,13.89,7,65757.0,2020-10-13,2027-10-12,1955111.0,34,84,0,Active,None,BR040,656
LN001088,CUST01325,Business Loan,9996243.0,11.51,3,329701.0,2022-07-19,2025-07-18,7457545.0,11,36,60,Special Mention,None,BR031,719
LN001089,CUST00036,Car Loan,2078243.0,9.0,2,94945.0,2023-02-06,2025-02-05,1812397.0,4,24,0,Active,Vehicle,BR018,634
LN001090,CUST01941,Credit Card Loan,37745.0,20.45,7,848.0,2022-09-06,2029-09-04,33590.0,7,84,0,Active,None,BR001,724
LN001091,CUST00126,Business Loan,6382814.0,10.92,3,208736.0,2021-08-17,2024-08-16,1268782.0,35,36,0,Active,None,BR044,900
LN001092,CUST01458,Gold Loan,188835.0,11.78,7,3311.0,2020-08-16,2027-08-15,163340.0,11,84,0,Active,Gold,BR003,721
LN001093,CUST00933,Car Loan,1251923.0,8.82,7,20026.0,2022-08-31,2029-08-29,1181832.0,5,84,0,Active,Vehicle,BR022,629
LN001094,CUST01069,Gold Loan,159019.0,10.87,1,14045.0,2020-06-29,2021-06-29,159019.0,0,12,0,Active,Gold,BR041,691
LN001095,CUST02181,Home Loan,8758666.0,10.5,20,87434.0,2022-12-21,2042-12-16,7534590.0,20,240,0,Active,Property,BR048,698
LN001096,CUST00592,Car Loan,1209242.0,11.7,7,21155.0,2022-06-05,2029-06-03,616902.0,40,84,0,Active,Vehicle,BR032,684
LN001097,CUST02818,Business Loan,8160345.0,13.07,7,148773.0,2023-10-27,2030-10-25,4411265.0,36,84,0,Active,None,BR050,733
LN001098,CUST00133,Car Loan,2363952.0,8.07,3,74150.0,2020-03-23,2023-03-23,806802.0,30,36,0,Active,Vehicle,BR022,663
LN001099,CUST02306,Business Loan,1333171.0,12.32,5,29875.0,2023-10-20,2028-10-18,1103134.0,11,60,60,Special Mention,None,BR005,898
LN001100,CUST02393,Personal Loan,1103524.0,14.95,7,21261.0,2020-01-29,2027-01-27,910049.0,13,84,30,Special Mention,None,BR032,614
LN001101,CUST01822,Personal Loan,430321.0,12.04,5,9581.0,2021-07-26,2026-07-25,162053.0,40,60,0,Active,None,BR015,858
LN001102,CUST02379,Business Loan,4589887.0,12.97,3,154580.0,2020-07-11,2023-07-11,3183209.0,13,36,0,Active,None,BR014,688
LN001103,CUST00315,Home Loan,2950764.0,8.58,1,257480.0,2021-09-19,2022-09-19,2950764.0,0,12,0,Active,Property,BR033,778
LN001104,CUST00824,Gold Loan,403139.0,11.95,3,13381.0,2020-01-13,2023-01-12,365672.0,4,36,0,Active,Gold,BR011,677
LN001105,CUST01314,Car Loan,2516122.0,10.44,3,81709.0,2022-09-15,2025-09-14,1315000.0,21,36,0,Active,Vehicle,BR014,773
LN001106,CUST00446,Car Loan,1380589.0,10.7,5,29812.0,2020-10-14,2025-10-13,587590.0,38,60,0,Active,Vehicle,BR023,731
LN001107,CUST01527,Business Loan,5676366.0,13.71,2,271764.0,2023-03-27,2025-03-26,4915427.0,4,24,60,Special Mention,None,BR026,814
LN001108,CUST00962,Education Loan,1176307.0,11.45,5,25843.0,2023-06-22,2028-06-20,687874.0,27,60,0,Active,None,BR011,763
LN001109,CUST02087,Car Loan,410533.0,9.48,3,13147.0,2022-12-13,2025-12-12,401330.0,1,36,0,Active,Vehicle,BR006,671
LN001110,CUST00037,Credit Card Loan,54771.0,17.62,1,5011.0,2021-10-25,2022-10-25,33725.0,6,12,0,Active,None,BR038,714
LN001111,CUST01831,Credit Card Loan,160615.0,18.59,1,14771.0,2021-07-17,2022-07-17,119256.0,4,12,60,Special Mention,None,BR027,726
LN001112,CUST01765,Business Loan,9060695.0,13.46,1,811243.0,2023-12-05,2024-12-04,3381994.0,10,12,0,Active,None,BR020,704
LN001113,CUST02038,Car Loan,655108.0,8.52,2,29784.0,2022-11-04,2024-11-03,321527.0,16,24,30,Special Mention,Vehicle,BR027,652
LN001114,CUST00821,Home Loan,11402145.0,10.09,20,110682.0,2024-02-18,2044-02-13,7838185.0,46,240,0,Active,Property,BR041,657
LN001115,CUST01724,Business Loan,5380409.0,11.41,3,177196.0,2023-04-12,2026-04-11,5380409.0,0,36,30,Special Mention,None,BR017,723
LN001116,CUST02940,Home Loan,4356278.0,8.09,10,53065.0,2021-05-23,2031-05-21,4059114.0,8,120,0,Active,Property,BR042,720
LN001117,CUST01225,Car Loan,1432706.0,9.57,5,30136.0,2022-06-07,2027-06-06,609993.0,39,60,0,Active,Vehicle,BR014,836
LN001118,CUST02977,Car Loan,563036.0,9.94,5,11946.0,2021-05-12,2026-05-11,211824.0,42,60,0,Active,Vehicle,BR031,773
LN001119,CUST01833,Personal Loan,1443823.0,12.94,7,26219.0,2022-08-12,2029-08-10,1186877.0,14,84,0,Active,None,BR004,779
LN001120,CUST00373,Education Loan,1999773.0,10.34,7,33553.0,2021-04-03,2028-04-01,966341.0,44,84,365,NPA,None,BR001,798
LN001121,CUST01682,Car Loan,727487.0,10.12,3,23513.0,2023-01-14,2026-01-13,283091.0,27,36,90,NPA,Vehicle,BR027,709
LN001122,CUST02466,Credit Card Loan,105404.0,17.38,1,9632.0,2023-11-11,2024-11-10,71692.0,5,12,60,Special Mention,None,BR043,756
LN001123,CUST01518,Car Loan,1396817.0,10.58,5,30077.0,2023-05-08,2028-05-06,828362.0,27,60,180,NPA,Vehicle,BR001,753
LN001124,CUST02207,Car Loan,2782316.0,8.29,7,43769.0,2021-10-02,2028-09-30,2782316.0,0,84,365,NPA,Vehicle,BR012,798
LN001125,CUST02523,Car Loan,1823581.0,9.44,2,83676.0,2020-06-25,2022-06-25,1179276.0,11,24,0,Active,Vehicle,BR008,741
LN001126,CUST00324,Education Loan,1398359.0,10.57,5,30107.0,2022-07-20,2027-07-19,1040086.0,17,60,0,Active,None,BR017,830
LN001127,CUST00674,Business Loan,8628906.0,11.33,1,763963.0,2020-04-21,2021-04-21,5420261.0,6,12,30,Special Mention,None,BR021,670
LN001128,CUST02301,Education Loan,583866.0,11.41,5,12815.0,2022-03-13,2027-03-12,431368.0,17,60,0,Active,None,BR030,780
LN001129,CUST00394,Business Loan,6178244.0,12.03,2,290929.0,2023-03-29,2025-03-28,4345391.0,9,24,90,NPA,None,BR033,813
LN001130,CUST01683,Business Loan,2952140.0,14.23,1,265389.0,2023-02-23,2024-02-23,2023278.0,5,12,60,Special Mention,None,BR013,632
LN001131,CUST00357,Business Loan,1356829.0,10.86,5,29404.0,2020-05-20,2025-05-19,492351.0,42,60,180,NPA,None,BR040,717
LN001132,CUST00941,Home Loan,13780920.0,9.89,1,1210854.0,2020-06-15,2021-06-15,12933322.0,1,12,365,NPA,Property,BR009,641
LN001133,CUST00499,Business Loan,4141417.0,14.49,1,372808.0,2020-04-19,2021-04-19,1531761.0,10,12,0,Active,None,BR049,653
LN001134,CUST02721,Business Loan,9370723.0,14.22,1,842359.0,2020-07-22,2021-07-22,2294907.0,12,12,0,Active,None,BR013,888
LN001135,CUST01172,Gold Loan,252439.0,11.24,3,8293.0,2024-04-13,2027-04-13,113117.0,24,36,0,Active,Gold,BR029,736
LN001136,CUST02865,Car Loan,578082.0,11.11,2,26973.0,2022-06-18,2024-06-17,181579.0,21,24,60,Special Mention,Vehicle,BR046,724
LN001137,CUST02837,Credit Card Loan,139659.0,20.26,5,3720.0,2022-01-10,2027-01-09,139659.0,0,60,0,Active,None,BR033,810
LN001138,CUST00480,Education Loan,595551.0,12.02,3,19787.0,2021-06-11,2024-06-10,263129.0,24,36,0,Active,None,BR018,783
LN001139,CUST00429,Business Loan,8906269.0,12.89,5,202138.0,2023-08-26,2028-08-24,4944364.0,28,60,0,Active,None,BR041,792
LN001140,CUST02416,Home Loan,5158397.0,9.22,15,52984.0,2023-04-14,2038-04-10,4527887.0,17,180,0,Active,Property,BR010,725
LN001141,CUST00640,Business Loan,8674186.0,12.72,1,773619.0,2021-01-12,2022-01-12,5966520.0,5,12,0,Active,None,BR018,619
LN001142,CUST02354,Gold Loan,345206.0,10.23,7,5773.0,2020-02-20,2027-02-18,215891.0,32,84,0,Active,Gold,BR036,633
LN001143,CUST00507,Gold Loan,460893.0,9.53,1,40419.0,2021-10-24,2022-10-24,347720.0,4,12,0,Active,Gold,BR048,671
LN001144,CUST02014,Car Loan,897144.0,9.72,5,18940.0,2021-10-26,2026-10-25,817596.0,6,60,0,Active,Vehicle,BR021,646
LN001145,CUST00016,Home Loan,8577919.0,10.66,7,145361.0,2022-05-04,2029-05-02,4202553.0,43,84,0,Active,Property,BR004,658
LN001146,CUST00153,Credit Card Loan,43536.0,18.17,1,3995.0,2021-02-28,2022-02-28,18368.0,9,12,0,Active,None,BR043,695
LN001147,CUST02672,Business Loan,4050188.0,13.66,3,137752.0,2020-09-20,2023-09-20,3278777.0,8,36,90,NPA,None,BR016,759
LN001148,CUST01195,Education Loan,1225925.0,10.14,2,56649.0,2023-08-30,2025-08-29,631110.0,15,24,0,Active,None,BR028,620
LN001149,CUST00422,Business Loan,4975426.0,12.34,3,166074.0,2024-04-26,2027-04-26,1371620.0,31,36,0,Active,None,BR013,821
LN001150,CUST01560,Car Loan,2804878.0,10.79,7,47721.0,2023-08-14,2030-08-12,2303808.0,15,84,0,Active,Vehicle,BR003,668
LN001151,CUST00655,Gold Loan,63337.0,9.07,2,2896.0,2023-09-02,2025-09-01,51174.0,6,24,0,Active,Gold,BR017,878
LN001152,CUST01353,Car Loan,334695.0,9.5,1,29347.0,2022-10-31,2023-10-31,314152.0,1,12,0,Active,Vehicle,BR047,738
LN001153,CUST00160,Education Loan,1170572.0,10.71,3,38163.0,2023-03-14,2026-03-13,235579.0,35,36,180,NPA,None,BR014,739
LN001154,CUST00764,Business Loan,3817403.0,13.59,5,88013.0,2022-11-30,2027-11-29,2954876.0,14,60,0,Active,None,BR004,765
LN001155,CUST01877,Credit Card Loan,118314.0,18.3,1,10864.0,2024-02-24,2025-02-23,57476.0,8,12,0,Active,None,BR030,666
LN001156,CUST00981,Car Loan,2889491.0,10.32,2,133759.0,2024-01-23,2026-01-22,2889491.0,0,24,0,Active,Vehicle,BR013,741
LN001157,CUST00373,Education Loan,1411791.0,9.53,2,64844.0,2023-03-03,2025-03-02,1321009.0,2,24,0,Active,None,BR001,798
LN001158,CUST02367,Education Loan,1815779.0,9.26,3,57959.0,2021-01-02,2024-01-02,1328923.0,12,36,30,Special Mention,None,BR008,658
LN001159,CUST02501,Car Loan,1316274.0,8.72,1,114937.0,2023-05-07,2024-05-06,511715.0,10,12,90,NPA,Vehicle,BR035,787
LN001160,CUST01369,Car Loan,1107045.0,11.52,2,51864.0,2021-06-29,2023-06-29,1107045.0,0,24,0,Active,Vehicle,BR040,687
LN001161,CUST02303,Credit Card Loan,180682.0,17.6,5,4549.0,2023-03-26,2028-03-24,136102.0,14,60,0,Active,None,BR010,687
LN001162,CUST00848,Business Loan,8968438.0,14.27,7,169417.0,2020-01-26,2027-01-24,4461946.0,38,84,30,Special Mention,None,BR018,846
LN001163,CUST01081,Gold Loan,343018.0,11.7,5,7578.0,2022-06-29,2027-06-28,104311.0,45,60,0,Active,Gold,BR008,687
LN001164,CUST01367,Business Loan,3114442.0,12.64,1,277653.0,2023-12-06,2024-12-05,2920085.0,1,12,90,NPA,None,BR020,731
LN001165,CUST01734,Car Loan,2275191.0,8.79,5,46993.0,2021-01-19,2026-01-18,860702.0,43,60,0,Active,Vehicle,BR006,731
LN001166,CUST00909,Car Loan,1580220.0,8.56,1,137868.0,2021-07-20,2022-07-20,1580220.0,0,12,0,Active,Vehicle,BR018,885
LN001167,CUST00958,Gold Loan,360508.0,8.58,5,7411.0,2023-11-15,2028-11-13,303443.0,11,60,60,Special Mention,Gold,BR021,739
LN001168,CUST00804,Personal Loan,1335157.0,13.11,1,119322.0,2022-07-31,2023-07-31,1168106.0,2,12,0,Active,None,BR037,659
LN001169,CUST02416,Business Loan,8410379.0,13.52,1,753230.0,2023-07-26,2024-07-25,3137769.0,10,12,0,Active,None,BR010,725
LN001170,CUST00414,Business Loan,5064614.0,14.1,3,173332.0,2021-09-24,2024-09-23,3487293.0,13,36,60,Special Mention,None,BR009,781
LN001171,CUST00640,Home Loan,7508564.0,10.32,10,100559.0,2024-03-07,2034-03-05,4411347.0,44,120,30,Special Mention,Property,BR018,619
LN001172,CUST01674,Business Loan,3307472.0,13.18,3,111732.0,2024-03-07,2027-03-07,3229260.0,1,36,0,Active,None,BR049,631
LN001173,CUST02624,Personal Loan,1192314.0,14.08,7,22396.0,2022-10-15,2029-10-13,957156.0,15,84,0,Active,None,BR007,807
LN001174,CUST00437,Credit Card Loan,40336.0,16.71,5,996.0,2022-02-28,2027-02-27,30575.0,14,60,0,Active,None,BR040,786
LN001175,CUST01148,Car Loan,364977.0,9.42,2,16745.0,2020-07-12,2022-07-12,118826.0,21,24,60,Special Mention,Vehicle,BR002,630
LN001176,CUST01793,Business Loan,2211866.0,12.05,1,196576.0,2022-12-19,2023-12-19,2074263.0,1,12,60,Special Mention,None,BR048,691
LN001177,CUST02689,Credit Card Loan,21844.0,18.62,7,467.0,2021-04-04,2028-04-02,6807.0,46,84,0,Active,None,BR006,743
LN001178,CUST02543,Gold Loan,91929.0,11.08,3,3013.0,2021-06-13,2024-06-12,56074.0,17,36,0,Active,Gold,BR030,692
LN001179,CUST01793,Credit Card Loan,108014.0,18.54,5,2775.0,2023-03-30,2028-03-28,36142.0,37,60,90,NPA,None,BR048,691
LN001180,CUST02269,Business Loan,7188120.0,13.65,3,244466.0,2024-04-26,2027-04-26,7016994.0,1,36,0,Active,None,BR019,681
LN001181,CUST00047,Gold Loan,226433.0,10.26,7,3790.0,2022-07-27,2029-07-25,176026.0,19,84,0,Active,Gold,BR038,687
LN001182,CUST01891,Car Loan,627677.0,11.45,3,20684.0,2022-11-15,2025-11-14,468410.0,11,36,0,Active,Vehicle,BR024,717
LN001183,CUST01039,Business Loan,8512165.0,12.78,3,285892.0,2020-10-23,2023-10-23,4709801.0,19,36,0,Active,None,BR042,851
LN001184,CUST00859,Personal Loan,473022.0,13.68,3,16093.0,2020-11-30,2023-11-30,78744.0,35,36,30,Special Mention,None,BR013,658
LN001185,CUST02996,Credit Card Loan,184099.0,16.71,7,3731.0,2022-11-19,2029-11-17,66573.0,45,84,0,Active,None,BR042,718
LN001186,CUST00144,Education Loan,1072885.0,9.99,2,49502.0,2024-03-25,2026-03-25,864977.0,6,24,0,Active,None,BR043,701
LN001187,CUST01824,Credit Card Loan,45090.0,20.37,3,1684.0,2022-06-17,2025-06-16,7368.0,32,36,0,Active,None,BR036,672
LN001188,CUST01600,Home Loan,1984516.0,8.78,3,62907.0,2021-12-05,2024-12-04,1940481.0,1,36,0,Active,Property,BR027,657
LN001189,CUST00806,Car Loan,753473.0,11.83,1,66886.0,2022-02-23,2023-02-23,706653.0,1,12,0,Active,Vehicle,BR025,680
LN001190,CUST01603,Business Loan,2982318.0,12.66,5,67345.0,2021-05-16,2026-05-15,1850922.0,24,60,0,Active,None,BR013,816
LN001191,CUST02118,Car Loan,2483511.0,8.8,3,78746.0,2021-08-10,2024-08-09,1215700.0,23,36,0,Active,Vehicle,BR001,670
LN001192,CUST02303,Business Loan,9949575.0,11.83,2,467569.0,2023-02-09,2025-02-08,4058206.0,18,24,0,Active,None,BR010,687
LN001193,CUST00265,Credit Card Loan,171767.0,19.51,1,15871.0,2023-03-17,2024-03-16,93999.0,7,12,0,Active,None,BR033,706
LN001194,CUST01572,Car Loan,1426173.0,10.89,3,46617.0,2023-04-08,2026-04-07,284056.0,35,36,30,Special Mention,Vehicle,BR044,632
LN001195,CUST02097,Home Loan,13778916.0,10.33,10,184631.0,2023-07-04,2033-07-01,7575314.0,48,120,0,Active,Property,BR009,730
LN001196,CUST02337,Home Loan,10809619.0,8.07,1,940671.0,2023-04-12,2024-04-11,4224922.0,10,12,60,Special Mention,Property,BR023,748
LN001197,CUST01839,Gold Loan,321047.0,12.27,1,28566.0,2020-01-02,2021-01-01,161077.0,8,12,0,Active,Gold,BR008,693
LN001198,CUST01551,Gold Loan,353420.0,9.67,1,31017.0,2020-03-10,2021-03-10,266572.0,4,12,90,NPA,Gold,BR015,713
LN001199,CUST02994,Home Loan,12313281.0,10.15,2,569033.0,2021-07-30,2023-07-30,11914958.0,1,24,60,Special Mention,Property,BR011,674
LN001200,CUST00232,Business Loan,3010261.0,11.27,5,65863.0,2021-07-22,2026-07-21,2779740.0,5,60,0,Active,None,BR007,697
LN001201,CUST02030,Home Loan,14069714.0,9.22,3,448834.0,2023-12-11,2026-12-10,10299508.0,12,36,0,Active,Property,BR009,723
LN001202,CUST02319,Education Loan,1915030.0,11.68,2,89858.0,2022-06-07,2024-06-06,845720.0,17,24,0,Active,None,BR038,678
LN001203,CUST00832,Gold Loan,298017.0,12.14,7,5283.0,2024-04-07,2031-04-06,257338.0,11,84,0,Active,Gold,BR037,669
LN001204,CUST02591,Gold Loan,481829.0,12.16,7,8546.0,2021-08-15,2028-08-13,266470.0,36,84,0,Active,Gold,BR012,783
LN001205,CUST00352,Business Loan,8970386.0,13.06,1,801445.0,2022-09-26,2023-09-26,2799260.0,11,12,30,Special Mention,None,BR033,801
LN001206,CUST01967,Gold Loan,403358.0,8.92,3,12812.0,2021-11-21,2024-11-20,134306.0,30,36,0,Active,Gold,BR046,695
LN001207,CUST01581,Personal Loan,281589.0,15.73,2,13752.0,2021-05-21,2023-05-21,117940.0,17,24,0,Active,None,BR015,707
LN001208,CUST02764,Home Loan,1117859.0,8.96,1,97738.0,2022-08-11,2023-08-11,570526.0,8,12,0,Active,Property,BR037,701
LN001209,CUST00466,Education Loan,505492.0,11.78,5,11188.0,2020-04-11,2025-04-10,215723.0,37,60,0,Active,None,BR019,704
LN001210,CUST00078,Car Loan,1993489.0,8.17,3,62625.0,2021-04-17,2024-04-16,1818139.0,4,36,0,Active,Vehicle,BR003,668
LN001211,CUST00581,Credit Card Loan,18575.0,19.15,5,483.0,2023-10-23,2028-10-21,9108.0,28,60,0,Active,None,BR028,726
LN001212,CUST02134,Gold Loan,103374.0,9.65,5,2179.0,2024-02-04,2029-02-02,42362.0,40,60,0,Active,Gold,BR016,756
LN001213,CUST02907,Personal Loan,1108822.0,12.18,2,52291.0,2020-06-11,2022-06-11,815992.0,8,24,0,Active,None,BR038,743
LN001214,CUST00517,Personal Loan,514368.0,14.43,2,24801.0,2022-12-19,2024-12-18,306040.0,12,24,0,Active,None,BR049,728
LN001215,CUST01417,Business Loan,9890948.0,13.67,1,886525.0,2024-05-27,2025-05-27,9890948.0,0,12,0,Active,None,BR019,694
LN001216,CUST02808,Car Loan,691167.0,10.23,1,60838.0,2021-01-27,2022-01-27,478234.0,5,12,0,Active,Vehicle,BR046,799
LN001217,CUST01516,Car Loan,1503072.0,10.36,3,48757.0,2024-05-18,2027-05-18,1161773.0,10,36,0,Active,Vehicle,BR029,686
LN001218,CUST02286,Home Loan,11742551.0,8.79,30,92720.0,2022-07-03,2052-06-25,10639183.0,17,360,0,Active,Property,BR005,734
LN001219,CUST00113,Credit Card Loan,111216.0,17.84,3,4012.0,2023-01-26,2026-01-25,88749.0,8,36,0,Active,None,BR043,707
LN001220,CUST01393,Credit Card Loan,123408.0,20.05,3,4589.0,2020-07-25,2023-07-25,55950.0,21,36,0,Active,None,BR042,817
LN001221,CUST00371,Credit Card Loan,94707.0,19.26,7,2061.0,2021-06-30,2028-06-28,57197.0,26,84,0,Active,None,BR021,697
LN001222,CUST01570,Gold Loan,336637.0,9.74,2,15494.0,2021-08-31,2023-08-31,304100.0,3,24,60,Special Mention,Gold,BR045,830
LN001223,CUST01976,Credit Card Loan,169215.0,16.76,7,3434.0,2020-05-24,2027-05-23,58640.0,46,84,180,NPA,None,BR016,668
LN001224,CUST01428,Business Loan,9683561.0,11.57,5,213302.0,2024-03-05,2029-03-04,8041136.0,11,60,0,Active,None,BR015,628
LN001225,CUST02120,Home Loan,6043618.0,10.05,20,58533.0,2022-12-08,2042-12-03,4486640.0,38,240,0,Active,Property,BR006,689
LN001226,CUST02832,Home Loan,6565669.0,8.55,15,64849.0,2022-10-20,2037-10-16,5249234.0,29,180,0,Active,Property,BR001,647
LN001227,CUST02884,Education Loan,967651.0,11.17,5,21123.0,2024-05-06,2029-05-05,450138.0,35,60,90,NPA,None,BR040,728
LN001228,CUST02502,Car Loan,2750368.0,10.84,3,89831.0,2021-07-15,2024-07-14,863917.0,30,36,30,Special Mention,Vehicle,BR029,757
LN001229,CUST01704,Business Loan,5315912.0,13.1,2,252977.0,2020-07-09,2022-07-09,4784660.0,3,24,30,Special Mention,None,BR042,765
LN001230,CUST00289,Business Loan,3779106.0,12.3,3,126056.0,2022-07-03,2025-07-02,2720236.0,12,36,180,NPA,None,BR047,713
LN001231,CUST02815,Business Loan,8850076.0,13.81,7,164906.0,2023-05-01,2030-04-29,7580300.0,11,84,0,Active,None,BR011,820
LN001232,CUST02788,Education Loan,266254.0,11.58,3,8791.0,2020-08-20,2023-08-20,192410.0,12,36,0,Active,None,BR028,605
LN001233,CUST01427,Gold Loan,250102.0,12.3,1,22256.0,2024-01-18,2025-01-17,234523.0,1,12,0,Active,Gold,BR021,900
LN001234,CUST00140,Personal Loan,934623.0,12.1,2,44038.0,2020-06-02,2022-06-02,318091.0,20,24,0,Active,None,BR001,614
LN001235,CUST00254,Home Loan,6889048.0,8.41,20,59414.0,2020-04-30,2040-04-25,6057252.0,20,240,0,Active,Property,BR015,745
LN001236,CUST00271,Car Loan,2233651.0,11.85,3,74033.0,2024-05-27,2027-05-27,1611774.0,12,36,0,Active,Vehicle,BR013,779
LN001237,CUST01632,Car Loan,1910418.0,11.33,3,62844.0,2024-03-12,2027-03-12,1734455.0,4,36,0,Active,Vehicle,BR013,656
LN001238,CUST00847,Personal Loan,287648.0,12.22,5,6431.0,2023-10-22,2028-10-20,134590.0,34,60,0,Active,None,BR019,703
LN001239,CUST01284,Gold Loan,170294.0,9.49,1,14931.0,2023-10-21,2024-10-20,159842.0,1,12,0,Active,Gold,BR041,772
LN001240,CUST02240,Credit Card Loan,150455.0,16.82,5,3725.0,2020-11-30,2025-11-29,25295.0,48,60,0,Active,None,BR010,795
LN001241,CUST00558,Home Loan,7698115.0,8.98,30,61812.0,2021-07-09,2051-07-02,7525041.0,4,360,30,Special Mention,Property,BR047,702
LN001242,CUST00297,Home Loan,14534329.0,10.08,15,156921.0,2022-04-23,2037-04-19,11788212.0,25,180,0,Active,Property,BR030,760
LN001243,CUST01300,Education Loan,630163.0,10.07,3,20354.0,2024-03-02,2027-03-02,288216.0,24,36,30,Special Mention,None,BR032,726
LN001244,CUST00330,Car Loan,917468.0,8.94,7,14731.0,2024-01-29,2031-01-27,618429.0,29,84,90,NPA,Vehicle,BR044,727
LN001245,CUST01549,Business Loan,1690233.0,11.26,2,78979.0,2022-05-02,2024-05-01,1358521.0,6,24,0,Active,None,BR046,746
LN001246,CUST00745,Education Loan,914947.0,9.85,3,29458.0,2023-07-14,2026-07-13,646879.0,13,36,0,Active,None,BR005,900
LN001247,CUST00905,Gold Loan,134095.0,10.04,3,4330.0,2023-01-22,2026-01-21,31041.0,34,36,30,Special Mention,Gold,BR031,716
LN001248,CUST01631,Gold Loan,210358.0,9.69,2,9677.0,2022-11-02,2024-11-01,108750.0,15,24,60,Special Mention,Gold,BR020,740
LN001249,CUST02972,Education Loan,1038973.0,11.45,2,48640.0,2021-08-13,2023-08-13,766589.0,8,24,0,Active,None,BR024,709
LN001250,CUST01444,Education Loan,1390348.0,10.13,2,64243.0,2021-08-31,2023-08-31,1120527.0,6,24,30,Special Mention,None,BR046,677
LN001251,CUST01014,Home Loan,14497592.0,8.99,3,460944.0,2022-05-21,2025-05-20,9012358.0,17,36,0,Active,Property,BR019,670
LN001252,CUST01069,Home Loan,10321189.0,10.68,5,222777.0,2020-01-02,2024-12-31,2835882.0,48,60,0,Active,Property,BR041,691
LN001253,CUST01917,Personal Loan,134763.0,15.35,2,6557.0,2021-03-26,2023-03-26,107224.0,6,24,0,Active,None,BR044,668
LN001254,CUST02189,Business Loan,4639920.0,11.65,1,411498.0,2020-06-03,2021-06-03,3199677.0,5,12,0,Active,None,BR001,701
LN001255,CUST00805,Gold Loan,216049.0,12.34,3,7211.0,2023-08-28,2026-08-27,125190.0,18,36,0,Active,Gold,BR049,712
LN001256,CUST02323,Car Loan,1698676.0,10.03,3,54836.0,2023-12-21,2026-12-20,1660291.0,1,36,0,Active,Vehicle,BR004,710
LN001257,CUST00554,Gold Loan,62339.0,10.22,7,1042.0,2024-03-18,2031-03-17,62339.0,0,84,0,Active,Gold,BR019,735
LN001258,CUST00464,Car Loan,1083156.0,9.99,5,23006.0,2022-11-30,2027-11-29,889906.0,12,60,0,Active,Vehicle,BR006,700
LN001259,CUST02328,Credit Card Loan,46357.0,20.23,5,1234.0,2023-12-31,2028-12-29,43766.0,3,60,30,Special Mention,None,BR027,661
LN001260,CUST02169,Gold Loan,433525.0,10.79,5,9381.0,2024-03-31,2029-03-30,131457.0,46,60,60,Special Mention,Gold,BR030,680
LN001261,CUST00453,Car Loan,763441.0,9.41,5,16000.0,2021-12-13,2026-12-12,304241.0,41,60,30,Special Mention,Vehicle,BR028,734
LN001262,CUST00087,Car Loan,2187352.0,10.21,2,101144.0,2023-12-24,2025-12-23,558934.0,23,24,0,Active,Vehicle,BR029,774
LN001263,CUST00777,Gold Loan,105153.0,11.79,7,1845.0,2020-09-14,2027-09-13,71574.0,26,84,0,Active,Gold,BR036,642
LN001264,CUST00500,Gold Loan,432875.0,9.39,2,19853.0,2023-09-01,2025-08-31,141036.0,21,24,90,NPA,Gold,BR031,600
LN001265,CUST02122,Car Loan,577146.0,8.73,1,50400.0,2023-02-18,2024-02-18,153786.0,12,12,0,Active,Vehicle,BR040,733
LN001266,CUST00183,Home Loan,12138572.0,10.48,1,1069864.0,2021-09-30,2022-09-30,4649524.0,10,12,0,Active,Property,BR009,673
LN001267,CUST02723,Car Loan,1228427.0,11.37,7,21273.0,2020-12-15,2027-12-14,766803.0,31,84,0,Active,Vehicle,BR011,634
LN001268,CUST01400,Car Loan,2120465.0,9.02,3,67455.0,2020-01-06,2023-01-05,1553843.0,12,36,0,Active,Vehicle,BR023,647
LN001269,CUST00392,Home Loan,6528345.0,10.63,1,575860.0,2021-06-07,2022-06-07,2900427.0,9,12,0,Active,Property,BR005,716
LN001270,CUST00362,Education Loan,1458668.0,11.29,3,47954.0,2021-11-03,2024-11-02,1290829.0,5,36,0,Active,None,BR016,819
LN001271,CUST00414,Car Loan,1896181.0,11.68,2,88977.0,2022-09-23,2024-09-22,463651.0,23,24,365,NPA,Vehicle,BR009,781
LN001272,CUST02196,Business Loan,9749444.0,13.39,1,872568.0,2022-05-24,2023-05-24,6695456.0,5,12,180,NPA,None,BR013,670
LN001273,CUST00376,Gold Loan,126892.0,8.99,7,2041.0,2023-06-11,2030-06-09,66887.0,42,84,0,Active,Gold,BR018,647
LN001274,CUST02032,Gold Loan,258262.0,9.25,5,5393.0,2021-01-27,2026-01-26,95933.0,43,60,0,Active,Gold,BR020,656
LN001275,CUST02871,Home Loan,8358838.0,8.51,3,263893.0,2023-08-30,2026-08-29,3186535.0,28,36,0,Active,Property,BR043,660
LN001276,CUST00189,Education Loan,1872463.0,11.31,7,32369.0,2022-10-07,2029-10-05,1306006.0,25,84,60,Special Mention,None,BR002,633
LN001277,CUST02837,Car Loan,2543719.0,11.8,7,44633.0,2023-02-20,2030-02-18,1231509.0,42,84,0,Active,Vehicle,BR033,810
LN001278,CUST02944,Gold Loan,265407.0,10.43,3,8618.0,2021-01-17,2024-01-17,162853.0,17,36,0,Active,Gold,BR039,680
LN001279,CUST00897,Gold Loan,348718.0,11.2,2,16285.0,2020-05-12,2022-05-12,177726.0,15,24,90,NPA,Gold,BR037,707
LN001280,CUST00112,Education Loan,553411.0,10.5,7,9332.0,2020-02-29,2027-02-27,507684.0,7,84,0,Active,None,BR046,697
LN001281,CUST00283,Business Loan,3693933.0,13.71,2,176852.0,2023-12-15,2025-12-14,1465598.0,18,24,0,Active,None,BR004,869
LN001282,CUST01704,Business Loan,8871910.0,13.56,1,794732.0,2024-05-09,2025-05-09,8871910.0,0,12,60,Special Mention,None,BR042,765
LN001283,CUST01757,Education Loan,469375.0,11.94,5,10428.0,2023-01-19,2028-01-18,418278.0,7,60,0,Active,None,BR031,711
LN001284,CUST01162,Business Loan,7240964.0,14.08,7,135997.0,2020-12-10,2027-12-09,2671465.0,48,84,60,Special Mention,None,BR013,827
LN001285,CUST02715,Car Loan,2778544.0,11.79,3,92007.0,2022-09-07,2025-09-06,653182.0,33,36,0,Active,Vehicle,BR012,714
LN001286,CUST00500,Gold Loan,483995.0,11.33,7,8371.0,2022-05-26,2029-05-24,284765.0,34,84,0,Active,Gold,BR031,600
LN001287,CUST02863,Business Loan,7270978.0,10.84,3,237492.0,2024-01-10,2027-01-09,1618668.0,34,36,90,NPA,None,BR037,643
LN001288,CUST01305,Personal Loan,133797.0,15.03,2,6489.0,2021-10-15,2023-10-15,79289.0,12,24,0,Active,None,BR041,729
LN001289,CUST02633,Credit Card Loan,106394.0,17.48,7,2204.0,2022-10-30,2029-10-28,70910.0,23,84,0,Active,None,BR010,716
LN001290,CUST01264,Credit Card Loan,108649.0,17.22,1,9921.0,2023-02-22,2024-02-22,32257.0,11,12,0,Active,None,BR038,633
LN001291,CUST02748,Education Loan,294511.0,11.12,5,6420.0,2020-08-21,2025-08-20,105763.0,42,60,0,Active,None,BR024,762
LN001292,CUST02004,Personal Loan,193017.0,13.63,3,6562.0,2022-05-18,2025-05-17,87369.0,23,36,0,Active,None,BR040,670
LN001293,CUST01035,Business Loan,3880846.0,11.99,1,344796.0,2020-03-18,2021-03-18,3880846.0,0,12,0,Active,None,BR033,666
LN001294,CUST02942,Education Loan,890101.0,11.09,5,19391.0,2021-08-10,2026-08-09,238563.0,48,60,0,Active,None,BR007,663
LN001295,CUST02373,Personal Loan,366157.0,13.69,5,8460.0,2023-07-05,2028-07-03,158887.0,35,60,90,NPA,None,BR043,853
LN001296,CUST02450,Education Loan,237657.0,9.31,2,10892.0,2021-02-10,2023-02-10,222408.0,2,24,0,Active,None,BR023,644
LN001297,CUST01068,Credit Card Loan,151652.0,20.39,1,14076.0,2020-08-23,2021-08-23,82680.0,7,12,0,Active,None,BR037,769
LN001298,CUST00409,Car Loan,2953826.0,8.82,1,258070.0,2020-05-25,2021-05-25,1147336.0,10,12,30,Special Mention,Vehicle,BR043,704
LN001299,CUST02988,Personal Loan,323242.0,13.68,5,7467.0,2023-11-28,2028-11-26,161208.0,31,60,0,Active,None,BR045,705
LN001300,CUST02667,Education Loan,1250583.0,12.19,1,111225.0,2022-08-30,2023-08-30,705580.0,7,12,0,Active,None,BR006,882
LN001301,CUST00526,Personal Loan,212888.0,15.41,1,19257.0,2023-04-08,2024-04-07,91569.0,9,12,0,Active,None,BR037,610
LN001302,CUST00607,Education Loan,1834050.0,9.32,3,58595.0,2022-07-31,2025-07-30,1711000.0,3,36,0,Active,None,BR022,649
LN001303,CUST00928,Credit Card Loan,87303.0,19.65,3,3229.0,2022-04-02,2025-04-01,80522.0,3,36,180,NPA,None,BR011,734
LN001304,CUST01279,Credit Card Loan,79965.0,19.58,7,1755.0,2024-02-05,2031-02-03,23454.0,46,84,30,Special Mention,None,BR017,724
LN001305,CUST01243,Gold Loan,454884.0,10.56,7,7684.0,2020-06-22,2027-06-21,411854.0,8,84,0,Active,Gold,BR050,650
LN001306,CUST02196,Education Loan,1310629.0,9.39,1,114856.0,2020-09-15,2021-09-15,1230230.0,1,12,60,Special Mention,None,BR013,670
LN001307,CUST02004,Home Loan,1127494.0,7.77,7,17445.0,2023-08-22,2030-08-20,871052.0,21,84,0,Active,Property,BR040,670
LN001308,CUST02858,Car Loan,2516182.0,8.39,7,39714.0,2022-12-21,2029-12-19,1598789.0,33,84,0,Active,Vehicle,BR004,682
LN001309,CUST01379,Education Loan,141998.0,9.12,3,4523.0,2022-01-08,2025-01-07,107171.0,11,36,0,Active,None,BR013,651
LN001310,CUST01038,Education Loan,273022.0,12.5,7,4893.0,2022-10-27,2029-10-25,255896.0,5,84,0,Active,None,BR014,663
LN001311,CUST02176,Credit Card Loan,172911.0,19.68,3,6398.0,2020-05-25,2023-05-25,168432.0,1,36,0,Active,None,BR026,873
LN001312,CUST01985,Business Loan,7740890.0,11.85,1,687208.0,2023-08-04,2024-08-03,2930434.0,10,12,60,Special Mention,None,BR038,745
LN001313,CUST00569,Business Loan,4383818.0,10.75,2,203806.0,2023-12-20,2025-12-19,3670497.0,5,24,0,Active,None,BR048,611
LN001314,CUST02147,Credit Card Loan,69504.0,17.15,5,1733.0,2020-05-09,2025-05-08,57373.0,10,60,0,Active,None,BR013,601
LN001315,CUST00766,Business Loan,8001811.0,14.04,2,384332.0,2023-04-18,2025-04-17,7732779.0,1,24,180,NPA,None,BR040,664
LN001316,CUST00073,Personal Loan,961787.0,14.93,5,22847.0,2024-05-10,2029-05-09,817851.0,9,60,0,Active,None,BR007,701
LN001317,CUST00830,Gold Loan,416065.0,11.41,3,13703.0,2021-10-03,2024-10-02,406473.0,1,36,60,Special Mention,Gold,BR047,686
LN001318,CUST00085,Personal Loan,779232.0,14.36,1,70099.0,2024-05-21,2025-05-21,730163.0,1,12,0,Active,None,BR004,652
LN001319,CUST01894,Personal Loan,138446.0,13.37,5,3176.0,2022-01-28,2027-01-27,91759.0,21,60,60,Special Mention,None,BR014,714
LN001320,CUST01655,Car Loan,2021730.0,10.33,1,178053.0,2023-06-24,2024-06-23,775359.0,10,12,0,Active,Vehicle,BR004,737
LN001321,CUST01775,Personal Loan,1172739.0,14.76,2,56727.0,2022-01-03,2024-01-03,1093321.0,2,24,0,Active,None,BR011,674
LN001322,CUST01953,Education Loan,1594520.0,10.29,7,26707.0,2022-10-05,2029-10-03,1388876.0,11,84,0,Active,None,BR002,659
LN001323,CUST00799,Credit Card Loan,126623.0,17.16,7,2599.0,2024-03-12,2031-03-11,88418.0,21,84,60,Special Mention,None,BR008,687
LN001324,CUST02254,Business Loan,2500484.0,12.83,1,223136.0,2022-01-01,2023-01-01,1875703.0,4,12,0,Active,None,BR024,692
LN001325,CUST00769,Home Loan,8939309.0,9.4,15,92787.0,2023-01-11,2038-01-07,7380487.0,24,180,30,Special Mention,Property,BR014,679
LN001326,CUST00535,Gold Loan,285149.0,9.01,7,4590.0,2023-03-15,2030-03-13,130925.0,48,84,0,Active,Gold,BR013,646
LN001327,CUST00899,Business Loan,2154507.0,12.15,7,38200.0,2022-12-31,2029-12-29,1245347.0,34,84,0,Active,None,BR016,809
LN001328,CUST00787,Personal Loan,1395196.0,15.97,2,68296.0,2021-08-24,2023-08-24,1395196.0,0,24,60,Special Mention,None,BR003,738
LN001329,CUST02070,Education Loan,1309448.0,11.11,7,22496.0,2024-05-28,2031-05-27,963010.0,22,84,0,Active,None,BR031,757
LN001330,CUST02574,Gold Loan,79968.0,8.69,1,6982.0,2021-11-06,2022-11-06,21319.0,12,12,0,Active,Gold,BR038,692
LN001331,CUST02963,Personal Loan,157331.0,14.63,7,3003.0,2023-05-24,2030-05-22,111085.0,22,84,90,NPA,None,BR010,667
LN001332,CUST01778,Gold Loan,347669.0,12.19,1,30921.0,2023-03-02,2024-03-01,304380.0,2,12,180,NPA,Gold,BR034,795
LN001333,CUST00137,Personal Loan,516796.0,13.07,5,11778.0,2022-05-10,2027-05-09,195257.0,39,60,0,Active,None,BR041,652
LN001334,CUST00772,Gold Loan,261295.0,12.48,2,12359.0,2023-03-17,2025-03-16,261295.0,0,24,0,Active,Gold,BR005,659
LN001335,CUST01667,Personal Loan,953205.0,14.71,7,18239.0,2020-09-26,2027-09-25,570186.0,30,84,180,NPA,None,BR033,632
LN001336,CUST02906,Education Loan,391786.0,11.45,5,8607.0,2022-04-25,2027-04-24,198989.0,32,60,0,Active,None,BR037,760
LN001337,CUST02048,Education Loan,1986954.0,9.83,5,42049.0,2023-11-06,2028-11-04,1309965.0,23,60,180,NPA,None,BR021,701
LN001338,CUST00741,Personal Loan,927659.0,13.24,1,82959.0,2023-10-08,2024-10-07,521160.0,7,12,0,Active,None,BR008,627
LN001339,CUST00489,Car Loan,2306263.0,11.39,2,107911.0,2024-01-04,2026-01-03,1324273.0,13,24,0,Active,Vehicle,BR049,797
LN001340,CUST02135,Business Loan,7466857.0,11.48,5,164149.0,2023-05-11,2028-05-09,3215398.0,37,60,0,Active,None,BR028,692
LN001341,CUST00255,Home Loan,7382068.0,7.11,20,57729.0,2023-05-05,2043-04-30,5806066.0,39,240,0,Active,Property,BR025,604
LN001342,CUST01626,Home Loan,7959741.0,7.91,2,359666.0,2021-10-02,2023-10-02,6197378.0,7,24,0,Active,Property,BR035,831
LN001343,CUST02794,Home Loan,12781187.0,10.52,7,215648.0,2022-04-21,2029-04-19,11120697.0,11,84,0,Active,Property,BR049,627
LN001344,CUST02896,Credit Card Loan,113361.0,17.41,1,10361.0,2020-01-07,2021-01-06,98856.0,2,12,0,Active,None,BR022,900
LN001345,CUST01023,Credit Card Loan,39699.0,18.51,3,1445.0,2023-07-29,2026-07-28,13400.0,26,36,0,Active,None,BR049,695
LN001346,CUST01608,Home Loan,7668140.0,10.64,10,104058.0,2021-08-15,2031-08-13,6648372.0,14,120,0,Active,Property,BR003,795
LN001347,CUST01075,Gold Loan,289891.0,10.49,7,4886.0,2022-03-29,2029-03-27,242008.0,14,84,30,Special Mention,Gold,BR015,781
LN001348,CUST01752,Car Loan,404703.0,8.38,2,18373.0,2020-06-02,2022-06-02,211786.0,15,24,0,Active,Vehicle,BR026,741
LN001349,CUST00072,Home Loan,3470787.0,7.51,2,156197.0,2020-07-04,2022-07-04,1502705.0,18,24,0,Active,Property,BR043,798
LN001350,CUST01298,Gold Loan,122865.0,10.92,1,10854.0,2023-03-14,2024-03-13,31691.0,12,12,0,Active,Gold,BR026,674
LN001351,CUST01649,Home Loan,1685933.0,10.12,3,54495.0,2020-02-22,2023-02-21,1418908.0,7,36,0,Active,Property,BR037,764
LN001352,CUST01006,Home Loan,14308110.0,8.29,3,450285.0,2021-05-01,2024-04-30,12416913.0,6,36,0,Active,Property,BR027,723
LN001353,CUST02808,Home Loan,12175275.0,9.72,2,560231.0,2020-07-23,2022-07-23,7861496.0,11,24,0,Active,Property,BR046,799
LN001354,CUST02754,Car Loan,322383.0,11.35,3,10608.0,2023-02-24,2026-02-23,84764.0,32,36,0,Active,Vehicle,BR001,677
LN001355,CUST02402,Business Loan,6341472.0,13.15,1,566843.0,2020-10-23,2021-10-23,5151102.0,3,12,0,Active,None,BR020,722
LN001356,CUST01011,Car Loan,2983244.0,11.83,7,52394.0,2020-12-19,2027-12-18,1442860.0,42,84,0,Active,Vehicle,BR016,769
LN001357,CUST00077,Business Loan,601033.0,12.69,5,13580.0,2023-03-01,2028-02-28,287335.0,33,60,0,Active,None,BR039,700
LN001358,CUST01753,Personal Loan,1468090.0,15.3,3,51109.0,2021-08-31,2024-08-30,1360761.0,3,36,0,Active,None,BR033,656
LN001359,CUST01203,Education Loan,434919.0,12.52,1,38748.0,2023-12-04,2024-12-03,380672.0,2,12,30,Special Mention,None,BR003,692
LN001360,CUST01655,Personal Loan,1454270.0,14.2,3,49848.0,2021-01-04,2024-01-04,1314696.0,4,36,0,Active,None,BR004,737
LN001361,CUST00169,Credit Card Loan,91751.0,19.85,5,2423.0,2022-09-28,2027-09-27,49348.0,25,60,0,Active,None,BR006,699
LN001362,CUST02960,Education Loan,800599.0,9.67,2,36823.0,2020-12-28,2022-12-28,697495.0,4,24,0,Active,None,BR013,619
LN001363,CUST02944,Home Loan,13686944.0,10.02,7,227379.0,2020-07-06,2027-07-05,10662803.0,19,84,0,Active,Property,BR039,680
LN001364,CUST02693,Home Loan,7573079.0,8.41,15,74176.0,2021-11-22,2036-11-18,6742308.0,16,180,90,NPA,Property,BR003,692
LN001365,CUST00662,Car Loan,2131851.0,11.97,5,47388.0,2022-01-02,2027-01-01,2032336.0,3,60,0,Active,Vehicle,BR002,684
LN001366,CUST01068,Home Loan,12862374.0,8.89,10,162202.0,2020-12-25,2030-12-23,12181126.0,6,120,0,Active,Property,BR037,769
LN001367,CUST02007,Business Loan,2977329.0,14.37,7,56412.0,2021-11-03,2028-11-01,1634723.0,34,84,0,Active,None,BR037,719
LN001368,CUST00283,Gold Loan,251857.0,8.52,1,21969.0,2023-05-17,2024-05-16,144209.0,7,12,0,Active,Gold,BR004,869
LN001369,CUST00456,Personal Loan,307305.0,14.57,2,14838.0,2020-03-31,2022-03-31,151506.0,15,24,0,Active,None,BR029,670
LN001370,CUST01319,Car Loan,2606995.0,11.26,2,121825.0,2023-10-02,2025-10-01,816168.0,21,24,0,Active,Vehicle,BR014,664
LN001371,CUST00703,Credit Card Loan,118784.0,19.32,3,4374.0,2020-12-05,2023-12-05,33054.0,28,36,180,NPA,None,BR011,669
LN001372,CUST01042,Gold Loan,299605.0,9.7,3,9625.0,2022-04-28,2025-04-27,151380.0,22,36,0,Active,Gold,BR025,683
LN001373,CUST01781,Personal Loan,209024.0,13.88,2,10024.0,2022-09-12,2024-09-11,194990.0,2,24,0,Active,None,BR028,620
LN001374,CUST00447,Business Loan,4145220.0,13.73,1,371652.0,2022-06-13,2023-06-13,1803812.0,9,12,0,Active,None,BR002,707
LN001375,CUST02352,Home Loan,9824716.0,7.77,1,853612.0,2021-02-11,2022-02-11,4446960.0,9,12,0,Active,Property,BR010,748
LN001376,CUST02032,Car Loan,1640415.0,10.48,1,144586.0,2020-03-01,2021-03-01,1640415.0,0,12,0,Active,Vehicle,BR020,656
LN001377,CUST02654,Credit Card Loan,36052.0,19.95,1,3339.0,2021-09-12,2022-09-12,22028.0,6,12,0,Active,None,BR013,752
LN001378,CUST01884,Business Loan,7796397.0,11.13,2,363849.0,2021-02-13,2023-02-13,6013537.0,7,24,180,NPA,None,BR027,707
LN001379,CUST01638,Home Loan,5203191.0,8.28,2,235987.0,2020-07-28,2022-07-28,1734182.0,21,24,0,Active,Property,BR046,716
LN001380,CUST00450,Car Loan,2048468.0,8.57,5,42096.0,2022-04-04,2027-04-03,1252854.0,27,60,180,NPA,Vehicle,BR012,689
LN001381,CUST00393,Personal Loan,1460143.0,15.09,1,131851.0,2021-06-08,2022-06-08,444890.0,11,12,180,NPA,None,BR048,630
LN001382,CUST01636,Education Loan,776794.0,12.28,2,36669.0,2022-11-08,2024-11-07,263428.0,20,24,0,Active,None,BR036,663
LN001383,CUST00637,Car Loan,2736373.0,8.85,7,43824.0,2022-02-22,2029-02-20,1417271.0,43,84,0,Active,Vehicle,BR036,778
LN001384,CUST00339,Education Loan,227048.0,11.96,5,5046.0,2020-02-13,2025-02-11,145807.0,23,60,180,NPA,None,BR005,714
LN001385,CUST02251,Education Loan,276768.0,11.03,1,24465.0,2023-06-09,2024-06-08,122638.0,9,12,0,Active,None,BR042,694
LN001386,CUST01796,Business Loan,5407675.0,14.26,1,486191.0,2023-02-15,2024-02-15,2004338.0,10,12,365,NPA,None,BR048,732
LN001387,CUST02174,Business Loan,4523643.0,10.66,5,97581.0,2021-03-03,2026-03-02,1586455.0,43,60,0,Active,None,BR006,711
LN001388,CUST00997,Education Loan,208658.0,12.72,7,3765.0,2020-04-22,2027-04-21,140135.0,26,84,0,Active,None,BR033,831
LN001389,CUST00999,Education Loan,1365023.0,11.25,7,23551.0,2023-06-25,2030-06-23,689109.0,41,84,0,Active,None,BR032,699
LN001390,CUST01696,Home Loan,11024732.0,8.67,30,86114.0,2022-09-16,2052-09-08,10663053.0,6,360,30,Special Mention,Property,BR002,900
LN001391,CUST01753,Personal Loan,212177.0,14.3,1,19081.0,2023-06-02,2024-06-01,105323.0,8,12,0,Active,None,BR033,656
LN001392,CUST00105,Education Loan,1479405.0,10.0,3,47737.0,2021-08-30,2024-08-29,610592.0,26,36,0,Active,None,BR031,697
LN001393,CUST00556,Gold Loan,96138.0,11.59,1,8523.0,2022-03-17,2023-03-17,30511.0,11,12,0,Active,Gold,BR021,669
LN001394,CUST01596,Personal Loan,1329956.0,12.58,7,23895.0,2021-05-21,2028-05-19,777982.0,33,84,0,Active,None,BR024,656
LN001395,CUST00924,Business Loan,3719220.0,12.28,7,66214.0,2020-03-05,2027-03-04,2421426.0,28,84,0,Active,None,BR034,652
LN001396,CUST00599,Car Loan,423576.0,10.76,2,19694.0,2022-04-20,2024-04-19,244361.0,13,24,0,Active,Vehicle,BR013,674
LN001397,CUST00634,Business Loan,6343881.0,14.36,2,305657.0,2020-06-15,2022-06-15,2064683.0,20,24,0,Active,None,BR004,680
LN001398,CUST00158,Education Loan,991642.0,9.43,3,31732.0,2023-11-21,2026-11-20,747306.0,11,36,0,Active,None,BR004,824
LN001399,CUST02818,Credit Card Loan,154316.0,18.77,2,7762.0,2022-03-21,2024-03-20,121716.0,6,24,0,Active,None,BR050,733
LN001400,CUST02879,Gold Loan,272326.0,10.6,2,12642.0,2020-08-26,2022-08-26,183832.0,10,24,0,Active,Gold,BR003,715
LN001401,CUST02235,Gold Loan,104706.0,9.49,3,3353.0,2023-04-28,2026-04-27,97665.0,3,36,0,Active,Gold,BR048,615
LN001402,CUST02982,Education Loan,634305.0,11.78,7,11123.0,2020-12-20,2027-12-19,626519.0,1,84,0,Active,None,BR013,775
LN001403,CUST01739,Home Loan,11537287.0,8.2,5,235015.0,2020-01-17,2025-01-15,4298825.0,44,60,180,NPA,Property,BR026,814
LN001404,CUST01735,Business Loan,7114441.0,11.84,2,334386.0,2023-10-02,2025-10-01,4071528.0,13,24,0,Active,None,BR013,733
LN001405,CUST02294,Education Loan,706652.0,9.25,1,61880.0,2022-11-02,2023-11-02,316808.0,9,12,0,Active,None,BR030,677
LN001406,CUST00407,Gold Loan,375826.0,11.06,7,6448.0,2024-02-24,2031-02-22,235904.0,31,84,0,Active,Gold,BR048,650
LN001407,CUST00054,Education Loan,1270544.0,10.91,2,59163.0,2021-11-21,2023-11-21,980645.0,7,24,0,Active,None,BR018,748
LN001408,CUST01445,Education Loan,1834026.0,11.23,3,60240.0,2023-07-04,2026-07-03,1496682.0,8,36,0,Active,None,BR036,722
LN001409,CUST00137,Business Loan,2830958.0,11.22,5,61860.0,2023-12-10,2028-12-08,1835012.0,23,60,0,Active,None,BR041,652
LN001410,CUST00223,Personal Loan,336051.0,15.09,5,8011.0,2020-09-14,2025-09-13,156605.0,32,60,0,Active,None,BR034,728
LN001411,CUST00318,Gold Loan,223770.0,9.2,3,7136.0,2020-07-30,2023-07-30,143847.0,16,36,0,Active,Gold,BR005,844
LN001412,CUST00997,Car Loan,1291208.0,8.2,2,58517.0,2024-03-05,2026-03-05,840627.0,11,24,0,Active,Vehicle,BR033,831
LN001413,CUST02306,Car Loan,2151398.0,9.03,2,98311.0,2024-04-22,2026-04-22,1876127.0,4,24,0,Active,Vehicle,BR005,898
LN001414,CUST02390,Personal Loan,70297.0,12.65,5,1587.0,2020-05-27,2025-05-26,70297.0,0,60,180,NPA,None,BR013,781
LN001415,CUST01727,Car Loan,1071565.0,8.86,1,93642.0,2022-05-29,2023-05-29,612719.0,7,12,0,Active,Vehicle,BR038,682
LN001416,CUST02702,Personal Loan,1279506.0,15.69,3,44790.0,2022-07-26,2025-07-25,934623.0,11,36,0,Active,None,BR043,749
LN001417,CUST02979,Education Loan,682903.0,9.48,3,21869.0,2023-04-02,2026-04-01,208346.0,31,36,30,Special Mention,None,BR023,719
LN001418,CUST00410,Home Loan,1139736.0,8.92,15,11507.0,2020-02-21,2035-02-17,833650.0,38,180,0,Active,Property,BR021,744
LN001419,CUST00015,Home Loan,13320697.0,9.15,10,169798.0,2022-03-13,2032-03-10,9992656.0,28,120,0,Active,Property,BR047,613
LN001420,CUST02799,Credit Card Loan,194539.0,19.97,3,7227.0,2020-01-28,2023-01-27,159127.0,7,36,365,NPA,None,BR043,678
LN001421,CUST00778,Gold Loan,300643.0,11.93,5,6676.0,2023-08-27,2028-08-25,174467.0,27,60,60,Special Mention,Gold,BR042,674
LN001422,CUST00053,Home Loan,9863274.0,10.82,20,100571.0,2020-03-07,2040-03-02,9581675.0,4,240,0,Active,Property,BR013,647
LN001423,CUST01898,Gold Loan,212821.0,11.59,7,3711.0,2023-10-10,2030-10-08,98522.0,44,84,30,Special Mention,Gold,BR031,801
LN001424,CUST02256,Business Loan,3810339.0,12.33,2,179952.0,2020-06-05,2022-06-05,1542944.0,18,24,0,Active,None,BR032,718
LN001425,CUST01482,Home Loan,11400362.0,7.89,2,515013.0,2022-02-20,2024-02-20,4190180.0,20,24,0,Active,Property,BR026,663
LN001426,CUST00429,Car Loan,1864078.0,8.09,2,84386.0,2021-12-31,2023-12-31,1155236.0,12,24,0,Active,Vehicle,BR041,792
LN001427,CUST02960,Education Loan,1964597.0,11.4,2,91935.0,2020-03-21,2022-03-21,613152.0,21,24,0,Active,None,BR013,619
LN001428,CUST00855,Credit Card Loan,91997.0,17.53,2,4572.0,2020-11-04,2022-11-04,59993.0,10,24,0,Active,None,BR033,780
LN001429,CUST00899,Business Loan,7536629.0,14.17,2,362474.0,2020-03-20,2022-03-20,4238116.0,13,24,0,Active,None,BR016,809
LN001430,CUST02634,Business Loan,3345735.0,11.5,3,110332.0,2020-10-13,2023-10-13,1723855.0,21,36,90,NPA,None,BR029,702
LN001431,CUST00526,Credit Card Loan,194494.0,17.85,2,9696.0,2020-03-29,2022-03-29,153771.0,6,24,30,Special Mention,None,BR037,610
LN001432,CUST01583,Education Loan,1448210.0,11.14,1,128088.0,2023-09-01,2024-08-31,820579.0,7,12,0,Active,None,BR014,625
LN001433,CUST00878,Personal Loan,283006.0,12.78,1,25248.0,2020-02-21,2021-02-20,229985.0,3,12,365,NPA,None,BR019,702
LN001434,CUST01985,Car Loan,404284.0,8.73,1,35305.0,2021-04-10,2022-04-10,206576.0,8,12,0,Active,Vehicle,BR038,745
LN001435,CUST00351,Car Loan,2527438.0,10.74,2,117493.0,2022-10-24,2024-10-23,2198458.0,4,24,0,Active,Vehicle,BR023,713
LN001436,CUST02836,Personal Loan,1190289.0,15.07,1,107475.0,2023-12-02,2024-12-01,1190289.0,0,12,0,Active,None,BR036,668
LN001437,CUST01530,Car Loan,1728191.0,9.77,5,36521.0,2021-07-03,2026-07-02,577780.0,45,60,0,Active,Vehicle,BR041,663
LN001438,CUST01400,Gold Loan,363665.0,8.59,5,7477.0,2023-09-13,2028-09-11,227584.0,26,60,180,NPA,Gold,BR023,647
LN001439,CUST01131,Personal Loan,754829.0,13.07,3,25460.0,2022-10-28,2025-10-27,558787.0,11,36,0,Active,None,BR019,794
LN001440,CUST01974,Business Loan,7772822.0,14.18,2,373869.0,2023-10-21,2025-10-20,4108906.0,14,24,60,Special Mention,None,BR034,697
LN001441,CUST01420,Personal Loan,901134.0,14.79,3,31145.0,2023-08-11,2026-08-10,901134.0,0,36,365,NPA,None,BR039,715
LN001442,CUST01289,Education Loan,933599.0,12.52,7,16741.0,2021-04-20,2028-04-18,488288.0,38,84,0,Active,None,BR043,630
LN001443,CUST01444,Home Loan,6758174.0,7.42,15,62333.0,2022-03-02,2037-02-26,6758174.0,0,180,0,Active,Property,BR046,677
LN001444,CUST01604,Home Loan,1885447.0,9.56,5,39653.0,2023-12-16,2028-12-14,608620.0,46,60,30,Special Mention,Property,BR030,659
LN001445,CUST00255,Gold Loan,453659.0,8.72,1,39614.0,2020-12-29,2021-12-29,231821.0,8,12,0,Active,Gold,BR025,604
LN001446,CUST00073,Education Loan,1336819.0,9.11,3,42580.0,2023-07-28,2026-07-27,472445.0,29,36,60,Special Mention,None,BR007,701
LN001447,CUST01743,Education Loan,1288139.0,12.18,7,22861.0,2023-02-07,2030-02-05,1032096.0,16,84,0,Active,None,BR019,702
LN001448,CUST00156,Business Loan,5231246.0,14.42,1,470728.0,2022-03-08,2023-03-08,5231246.0,0,12,0,Active,None,BR036,664
LN001449,CUST00530,Home Loan,4887665.0,8.77,10,61304.0,2020-10-05,2030-10-03,3428630.0,34,120,365,NPA,Property,BR007,638
LN001450,CUST01484,Business Loan,6922510.0,13.09,1,618586.0,2024-04-16,2025-04-16,4324449.0,6,12,0,Active,None,BR048,665
LN001451,CUST01705,Education Loan,1119700.0,12.93,5,25439.0,2020-02-28,2025-02-26,870398.0,14,60,0,Active,None,BR028,736
LN001452,CUST00351,Personal Loan,397498.0,12.44,2,18794.0,2024-04-20,2026-04-20,305407.0,7,24,0,Active,None,BR023,713
LN001453,CUST01024,Business Loan,3227062.0,12.94,5,73324.0,2023-10-03,2028-10-01,3175735.0,1,60,0,Active,None,BR034,844
LN001454,CUST00963,Personal Loan,747595.0,12.25,3,24919.0,2022-09-13,2025-09-12,503389.0,14,36,30,Special Mention,None,BR035,698
LN001455,CUST00490,Business Loan,3585458.0,11.61,3,118419.0,2020-03-20,2023-03-20,2176272.0,17,36,0,Active,None,BR003,767
LN001456,CUST00019,Home Loan,8769247.0,8.05,3,274986.0,2024-04-01,2027-04-01,4919443.0,20,36,30,Special Mention,Property,BR050,629
LN001457,CUST00344,Business Loan,3414016.0,13.98,2,163890.0,2024-05-05,2026-05-05,1349002.0,18,24,0,Active,None,BR035,687
LN001458,CUST00957,Gold Loan,450494.0,10.6,7,7618.0,2024-05-20,2031-05-19,322512.0,24,84,90,NPA,Gold,BR048,706
LN001459,CUST00202,Car Loan,1307952.0,9.72,5,27612.0,2022-10-24,2027-10-23,1269295.0,2,60,0,Active,Vehicle,BR016,747
LN001460,CUST02710,Business Loan,9903247.0,12.65,5,223584.0,2021-10-15,2026-10-14,4738457.0,33,60,0,Active,None,BR048,796
LN001461,CUST01807,Car Loan,1471488.0,10.48,7,24797.0,2020-05-07,2027-05-06,1211120.0,15,84,90,NPA,Vehicle,BR029,824
LN001462,CUST02715,Car Loan,1772338.0,11.4,2,82934.0,2021-10-03,2023-10-03,1191800.0,10,24,0,Active,Vehicle,BR012,714
LN001463,CUST01424,Credit Card Loan,149461.0,16.56,7,3017.0,2020-08-21,2027-08-20,69209.0,38,84,0,Active,None,BR046,669
LN001464,CUST01705,Education Loan,454141.0,12.79,5,10285.0,2023-11-19,2028-11-17,310151.0,20,60,0,Active,None,BR028,736
LN001465,CUST00173,Business Loan,1288444.0,13.81,5,29854.0,2024-03-09,2029-03-08,1037670.0,12,60,0,Active,None,BR004,709
LN001466,CUST01191,Car Loan,738725.0,10.16,1,65000.0,2021-05-05,2022-05-05,238225.0,11,12,0,Active,Vehicle,BR050,692
LN001467,CUST02829,Education Loan,456924.0,11.87,1,40569.0,2022-12-10,2023-12-10,428526.0,1,12,60,Special Mention,None,BR047,766
LN001468,CUST01996,Credit Card Loan,127781.0,17.58,5,3216.0,2021-07-02,2026-07-01,112023.0,7,60,30,Special Mention,None,BR038,755
LN001469,CUST01649,Credit Card Loan,123488.0,18.39,3,4489.0,2021-01-21,2024-01-21,32361.0,29,36,0,Active,None,BR037,764
LN001470,CUST02471,Business Loan,1081475.0,14.43,1,97322.0,2020-05-25,2021-05-25,877099.0,3,12,0,Active,None,BR001,788
LN001471,CUST02815,Car Loan,393064.0,9.46,3,12584.0,2024-05-03,2027-05-03,225697.0,19,36,0,Active,Vehicle,BR011,820
LN001472,CUST01475,Credit Card Loan,178275.0,18.48,3,6488.0,2021-06-25,2024-06-24,128317.0,11,36,0,Active,None,BR015,650
LN001473,CUST01960,Home Loan,10708591.0,10.53,20,107111.0,2020-01-27,2040-01-22,9059082.0,22,240,0,Active,Property,BR034,725
LN001474,CUST00956,Education Loan,1988911.0,11.46,1,176214.0,2021-11-25,2022-11-25,878763.0,9,12,365,NPA,None,BR038,766
LN001475,CUST00723,Home Loan,10304274.0,8.0,30,75597.0,2020-03-06,2050-02-27,9245916.0,20,360,0,Active,Property,BR043,609
LN001476,CUST00503,Gold Loan,208042.0,10.25,1,18315.0,2024-01-05,2025-01-04,131119.0,6,12,30,Special Mention,Gold,BR031,739
LN001477,CUST01415,Car Loan,2765061.0,8.21,1,240791.0,2023-07-02,2024-07-01,2090846.0,4,12,0,Active,Vehicle,BR038,665
LN001478,CUST01939,Car Loan,822981.0,10.03,1,72365.0,2020-07-31,2021-07-31,772326.0,1,12,0,Active,Vehicle,BR003,861
LN001479,CUST00849,Home Loan,7939109.0,8.71,1,693233.0,2020-04-21,2021-04-21,3086478.0,10,12,0,Active,Property,BR024,646
LN001480,CUST00469,Business Loan,9111536.0,13.75,7,169470.0,2024-04-17,2031-04-16,4603634.0,38,84,0,Active,None,BR003,687
LN001481,CUST02413,Credit Card Loan,112397.0,17.5,2,5584.0,2021-10-31,2023-10-31,92853.0,5,24,90,NPA,None,BR019,669
LN001482,CUST00746,Car Loan,2740478.0,9.83,1,240716.0,2021-06-08,2022-06-08,1560970.0,7,12,30,Special Mention,Vehicle,BR021,649
LN001483,CUST01321,Business Loan,1317699.0,14.27,7,24891.0,2023-12-01,2030-11-29,673022.0,37,84,0,Active,None,BR007,695
LN001484,CUST01795,Home Loan,10945396.0,9.85,2,504335.0,2022-06-15,2024-06-14,8121120.0,8,24,0,Active,Property,BR047,706
LN001485,CUST00194,Education Loan,1959004.0,9.12,5,40780.0,2020-05-02,2025-05-01,760072.0,42,60,30,Special Mention,None,BR025,641
LN001486,CUST02761,Car Loan,1589275.0,11.13,7,27320.0,2021-09-23,2028-09-21,690447.0,47,84,365,NPA,Vehicle,BR003,721
LN001487,CUST00331,Personal Loan,77811.0,12.72,3,2611.0,2020-05-05,2023-05-05,22980.0,30,36,0,Active,None,BR003,692
LN001488,CUST01042,Car Loan,2090663.0,10.88,7,35670.0,2020-01-18,2027-01-16,1441469.0,26,84,0,Active,Vehicle,BR025,683
LN001489,CUST02108,Education Loan,921431.0,12.82,7,16672.0,2023-10-13,2030-10-11,828068.0,8,84,60,Special Mention,None,BR034,809
LN001490,CUST00435,Personal Loan,1294889.0,14.79,2,62658.0,2021-04-14,2023-04-14,724701.0,13,24,0,Active,None,BR002,779
LN001491,CUST02830,Home Loan,1964076.0,8.51,30,15123.0,2020-06-14,2050-06-07,1477115.0,46,360,0,Active,Property,BR011,835
LN001492,CUST00268,Gold Loan,109462.0,9.3,5,2288.0,2023-03-16,2028-03-14,59812.0,31,60,0,Active,Gold,BR039,600
LN001493,CUST02687,Education Loan,1978123.0,9.35,2,90688.0,2020-06-19,2022-06-19,645009.0,21,24,0,Active,None,BR013,721
LN001494,CUST01999,Credit Card Loan,98645.0,20.05,3,3669.0,2020-11-07,2023-11-07,26733.0,28,36,0,Active,None,BR048,698
LN001495,CUST01458,Car Loan,2104944.0,8.52,3,66471.0,2020-10-19,2023-10-19,1686177.0,9,36,180,NPA,Vehicle,BR003,721
LN001496,CUST01163,Car Loan,2727248.0,11.19,7,46972.0,2020-01-07,2027-01-05,1609314.0,34,84,30,Special Mention,Vehicle,BR043,603
LN001497,CUST01591,Gold Loan,222458.0,11.51,3,7337.0,2020-08-16,2023-08-16,58109.0,32,36,0,Active,Gold,BR015,648
LN001498,CUST01772,Home Loan,9359947.0,10.74,5,202274.0,2022-01-10,2027-01-09,8368804.0,7,60,90,NPA,Property,BR018,787
LN001499,CUST02799,Home Loan,7129424.0,7.07,3,220362.0,2021-01-15,2024-01-15,4661370.0,16,36,0,Active,Property,BR043,678
LN001500,CUST00680,Gold Loan,175373.0,10.26,1,15439.0,2020-03-20,2021-03-20,99722.0,7,12,0,Active,Gold,BR048,765
LN001501,CUST01689,Home Loan,9191067.0,7.67,3,286614.0,2024-03-23,2027-03-23,2169024.0,35,36,0,Active,Property,BR031,727
LN001502,CUST02462,Home Loan,3745560.0,7.87,7,58138.0,2024-01-21,2031-01-19,2036303.0,42,84,0,Active,Property,BR002,737
LN001503,CUST02029,Personal Loan,721233.0,13.02,5,16418.0,2021-10-08,2026-10-07,238544.0,42,60,30,Special Mention,None,BR024,729
LN001504,CUST02970,Gold Loan,228542.0,10.38,3,7416.0,2024-04-01,2027-04-01,202586.0,5,36,60,Special Mention,Gold,BR041,790
LN001505,CUST02024,Personal Loan,193928.0,13.32,1,17350.0,2020-01-25,2021-01-24,96768.0,8,12,0,Active,None,BR014,617
LN001506,CUST01951,Home Loan,12638053.0,8.93,2,576962.0,2020-07-14,2022-07-14,4156712.0,21,24,180,NPA,Property,BR049,604
LN001507,CUST00917,Gold Loan,446242.0,8.89,5,9239.0,2022-11-02,2027-11-01,316896.0,20,60,0,Active,Gold,BR041,744
LN001508,CUST01971,Education Loan,963257.0,10.32,7,16153.0,2021-08-29,2028-08-27,567508.0,35,84,0,Active,None,BR021,749
LN001509,CUST01603,Personal Loan,633343.0,12.46,1,56407.0,2023-04-13,2024-04-12,356949.0,7,12,0,Active,None,BR013,816
LN001510,CUST02778,Business Loan,9876755.0,14.38,3,339380.0,2022-12-19,2025-12-18,2512209.0,31,36,0,Active,None,BR020,682
LN001511,CUST02510,Education Loan,336192.0,12.47,2,15899.0,2024-03-31,2026-03-31,102477.0,21,24,90,NPA,None,BR049,619
LN001512,CUST00617,Personal Loan,257566.0,14.29,2,12401.0,2021-08-29,2023-08-29,179440.0,9,24,30,Special Mention,None,BR034,696
LN001513,CUST00789,Gold Loan,53163.0,11.85,3,1762.0,2023-08-06,2026-08-05,14928.0,31,36,365,NPA,Gold,BR022,712
LN001514,CUST00030,Education Loan,1170858.0,10.91,7,19994.0,2022-10-05,2029-10-03,708997.0,33,84,0,Active,None,BR022,676
LN001515,CUST01382,Home Loan,7782997.0,8.72,5,160521.0,2023-09-04,2028-09-02,3176044.0,41,60,365,NPA,Property,BR019,657
LN001516,CUST00870,Personal Loan,237224.0,12.47,3,7933.0,2022-10-13,2025-10-12,70631.0,30,36,0,Active,None,BR040,821
LN001517,CUST00762,Credit Card Loan,60526.0,18.73,5,1561.0,2020-07-06,2025-07-05,9169.0,47,60,30,Special Mention,None,BR043,725
LN001518,CUST00822,Car Loan,1245472.0,8.4,2,56559.0,2021-06-30,2023-06-30,1166289.0,2,24,0,Active,Vehicle,BR013,787
LN001519,CUST02375,Personal Loan,1402443.0,15.55,1,126945.0,2023-07-12,2024-07-11,336105.0,12,12,0,Active,None,BR023,882
LN001520,CUST00590,Gold Loan,459455.0,9.06,2,21002.0,2021-12-27,2023-12-27,327142.0,9,24,30,Special Mention,Gold,BR044,765
LN001521,CUST02666,Education Loan,329783.0,10.63,3,10739.0,2021-05-02,2024-05-01,126816.0,27,36,0,Active,None,BR010,616
LN001522,CUST02804,Home Loan,14689036.0,8.93,20,131537.0,2021-05-08,2041-05-03,13492049.0,13,240,0,Active,Property,BR023,659
LN001523,CUST00831,Education Loan,519814.0,11.48,7,9033.0,2020-05-16,2027-05-15,323798.0,31,84,0,Active,None,BR036,611
LN001524,CUST01446,Education Loan,471449.0,10.05,1,41459.0,2021-10-22,2022-10-22,442428.0,1,12,30,Special Mention,None,BR031,648
LN001525,CUST02458,Business Loan,4466902.0,10.57,7,75468.0,2021-06-19,2028-06-17,2353798.0,40,84,0,Active,None,BR016,710
LN001526,CUST01215,Personal Loan,884013.0,14.71,2,42740.0,2023-06-09,2025-06-08,614751.0,9,24,0,Active,None,BR043,677
LN001527,CUST01935,Car Loan,426918.0,10.48,3,13872.0,2021-05-27,2024-05-26,174448.0,26,36,0,Active,Vehicle,BR013,853
LN001528,CUST02258,Home Loan,1537210.0,8.52,20,13360.0,2022-08-03,2042-07-29,1490450.0,5,240,60,Special Mention,Property,BR039,678
LN001529,CUST01519,Home Loan,3264149.0,7.9,20,27094.0,2023-09-12,2043-09-07,2733107.0,28,240,0,Active,Property,BR041,803
LN001530,CUST01999,Gold Loan,267638.0,9.09,2,12238.0,2021-03-21,2023-03-21,96306.0,20,24,30,Special Mention,Gold,BR048,698
LN001531,CUST00118,Credit Card Loan,97294.0,17.58,2,4837.0,2021-10-15,2023-10-15,29576.0,20,24,0,Active,None,BR040,649
LN001532,CUST01749,Education Loan,271504.0,12.58,2,12855.0,2022-05-03,2024-05-02,136526.0,15,24,0,Active,None,BR050,727
LN001533,CUST02816,Home Loan,2132329.0,8.12,30,15831.0,2021-05-04,2051-04-27,1744470.0,35,360,0,Active,Property,BR048,756
LN001534,CUST02331,Car Loan,2160590.0,8.93,3,68640.0,2020-07-07,2023-07-07,1439870.0,15,36,0,Active,Vehicle,BR002,690
LN001535,CUST02507,Personal Loan,1361681.0,13.14,2,64825.0,2021-11-09,2023-11-09,363376.0,22,24,0,Active,None,BR043,900
LN001536,CUST01339,Business Loan,8531407.0,12.74,1,760945.0,2022-07-15,2023-07-15,2139469.0,12,12,0,Active,None,BR040,699
LN001537,CUST00173,Personal Loan,771429.0,14.67,7,14745.0,2024-01-18,2031-01-16,348248.0,41,84,0,Active,None,BR004,709
LN001538,CUST02811,Personal Loan,1423430.0,13.23,7,26077.0,2022-04-28,2029-04-26,1277399.0,8,84,60,Special Mention,None,BR040,690
LN001539,CUST00280,Education Loan,528275.0,9.6,1,46344.0,2023-09-26,2024-09-25,171426.0,11,12,0,Active,None,BR003,677
LN001540,CUST02016,Car Loan,665903.0,8.95,1,58220.0,2022-08-25,2023-08-25,380625.0,7,12,60,Special Mention,Vehicle,BR034,706
LN001541,CUST01896,Credit Card Loan,79734.0,18.58,3,2906.0,2024-04-12,2027-04-12,47187.0,16,36,0,Active,None,BR037,687
LN001542,CUST02707,Home Loan,12161390.0,7.5,5,243717.0,2020-12-15,2025-12-14,11649584.0,3,60,0,Active,Property,BR023,721
LN001543,CUST01889,Credit Card Loan,46716.0,18.26,2,2338.0,2022-10-01,2024-09-30,9074.0,23,24,0,Active,None,BR024,678
LN001544,CUST02107,Home Loan,2636664.0,8.56,3,83302.0,2022-07-27,2025-07-26,2461730.0,3,36,0,Active,Property,BR049,662
LN001545,CUST02046,Gold Loan,165752.0,8.52,3,5234.0,2022-08-26,2025-08-25,118123.0,13,36,180,NPA,Gold,BR015,761
LN001546,CUST02786,Car Loan,2361178.0,11.49,2,110587.0,2023-09-13,2025-09-12,890371.0,19,24,30,Special Mention,Vehicle,BR006,676
LN001547,CUST01944,Personal Loan,223884.0,12.97,2,10640.0,2020-12-17,2022-12-17,74924.0,20,24,60,Special Mention,None,BR010,697
LN001548,CUST02891,Personal Loan,679123.0,15.83,2,33196.0,2023-12-14,2025-12-13,237616.0,19,24,30,Special Mention,None,BR048,718
LN001549,CUST00573,Gold Loan,117948.0,10.37,3,3826.0,2023-06-07,2026-06-06,59028.0,22,36,0,Active,Gold,BR015,736
LN001550,CUST02093,Home Loan,10489278.0,10.11,3,338987.0,2020-02-08,2023-02-07,10251987.0,1,36,0,Active,Property,BR030,726
LN001551,CUST02078,Credit Card Loan,158651.0,20.14,2,8086.0,2021-12-04,2023-12-04,68088.0,16,24,0,Active,None,BR044,760
LN001552,CUST02216,Gold Loan,61770.0,9.34,3,1974.0,2023-03-25,2026-03-24,45188.0,12,36,90,NPA,Gold,BR029,735
LN001553,CUST01036,Business Loan,1330107.0,14.21,1,119560.0,2023-05-29,2024-05-28,493187.0,10,12,60,Special Mention,None,BR032,795
LN001554,CUST00934,Personal Loan,1123951.0,13.78,3,38293.0,2022-09-14,2025-09-13,802290.0,12,36,0,Active,None,BR028,601
LN001555,CUST00459,Business Loan,6429968.0,13.16,2,306187.0,2022-07-01,2024-06-30,2357681.0,19,24,0,Active,None,BR026,661
LN001556,CUST00253,Car Loan,1680036.0,9.77,5,35509.0,2023-12-30,2028-12-28,1232623.0,18,60,180,NPA,Vehicle,BR031,825
LN001557,CUST00249,Business Loan,4581171.0,10.57,2,212606.0,2022-09-27,2024-09-26,2795281.0,12,24,0,Active,None,BR022,796
LN001558,CUST00449,Credit Card Loan,189915.0,16.68,1,17293.0,2023-01-05,2024-01-05,44654.0,12,12,0,Active,None,BR030,679
LN001559,CUST02029,Gold Loan,104130.0,12.0,7,1838.0,2020-06-03,2027-06-02,46233.0,45,84,365,NPA,Gold,BR024,729
LN001560,CUST02987,Home Loan,13876430.0,9.27,20,127310.0,2023-02-01,2043-01-27,12450558.0,16,240,0,Active,Property,BR036,680
LN001561,CUST02201,Home Loan,12300563.0,10.82,30,115442.0,2020-12-26,2050-12-19,9068187.0,40,360,0,Active,Property,BR017,812
LN001562,CUST00967,Home Loan,9864726.0,8.0,2,446160.0,2023-04-11,2025-04-10,3306174.0,21,24,0,Active,Property,BR010,655
LN001563,CUST00125,Home Loan,7684635.0,8.81,30,60789.0,2021-04-21,2051-04-14,6535723.0,27,360,30,Special Mention,Property,BR024,740
LN001564,CUST00930,Gold Loan,340045.0,11.32,2,15900.0,2020-03-29,2022-03-29,139705.0,18,24,0,Active,Gold,BR038,874
LN001565,CUST01553,Personal Loan,1013928.0,12.89,5,23013.0,2021-12-04,2026-12-03,401782.0,38,60,0,Active,None,BR045,635
LN001566,CUST01708,Personal Loan,205055.0,13.9,3,6998.0,2024-04-24,2027-04-24,185461.0,4,36,0,Active,None,BR020,801
LN001567,CUST02202,Gold Loan,57510.0,11.49,7,1000.0,2023-01-04,2030-01-02,24610.0,47,84,0,Active,Gold,BR018,722
LN001568,CUST00885,Car Loan,547259.0,8.8,7,8750.0,2022-06-20,2029-06-18,547259.0,0,84,180,NPA,Vehicle,BR030,726
LN001569,CUST01966,Car Loan,2977447.0,11.68,3,98437.0,2022-10-27,2025-10-26,1048082.0,28,36,0,Active,Vehicle,BR038,706
LN001570,CUST00648,Personal Loan,326171.0,12.69,5,7371.0,2020-04-13,2025-04-12,186859.0,27,60,365,NPA,None,BR035,702
LN001571,CUST00830,Business Loan,2959350.0,13.88,5,68670.0,2020-02-13,2025-02-11,1084659.0,39,60,60,Special Mention,None,BR047,686
LN001572,CUST01710,Credit Card Loan,162888.0,19.35,3,6000.0,2021-03-08,2024-03-07,120888.0,10,36,0,Active,None,BR032,637
LN001573,CUST01892,Home Loan,12523045.0,8.97,2,571942.0,2024-02-21,2026-02-20,8119092.0,11,24,0,Active,Property,BR026,721
LN001574,CUST00846,Personal Loan,1251011.0,13.31,5,28662.0,2022-06-28,2027-06-27,990187.0,13,60,0,Active,None,BR008,735
LN001575,CUST00284,Business Loan,9982324.0,13.71,2,477929.0,2022-10-19,2024-10-18,7640472.0,7,24,30,Special Mention,None,BR043,620
LN001576,CUST01327,Personal Loan,220772.0,12.91,7,4006.0,2022-09-05,2029-09-03,100191.0,43,84,0,Active,None,BR028,634
LN001577,CUST01878,Car Loan,2625154.0,11.92,3,87097.0,2020-06-17,2023-06-17,2198379.0,7,36,0,Active,Vehicle,BR027,705
LN001578,CUST00346,Home Loan,6722420.0,9.0,10,85167.0,2023-02-16,2033-02-13,4278127.0,41,120,0,Active,Property,BR007,726
LN001579,CUST00665,Personal Loan,152632.0,14.48,3,5253.0,2023-09-22,2026-09-21,71736.0,22,36,0,Active,None,BR021,670
LN001580,CUST00767,Gold Loan,122491.0,8.87,1,10705.0,2023-01-16,2024-01-16,77530.0,6,12,0,Active,Gold,BR040,696
LN001581,CUST01109,Home Loan,14615318.0,7.52,15,135620.0,2023-04-25,2038-04-21,11767298.0,30,180,0,Active,Property,BR012,665
LN001582,CUST00783,Gold Loan,476574.0,9.34,7,7749.0,2022-02-20,2029-02-18,259602.0,40,84,0,Active,Gold,BR002,736
LN001583,CUST00126,Gold Loan,388564.0,9.74,5,8207.0,2020-02-27,2025-02-25,141533.0,43,60,60,Special Mention,Gold,BR044,900
LN001584,CUST00999,Education Loan,571423.0,10.47,5,12274.0,2024-04-30,2029-04-29,528464.0,5,60,0,Active,None,BR032,699
LN001585,CUST02922,Personal Loan,992767.0,13.94,2,47637.0,2023-05-17,2025-05-16,859383.0,4,24,30,Special Mention,None,BR015,745
LN001586,CUST00872,Home Loan,4014454.0,8.74,2,182914.0,2020-03-17,2022-03-17,2477976.0,12,24,90,NPA,Property,BR004,659
LN001587,CUST02579,Gold Loan,194001.0,12.19,7,3444.0,2023-04-12,2030-04-10,140963.0,22,84,0,Active,Gold,BR004,709
LN001588,CUST01835,Gold Loan,481758.0,10.08,2,22248.0,2020-06-28,2022-06-28,419464.0,4,24,90,NPA,Gold,BR048,669
LN001589,CUST02813,Gold Loan,80854.0,10.38,3,2623.0,2022-08-17,2025-08-16,36788.0,24,36,0,Active,Gold,BR038,810
LN001590,CUST00533,Business Loan,9793052.0,13.83,3,333911.0,2020-04-21,2023-04-21,2079708.0,33,36,180,NPA,None,BR014,695
LN001591,CUST01806,Business Loan,3538367.0,13.66,2,169318.0,2020-01-31,2022-01-30,1049392.0,21,24,0,Active,None,BR032,615
LN001592,CUST00764,Personal Loan,831631.0,14.63,1,74916.0,2023-08-17,2024-08-16,831631.0,0,12,0,Active,None,BR004,765
LN001593,CUST00543,Personal Loan,517492.0,15.82,7,10226.0,2023-12-11,2030-12-09,417277.0,14,84,0,Active,None,BR031,900
LN001594,CUST00701,Gold Loan,313965.0,11.44,2,14698.0,2023-06-28,2025-06-27,139059.0,17,24,0,Active,Gold,BR009,672
LN001595,CUST00811,Home Loan,5611471.0,8.88,5,116160.0,2021-12-05,2026-12-04,2765551.0,35,60,0,Active,Property,BR032,687
LN001596,CUST00851,Personal Loan,993038.0,12.9,2,47166.0,2023-11-10,2025-11-09,365730.0,19,24,0,Active,None,BR017,675
LN001597,CUST02919,Business Loan,9665749.0,12.49,3,323288.0,2020-07-22,2023-07-22,6497527.0,14,36,0,Active,None,BR003,709
LN001598,CUST02706,Education Loan,176774.0,9.15,1,15471.0,2021-05-05,2022-05-05,57647.0,11,12,0,Active,None,BR016,768
LN001599,CUST01909,Personal Loan,225505.0,13.89,5,5234.0,2020-05-31,2025-05-30,148565.0,21,60,0,Active,None,BR043,613
LN001600,CUST02857,Education Loan,685938.0,9.96,5,14560.0,2021-07-16,2026-07-15,655362.0,3,60,365,NPA,None,BR026,643
LN001601,CUST01721,Credit Card Loan,144928.0,20.28,1,13445.0,2021-05-05,2022-05-05,88459.0,6,12,0,Active,None,BR008,737
LN001602,CUST02764,Gold Loan,321513.0,9.8,5,6800.0,2021-02-23,2026-02-22,240593.0,17,60,0,Active,Gold,BR037,701
LN001603,CUST01047,Credit Card Loan,64170.0,19.43,3,2366.0,2022-01-09,2025-01-08,44296.0,12,36,30,Special Mention,None,BR012,740
LN001604,CUST00395,Education Loan,1663863.0,11.26,5,36392.0,2021-06-13,2026-06-12,721310.0,37,60,0,Active,None,BR047,775
LN001605,CUST02197,Car Loan,1569482.0,8.07,1,136575.0,2020-09-13,2021-09-13,517854.0,11,12,0,Active,Vehicle,BR011,791
LN001606,CUST01943,Business Loan,8498330.0,11.01,1,751127.0,2020-03-12,2021-03-12,5869386.0,5,12,0,Active,None,BR016,730
LN001607,CUST01595,Car Loan,1689202.0,8.63,7,26865.0,2024-02-27,2031-02-25,993398.0,37,84,30,Special Mention,Vehicle,BR024,622
LN001608,CUST00596,Education Loan,1876355.0,11.22,3,61626.0,2023-11-25,2026-11-24,1531249.0,8,36,0,Active,None,BR048,671
LN001609,CUST01555,Education Loan,1542268.0,10.5,3,50125.0,2023-10-17,2026-10-16,489643.0,30,36,0,Active,None,BR042,725
LN001610,CUST01849,Personal Loan,662711.0,13.75,5,15336.0,2023-08-08,2028-08-06,555359.0,10,60,0,Active,None,BR033,745
LN001611,CUST01810,Education Loan,1434263.0,10.62,7,24274.0,2024-04-24,2031-04-23,1417271.0,1,84,0,Active,None,BR022,744
LN001612,CUST02911,Home Loan,3353800.0,8.6,10,41762.0,2020-04-03,2030-04-01,2096764.0,43,120,0,Active,Property,BR007,780
LN001613,CUST00690,Home Loan,8297263.0,7.56,2,373605.0,2023-11-21,2025-11-20,3851364.0,17,24,0,Active,Property,BR025,726
LN001614,CUST02111,Car Loan,2125293.0,11.1,3,69681.0,2020-04-05,2023-04-05,1052206.0,22,36,0,Active,Vehicle,BR019,679
LN001615,CUST02918,Home Loan,14156483.0,7.85,30,102374.0,2022-01-04,2051-12-28,11504996.0,37,360,180,NPA,Property,BR027,729
LN001616,CUST00982,Car Loan,2154904.0,11.73,5,47643.0,2022-07-25,2027-07-24,887600.0,38,60,0,Active,Vehicle,BR003,719
LN001617,CUST02715,Gold Loan,197736.0,8.87,3,6276.0,2021-06-15,2024-06-14,83513.0,26,36,0,Active,Gold,BR012,714
LN001618,CUST01105,Car Loan,1778683.0,9.22,5,37110.0,2021-04-03,2026-04-02,895465.0,34,60,90,NPA,Vehicle,BR012,776
LN001619,CUST02769,Credit Card Loan,121700.0,19.39,7,2658.0,2024-02-26,2031-02-24,58440.0,34,84,90,NPA,None,BR031,734
LN001620,CUST00416,Personal Loan,247574.0,12.84,5,5613.0,2023-11-08,2028-11-06,121843.0,32,60,0,Active,None,BR020,689
LN001621,CUST01169,Personal Loan,685278.0,13.35,5,15717.0,2020-05-19,2025-05-18,223198.0,42,60,30,Special Mention,None,BR031,720
LN001622,CUST02760,Home Loan,4677465.0,8.06,30,34518.0,2020-03-05,2050-02-26,4629140.0,2,360,30,Special Mention,Property,BR028,736
LN001623,CUST02081,Credit Card Loan,87881.0,17.0,1,8015.0,2023-05-27,2024-05-26,59828.0,5,12,0,Active,None,BR035,703
LN001624,CUST00410,Home Loan,12907066.0,8.54,10,160293.0,2024-05-20,2034-05-18,12233835.0,6,120,30,Special Mention,Property,BR021,744
LN001625,CUST00783,Car Loan,2231318.0,8.3,5,45568.0,2023-11-18,2028-11-16,1944240.0,9,60,60,Special Mention,Vehicle,BR002,736
LN001626,CUST02327,Gold Loan,404306.0,8.61,2,18398.0,2020-09-17,2022-09-17,288399.0,9,24,0,Active,Gold,BR006,650
LN001627,CUST00026,Gold Loan,158953.0,8.97,3,5052.0,2022-03-10,2025-03-09,35179.0,35,36,0,Active,Gold,BR045,712
LN001628,CUST00556,Credit Card Loan,152787.0,19.28,1,14100.0,2024-05-28,2025-05-28,93567.0,6,12,0,Active,None,BR021,669
LN001629,CUST02878,Personal Loan,861699.0,13.56,2,41195.0,2021-01-14,2023-01-14,371479.0,17,24,0,Active,None,BR026,773
LN001630,CUST02717,Car Loan,2741118.0,9.69,5,57821.0,2022-12-08,2027-12-07,1243554.0,37,60,30,Special Mention,Vehicle,BR049,744
LN001631,CUST02600,Home Loan,1913572.0,8.57,30,14802.0,2024-05-25,2054-05-18,1664898.0,24,360,0,Active,Property,BR027,666
LN001632,CUST02919,Car Loan,2188735.0,10.78,3,71424.0,2021-07-07,2024-07-06,438847.0,35,36,180,NPA,Vehicle,BR003,709
LN001633,CUST01029,Home Loan,6539211.0,9.98,5,138889.0,2021-08-08,2026-08-07,4983654.0,16,60,0,Active,Property,BR048,730
LN001634,CUST02544,Personal Loan,999667.0,15.8,5,24206.0,2023-10-26,2028-10-24,406620.0,35,60,0,Active,None,BR046,688
LN001635,CUST01655,Credit Card Loan,83314.0,18.54,2,4181.0,2021-07-05,2023-07-05,74534.0,3,24,0,Active,None,BR004,737
LN001636,CUST01484,Business Loan,5916746.0,12.48,7,105979.0,2022-07-07,2029-07-05,5916746.0,0,84,0,Active,None,BR048,665
LN001637,CUST00867,Home Loan,14461441.0,9.64,20,136133.0,2020-01-06,2040-01-01,9887372.0,48,240,60,Special Mention,Property,BR047,893
LN001638,CUST00469,Business Loan,8682828.0,14.04,5,202196.0,2020-07-30,2025-07-29,3021340.0,40,60,0,Active,None,BR003,687
LN001639,CUST02665,Business Loan,9794027.0,11.57,1,868197.0,2020-08-02,2021-08-02,3716648.0,10,12,0,Active,None,BR032,729
LN001640,CUST02164,Credit Card Loan,35512.0,18.87,1,3270.0,2022-04-27,2023-04-27,21778.0,6,12,0,Active,None,BR013,770
LN001641,CUST01817,Car Loan,2384801.0,10.84,5,51667.0,2020-09-27,2025-09-26,1950798.0,12,60,30,Special Mention,Vehicle,BR028,607
LN001642,CUST00633,Car Loan,1988048.0,9.48,5,41733.0,2023-03-29,2028-03-27,585819.0,48,60,0,Active,Vehicle,BR004,714
LN001643,CUST00411,Personal Loan,211850.0,13.34,3,7173.0,2021-05-14,2024-05-13,196787.0,3,36,60,Special Mention,None,BR020,753
LN001644,CUST02282,Education Loan,1969091.0,9.18,2,90117.0,2024-03-05,2026-03-05,1842927.0,2,24,0,Active,None,BR017,673
LN001645,CUST02675,Education Loan,1405868.0,10.79,7,23915.0,2022-08-12,2029-08-10,1204982.0,12,84,0,Active,None,BR041,643
LN001646,CUST00167,Business Loan,6942008.0,14.12,7,130553.0,2022-01-21,2029-01-19,4748718.0,24,84,60,Special Mention,None,BR035,744
LN001647,CUST01165,Gold Loan,453518.0,10.63,5,9778.0,2020-07-06,2025-07-05,405606.0,7,60,30,Special Mention,Gold,BR047,793
LN001648,CUST01155,Education Loan,1064912.0,11.15,2,49707.0,2021-12-07,2023-12-07,751758.0,9,24,0,Active,None,BR013,809
LN001649,CUST01344,Education Loan,1940855.0,12.91,1,173271.0,2020-09-13,2021-09-13,970537.0,8,12,0,Active,None,BR030,773
LN001650,CUST00121,Gold Loan,243352.0,11.14,1,21524.0,2022-11-02,2023-11-02,213218.0,2,12,0,Active,Gold,BR039,743
LN001651,CUST00114,Personal Loan,1262509.0,12.76,1,112622.0,2020-04-24,2021-04-24,868332.0,5,12,0,Active,None,BR015,860
LN001652,CUST01447,Car Loan,1359151.0,11.61,1,120510.0,2020-05-17,2021-05-17,599938.0,9,12,0,Active,Vehicle,BR028,652
LN001653,CUST01853,Education Loan,525321.0,11.19,1,46474.0,2023-02-18,2024-02-18,427726.0,3,12,0,Active,None,BR022,638
LN001654,CUST01680,Personal Loan,789101.0,13.75,2,37794.0,2023-06-15,2025-06-14,445176.0,13,24,0,Active,None,BR047,709
LN001655,CUST01059,Gold Loan,79782.0,9.66,3,2562.0,2021-09-22,2024-09-21,60055.0,11,36,0,Active,Gold,BR005,732
LN001656,CUST01607,Gold Loan,210767.0,11.32,5,4616.0,2024-01-25,2029-01-23,184917.0,8,60,0,Active,Gold,BR028,700
LN001657,CUST02354,Home Loan,4191093.0,8.54,5,86068.0,2020-04-19,2025-04-18,4010350.0,3,60,0,Active,Property,BR036,633
LN001658,CUST00155,Business Loan,4039398.0,12.49,2,191077.0,2022-06-11,2024-06-10,1631828.0,18,24,365,NPA,None,BR021,835
LN001659,CUST01916,Education Loan,1803470.0,12.81,7,32623.0,2021-02-06,2028-02-05,1689290.0,5,84,0,Active,None,BR003,690
LN001660,CUST00635,Gold Loan,433295.0,10.91,7,7399.0,2022-08-29,2029-08-27,257199.0,34,84,0,Active,Gold,BR027,638
LN001661,CUST01899,Education Loan,1653297.0,12.73,1,147456.0,2022-01-23,2023-01-23,1033982.0,6,12,30,Special Mention,None,BR032,733
LN001662,CUST00804,Gold Loan,399037.0,11.15,2,18626.0,2021-03-21,2023-03-21,99158.0,23,24,0,Active,Gold,BR037,659
LN001663,CUST02936,Home Loan,10211131.0,8.66,15,101502.0,2020-05-13,2035-05-10,7795383.0,34,180,0,Active,Property,BR011,777
LN001664,CUST02012,Credit Card Loan,69007.0,20.28,2,3522.0,2022-03-30,2024-03-29,64076.0,2,24,0,Active,None,BR015,669
LN001665,CUST02844,Gold Loan,287664.0,12.01,2,13543.0,2022-02-24,2024-02-24,107542.0,19,24,0,Active,Gold,BR023,639
LN001666,CUST01910,Credit Card Loan,190056.0,20.45,7,4272.0,2023-02-12,2030-02-10,73430.0,39,84,0,Active,None,BR006,693
LN001667,CUST00570,Business Loan,6547303.0,10.88,7,111708.0,2024-03-21,2031-03-20,3810457.0,35,84,30,Special Mention,None,BR030,678
LN001668,CUST02278,Education Loan,1508008.0,10.09,7,25102.0,2021-04-01,2028-03-30,1191723.0,18,84,0,Active,None,BR007,628
LN001669,CUST00420,Education Loan,1981864.0,11.12,2,92482.0,2021-10-04,2023-10-04,1852389.0,2,24,0,Active,None,BR016,689
LN001670,CUST01444,Education Loan,614709.0,11.4,1,54445.0,2023-06-28,2024-06-27,614709.0,0,12,60,Special Mention,None,BR046,677
LN001671,CUST00637,Credit Card Loan,85503.0,19.56,3,3158.0,2023-02-19,2026-02-18,19185.0,30,36,0,Active,None,BR036,778
LN001672,CUST00655,Personal Loan,1452230.0,13.8,1,130255.0,2020-03-08,2021-03-08,540445.0,10,12,30,Special Mention,None,BR017,878
LN001673,CUST01812,Personal Loan,446034.0,13.21,7,8165.0,2020-12-22,2027-12-21,205983.0,42,84,0,Active,None,BR007,731
LN001674,CUST00187,Car Loan,834188.0,8.78,5,17227.0,2021-07-27,2026-07-26,472421.0,30,60,0,Active,Vehicle,BR045,768
LN001675,CUST01733,Gold Loan,81105.0,12.07,7,1435.0,2023-11-10,2030-11-08,32889.0,48,84,0,Active,Gold,BR007,684
LN001676,CUST02608,Gold Loan,284595.0,11.15,7,4895.0,2023-07-31,2030-07-29,209212.0,22,84,0,Active,Gold,BR020,709
LN001677,CUST02495,Business Loan,5323578.0,10.62,1,469574.0,2024-05-04,2025-05-04,3680069.0,5,12,0,Active,None,BR038,673
LN001678,CUST02004,Gold Loan,489775.0,12.37,7,8743.0,2022-05-17,2029-05-15,391853.0,16,84,30,Special Mention,Gold,BR040,670
LN001679,CUST00635,Home Loan,6068932.0,9.13,7,98035.0,2021-02-03,2028-02-02,3735699.0,34,84,0,Active,Property,BR027,638
LN001680,CUST00924,Education Loan,316638.0,9.29,2,14507.0,2021-12-17,2023-12-17,286173.0,3,24,0,Active,None,BR034,652
LN001681,CUST02113,Gold Loan,86419.0,9.44,2,3966.0,2020-10-12,2022-10-12,33671.0,19,24,0,Active,Gold,BR039,699
LN001682,CUST02398,Business Loan,7861738.0,11.44,1,696463.0,2021-12-27,2022-12-27,4449069.0,7,12,0,Active,None,BR012,657
LN001683,CUST00189,Car Loan,306336.0,8.02,7,4778.0,2022-05-11,2029-05-09,159174.0,44,84,0,Active,Vehicle,BR002,633
LN001684,CUST02584,Car Loan,2961553.0,11.34,1,262223.0,2022-06-12,2023-06-12,1860216.0,6,12,0,Active,Vehicle,BR040,779
LN001685,CUST00944,Gold Loan,245342.0,8.79,3,7777.0,2023-04-01,2026-03-31,71137.0,32,36,30,Special Mention,Gold,BR021,683
LN001686,CUST02197,Home Loan,10742688.0,10.25,5,229554.0,2020-10-09,2025-10-08,3672425.0,44,60,0,Active,Property,BR011,791
LN001687,CUST00175,Business Loan,1088428.0,14.25,7,20549.0,2022-11-16,2029-11-14,858279.0,16,84,30,Special Mention,None,BR046,706
LN001688,CUST02227,Car Loan,2945070.0,10.19,1,259181.0,2022-03-09,2023-03-09,949376.0,11,12,0,Active,Vehicle,BR047,814
LN001689,CUST01180,Car Loan,1457819.0,11.07,1,128894.0,2020-03-11,2021-03-11,1187142.0,3,12,60,Special Mention,Vehicle,BR038,639
LN001690,CUST00250,Education Loan,1468669.0,10.78,3,47929.0,2022-11-08,2025-11-07,965414.0,15,36,30,Special Mention,None,BR028,724
LN001691,CUST02574,Education Loan,1444440.0,12.58,5,32552.0,2024-01-26,2029-01-24,1057071.0,17,60,0,Active,None,BR038,692
LN001692,CUST02895,Home Loan,1792246.0,9.9,5,37988.0,2024-02-28,2029-02-26,648807.0,43,60,0,Active,Property,BR029,748
LN001693,CUST02034,Business Loan,7883231.0,11.89,3,261404.0,2021-11-27,2024-11-26,7700248.0,1,36,0,Active,None,BR043,734
LN001694,CUST02395,Education Loan,114290.0,11.11,5,2491.0,2020-04-21,2025-04-20,37567.0,44,60,0,Active,None,BR006,718
LN001695,CUST01750,Car Loan,2917077.0,10.78,5,63098.0,2021-09-01,2026-08-31,1724525.0,27,60,0,Active,Vehicle,BR036,747
LN001696,CUST02506,Credit Card Loan,176128.0,20.46,7,3960.0,2023-12-31,2030-12-29,167812.0,3,84,60,Special Mention,None,BR002,644
LN001697,CUST02079,Credit Card Loan,93217.0,16.7,2,4595.0,2022-09-07,2024-09-06,35320.0,18,24,0,Active,None,BR032,695
LN001698,CUST02066,Home Loan,7732216.0,7.94,10,93559.0,2020-01-10,2030-01-07,6815338.0,14,120,0,Active,Property,BR007,655
LN001699,CUST00860,Business Loan,7677110.0,11.43,5,168572.0,2020-12-07,2025-12-06,6615106.0,9,60,0,Active,None,BR008,743
LN001700,CUST02931,Gold Loan,397558.0,8.9,7,6376.0,2022-09-04,2029-09-02,259199.0,31,84,30,Special Mention,Gold,BR020,738
LN001701,CUST02440,Credit Card Loan,90858.0,17.38,5,2277.0,2023-07-19,2028-07-17,47823.0,27,60,0,Active,None,BR042,767
LN001702,CUST02757,Credit Card Loan,135545.0,17.29,7,2793.0,2021-10-05,2028-10-03,92533.0,22,84,0,Active,None,BR013,709
LN001703,CUST01401,Home Loan,1749041.0,9.9,5,37076.0,2024-05-18,2029-05-17,555194.0,46,60,0,Active,Property,BR013,673
LN001704,CUST00742,Car Loan,2333635.0,8.32,7,36741.0,2022-07-01,2029-06-29,1587793.0,29,84,0,Active,Vehicle,BR043,639
LN001705,CUST02113,Gold Loan,180185.0,9.48,3,5770.0,2021-08-03,2024-08-02,91327.0,22,36,0,Active,Gold,BR039,699
LN001706,CUST01128,Credit Card Loan,84271.0,18.23,3,3056.0,2021-02-09,2024-02-09,37209.0,22,36,0,Active,None,BR002,648
LN001707,CUST02962,Business Loan,2389344.0,14.12,1,214671.0,2020-05-14,2021-05-14,736377.0,11,12,30,Special Mention,None,BR015,688
LN001708,CUST01656,Home Loan,1666237.0,7.81,10,20053.0,2020-10-01,2030-09-29,1146864.0,37,120,0,Active,Property,BR009,669
LN001709,CUST01072,Personal Loan,509171.0,13.43,1,45581.0,2024-03-02,2025-03-02,158197.0,11,12,0,Active,None,BR024,766
LN001710,CUST00944,Home Loan,13895290.0,10.07,15,149933.0,2021-05-23,2036-05-19,13265571.0,6,180,0,Active,Property,BR021,683
LN001711,CUST01542,Car Loan,1294536.0,10.08,5,27557.0,2024-04-21,2029-04-20,908738.0,20,60,0,Active,Vehicle,BR033,900
LN001712,CUST02176,Gold Loan,424654.0,11.8,1,37691.0,2021-02-26,2022-02-26,371887.0,2,12,0,Active,Gold,BR026,873
LN001713,CUST00198,Credit Card Loan,134651.0,20.1,1,12480.0,2020-08-19,2021-08-19,73499.0,7,12,0,Active,None,BR024,694
LN001714,CUST01220,Home Loan,1614231.0,9.47,3,51683.0,2021-04-21,2024-04-20,999203.0,17,36,0,Active,Property,BR042,815
LN001715,CUST00906,Home Loan,7813041.0,7.48,5,156476.0,2023-02-05,2028-02-04,5512844.0,21,60,30,Special Mention,Property,BR046,715
LN001716,CUST01885,Home Loan,14372624.0,10.09,3,464385.0,2024-03-22,2027-03-22,14047554.0,1,36,90,NPA,Property,BR022,705
LN001717,CUST00387,Car Loan,2392396.0,8.97,7,38455.0,2023-09-09,2030-09-07,1396412.0,37,84,30,Special Mention,Vehicle,BR019,708
LN001718,CUST02893,Car Loan,844398.0,10.52,1,74442.0,2022-06-09,2023-06-09,479632.0,7,12,60,Special Mention,Vehicle,BR030,731
LN001719,CUST00180,Business Loan,2280894.0,11.98,7,40235.0,2021-11-03,2028-11-01,2027414.0,9,84,0,Active,None,BR009,881
LN001720,CUST00869,Personal Loan,118852.0,14.58,3,4096.0,2022-10-01,2025-09-30,24234.0,33,36,0,Active,None,BR012,736
LN001721,CUST01988,Car Loan,2747135.0,11.79,5,60813.0,2023-10-29,2028-10-27,1640338.0,26,60,0,Active,Vehicle,BR048,717
LN001722,CUST02232,Home Loan,10929044.0,7.21,2,490343.0,2020-05-20,2022-05-20,8869603.0,6,24,90,NPA,Property,BR018,756
LN001723,CUST02048,Personal Loan,1045212.0,12.41,1,93067.0,2023-02-01,2024-02-01,589184.0,7,12,30,Special Mention,None,BR021,701
LN001724,CUST02245,Education Loan,1401923.0,10.43,2,64972.0,2023-07-17,2025-07-16,446835.0,21,24,0,Active,None,BR024,789
LN001725,CUST00652,Business Loan,9613853.0,12.24,3,320412.0,2021-03-13,2024-03-12,3333778.0,28,36,0,Active,None,BR004,767
LN001726,CUST01292,Personal Loan,1250133.0,15.43,3,43603.0,2021-04-02,2024-04-01,1097522.0,5,36,0,Active,None,BR041,853
LN001727,CUST02761,Personal Loan,781943.0,12.8,2,37103.0,2023-04-23,2025-04-22,210557.0,22,24,0,Active,None,BR003,721
LN001728,CUST01969,Business Loan,1449880.0,12.96,3,48823.0,2022-07-16,2025-07-15,1039767.0,12,36,30,Special Mention,None,BR035,701
LN001729,CUST02156,Gold Loan,318164.0,10.6,5,6854.0,2022-12-23,2027-12-22,97465.0,46,60,0,Active,Gold,BR028,653
LN001730,CUST02712,Car Loan,563559.0,11.27,7,9730.0,2021-10-06,2028-10-04,400095.0,24,84,0,Active,Vehicle,BR024,801
LN001731,CUST01685,Credit Card Loan,157760.0,16.87,2,7790.0,2022-03-06,2024-03-05,59606.0,18,24,0,Active,None,BR011,617
LN001732,CUST01180,Home Loan,2712339.0,7.21,15,24699.0,2022-03-28,2037-03-24,1882453.0,48,180,60,Special Mention,Property,BR038,639
LN001733,CUST00760,Business Loan,8748515.0,10.98,3,286332.0,2023-04-03,2026-04-02,5341164.0,17,36,0,Active,None,BR015,742
LN001734,CUST02464,Education Loan,573604.0,9.93,2,26449.0,2022-12-24,2024-12-23,314404.0,14,24,0,Active,None,BR018,656
LN001735,CUST01552,Education Loan,654440.0,12.65,7,11780.0,2023-12-21,2030-12-19,538996.0,14,84,60,Special Mention,None,BR046,681
LN001736,CUST00192,Business Loan,4445251.0,10.67,7,75350.0,2023-03-12,2030-03-10,3073881.0,26,84,0,Active,None,BR043,746
LN001737,CUST00155,Home Loan,9917851.0,10.94,30,94013.0,2020-12-03,2050-11-26,9062333.0,13,360,30,Special Mention,Property,BR021,835
LN001738,CUST02938,Credit Card Loan,162900.0,18.99,7,3518.0,2023-12-26,2030-12-24,64396.0,40,84,0,Active,None,BR039,673
LN001739,CUST02026,Gold Loan,426514.0,11.08,7,7322.0,2022-02-27,2029-02-25,339382.0,17,84,0,Active,Gold,BR038,818
LN001740,CUST00218,Home Loan,10077352.0,9.1,10,128201.0,2022-06-08,2032-06-05,8462019.0,18,120,0,Active,Property,BR008,695
LN001741,CUST01172,Car Loan,1725247.0,11.06,7,29592.0,2022-06-02,2029-05-31,834528.0,43,84,0,Active,Vehicle,BR029,736
LN001742,CUST02533,Gold Loan,363502.0,10.03,1,31963.0,2022-12-15,2023-12-15,95013.0,12,12,0,Active,Gold,BR032,726
LN001743,CUST01214,Car Loan,337469.0,9.99,2,15571.0,2020-04-03,2022-04-03,272071.0,6,24,90,NPA,Vehicle,BR008,770
LN001744,CUST02690,Personal Loan,766330.0,15.99,3,26939.0,2022-10-12,2025-10-11,577757.0,10,36,0,Active,None,BR042,727
LN001745,CUST00970,Car Loan,1631142.0,11.23,7,28129.0,2023-03-25,2030-03-23,981362.0,33,84,0,Active,Vehicle,BR012,629
LN001746,CUST02512,Car Loan,1304090.0,10.22,3,42214.0,2020-04-16,2023-04-16,535795.0,26,36,60,Special Mention,Vehicle,BR045,727
LN001747,CUST01518,Personal Loan,235353.0,14.25,7,4443.0,2023-11-30,2030-11-28,210472.0,8,84,365,NPA,None,BR001,753
LN001748,CUST00185,Car Loan,2083161.0,10.92,1,184037.0,2023-06-30,2024-06-29,1310206.0,6,12,0,Active,Vehicle,BR043,799
LN001749,CUST01304,Education Loan,1996750.0,10.93,5,43347.0,2020-04-22,2025-04-21,1602292.0,13,60,0,Active,None,BR014,678
LN001750,CUST02645,Credit Card Loan,175753.0,20.5,3,6576.0,2020-06-07,2023-06-07,14641.0,35,36,365,NPA,None,BR040,646
LN001751,CUST00600,Business Loan,6259804.0,14.13,1,562447.0,2021-11-03,2022-11-03,4684952.0,4,12,60,Special Mention,None,BR002,708
LN001752,CUST02511,Car Loan,2999679.0,11.68,3,99174.0,2022-05-22,2025-05-21,2652570.0,5,36,30,Special Mention,Vehicle,BR034,767
LN001753,CUST02896,Gold Loan,147132.0,10.73,2,6839.0,2023-07-02,2025-07-01,41811.0,22,24,0,Active,Gold,BR022,900
LN001754,CUST00905,Car Loan,544321.0,10.66,3,17732.0,2020-04-02,2023-04-02,234011.0,25,36,0,Active,Vehicle,BR031,716
LN001755,CUST00550,Home Loan,7709929.0,9.02,1,674313.0,2022-09-23,2023-09-23,2045700.0,12,12,0,Active,Property,BR025,683
LN001756,CUST01636,Home Loan,13364796.0,10.49,20,133308.0,2022-11-25,2042-11-20,9352225.0,43,240,30,Special Mention,Property,BR036,663
LN001757,CUST00756,Personal Loan,1311598.0,12.46,2,62021.0,2023-03-13,2025-03-12,1137939.0,4,24,0,Active,None,BR033,865
LN001758,CUST01656,Gold Loan,463870.0,10.5,7,7822.0,2023-05-19,2030-05-17,310559.0,28,84,60,Special Mention,Gold,BR009,669
LN001759,CUST01443,Home Loan,2215999.0,10.76,5,47921.0,2023-02-21,2028-02-20,1847007.0,11,60,0,Active,Property,BR038,730
LN001760,CUST00120,Personal Loan,1308655.0,13.84,5,30344.0,2020-09-03,2025-09-02,883839.0,20,60,30,Special Mention,None,BR019,826
LN001761,CUST01646,Business Loan,4210223.0,13.44,7,77607.0,2021-08-05,2028-08-03,3178050.0,19,84,30,Special Mention,None,BR006,729
LN001762,CUST00546,Business Loan,1538593.0,10.89,5,33366.0,2020-11-02,2025-11-01,884619.0,28,60,0,Active,None,BR035,638
LN001763,CUST02437,Business Loan,2510121.0,11.5,2,117581.0,2024-03-16,2026-03-16,2263201.0,3,24,0,Active,None,BR007,708
LN001764,CUST01367,Home Loan,4428875.0,7.29,3,137337.0,2022-06-17,2025-06-16,3371380.0,11,36,90,NPA,Property,BR020,731
LN001765,CUST01295,Education Loan,1514677.0,12.73,5,34252.0,2022-01-05,2027-01-04,555621.0,40,60,0,Active,None,BR008,710
LN001766,CUST00035,Home Loan,5362547.0,10.82,7,91306.0,2024-01-03,2031-01-01,4787319.0,9,84,180,NPA,Property,BR018,733
LN001767,CUST01370,Business Loan,6102507.0,13.04,2,290234.0,2020-09-30,2022-09-30,3664541.0,12,24,0,Active,None,BR025,714
LN001768,CUST00510,Education Loan,116883.0,9.79,7,1928.0,2024-05-11,2031-05-10,73696.0,32,84,0,Active,None,BR011,640
LN001769,CUST00512,Gold Loan,124359.0,11.08,3,4076.0,2021-02-10,2024-02-10,75855.0,17,36,0,Active,Gold,BR027,809
LN001770,CUST00347,Education Loan,1247635.0,10.63,5,26899.0,2021-09-24,2026-09-23,1059342.0,10,60,0,Active,None,BR028,605
LN001771,CUST02104,Personal Loan,436204.0,14.62,2,21071.0,2022-11-15,2024-11-14,406705.0,2,24,365,NPA,None,BR040,760
LN001772,CUST02137,Home Loan,14856949.0,9.22,1,1300761.0,2021-08-04,2022-08-04,3930557.0,12,12,0,Active,Property,BR049,729
LN001773,CUST02500,Home Loan,1731076.0,9.9,30,15068.0,2023-11-27,2053-11-19,1625600.0,10,360,0,Active,Property,BR015,721
LN001774,CUST00916,Personal Loan,430620.0,12.54,5,9697.0,2022-08-16,2027-08-15,152316.0,41,60,30,Special Mention,None,BR038,724
LN001775,CUST02563,Home Loan,10766450.0,8.34,10,132577.0,2021-03-08,2031-03-06,7982333.0,30,120,0,Active,Property,BR026,769
LN001776,CUST00975,Business Loan,6081660.0,10.58,7,102806.0,2021-01-12,2028-01-11,4138627.0,27,84,0,Active,None,BR007,669
LN001777,CUST00085,Business Loan,7074747.0,10.95,2,329585.0,2021-11-20,2023-11-20,4536942.0,11,24,0,Active,None,BR004,652
LN001778,CUST02471,Car Loan,486797.0,8.67,7,7752.0,2020-01-14,2027-01-12,286020.0,37,84,0,Active,Vehicle,BR001,788
LN001779,CUST02247,Personal Loan,1009931.0,13.85,3,34441.0,2023-11-23,2026-11-22,431322.0,24,36,0,Active,None,BR001,638
LN001780,CUST02515,Gold Loan,226817.0,9.94,7,3759.0,2020-05-25,2027-05-24,137353.0,34,84,365,NPA,Gold,BR029,700
LN001781,CUST02714,Home Loan,4584457.0,10.65,1,404428.0,2023-03-11,2024-03-10,4584457.0,0,12,0,Active,Property,BR045,652
LN001782,CUST00278,Home Loan,6830429.0,8.59,15,67612.0,2021-02-18,2036-02-15,6167831.0,14,180,60,Special Mention,Property,BR026,668
LN001783,CUST01850,Gold Loan,244643.0,10.68,3,7972.0,2021-07-31,2024-07-30,149776.0,17,36,0,Active,Gold,BR035,742
LN001784,CUST02190,Gold Loan,491574.0,11.45,5,10800.0,2023-08-21,2028-08-19,249654.0,32,60,0,Active,Gold,BR039,740
LN001785,CUST01483,Credit Card Loan,58974.0,17.73,1,5399.0,2023-12-14,2024-12-13,36298.0,6,12,0,Active,None,BR028,819
LN001786,CUST02726,Car Loan,1168990.0,10.53,7,19730.0,2024-05-08,2031-05-07,837526.0,24,84,0,Active,Vehicle,BR034,690
LN001787,CUST00658,Gold Loan,407035.0,10.87,3,13300.0,2021-08-27,2024-08-26,118425.0,31,36,0,Active,Gold,BR043,737
LN001788,CUST01372,Home Loan,2214217.0,9.04,2,101192.0,2020-05-21,2022-05-21,1647542.0,8,24,180,NPA,Property,BR050,797
LN001789,CUST02634,Credit Card Loan,36053.0,16.9,3,1284.0,2023-02-06,2026-02-05,3696.0,36,36,0,Active,None,BR029,702
LN001790,CUST00700,Car Loan,2257433.0,10.28,5,48270.0,2020-03-19,2025-03-18,1953332.0,9,60,0,Active,Vehicle,BR039,676
LN001791,CUST01383,Car Loan,870338.0,10.4,3,28247.0,2024-05-14,2027-05-14,198059.0,34,36,0,Active,Vehicle,BR028,822
LN001792,CUST02597,Home Loan,10417752.0,10.53,2,483266.0,2022-09-13,2024-09-12,9741180.0,2,24,30,Special Mention,Property,BR006,646
LN001793,CUST00671,Car Loan,2125985.0,9.15,2,97273.0,2020-11-21,2022-11-21,1376983.0,11,24,30,Special Mention,Vehicle,BR035,783
LN001794,CUST00694,Education Loan,898879.0,9.88,2,41429.0,2021-12-10,2023-12-10,231872.0,23,24,0,Active,None,BR042,739
LN001795,CUST00917,Business Loan,8141860.0,11.36,7,140969.0,2020-07-22,2027-07-21,6464329.0,17,84,0,Active,None,BR041,744
LN001796,CUST00866,Gold Loan,311770.0,9.44,3,9978.0,2024-01-21,2027-01-20,109217.0,29,36,60,Special Mention,Gold,BR001,668
LN001797,CUST02779,Home Loan,7363887.0,10.56,20,73800.0,2022-05-26,2042-05-21,5710767.0,32,240,0,Active,Property,BR031,723
LN001798,CUST01331,Credit Card Loan,47316.0,19.05,7,1024.0,2022-09-25,2029-09-23,17210.0,42,84,0,Active,None,BR049,779
LN001799,CUST02294,Gold Loan,128037.0,10.3,5,2739.0,2023-02-26,2028-02-25,36007.0,48,60,0,Active,Gold,BR030,677
LN001800,CUST00839,Education Loan,1153911.0,10.29,7,19331.0,2024-05-05,2031-05-04,1059189.0,7,84,0,Active,None,BR048,748
LN001801,CUST01683,Home Loan,2729681.0,8.98,3,86780.0,2022-01-03,2025-01-02,846555.0,31,36,0,Active,Property,BR013,632
LN001802,CUST01485,Credit Card Loan,134365.0,19.72,1,12429.0,2020-09-29,2021-09-29,29961.0,12,12,0,Active,None,BR026,704
LN001803,CUST02487,Education Loan,1033425.0,10.26,5,22089.0,2021-05-17,2026-05-16,445858.0,38,60,180,NPA,None,BR014,766
LN001804,CUST01859,Education Loan,224504.0,12.28,7,3996.0,2022-01-05,2029-01-03,202126.0,8,84,0,Active,None,BR031,723
LN001805,CUST01891,Education Loan,1852172.0,10.25,1,163051.0,2020-08-23,2021-08-23,1053222.0,7,12,0,Active,None,BR024,717
LN001806,CUST01764,Home Loan,8760911.0,10.87,30,82549.0,2021-09-04,2051-08-28,6449539.0,40,360,30,Special Mention,Property,BR048,643
LN001807,CUST02450,Credit Card Loan,177745.0,18.25,5,4538.0,2023-04-18,2028-04-16,34798.0,45,60,0,Active,None,BR023,644
LN001808,CUST01185,Personal Loan,173124.0,15.56,3,6049.0,2020-01-26,2023-01-25,164655.0,2,36,0,Active,None,BR022,639
LN001809,CUST01134,Business Loan,1761856.0,10.83,5,38155.0,2023-03-21,2028-03-19,987310.0,29,60,0,Active,None,BR026,736
LN001810,CUST01700,Education Loan,1749745.0,10.68,3,57022.0,2020-09-08,2023-09-08,512368.0,31,36,0,Active,None,BR026,728
LN001811,CUST01428,Car Loan,1978043.0,11.55,5,43551.0,2020-11-15,2025-11-14,972015.0,33,60,0,Active,Vehicle,BR015,628
LN001812,CUST01874,Gold Loan,192941.0,8.63,1,16840.0,2024-02-04,2025-02-03,192941.0,0,12,0,Active,Gold,BR037,758
LN001813,CUST02805,Home Loan,14301407.0,8.28,30,107741.0,2023-08-06,2053-07-29,13170126.0,15,360,0,Active,Property,BR013,813
LN001814,CUST02156,Personal Loan,563365.0,13.38,3,19085.0,2024-02-28,2027-02-27,256096.0,23,36,90,NPA,None,BR028,653
LN001815,CUST01851,Car Loan,2114191.0,11.41,1,187265.0,2023-01-15,2024-01-15,803336.0,10,12,0,Active,Vehicle,BR040,665
LN001816,CUST01342,Gold Loan,131841.0,11.61,5,2907.0,2022-12-23,2027-12-22,131841.0,0,60,0,Active,Gold,BR013,684
LN001817,CUST02441,Business Loan,2855690.0,14.42,7,54180.0,2021-03-29,2028-03-27,1035242.0,48,84,180,NPA,None,BR020,796
LN001818,CUST00389,Home Loan,4973434.0,8.96,1,434832.0,2022-10-06,2023-10-06,4973434.0,0,12,0,Active,Property,BR008,744
LN001819,CUST01419,Home Loan,9234360.0,8.15,10,112772.0,2021-12-15,2031-12-13,7971314.0,16,120,0,Active,Property,BR024,795
LN001820,CUST00609,Home Loan,8958245.0,8.09,10,109127.0,2022-11-22,2032-11-19,6666578.0,30,120,0,Active,Property,BR040,739
LN001821,CUST00846,Car Loan,1792080.0,10.57,1,158024.0,2021-12-24,2022-12-24,1238996.0,5,12,180,NPA,Vehicle,BR008,735
LN001822,CUST01357,Car Loan,836957.0,9.69,1,73459.0,2023-06-10,2024-06-09,425587.0,8,12,0,Active,Vehicle,BR048,679
LN001823,CUST01918,Business Loan,4508093.0,13.95,1,404662.0,2023-01-24,2024-01-24,2808513.0,6,12,0,Active,None,BR034,668
LN001824,CUST00210,Gold Loan,201567.0,9.9,7,3336.0,2021-10-16,2028-10-14,147857.0,23,84,30,Special Mention,Gold,BR042,900
LN001825,CUST01585,Home Loan,14205423.0,9.43,7,231629.0,2023-01-24,2030-01-22,8692653.0,34,84,0,Active,Property,BR030,719
LN001826,CUST02646,Education Loan,819439.0,12.47,7,14670.0,2022-09-18,2029-09-16,747556.0,7,84,90,NPA,None,BR013,638
LN001827,CUST00887,Home Loan,10300717.0,8.88,2,470003.0,2020-06-12,2022-06-12,3391673.0,21,24,0,Active,Property,BR005,732
LN001828,CUST02918,Credit Card Loan,98843.0,19.91,7,2189.0,2021-09-05,2028-09-03,46745.0,34,84,60,Special Mention,None,BR027,729
LN001829,CUST02602,Gold Loan,373982.0,10.73,3,12195.0,2022-12-04,2025-12-03,373982.0,0,36,90,NPA,Gold,BR046,733
LN001830,CUST02096,Business Loan,7333409.0,14.49,7,139402.0,2022-03-19,2029-03-17,5381781.0,20,84,0,Active,None,BR049,699
LN001831,CUST01292,Credit Card Loan,76176.0,18.74,2,3830.0,2023-08-09,2025-08-08,19875.0,21,24,0,Active,None,BR041,853
LN001832,CUST02193,Business Loan,2974459.0,11.44,2,139238.0,2024-01-15,2026-01-14,2779526.0,2,24,0,Active,None,BR013,837
LN001833,CUST02193,Education Loan,1634872.0,11.43,2,76524.0,2024-01-07,2026-01-06,617103.0,19,24,0,Active,None,BR013,837
LN001834,CUST00417,Car Loan,1212222.0,10.51,5,26063.0,2021-04-01,2026-03-31,610167.0,33,60,0,Active,Vehicle,BR039,896
LN001835,CUST01929,Education Loan,1634005.0,10.5,3,53112.0,2021-04-28,2024-04-27,1299399.0,9,36,0,Active,None,BR028,775
LN001836,CUST02575,Personal Loan,466031.0,13.64,3,15847.0,2024-01-08,2027-01-07,210894.0,23,36,0,Active,None,BR031,856
LN001837,CUST02442,Education Loan,570713.0,9.42,7,9305.0,2022-10-27,2029-10-25,544659.0,4,84,0,Active,None,BR031,794
LN001838,CUST01382,Gold Loan,433326.0,10.3,7,7262.0,2020-11-08,2027-11-07,204573.0,45,84,0,Active,Gold,BR019,657
LN001839,CUST00223,Business Loan,7390027.0,12.24,1,657415.0,2020-04-17,2021-04-17,6929836.0,1,12,0,Active,None,BR034,728
LN001840,CUST01148,Personal Loan,1222468.0,13.87,3,41704.0,2023-07-28,2026-07-27,259106.0,33,36,0,Active,None,BR002,630
LN001841,CUST01655,Education Loan,1877431.0,12.88,1,167578.0,2022-10-11,2023-10-11,469776.0,12,12,0,Active,None,BR004,737
LN001842,CUST01908,Credit Card Loan,109752.0,19.06,3,4027.0,2021-07-20,2024-07-19,25185.0,30,36,0,Active,None,BR026,638
LN001843,CUST02742,Business Loan,982555.0,11.41,5,21565.0,2023-05-10,2028-05-08,499499.0,32,60,0,Active,None,BR003,727
LN001844,CUST02407,Car Loan,792300.0,10.96,1,70010.0,2020-08-28,2021-08-28,253223.0,11,12,0,Active,Vehicle,BR046,643
LN001845,CUST02068,Education Loan,1590873.0,9.38,3,50871.0,2021-07-16,2024-07-15,522582.0,30,36,0,Active,None,BR010,697
LN001846,CUST00581,Home Loan,9157184.0,7.36,15,84181.0,2021-10-31,2036-10-27,7742943.0,24,180,90,NPA,Property,BR028,726
LN001847,CUST01681,Credit Card Loan,125876.0,17.12,3,4495.0,2022-07-14,2025-07-13,28334.0,31,36,60,Special Mention,None,BR040,727
LN001848,CUST00141,Car Loan,1972358.0,11.95,1,175192.0,2022-04-20,2023-04-20,868648.0,9,12,0,Active,Vehicle,BR030,702
LN001849,CUST02595,Home Loan,6073838.0,8.82,15,60947.0,2021-11-22,2036-11-18,4495311.0,37,180,0,Active,Property,BR035,745
LN001850,CUST01119,Home Loan,6368728.0,9.54,5,133881.0,2024-03-20,2029-03-19,5712711.0,7,60,180,NPA,Property,BR032,718
LN001851,CUST02593,Education Loan,484096.0,10.26,7,8101.0,2022-02-13,2029-02-11,478425.0,1,84,60,Special Mention,None,BR035,700
LN001852,CUST00016,Gold Loan,213688.0,10.51,1,18837.0,2022-05-13,2023-05-13,160944.0,4,12,30,Special Mention,Gold,BR004,658
LN001853,CUST00605,Personal Loan,341133.0,12.32,2,16109.0,2021-01-21,2023-01-21,138160.0,18,24,60,Special Mention,None,BR040,736
LN001854,CUST02349,Car Loan,675873.0,10.38,1,59538.0,2022-01-29,2023-01-29,384137.0,7,12,0,Active,Vehicle,BR032,737
LN001855,CUST02520,Education Loan,381739.0,10.55,7,6446.0,2023-09-18,2030-09-16,368202.0,3,84,180,NPA,None,BR043,646
LN001856,CUST02250,Business Loan,4224980.0,14.15,2,203155.0,2022-04-23,2024-04-22,811976.0,24,24,0,Active,None,BR002,755
LN001857,CUST01763,Gold Loan,372219.0,9.99,7,6176.0,2020-04-22,2027-04-21,337633.0,8,84,0,Active,Gold,BR048,724
LN001858,CUST02811,Car Loan,2107126.0,9.42,7,34349.0,2022-02-19,2029-02-17,1145354.0,40,84,0,Active,Vehicle,BR040,690
LN001859,CUST02787,Education Loan,284918.0,11.44,7,4945.0,2021-02-22,2028-02-21,260688.0,7,84,0,Active,None,BR031,662
LN001860,CUST02539,Business Loan,4037531.0,11.09,7,69322.0,2024-02-05,2031-02-03,2193566.0,38,84,0,Active,None,BR044,635
LN001861,CUST00462,Car Loan,770575.0,10.85,1,68052.0,2022-05-17,2023-05-17,294211.0,10,12,0,Active,Vehicle,BR028,786
LN001862,CUST02142,Gold Loan,279679.0,10.84,3,9135.0,2021-12-25,2024-12-24,68660.0,33,36,0,Active,Gold,BR021,705
LN001863,CUST02246,Business Loan,7211548.0,13.93,3,246228.0,2021-10-19,2024-10-18,6866829.0,2,36,90,NPA,None,BR025,725
LN001864,CUST00549,Business Loan,2283059.0,13.92,5,53024.0,2023-03-20,2028-03-18,1800541.0,13,60,0,Active,None,BR044,723
LN001865,CUST02319,Gold Loan,327331.0,9.51,3,10488.0,2022-04-27,2025-04-26,195182.0,18,36,60,Special Mention,Gold,BR038,678
LN001866,CUST01564,Car Loan,1270259.0,10.63,7,21502.0,2024-04-04,2031-04-03,833768.0,29,84,60,Special Mention,Vehicle,BR017,744
LN001867,CUST01035,Credit Card Loan,109394.0,18.33,5,2798.0,2023-12-25,2028-12-23,83932.0,13,60,0,Active,None,BR033,666
LN001868,CUST02509,Business Loan,3563174.0,12.39,5,79971.0,2021-07-07,2026-07-06,3451215.0,2,60,0,Active,None,BR023,629
LN001869,CUST00204,Home Loan,2884390.0,7.79,20,23752.0,2021-02-18,2041-02-13,2651620.0,14,240,0,Active,Property,BR041,900
LN001870,CUST02957,Car Loan,2744619.0,9.92,3,88455.0,2020-03-25,2023-03-25,2620782.0,2,36,0,Active,Vehicle,BR032,780
LN001871,CUST01618,Credit Card Loan,134158.0,17.93,3,4846.0,2024-01-28,2027-01-27,12039.0,36,36,0,Active,None,BR014,689
LN001872,CUST01292,Car Loan,2211870.0,8.56,7,35100.0,2020-06-13,2027-06-12,1720470.0,20,84,0,Active,Vehicle,BR041,853
LN001873,CUST01329,Personal Loan,533748.0,12.39,2,25222.0,2022-09-21,2024-09-20,127674.0,23,24,0,Active,None,BR006,638
LN001874,CUST02732,Personal Loan,421435.0,15.49,1,38135.0,2021-12-23,2022-12-23,101101.0,12,12,0,Active,None,BR001,801
LN001875,CUST02970,Business Loan,6630613.0,14.42,5,155739.0,2021-08-10,2026-08-09,5540440.0,10,60,0,Active,None,BR041,790
LN001876,CUST01561,Car Loan,1907637.0,11.47,5,41921.0,2021-03-12,2026-03-11,1085985.0,28,60,0,Active,Vehicle,BR004,708
LN001877,CUST00832,Car Loan,903290.0,11.26,2,42209.0,2021-02-01,2023-02-01,637373.0,9,24,0,Active,Vehicle,BR037,669
LN001878,CUST02352,Car Loan,1353296.0,10.61,3,44058.0,2023-05-16,2026-05-15,736484.0,20,36,0,Active,Vehicle,BR010,748
LN001879,CUST01073,Credit Card Loan,51500.0,20.42,2,2632.0,2022-08-01,2024-07-31,29391.0,12,24,365,NPA,None,BR020,743
LN001880,CUST00636,Home Loan,2315836.0,9.72,2,106561.0,2022-12-08,2024-12-07,2241243.0,1,24,0,Active,Property,BR020,606
LN001881,CUST02237,Home Loan,5702200.0,8.41,20,49168.0,2020-09-08,2040-09-03,5323606.0,11,240,60,Special Mention,Property,BR028,686
LN001882,CUST00768,Business Loan,3822706.0,13.89,5,88728.0,2023-04-13,2028-04-11,1276212.0,41,60,0,Active,None,BR042,800
LN001883,CUST01316,Gold Loan,462846.0,11.56,7,8061.0,2022-03-09,2029-03-07,440275.0,4,84,0,Active,Gold,BR040,615
LN001884,CUST02402,Car Loan,2265272.0,10.56,2,105113.0,2021-11-28,2023-11-28,1823797.0,6,24,0,Active,Vehicle,BR020,722
LN001885,CUST00519,Gold Loan,108826.0,11.63,1,9650.0,2022-08-02,2023-08-02,41276.0,10,12,180,NPA,Gold,BR013,720
LN001886,CUST01327,Credit Card Loan,132587.0,17.08,5,3301.0,2020-05-17,2025-05-16,100237.0,14,60,0,Active,None,BR028,634
LN001887,CUST01994,Business Loan,8205451.0,13.83,1,736070.0,2021-05-20,2022-05-20,3568210.0,9,12,0,Active,None,BR031,725
LN001888,CUST02009,Gold Loan,202021.0,9.82,1,17744.0,2020-06-21,2021-06-21,52971.0,12,12,0,Active,Gold,BR026,732
LN001889,CUST01279,Gold Loan,349208.0,8.89,2,15935.0,2023-01-19,2025-01-18,193045.0,14,24,0,Active,Gold,BR017,724
LN001890,CUST00705,Gold Loan,182431.0,9.81,2,8402.0,2024-02-01,2026-01-31,129498.0,9,24,0,Active,Gold,BR031,616
LN001891,CUST01596,Car Loan,2553882.0,10.25,1,224819.0,2024-03-11,2025-03-11,822776.0,11,12,60,Special Mention,Vehicle,BR024,656
LN001892,CUST01083,Personal Loan,610266.0,12.53,5,13741.0,2023-07-15,2028-07-13,427511.0,19,60,90,NPA,None,BR016,670
LN001893,CUST01237,Car Loan,881522.0,8.06,7,13765.0,2024-04-07,2031-04-06,659906.0,23,84,0,Active,Vehicle,BR002,809
LN001894,CUST02863,Home Loan,10265221.0,8.78,10,128843.0,2021-12-09,2031-12-07,6657617.0,40,120,0,Active,Property,BR037,643
LN001895,CUST01971,Home Loan,14310722.0,7.15,2,641693.0,2021-12-05,2023-12-05,7572946.0,15,24,0,Active,Property,BR021,749
LN001896,CUST00783,Gold Loan,441421.0,10.57,5,9504.0,2023-03-02,2028-02-29,388199.0,8,60,0,Active,Gold,BR002,736
LN001897,CUST01834,Personal Loan,605880.0,13.01,1,54118.0,2022-06-24,2023-06-24,189171.0,11,12,0,Active,None,BR050,715
LN001898,CUST01676,Credit Card Loan,79257.0,18.03,7,1667.0,2022-09-24,2029-09-22,62920.0,14,84,365,NPA,None,BR001,669
LN001899,CUST02340,Personal Loan,723789.0,13.84,7,13500.0,2024-03-30,2031-03-29,600939.0,13,84,0,Active,None,BR049,664
LN001900,CUST02924,Education Loan,1832504.0,10.04,3,59167.0,2023-05-28,2026-05-27,1335501.0,12,36,0,Active,None,BR020,704
LN001901,CUST02362,Gold Loan,329446.0,9.82,2,15175.0,2020-04-05,2022-04-05,201976.0,12,24,0,Active,Gold,BR020,624
LN001902,CUST02723,Personal Loan,1206227.0,15.77,1,109313.0,2022-07-20,2023-07-20,441036.0,10,12,0,Active,None,BR011,634
LN001903,CUST02315,Personal Loan,1168407.0,12.42,5,26236.0,2020-06-09,2025-06-08,727642.0,24,60,0,Active,None,BR032,734
LN001904,CUST00914,Car Loan,2735645.0,9.89,1,240369.0,2021-01-06,2022-01-06,2230870.0,3,12,0,Active,Vehicle,BR037,793
LN001905,CUST00454,Car Loan,1442883.0,8.46,1,125818.0,2020-10-16,2021-10-16,738302.0,8,12,60,Special Mention,Vehicle,BR039,718
LN001906,CUST00533,Business Loan,8191493.0,14.06,2,393515.0,2023-12-21,2025-12-20,5712348.0,9,24,0,Active,None,BR014,695
LN001907,CUST01414,Credit Card Loan,82829.0,16.61,2,4080.0,2021-11-22,2023-11-22,77117.0,2,24,0,Active,None,BR006,825
LN001908,CUST00114,Gold Loan,207527.0,10.3,1,18274.0,2020-10-03,2021-10-03,156360.0,4,12,0,Active,Gold,BR015,860
LN001909,CUST01415,Car Loan,960703.0,10.07,5,20443.0,2020-10-27,2025-10-26,731741.0,16,60,0,Active,Vehicle,BR038,665
LN001910,CUST02706,Gold Loan,358222.0,8.97,5,7430.0,2022-05-16,2027-05-15,118976.0,46,60,0,Active,Gold,BR016,768
LN001911,CUST01923,Home Loan,12645811.0,9.67,20,119304.0,2023-12-25,2043-12-20,9472325.0,38,240,0,Active,Property,BR046,629
LN001912,CUST01383,Gold Loan,458001.0,11.72,5,10124.0,2020-11-29,2025-11-28,422567.0,5,60,30,Special Mention,Gold,BR028,822
LN001913,CUST01591,Car Loan,2659690.0,10.02,7,44176.0,2023-07-02,2030-06-30,2041226.0,20,84,0,Active,Vehicle,BR015,648
LN001914,CUST01886,Home Loan,7867026.0,7.4,7,120269.0,2020-12-19,2027-12-18,4499494.0,40,84,365,NPA,Property,BR039,702
LN001915,CUST01694,Education Loan,1635765.0,9.3,5,34195.0,2022-08-13,2027-08-12,1085226.0,23,60,30,Special Mention,None,BR011,625
LN001916,CUST02023,Business Loan,7664313.0,13.17,5,175053.0,2022-03-11,2027-03-10,4110737.0,29,60,90,NPA,None,BR009,862
LN001917,CUST02799,Credit Card Loan,199938.0,18.28,3,7257.0,2022-03-01,2025-02-28,83100.0,23,36,30,Special Mention,None,BR043,678
LN001918,CUST01336,Personal Loan,1284723.0,13.66,5,29664.0,2021-01-17,2026-01-16,703309.0,28,60,0,Active,None,BR050,850
LN001919,CUST02849,Gold Loan,431685.0,9.2,5,9002.0,2023-04-27,2028-04-25,160725.0,43,60,30,Special Mention,Gold,BR033,794
LN001920,CUST01029,Credit Card Loan,22182.0,18.96,7,479.0,2022-01-25,2029-01-23,7764.0,43,84,0,Active,None,BR048,730
LN001921,CUST01615,Gold Loan,413968.0,10.64,3,13483.0,2021-01-24,2024-01-24,347901.0,7,36,0,Active,Gold,BR050,690
LN001922,CUST02541,Home Loan,14802766.0,8.1,2,670153.0,2023-10-17,2025-10-16,13395445.0,3,24,60,Special Mention,Property,BR046,673
LN001923,CUST02879,Credit Card Loan,151318.0,19.97,5,4007.0,2022-07-19,2027-07-18,137294.0,5,60,0,Active,None,BR003,715
LN001924,CUST01451,Business Loan,7747883.0,10.8,2,360397.0,2024-02-17,2026-02-16,4468270.0,13,24,0,Active,None,BR036,731
LN001925,CUST01041,Business Loan,737649.0,10.7,5,15929.0,2021-04-01,2026-03-31,681898.0,5,60,60,Special Mention,None,BR042,794
LN001926,CUST01425,Credit Card Loan,111355.0,19.53,2,5642.0,2023-07-29,2025-07-28,52114.0,15,24,0,Active,None,BR042,809
LN001927,CUST00398,Personal Loan,968159.0,14.52,5,22792.0,2022-11-24,2027-11-23,649071.0,20,60,60,Special Mention,None,BR017,771
LN001928,CUST01165,Personal Loan,603230.0,13.64,7,11184.0,2020-08-25,2027-08-24,235276.0,47,84,0,Active,None,BR047,793
LN001929,CUST02561,Business Loan,3511352.0,13.71,5,81168.0,2021-02-18,2026-02-17,3170446.0,6,60,0,Active,None,BR045,674
LN001930,CUST00810,Education Loan,275828.0,12.3,3,9201.0,2021-10-21,2024-10-20,224302.0,8,36,0,Active,None,BR023,656
LN001931,CUST00343,Gold Loan,68798.0,10.49,2,3190.0,2021-01-27,2023-01-27,57633.0,5,24,0,Active,Gold,BR037,698
LN001932,CUST01111,Business Loan,2597902.0,11.7,5,57393.0,2021-02-06,2026-02-05,2155976.0,11,60,30,Special Mention,None,BR019,679
LN001933,CUST01553,Gold Loan,183745.0,11.23,3,6036.0,2024-03-24,2027-03-24,158394.0,6,36,0,Active,Gold,BR045,635
LN001934,CUST00470,Personal Loan,1349880.0,14.01,5,31416.0,2020-09-21,2025-09-20,1283906.0,3,60,30,Special Mention,None,BR014,665
LN001935,CUST00897,Home Loan,1542175.0,7.59,30,10874.0,2022-06-22,2052-06-14,1427998.0,15,360,0,Active,Property,BR037,707
LN001936,CUST01788,Education Loan,415155.0,9.41,3,13280.0,2023-07-01,2026-06-30,340787.0,8,36,0,Active,None,BR041,646
LN001937,CUST01405,Credit Card Loan,38238.0,17.07,5,952.0,2023-10-11,2028-10-09,18912.0,29,60,0,Active,None,BR013,748
LN001938,CUST00674,Business Loan,5185772.0,11.58,1,459728.0,2020-10-27,2021-10-27,4220343.0,3,12,0,Active,None,BR021,670
LN001939,CUST00937,Gold Loan,354702.0,11.5,1,31431.0,2023-01-17,2024-01-17,156687.0,9,12,365,NPA,Gold,BR047,669
LN001940,CUST00823,Gold Loan,264777.0,10.06,2,12226.0,2024-02-05,2026-02-04,144962.0,14,24,0,Active,Gold,BR027,868
LN001941,CUST01423,Personal Loan,1407926.0,12.53,2,66622.0,2021-12-27,2023-12-27,381947.0,22,24,0,Active,None,BR021,680
LN001942,CUST02992,Gold Loan,338663.0,11.19,5,7396.0,2022-02-16,2027-02-15,198879.0,27,60,0,Active,Gold,BR026,722
LN001943,CUST01147,Credit Card Loan,189665.0,17.28,1,17323.0,2022-09-22,2023-09-22,104782.0,7,12,0,Active,None,BR022,654
LN001944,CUST01618,Education Loan,1047993.0,12.48,3,35048.0,2022-09-28,2025-09-27,606388.0,18,36,30,Special Mention,None,BR014,689
LN001945,CUST02464,Car Loan,1438667.0,11.3,3,47303.0,2020-02-24,2023-02-23,1041322.0,12,36,0,Active,Vehicle,BR018,656
LN001946,CUST01607,Home Loan,3145808.0,7.54,20,25427.0,2024-05-05,2044-04-30,2683037.0,26,240,0,Active,Property,BR028,700
LN001947,CUST00398,Home Loan,8104277.0,10.76,3,264411.0,2022-05-03,2025-05-02,1811295.0,34,36,30,Special Mention,Property,BR017,771
LN001948,CUST01505,Home Loan,4615057.0,10.82,3,150695.0,2020-03-24,2023-03-24,3560192.0,10,36,0,Active,Property,BR009,698
LN001949,CUST00603,Business Loan,8576220.0,13.78,3,292206.0,2022-02-24,2025-02-23,8576220.0,0,36,180,NPA,None,BR029,772
LN001950,CUST00481,Car Loan,1073692.0,11.17,7,18479.0,2021-12-26,2028-12-24,905533.0,13,84,90,NPA,Vehicle,BR035,710
LN001951,CUST01844,Car Loan,1811291.0,10.91,2,84347.0,2023-08-26,2025-08-25,984690.0,14,24,30,Special Mention,Vehicle,BR008,690
LN001952,CUST00117,Gold Loan,300567.0,8.72,1,26247.0,2023-10-26,2024-10-25,80092.0,12,12,0,Active,Gold,BR011,690
LN001953,CUST02481,Education Loan,326089.0,10.28,3,10564.0,2021-07-05,2024-07-04,229957.0,13,36,0,Active,None,BR025,649
LN001954,CUST00945,Car Loan,849137.0,11.44,5,18649.0,2022-10-17,2027-10-16,457508.0,30,60,180,NPA,Vehicle,BR039,795
LN001955,CUST00220,Business Loan,781793.0,12.29,5,17504.0,2021-01-25,2026-01-24,242670.0,44,60,0,Active,None,BR033,736
LN001956,CUST00271,Gold Loan,492470.0,8.88,5,10193.0,2020-03-05,2025-03-04,185661.0,43,60,0,Active,Gold,BR013,779
LN001957,CUST02620,Credit Card Loan,148370.0,18.3,3,5386.0,2022-11-27,2025-11-26,110668.0,10,36,0,Active,None,BR047,796
LN001958,CUST01162,Credit Card Loan,56260.0,20.28,1,5219.0,2021-11-10,2022-11-10,30687.0,7,12,0,Active,None,BR013,827
LN001959,CUST00188,Gold Loan,338941.0,9.85,5,7177.0,2022-08-13,2027-08-12,328893.0,2,60,90,NPA,Gold,BR020,687
LN001960,CUST00483,Credit Card Loan,77660.0,17.22,1,7091.0,2021-09-17,2022-09-17,32987.0,9,12,0,Active,None,BR020,713
LN001961,CUST02523,Credit Card Loan,198980.0,20.26,1,18457.0,2024-05-31,2025-05-31,173140.0,2,12,0,Active,None,BR008,741
LN001962,CUST01664,Business Loan,1991842.0,13.92,2,95563.0,2023-06-27,2025-06-26,854642.0,17,24,365,NPA,None,BR012,681
LN001963,CUST02284,Credit Card Loan,80620.0,17.12,3,2879.0,2022-03-31,2025-03-30,36283.0,22,36,365,NPA,None,BR030,629
LN001964,CUST02395,Car Loan,510336.0,9.69,7,8390.0,2022-10-14,2029-10-12,316527.0,33,84,0,Active,Vehicle,BR006,718
LN001965,CUST00552,Car Loan,2349361.0,9.71,3,75493.0,2021-05-07,2024-05-06,499783.0,35,36,30,Special Mention,Vehicle,BR038,688
LN001966,CUST02156,Gold Loan,59666.0,8.74,2,2719.0,2022-04-02,2024-04-01,44440.0,8,24,0,Active,Gold,BR028,653
LN001967,CUST01075,Gold Loan,352267.0,10.2,5,7519.0,2023-05-16,2028-05-14,157525.0,37,60,90,NPA,Gold,BR015,781
LN001968,CUST00565,Credit Card Loan,140211.0,17.73,5,3540.0,2020-09-19,2025-09-18,68349.0,29,60,0,Active,None,BR035,769
LN001969,CUST01778,Personal Loan,219949.0,14.23,2,10585.0,2020-08-16,2022-08-16,182902.0,5,24,0,Active,None,BR034,795
LN001970,CUST02978,Home Loan,2501851.0,9.43,1,219286.0,2021-05-23,2022-05-23,1580850.0,6,12,365,NPA,Property,BR047,653
LN001971,CUST02809,Home Loan,11406017.0,7.81,5,230262.0,2020-10-18,2025-10-17,5442231.0,37,60,0,Active,Property,BR025,759
LN001972,CUST02110,Gold Loan,410729.0,9.15,3,13089.0,2024-03-19,2027-03-19,172509.0,26,36,30,Special Mention,Gold,BR036,728
LN001973,CUST00935,Education Loan,1110276.0,11.34,5,24331.0,2021-09-29,2026-09-28,1008086.0,6,60,30,Special Mention,None,BR019,736
LN001974,CUST02535,Gold Loan,217837.0,11.0,3,7132.0,2021-08-24,2024-08-23,177898.0,8,36,0,Active,Gold,BR028,672
LN001975,CUST01141,Business Loan,5847093.0,10.53,3,190122.0,2020-11-14,2023-11-14,1056019.0,36,36,0,Active,None,BR019,686
LN001976,CUST00593,Business Loan,3754561.0,12.85,7,67996.0,2020-06-16,2027-06-15,2850214.0,19,84,0,Active,None,BR016,744
LN001977,CUST01294,Gold Loan,265458.0,10.58,2,12320.0,2023-12-16,2025-12-15,187842.0,9,24,0,Active,Gold,BR021,765
LN001978,CUST01052,Gold Loan,141615.0,11.51,7,2463.0,2020-06-08,2027-06-07,136443.0,3,84,0,Active,Gold,BR002,707
LN001979,CUST00115,Home Loan,10924459.0,7.18,5,217244.0,2023-12-25,2028-12-23,3777131.0,47,60,0,Active,Property,BR006,708
LN001980,CUST02356,Credit Card Loan,44959.0,16.94,1,4099.0,2024-02-29,2025-02-28,30612.0,5,12,0,Active,None,BR048,706
LN001981,CUST00968,Personal Loan,1101193.0,13.96,2,52852.0,2021-07-21,2023-07-21,546247.0,15,24,0,Active,None,BR016,900
LN001982,CUST00804,Education Loan,1371219.0,11.23,7,23648.0,2022-10-23,2029-10-21,808397.0,34,84,0,Active,None,BR037,659
LN001983,CUST00254,Education Loan,1737157.0,11.48,3,57266.0,2021-10-12,2024-10-11,1256123.0,12,36,60,Special Mention,None,BR015,745
LN001984,CUST02210,Car Loan,596644.0,11.88,2,28054.0,2023-01-20,2025-01-19,537731.0,3,24,365,NPA,Vehicle,BR020,697
LN001985,CUST01717,Personal Loan,1360455.0,14.47,5,31987.0,2020-08-15,2025-08-14,554383.0,36,60,0,Active,None,BR008,704
LN001986,CUST01361,Business Loan,997709.0,11.89,5,22137.0,2024-05-03,2029-05-02,672295.0,21,60,30,Special Mention,None,BR004,715
LN001987,CUST00934,Home Loan,4387696.0,9.12,20,39827.0,2022-08-20,2042-08-15,3216782.0,42,240,0,Active,Property,BR028,601
LN001988,CUST02497,Education Loan,799106.0,11.08,1,70655.0,2021-12-15,2022-12-15,255062.0,11,12,30,Special Mention,None,BR018,701
LN001989,CUST00415,Home Loan,10176582.0,10.41,3,330334.0,2023-10-13,2026-10-12,4626971.0,24,36,180,NPA,Property,BR042,712
LN001990,CUST02744,Credit Card Loan,64174.0,17.16,3,2293.0,2023-06-23,2026-06-22,35282.0,18,36,0,Active,None,BR049,747
LN001991,CUST02266,Car Loan,1773518.0,10.85,2,82533.0,2021-12-22,2023-12-22,1080241.0,12,24,60,Special Mention,Vehicle,BR014,760
LN001992,CUST01457,Car Loan,2829484.0,9.07,7,45622.0,2020-10-28,2027-10-27,2126905.0,22,84,0,Active,Vehicle,BR017,733
LN001993,CUST01714,Car Loan,2135094.0,9.66,1,187367.0,2021-12-31,2022-12-31,1085839.0,8,12,0,Active,Vehicle,BR036,756
LN001994,CUST02355,Car Loan,648939.0,9.65,5,13677.0,2021-10-01,2026-09-30,610643.0,4,60,0,Active,Vehicle,BR023,772
LN001995,CUST01966,Business Loan,657368.0,11.81,1,58347.0,2022-10-20,2023-10-20,575682.0,2,12,0,Active,None,BR038,706
LN001996,CUST00512,Gold Loan,80430.0,8.61,1,7019.0,2020-06-01,2021-06-01,46037.0,7,12,180,NPA,Gold,BR027,809
LN001997,CUST01451,Business Loan,2414949.0,10.91,7,41236.0,2023-10-03,2030-10-01,2299488.0,4,84,0,Active,None,BR036,731
LN001998,CUST00037,Business Loan,7950503.0,11.57,1,704802.0,2020-05-01,2021-05-01,6963780.0,2,12,0,Active,None,BR038,714
LN001999,CUST02545,Gold Loan,231093.0,10.08,5,4920.0,2022-01-22,2027-01-21,172545.0,17,60,0,Active,Gold,BR017,832
LN002000,CUST01550,Credit Card Loan,55440.0,19.74,1,5129.0,2023-09-05,2024-09-04,51850.0,1,12,0,Active,None,BR039,790
