ticket_id,customer_id,category,priority,status,created_date,resolved_date,resolution_hours,channel,satisfaction_score,agent_id
TKT000001,CUST01041,Card Issue,Low,Resolved,2024-10-31,2024-11-07,162.0,App,4.0,AGT041
TKT000002,CUST02208,KYC Update,Medium,In Progress,2022-08-08,,,Email,,AGT042
TKT000003,CUST01994,Interest Query,Critical,Resolved,2022-12-01,2022-12-03,54.0,Branch,5.0,AGT002
TKT000004,CUST00869,Net Banking Issue,Low,Resolved,2020-11-19,2020-11-23,73.0,Chat,5.0,AGT021
TKT000005,CUST02500,Loan Query,Medium,Resolved,2020-10-24,2020-10-30,150.0,Chat,2.0,AGT020
TKT000006,CUST02874,Net Banking Issue,Medium,Resolved,2024-08-16,2024-08-20,110.0,Phone,1.0,AGT001
TKT000007,CUST01572,Account Opening,Medium,Resolved,2021-05-23,2021-05-24,22.0,App,5.0,AGT014
TKT000008,CUST02647,Interest Query,High,Resolved,2020-06-09,2020-06-13,112.0,Branch,4.0,AGT044
TKT000009,CUST00469,Interest Query,Critical,In Progress,2020-09-27,,,App,,AGT019
TKT000010,CUST02646,Interest Query,Critical,Resolved,2022-05-07,2022-05-09,54.0,Email,4.0,AGT041
TKT000011,CUST02358,Fraud Report,Critical,In Progress,2024-12-07,,,Branch,,AGT030
TKT000012,CUST02871,Loan Query,Medium,Open,2021-05-25,,,Branch,,AGT034
TKT000013,CUST00971,Loan Query,Medium,Resolved,2023-10-27,2023-10-28,29.0,Branch,1.0,AGT014
TKT000014,CUST02085,Card Issue,High,Resolved,2023-12-14,2023-12-15,36.0,Email,4.0,AGT017
TKT000015,CUST00565,Net Banking Issue,High,Resolved,2020-11-04,2020-11-05,7.0,Email,1.0,AGT048
TKT000016,CUST02190,Net Banking Issue,Low,Resolved,2021-12-05,2021-12-10,117.0,App,4.0,AGT031
TKT000017,CUST01081,KYC Update,Critical,Resolved,2022-12-29,2023-01-02,90.0,Branch,5.0,AGT005
TKT000018,CUST01380,Interest Query,Low,Resolved,2021-12-14,2021-12-17,85.0,Chat,4.0,AGT037
TKT000019,CUST01900,Interest Query,Low,Resolved,2022-01-17,2022-01-17,4.0,Chat,4.0,AGT035
TKT000020,CUST00227,Fraud Report,Critical,Resolved,2023-01-18,2023-01-22,100.0,App,1.0,AGT029
TKT000021,CUST01199,Account Opening,Low,Resolved,2024-10-02,2024-10-08,137.0,Chat,1.0,AGT021
TKT000022,CUST01672,Loan Query,Medium,Resolved,2024-04-16,2024-04-20,118.0,App,4.0,AGT001
TKT000023,CUST02301,Card Issue,Medium,Resolved,2020-12-28,2021-01-02,114.0,Phone,1.0,AGT038
TKT000024,CUST02696,ATM Issue,Medium,Resolved,2021-09-20,2021-09-22,64.0,Phone,1.0,AGT022
TKT000025,CUST01159,Loan Query,Critical,Resolved,2023-06-05,2023-06-08,61.0,App,4.0,AGT029
TKT000026,CUST01252,Interest Query,Medium,Resolved,2021-10-07,2021-10-08,28.0,Chat,1.0,AGT001
TKT000027,CUST00222,KYC Update,Critical,Resolved,2021-12-31,2022-01-07,167.0,Email,3.0,AGT032
TKT000028,CUST00303,Interest Query,Critical,Resolved,2021-11-04,2021-11-08,82.0,Chat,4.0,AGT028
TKT000029,CUST00470,Net Banking Issue,Low,Resolved,2021-05-12,2021-05-16,89.0,Phone,4.0,AGT018
TKT000030,CUST02408,Card Issue,Low,Resolved,2023-06-17,2023-06-23,155.0,App,4.0,AGT011
TKT000031,CUST00999,Loan Query,Medium,Open,2021-02-02,,,Phone,,AGT032
TKT000032,CUST01705,Loan Query,Critical,Resolved,2022-03-21,2022-03-25,99.0,Email,5.0,AGT026
TKT000033,CUST01724,Loan Query,High,Resolved,2022-03-20,2022-03-22,35.0,Email,2.0,AGT024
TKT000034,CUST02614,Card Issue,Critical,Resolved,2020-06-15,2020-06-19,109.0,App,2.0,AGT019
TKT000035,CUST02703,General Query,Medium,Resolved,2020-07-08,2020-07-08,4.0,App,3.0,AGT024
TKT000036,CUST01074,Account Opening,Medium,Resolved,2020-07-09,2020-07-09,12.0,Phone,1.0,AGT046
TKT000037,CUST01976,Card Issue,Medium,Resolved,2020-10-24,2020-10-31,162.0,Branch,2.0,AGT043
TKT000038,CUST00720,Card Issue,Low,Resolved,2020-05-24,2020-05-26,60.0,Phone,5.0,AGT049
TKT000039,CUST02070,Transaction Dispute,Medium,Resolved,2022-09-13,2022-09-15,44.0,Phone,1.0,AGT039
TKT000040,CUST00091,Fraud Report,Critical,Resolved,2022-05-19,2022-05-24,141.0,Phone,5.0,AGT041
TKT000041,CUST02851,Account Opening,High,Resolved,2021-12-22,2021-12-24,36.0,Branch,3.0,AGT015
TKT000042,CUST01502,Net Banking Issue,Low,Resolved,2021-02-08,2021-02-13,118.0,Email,5.0,AGT047
TKT000043,CUST00512,Account Opening,Medium,Resolved,2022-10-21,2022-10-26,124.0,Chat,3.0,AGT017
TKT000044,CUST00044,Fraud Report,Critical,Resolved,2024-12-26,2024-12-26,4.0,Chat,5.0,AGT043
TKT000045,CUST01841,ATM Issue,Medium,Open,2022-08-27,,,App,,AGT018
TKT000046,CUST00690,Interest Query,Low,Resolved,2020-02-12,2020-02-18,160.0,Branch,1.0,AGT005
TKT000047,CUST02504,Fraud Report,Critical,Resolved,2020-07-23,2020-07-29,130.0,Branch,5.0,AGT023
TKT000048,CUST01921,General Query,Medium,Resolved,2022-10-02,2022-10-07,126.0,App,5.0,AGT049
TKT000049,CUST00847,Loan Query,Medium,In Progress,2024-08-12,,,App,,AGT024
TKT000050,CUST02449,Fraud Report,Critical,Resolved,2023-05-04,2023-05-10,146.0,Email,4.0,AGT049
TKT000051,CUST02051,Loan Query,Low,Open,2022-02-03,,,Branch,,AGT044
TKT000052,CUST02583,Account Opening,High,Resolved,2022-10-16,2022-10-16,4.0,Email,2.0,AGT028
TKT000053,CUST01555,Account Opening,Low,In Progress,2024-12-05,,,App,,AGT030
TKT000054,CUST02817,Transaction Dispute,Low,Resolved,2021-11-05,2021-11-08,84.0,Branch,5.0,AGT031
TKT000055,CUST01921,General Query,Medium,Resolved,2021-02-20,2021-02-23,75.0,Chat,3.0,AGT007
TKT000056,CUST02888,Account Opening,Low,Resolved,2021-06-08,2021-06-08,20.0,Branch,2.0,AGT040
TKT000057,CUST00177,General Query,Medium,In Progress,2022-04-28,,,Email,,AGT032
TKT000058,CUST00482,KYC Update,Low,Resolved,2023-04-12,2023-04-14,48.0,Email,5.0,AGT031
TKT000059,CUST00138,Net Banking Issue,Low,Resolved,2022-02-01,2022-02-03,45.0,App,5.0,AGT037
TKT000060,CUST02462,ATM Issue,Low,Resolved,2023-04-03,2023-04-09,157.0,Branch,3.0,AGT030
TKT000061,CUST01384,KYC Update,Low,Resolved,2022-09-04,2022-09-07,73.0,App,1.0,AGT045
TKT000062,CUST00540,Net Banking Issue,High,Resolved,2024-10-13,2024-10-19,148.0,Phone,3.0,AGT037
TKT000063,CUST01398,Card Issue,Low,Resolved,2023-12-04,2023-12-06,30.0,Email,5.0,AGT021
TKT000064,CUST01605,Fraud Report,Critical,Resolved,2022-11-27,2022-11-28,10.0,Chat,4.0,AGT001
TKT000065,CUST00088,Loan Query,Critical,Resolved,2020-07-06,2020-07-12,128.0,Email,1.0,AGT036
TKT000066,CUST01593,Interest Query,High,Resolved,2022-04-29,2022-05-04,113.0,Email,2.0,AGT047
TKT000067,CUST02258,Net Banking Issue,Low,Resolved,2024-10-17,2024-10-18,22.0,App,3.0,AGT023
TKT000068,CUST00202,ATM Issue,Critical,In Progress,2023-12-21,,,Branch,,AGT004
TKT000069,CUST00978,General Query,Low,Resolved,2024-12-19,2024-12-21,62.0,Phone,3.0,AGT049
TKT000070,CUST01221,Loan Query,Low,Resolved,2023-12-13,2023-12-20,153.0,Phone,1.0,AGT031
TKT000071,CUST02020,Card Issue,Medium,Resolved,2021-10-16,2021-10-22,133.0,Chat,5.0,AGT031
TKT000072,CUST02668,Account Opening,Medium,Resolved,2020-10-06,2020-10-10,83.0,Phone,1.0,AGT031
TKT000073,CUST02935,Card Issue,Medium,Resolved,2021-03-13,2021-03-14,22.0,Email,1.0,AGT024
TKT000074,CUST02168,Transaction Dispute,Critical,Resolved,2023-05-08,2023-05-12,108.0,Branch,2.0,AGT028
TKT000075,CUST02917,ATM Issue,Low,Resolved,2020-08-09,2020-08-12,76.0,Phone,1.0,AGT049
TKT000076,CUST00346,Interest Query,Low,Resolved,2020-12-06,2020-12-12,138.0,Phone,4.0,AGT033
TKT000077,CUST00520,Card Issue,Critical,Resolved,2023-09-24,2023-09-26,52.0,Chat,1.0,AGT043
TKT000078,CUST02153,Account Opening,High,Resolved,2024-06-15,2024-06-19,89.0,App,2.0,AGT006
TKT000079,CUST01562,Transaction Dispute,High,Resolved,2023-06-30,2023-07-03,72.0,App,1.0,AGT039
TKT000080,CUST00337,KYC Update,Low,Resolved,2024-11-09,2024-11-10,32.0,Phone,4.0,AGT041
TKT000081,CUST02818,Loan Query,Medium,Resolved,2023-12-19,2023-12-24,120.0,Chat,5.0,AGT033
TKT000082,CUST01601,Fraud Report,Critical,Resolved,2024-11-26,2024-11-29,70.0,Branch,1.0,AGT021
TKT000083,CUST02511,Transaction Dispute,Medium,Resolved,2024-09-16,2024-09-18,27.0,Email,2.0,AGT024
TKT000084,CUST02748,KYC Update,Low,Resolved,2021-05-09,2021-05-13,104.0,Email,1.0,AGT003
TKT000085,CUST02160,Transaction Dispute,Medium,Resolved,2024-08-18,2024-08-23,132.0,Phone,5.0,AGT041
TKT000086,CUST01800,General Query,Critical,Open,2020-03-09,,,Branch,,AGT007
TKT000087,CUST00872,Net Banking Issue,Low,Resolved,2021-07-07,2021-07-11,89.0,Phone,2.0,AGT030
TKT000088,CUST01580,Transaction Dispute,Low,Resolved,2022-06-25,2022-07-01,159.0,Email,5.0,AGT048
TKT000089,CUST01645,Card Issue,Low,Resolved,2020-01-25,2020-01-30,120.0,Branch,3.0,AGT011
TKT000090,CUST01423,KYC Update,Low,Resolved,2020-09-07,2020-09-07,5.0,Email,1.0,AGT022
TKT000091,CUST02733,Transaction Dispute,Low,Resolved,2022-01-14,2022-01-21,163.0,Branch,2.0,AGT009
TKT000092,CUST00418,Loan Query,High,Resolved,2020-03-03,2020-03-08,118.0,Chat,4.0,AGT004
TKT000093,CUST02405,Fraud Report,Critical,Resolved,2022-02-21,2022-02-24,78.0,Email,1.0,AGT005
TKT000094,CUST00340,Interest Query,Low,Resolved,2020-04-07,2020-04-08,34.0,Branch,5.0,AGT042
TKT000095,CUST01786,ATM Issue,High,Resolved,2024-04-04,2024-04-11,160.0,Chat,1.0,AGT020
TKT000096,CUST02681,Loan Query,Low,Resolved,2020-09-12,2020-09-16,80.0,Branch,4.0,AGT036
TKT000097,CUST02351,Fraud Report,Critical,Open,2023-09-14,,,Branch,,AGT015
TKT000098,CUST02477,Transaction Dispute,Critical,Resolved,2020-10-16,2020-10-22,140.0,Branch,4.0,AGT046
TKT000099,CUST00826,Card Issue,Low,Open,2020-12-06,,,App,,AGT001
TKT000100,CUST02045,General Query,Low,Resolved,2021-10-14,2021-10-16,63.0,Phone,2.0,AGT023
TKT000101,CUST02715,Fraud Report,Critical,In Progress,2020-07-13,,,Phone,,AGT047
TKT000102,CUST02167,Loan Query,Critical,Resolved,2022-03-14,2022-03-21,162.0,Phone,4.0,AGT018
TKT000103,CUST01534,Net Banking Issue,Low,Resolved,2020-08-26,2020-08-29,76.0,Chat,3.0,AGT011
TKT000104,CUST01289,Net Banking Issue,High,Resolved,2021-01-01,2021-01-01,13.0,Phone,4.0,AGT001
TKT000105,CUST02014,Fraud Report,Critical,Resolved,2021-01-19,2021-01-22,68.0,Phone,3.0,AGT042
TKT000106,CUST01248,Interest Query,Low,In Progress,2022-02-22,,,Chat,,AGT013
TKT000107,CUST02065,Account Opening,Medium,Resolved,2022-08-20,2022-08-24,104.0,App,1.0,AGT026
TKT000108,CUST02128,Loan Query,Medium,Resolved,2023-09-26,2023-10-02,151.0,Branch,2.0,AGT022
TKT000109,CUST02192,Card Issue,Medium,Resolved,2021-04-30,2021-05-02,52.0,Email,1.0,AGT006
TKT000110,CUST01585,Fraud Report,Critical,Resolved,2021-05-12,2021-05-17,103.0,Branch,5.0,AGT030
TKT000111,CUST00213,Loan Query,Low,Resolved,2022-09-21,2022-09-28,164.0,Email,1.0,AGT015
TKT000112,CUST00754,Transaction Dispute,Low,Resolved,2020-06-22,2020-06-23,24.0,Phone,3.0,AGT042
TKT000113,CUST02421,KYC Update,Medium,Resolved,2024-05-31,2024-06-07,168.0,Branch,3.0,AGT017
TKT000114,CUST02305,Fraud Report,Critical,Resolved,2022-10-16,2022-10-16,13.0,Chat,2.0,AGT029
TKT000115,CUST00686,General Query,Critical,Resolved,2023-12-26,2023-12-31,132.0,App,5.0,AGT010
TKT000116,CUST02058,ATM Issue,Medium,Resolved,2021-05-15,2021-05-16,46.0,Phone,1.0,AGT012
TKT000117,CUST02972,Loan Query,Medium,Resolved,2020-11-24,2020-11-28,85.0,Phone,4.0,AGT028
TKT000118,CUST02369,ATM Issue,Medium,Resolved,2020-01-19,2020-01-20,27.0,Branch,2.0,AGT003
TKT000119,CUST00359,Interest Query,High,Resolved,2024-11-25,2024-11-27,38.0,Chat,2.0,AGT037
TKT000120,CUST00996,General Query,High,Open,2021-02-05,,,Branch,,AGT017
TKT000121,CUST01015,Interest Query,Low,Resolved,2020-02-08,2020-02-11,89.0,Chat,4.0,AGT033
TKT000122,CUST02573,Card Issue,Low,Resolved,2022-02-08,2022-02-10,57.0,Phone,1.0,AGT013
TKT000123,CUST01602,Interest Query,High,Resolved,2020-10-23,2020-10-30,149.0,Chat,1.0,AGT028
TKT000124,CUST00050,ATM Issue,Low,Resolved,2024-09-19,2024-09-26,157.0,Email,4.0,AGT010
TKT000125,CUST02414,General Query,Low,Resolved,2022-05-16,2022-05-20,90.0,App,4.0,AGT034
TKT000126,CUST01676,Card Issue,High,Resolved,2023-10-23,2023-10-24,41.0,App,1.0,AGT018
TKT000127,CUST02763,Fraud Report,Critical,Resolved,2023-04-11,2023-04-14,88.0,Email,5.0,AGT027
TKT000128,CUST01867,ATM Issue,Low,Resolved,2023-03-16,2023-03-22,140.0,App,1.0,AGT011
TKT000129,CUST01531,Net Banking Issue,Medium,Resolved,2024-08-23,2024-08-29,126.0,Phone,5.0,AGT012
TKT000130,CUST00198,KYC Update,Critical,Resolved,2024-07-24,2024-07-25,16.0,Phone,4.0,AGT004
TKT000131,CUST00033,Net Banking Issue,Medium,Resolved,2021-03-14,2021-03-17,56.0,App,2.0,AGT010
TKT000132,CUST02466,Interest Query,Medium,Resolved,2021-09-27,2021-09-28,19.0,Chat,2.0,AGT049
TKT000133,CUST00559,Loan Query,Medium,Resolved,2022-12-30,2023-01-01,61.0,Phone,2.0,AGT042
TKT000134,CUST01864,General Query,High,In Progress,2020-08-12,,,App,,AGT001
TKT000135,CUST00302,Account Opening,Medium,Resolved,2022-03-26,2022-03-27,17.0,Chat,1.0,AGT004
TKT000136,CUST00638,Account Opening,Critical,Resolved,2023-01-02,2023-01-04,61.0,Phone,2.0,AGT016
TKT000137,CUST00942,Transaction Dispute,Low,Open,2022-01-01,,,Phone,,AGT024
TKT000138,CUST01824,ATM Issue,Critical,Resolved,2023-01-25,2023-01-30,117.0,Branch,4.0,AGT050
TKT000139,CUST01958,Net Banking Issue,High,Resolved,2024-01-11,2024-01-17,132.0,Email,1.0,AGT018
TKT000140,CUST02555,ATM Issue,Medium,Resolved,2020-02-02,2020-02-07,116.0,App,1.0,AGT021
TKT000141,CUST01212,Loan Query,Medium,Resolved,2022-07-24,2022-07-31,156.0,App,1.0,AGT043
TKT000142,CUST00832,Net Banking Issue,Low,Resolved,2022-12-09,2022-12-15,146.0,App,5.0,AGT018
TKT000143,CUST02296,ATM Issue,Medium,Resolved,2023-12-05,2023-12-06,28.0,Branch,3.0,AGT046
TKT000144,CUST01556,ATM Issue,Medium,Resolved,2020-03-22,2020-03-26,102.0,App,2.0,AGT047
TKT000145,CUST01100,Loan Query,High,Open,2021-02-21,,,Email,,AGT034
TKT000146,CUST02458,General Query,Low,Resolved,2023-04-01,2023-04-07,122.0,Email,5.0,AGT026
TKT000147,CUST01572,Net Banking Issue,Critical,Resolved,2022-04-25,2022-04-28,78.0,Branch,5.0,AGT005
TKT000148,CUST01916,Account Opening,Critical,In Progress,2023-08-14,,,Email,,AGT019
TKT000149,CUST02661,Net Banking Issue,Low,Resolved,2021-02-25,2021-03-01,85.0,App,3.0,AGT019
TKT000150,CUST02950,Loan Query,High,Resolved,2024-04-11,2024-04-15,105.0,App,2.0,AGT007
TKT000151,CUST01845,KYC Update,Low,Resolved,2021-02-03,2021-02-08,101.0,Branch,2.0,AGT029
TKT000152,CUST00501,Account Opening,Medium,Resolved,2020-02-20,2020-02-27,160.0,Chat,1.0,AGT039
TKT000153,CUST02722,Interest Query,Medium,Open,2023-09-18,,,Phone,,AGT004
TKT000154,CUST02663,Fraud Report,Critical,Resolved,2022-06-05,2022-06-08,74.0,Branch,3.0,AGT022
TKT000155,CUST00958,Fraud Report,Critical,Resolved,2021-08-21,2021-08-22,14.0,Email,5.0,AGT019
TKT000156,CUST00856,Card Issue,Low,Resolved,2024-10-06,2024-10-08,63.0,Email,3.0,AGT023
TKT000157,CUST01677,ATM Issue,High,Resolved,2020-10-10,2020-10-15,129.0,Email,4.0,AGT003
TKT000158,CUST02942,Card Issue,Low,Resolved,2020-04-11,2020-04-11,10.0,Phone,2.0,AGT016
TKT000159,CUST02829,General Query,High,Resolved,2024-07-26,2024-07-27,37.0,Email,4.0,AGT050
TKT000160,CUST00268,Interest Query,Medium,Resolved,2024-02-28,2024-03-02,68.0,Phone,4.0,AGT002
TKT000161,CUST02848,Card Issue,High,Resolved,2022-01-09,2022-01-12,65.0,Chat,3.0,AGT024
TKT000162,CUST00605,Loan Query,Medium,Resolved,2020-03-29,2020-04-02,82.0,App,2.0,AGT031
TKT000163,CUST01738,Transaction Dispute,Medium,Resolved,2020-03-14,2020-03-15,34.0,Branch,2.0,AGT012
TKT000164,CUST01819,ATM Issue,Critical,Resolved,2021-12-12,2021-12-16,77.0,App,4.0,AGT045
TKT000165,CUST02280,Fraud Report,Critical,Resolved,2023-06-13,2023-06-18,121.0,Email,4.0,AGT004
TKT000166,CUST02556,General Query,Medium,Resolved,2020-06-02,2020-06-07,123.0,Branch,2.0,AGT048
TKT000167,CUST00043,Fraud Report,Critical,Open,2024-06-17,,,Branch,,AGT025
TKT000168,CUST02541,ATM Issue,Medium,Resolved,2021-01-15,2021-01-22,162.0,Branch,3.0,AGT044
TKT000169,CUST02418,Card Issue,Medium,Resolved,2020-07-03,2020-07-08,109.0,Chat,1.0,AGT011
TKT000170,CUST00267,General Query,Medium,Resolved,2023-04-10,2023-04-11,30.0,Email,5.0,AGT024
TKT000171,CUST00021,Interest Query,Medium,Resolved,2020-09-15,2020-09-17,31.0,Email,2.0,AGT046
TKT000172,CUST02964,Transaction Dispute,Low,Resolved,2022-05-26,2022-05-28,53.0,App,4.0,AGT002
TKT000173,CUST02480,Net Banking Issue,Low,Resolved,2023-01-30,2023-02-03,98.0,Branch,5.0,AGT038
TKT000174,CUST01359,Card Issue,Low,Resolved,2021-06-01,2021-06-07,150.0,Chat,2.0,AGT043
TKT000175,CUST02374,Interest Query,Medium,In Progress,2023-05-24,,,Chat,,AGT003
TKT000176,CUST02151,Transaction Dispute,Low,Resolved,2023-01-20,2023-01-23,67.0,Email,2.0,AGT033
TKT000177,CUST02253,Net Banking Issue,Medium,Resolved,2021-03-06,2021-03-13,163.0,Chat,4.0,AGT034
TKT000178,CUST00789,Transaction Dispute,Medium,Resolved,2020-04-25,2020-04-30,107.0,Chat,4.0,AGT012
TKT000179,CUST02907,Net Banking Issue,Low,Open,2023-05-14,,,Email,,AGT024
TKT000180,CUST02680,General Query,Medium,Resolved,2023-01-09,2023-01-15,157.0,App,3.0,AGT043
TKT000181,CUST02334,General Query,High,Resolved,2024-08-29,2024-09-05,160.0,App,1.0,AGT047
TKT000182,CUST00584,Net Banking Issue,Medium,Resolved,2021-05-01,2021-05-07,141.0,Branch,1.0,AGT036
TKT000183,CUST02758,Loan Query,High,Resolved,2021-01-24,2021-01-31,156.0,Phone,4.0,AGT014
TKT000184,CUST00067,KYC Update,Low,Resolved,2021-06-16,2021-06-17,22.0,Chat,5.0,AGT006
TKT000185,CUST02761,Account Opening,Low,Open,2024-08-18,,,Branch,,AGT045
TKT000186,CUST02986,Transaction Dispute,Medium,Resolved,2023-04-30,2023-05-03,63.0,Chat,3.0,AGT047
TKT000187,CUST01224,ATM Issue,Medium,Resolved,2024-04-23,2024-04-25,47.0,Chat,4.0,AGT022
TKT000188,CUST02021,KYC Update,Medium,Resolved,2024-09-09,2024-09-15,151.0,Phone,5.0,AGT048
TKT000189,CUST01910,KYC Update,Low,Resolved,2023-01-04,2023-01-05,34.0,Email,5.0,AGT049
TKT000190,CUST00385,KYC Update,Medium,Resolved,2022-07-01,2022-07-04,76.0,Branch,4.0,AGT027
TKT000191,CUST00721,General Query,Medium,Resolved,2021-08-14,2021-08-20,140.0,Phone,2.0,AGT016
TKT000192,CUST01247,ATM Issue,Medium,Resolved,2022-02-01,2022-02-02,2.0,Branch,2.0,AGT005
TKT000193,CUST00383,General Query,Critical,Resolved,2020-03-19,2020-03-21,31.0,Branch,2.0,AGT023
TKT000194,CUST00145,KYC Update,Critical,Resolved,2024-11-19,2024-11-25,137.0,Phone,3.0,AGT011
TKT000195,CUST02926,Transaction Dispute,Critical,Resolved,2024-07-12,2024-07-15,82.0,Phone,2.0,AGT009
TKT000196,CUST01123,Interest Query,Medium,Resolved,2023-02-27,2023-03-02,65.0,Phone,1.0,AGT014
TKT000197,CUST00839,Interest Query,Medium,Resolved,2024-02-08,2024-02-09,17.0,Phone,3.0,AGT014
TKT000198,CUST00021,ATM Issue,High,Resolved,2020-03-26,2020-03-29,79.0,Phone,4.0,AGT030
TKT000199,CUST02836,Net Banking Issue,Medium,Resolved,2020-06-25,2020-07-02,156.0,App,1.0,AGT015
TKT000200,CUST02657,KYC Update,Medium,Resolved,2020-06-12,2020-06-19,153.0,Phone,3.0,AGT007
TKT000201,CUST02401,KYC Update,Low,Resolved,2023-10-24,2023-10-27,72.0,Branch,1.0,AGT018
TKT000202,CUST01972,Fraud Report,Critical,Resolved,2023-06-28,2023-06-29,19.0,Chat,4.0,AGT043
TKT000203,CUST02841,ATM Issue,Low,Resolved,2024-06-02,2024-06-08,144.0,Phone,2.0,AGT015
TKT000204,CUST02078,General Query,High,Resolved,2024-05-16,2024-05-22,140.0,Branch,1.0,AGT033
TKT000205,CUST02204,Net Banking Issue,Low,Open,2021-04-19,,,Branch,,AGT043
TKT000206,CUST01575,Transaction Dispute,Medium,Resolved,2024-11-29,2024-11-30,25.0,Phone,5.0,AGT026
TKT000207,CUST02708,ATM Issue,Medium,Resolved,2022-08-12,2022-08-14,61.0,Phone,1.0,AGT025
TKT000208,CUST02869,KYC Update,Critical,Resolved,2021-03-07,2021-03-13,155.0,Phone,2.0,AGT027
TKT000209,CUST00051,Net Banking Issue,High,Resolved,2024-10-03,2024-10-06,91.0,Chat,4.0,AGT017
TKT000210,CUST02565,Interest Query,Medium,Resolved,2021-08-25,2021-08-31,150.0,Branch,3.0,AGT012
TKT000211,CUST00687,ATM Issue,High,Resolved,2023-05-10,2023-05-13,85.0,Email,3.0,AGT045
TKT000212,CUST02486,Transaction Dispute,High,Resolved,2021-01-27,2021-01-29,50.0,Branch,4.0,AGT019
TKT000213,CUST02496,Card Issue,Low,Resolved,2023-09-05,2023-09-11,141.0,Branch,3.0,AGT046
TKT000214,CUST02346,KYC Update,Medium,Resolved,2020-03-26,2020-03-31,117.0,Email,5.0,AGT011
TKT000215,CUST02709,Transaction Dispute,Low,Resolved,2023-07-11,2023-07-15,106.0,Branch,5.0,AGT040
TKT000216,CUST00455,Net Banking Issue,Low,Resolved,2024-09-25,2024-10-01,133.0,App,4.0,AGT034
TKT000217,CUST02415,KYC Update,Low,Resolved,2023-10-08,2023-10-10,57.0,Branch,5.0,AGT048
TKT000218,CUST01877,Transaction Dispute,High,Resolved,2020-05-19,2020-05-24,99.0,Email,4.0,AGT042
TKT000219,CUST01764,Transaction Dispute,Low,Resolved,2022-03-25,2022-03-30,112.0,App,4.0,AGT042
TKT000220,CUST01170,KYC Update,Medium,Resolved,2023-04-04,2023-04-06,41.0,Chat,5.0,AGT018
TKT000221,CUST01390,Account Opening,Critical,Resolved,2022-06-22,2022-06-28,133.0,Email,2.0,AGT001
TKT000222,CUST02673,KYC Update,Medium,Resolved,2020-04-16,2020-04-17,17.0,Branch,2.0,AGT023
TKT000223,CUST01337,Account Opening,Critical,Resolved,2021-06-11,2021-06-14,63.0,Chat,5.0,AGT001
TKT000224,CUST01029,Account Opening,High,Resolved,2024-09-16,2024-09-21,137.0,App,5.0,AGT031
TKT000225,CUST01253,ATM Issue,Critical,Resolved,2021-04-06,2021-04-11,101.0,Branch,2.0,AGT046
TKT000226,CUST01963,Card Issue,Medium,Resolved,2021-05-10,2021-05-16,123.0,Branch,5.0,AGT043
TKT000227,CUST01290,ATM Issue,Low,Resolved,2024-06-25,2024-06-27,48.0,Phone,3.0,AGT050
TKT000228,CUST00295,Interest Query,Medium,Resolved,2020-07-09,2020-07-14,138.0,App,2.0,AGT003
TKT000229,CUST01228,General Query,Critical,Resolved,2022-08-08,2022-08-13,110.0,Email,2.0,AGT007
TKT000230,CUST00324,KYC Update,Low,Resolved,2021-12-04,2021-12-10,146.0,Chat,4.0,AGT016
TKT000231,CUST00865,ATM Issue,Medium,In Progress,2021-09-15,,,Email,,AGT012
TKT000232,CUST01429,Net Banking Issue,Medium,Resolved,2022-08-21,2022-08-23,45.0,Chat,1.0,AGT031
TKT000233,CUST02881,ATM Issue,Medium,Resolved,2024-02-11,2024-02-17,136.0,App,2.0,AGT028
TKT000234,CUST00723,Net Banking Issue,Medium,Resolved,2020-09-02,2020-09-04,44.0,Branch,3.0,AGT023
TKT000235,CUST01268,Card Issue,Medium,Resolved,2022-08-27,2022-08-30,72.0,App,1.0,AGT007
TKT000236,CUST01841,ATM Issue,High,Resolved,2023-12-05,2023-12-11,146.0,Phone,3.0,AGT016
TKT000237,CUST02739,KYC Update,Medium,Resolved,2022-02-11,2022-02-12,13.0,Email,2.0,AGT003
TKT000238,CUST01427,Transaction Dispute,Medium,Resolved,2021-03-22,2021-03-28,142.0,App,3.0,AGT005
TKT000239,CUST01362,Fraud Report,Critical,Resolved,2020-12-05,2020-12-07,47.0,Chat,4.0,AGT021
TKT000240,CUST00205,KYC Update,Low,Open,2022-09-12,,,Branch,,AGT032
TKT000241,CUST02252,Net Banking Issue,Medium,Resolved,2024-10-22,2024-10-27,126.0,Chat,3.0,AGT006
TKT000242,CUST02845,Fraud Report,Critical,In Progress,2021-04-16,,,Branch,,AGT037
TKT000243,CUST00027,Loan Query,Critical,Resolved,2024-11-18,2024-11-23,107.0,Phone,5.0,AGT038
TKT000244,CUST00593,General Query,Critical,Resolved,2022-11-11,2022-11-16,122.0,Branch,3.0,AGT035
TKT000245,CUST01866,General Query,Critical,Resolved,2022-08-06,2022-08-09,61.0,App,2.0,AGT035
TKT000246,CUST01426,Fraud Report,Critical,Open,2020-01-20,,,Email,,AGT021
TKT000247,CUST02222,General Query,Medium,Resolved,2023-06-24,2023-06-30,166.0,Chat,5.0,AGT017
TKT000248,CUST02587,Account Opening,Low,Resolved,2021-11-12,2021-11-12,19.0,Phone,4.0,AGT046
TKT000249,CUST01160,Net Banking Issue,Medium,Resolved,2020-09-02,2020-09-02,1.0,Branch,2.0,AGT012
TKT000250,CUST02471,General Query,Critical,Resolved,2024-10-29,2024-11-03,112.0,App,4.0,AGT036
TKT000251,CUST02434,General Query,Medium,Open,2023-02-13,,,Branch,,AGT019
TKT000252,CUST02819,Net Banking Issue,Medium,Resolved,2022-12-05,2022-12-11,148.0,Chat,4.0,AGT020
TKT000253,CUST02576,KYC Update,Medium,Resolved,2022-11-01,2022-11-05,111.0,Email,4.0,AGT012
TKT000254,CUST01166,Account Opening,Medium,Resolved,2021-06-23,2021-06-26,70.0,Branch,1.0,AGT019
TKT000255,CUST01330,ATM Issue,Medium,Resolved,2020-04-26,2020-04-29,74.0,Branch,1.0,AGT023
TKT000256,CUST01759,Transaction Dispute,Medium,Resolved,2020-04-16,2020-04-17,41.0,Phone,1.0,AGT045
TKT000257,CUST00082,Fraud Report,Critical,Resolved,2022-10-19,2022-10-21,56.0,Phone,1.0,AGT023
TKT000258,CUST01303,Interest Query,Medium,Resolved,2021-02-15,2021-02-15,17.0,App,1.0,AGT049
TKT000259,CUST02110,Account Opening,High,Resolved,2022-07-14,2022-07-16,35.0,Chat,5.0,AGT015
TKT000260,CUST00585,Transaction Dispute,Low,Resolved,2022-08-24,2022-08-31,159.0,Phone,4.0,AGT030
TKT000261,CUST01257,KYC Update,High,Resolved,2023-03-10,2023-03-14,114.0,App,1.0,AGT008
TKT000262,CUST00951,Net Banking Issue,Critical,Open,2022-02-05,,,Email,,AGT009
TKT000263,CUST02079,Net Banking Issue,High,Resolved,2020-12-04,2020-12-11,161.0,Email,3.0,AGT029
TKT000264,CUST02339,Net Banking Issue,Critical,Resolved,2020-08-22,2020-08-24,48.0,App,3.0,AGT044
TKT000265,CUST00275,Card Issue,Medium,Open,2020-03-26,,,Chat,,AGT037
TKT000266,CUST02235,ATM Issue,Low,Resolved,2024-01-08,2024-01-14,136.0,Chat,1.0,AGT041
TKT000267,CUST02219,Interest Query,Low,Resolved,2021-05-20,2021-05-26,155.0,Branch,4.0,AGT035
TKT000268,CUST00739,Loan Query,Medium,Open,2023-05-04,,,Branch,,AGT017
TKT000269,CUST02331,KYC Update,Low,Open,2022-05-10,,,Email,,AGT030
TKT000270,CUST01826,ATM Issue,Low,Open,2024-10-03,,,Phone,,AGT021
TKT000271,CUST00308,Account Opening,High,Resolved,2021-06-30,2021-07-05,111.0,Phone,2.0,AGT004
TKT000272,CUST01361,General Query,Medium,Resolved,2022-10-24,2022-10-27,69.0,App,3.0,AGT024
TKT000273,CUST01372,Interest Query,Low,Resolved,2021-08-31,2021-09-03,79.0,Phone,1.0,AGT007
TKT000274,CUST02058,Loan Query,Critical,Resolved,2022-07-25,2022-07-31,143.0,App,5.0,AGT012
TKT000275,CUST00512,ATM Issue,High,Resolved,2021-09-25,2021-09-27,44.0,App,2.0,AGT031
TKT000276,CUST00614,Fraud Report,Critical,Open,2024-01-29,,,Branch,,AGT045
TKT000277,CUST01446,Loan Query,Medium,Resolved,2023-10-09,2023-10-12,63.0,App,2.0,AGT022
TKT000278,CUST01401,Account Opening,Medium,Resolved,2023-01-15,2023-01-16,31.0,Email,2.0,AGT010
TKT000279,CUST01114,Loan Query,Medium,Resolved,2020-01-12,2020-01-19,158.0,Email,4.0,AGT018
TKT000280,CUST01338,Card Issue,Medium,Open,2024-09-10,,,Phone,,AGT046
TKT000281,CUST01846,Interest Query,Medium,Resolved,2020-10-26,2020-10-30,90.0,Email,5.0,AGT024
TKT000282,CUST00345,Account Opening,Medium,Resolved,2024-12-16,2024-12-20,79.0,Phone,5.0,AGT050
TKT000283,CUST00170,Transaction Dispute,Low,Resolved,2024-08-28,2024-08-28,12.0,Chat,5.0,AGT047
TKT000284,CUST02127,Card Issue,Low,Open,2023-08-23,,,Email,,AGT024
TKT000285,CUST00823,Transaction Dispute,Medium,Open,2020-07-06,,,Email,,AGT001
TKT000286,CUST01717,Fraud Report,Critical,Resolved,2022-08-07,2022-08-09,50.0,Chat,2.0,AGT031
TKT000287,CUST01917,General Query,Low,Resolved,2024-01-19,2024-01-21,47.0,App,5.0,AGT031
TKT000288,CUST01824,KYC Update,Medium,Resolved,2024-02-07,2024-02-12,126.0,Branch,5.0,AGT032
TKT000289,CUST01791,Interest Query,Medium,Resolved,2021-01-28,2021-01-30,42.0,Email,2.0,AGT027
TKT000290,CUST01442,General Query,Medium,Resolved,2021-05-03,2021-05-04,16.0,Email,1.0,AGT049
TKT000291,CUST01473,Net Banking Issue,Medium,In Progress,2023-08-10,,,Phone,,AGT007
TKT000292,CUST02689,Card Issue,Low,Resolved,2024-06-10,2024-06-16,152.0,Phone,5.0,AGT015
TKT000293,CUST01151,Net Banking Issue,High,Resolved,2024-06-07,2024-06-13,146.0,Email,4.0,AGT035
TKT000294,CUST01448,Net Banking Issue,Medium,Resolved,2023-10-30,2023-10-31,27.0,Chat,1.0,AGT025
TKT000295,CUST00647,Card Issue,Medium,Open,2024-04-20,,,Phone,,AGT016
TKT000296,CUST00500,Card Issue,High,Resolved,2024-01-29,2024-02-03,121.0,Email,4.0,AGT015
TKT000297,CUST02284,Fraud Report,Critical,Resolved,2024-11-25,2024-11-29,85.0,Branch,4.0,AGT010
TKT000298,CUST02763,Net Banking Issue,High,Resolved,2024-08-17,2024-08-17,11.0,Chat,2.0,AGT025
TKT000299,CUST00119,Fraud Report,Critical,Open,2023-01-30,,,Phone,,AGT045
TKT000300,CUST01997,Fraud Report,Critical,Resolved,2021-05-27,2021-05-31,94.0,App,2.0,AGT012
TKT000301,CUST01791,Loan Query,Medium,Resolved,2022-04-28,2022-05-04,144.0,Chat,3.0,AGT019
TKT000302,CUST02858,Loan Query,Critical,In Progress,2022-08-14,,,App,,AGT019
TKT000303,CUST00025,Account Opening,Low,Resolved,2020-01-18,2020-01-23,123.0,Phone,4.0,AGT029
TKT000304,CUST00621,Fraud Report,Critical,Resolved,2021-10-13,2021-10-19,146.0,Branch,2.0,AGT030
TKT000305,CUST02732,Loan Query,High,Resolved,2022-08-09,2022-08-11,53.0,Email,4.0,AGT014
TKT000306,CUST00649,Card Issue,Low,Resolved,2023-05-07,2023-05-08,46.0,Phone,1.0,AGT017
TKT000307,CUST02459,Transaction Dispute,Low,Resolved,2021-09-12,2021-09-16,100.0,Chat,5.0,AGT034
TKT000308,CUST01193,Net Banking Issue,Medium,Resolved,2022-10-18,2022-10-19,10.0,Chat,4.0,AGT030
TKT000309,CUST02481,Net Banking Issue,High,Resolved,2024-05-10,2024-05-13,65.0,Branch,5.0,AGT029
TKT000310,CUST02576,General Query,Low,Resolved,2021-11-12,2021-11-14,44.0,Chat,1.0,AGT021
TKT000311,CUST02582,Net Banking Issue,High,Resolved,2023-05-07,2023-05-12,126.0,Phone,4.0,AGT046
TKT000312,CUST02082,Fraud Report,Critical,In Progress,2024-07-21,,,Branch,,AGT030
TKT000313,CUST01461,Interest Query,Low,Resolved,2024-07-08,2024-07-12,112.0,Email,1.0,AGT024
TKT000314,CUST00720,Loan Query,Medium,Resolved,2020-02-11,2020-02-14,55.0,Email,2.0,AGT021
TKT000315,CUST02660,General Query,Low,Resolved,2021-03-11,2021-03-13,49.0,App,4.0,AGT015
TKT000316,CUST01537,Transaction Dispute,Medium,Resolved,2023-07-16,2023-07-18,36.0,App,2.0,AGT025
TKT000317,CUST01954,Fraud Report,Critical,Resolved,2022-01-22,2022-01-27,105.0,App,2.0,AGT001
TKT000318,CUST01400,Fraud Report,Critical,Resolved,2023-01-04,2023-01-10,127.0,Email,4.0,AGT004
TKT000319,CUST02845,General Query,Low,Resolved,2021-08-14,2021-08-15,39.0,App,2.0,AGT004
TKT000320,CUST01124,Net Banking Issue,Low,Resolved,2020-11-21,2020-11-24,68.0,Branch,4.0,AGT009
TKT000321,CUST01631,Card Issue,High,Resolved,2020-11-13,2020-11-17,84.0,Email,1.0,AGT040
TKT000322,CUST01367,General Query,Medium,Resolved,2024-10-29,2024-11-04,158.0,Chat,4.0,AGT045
TKT000323,CUST02713,Interest Query,High,In Progress,2020-06-13,,,App,,AGT046
TKT000324,CUST01014,Transaction Dispute,High,Resolved,2023-05-13,2023-05-16,63.0,Branch,1.0,AGT049
TKT000325,CUST00302,Net Banking Issue,High,Resolved,2020-10-17,2020-10-21,102.0,Branch,5.0,AGT038
TKT000326,CUST02793,Fraud Report,Critical,Resolved,2024-10-01,2024-10-06,131.0,Chat,2.0,AGT013
TKT000327,CUST01226,Net Banking Issue,Low,Resolved,2024-03-02,2024-03-08,145.0,Chat,5.0,AGT019
TKT000328,CUST01136,Interest Query,High,Resolved,2024-05-06,2024-05-13,166.0,Email,5.0,AGT023
TKT000329,CUST02250,General Query,Low,Resolved,2021-08-26,2021-08-28,47.0,App,1.0,AGT040
TKT000330,CUST01531,ATM Issue,High,Resolved,2021-06-27,2021-06-30,65.0,Phone,3.0,AGT017
TKT000331,CUST02288,Account Opening,Medium,Resolved,2023-09-07,2023-09-13,163.0,App,2.0,AGT021
TKT000332,CUST00621,Card Issue,Medium,Resolved,2024-07-05,2024-07-06,10.0,Branch,1.0,AGT042
TKT000333,CUST01254,Interest Query,Medium,Resolved,2023-08-18,2023-08-19,26.0,Email,1.0,AGT029
TKT000334,CUST01305,Card Issue,Medium,Resolved,2024-12-09,2024-12-11,55.0,Branch,4.0,AGT014
TKT000335,CUST02465,General Query,Medium,Resolved,2022-09-21,2022-09-23,41.0,Chat,5.0,AGT010
TKT000336,CUST01700,Loan Query,Medium,Resolved,2022-09-02,2022-09-07,119.0,Phone,5.0,AGT025
TKT000337,CUST01972,Fraud Report,Critical,Resolved,2021-04-02,2021-04-08,147.0,Email,2.0,AGT003
TKT000338,CUST00553,Fraud Report,Critical,Resolved,2021-03-01,2021-03-04,89.0,Branch,5.0,AGT025
TKT000339,CUST00734,Card Issue,Low,Resolved,2020-07-10,2020-07-16,143.0,Chat,4.0,AGT002
TKT000340,CUST00192,Fraud Report,Critical,Resolved,2024-07-04,2024-07-09,120.0,App,5.0,AGT048
TKT000341,CUST02424,Fraud Report,Critical,Resolved,2024-07-04,2024-07-07,62.0,Email,5.0,AGT040
TKT000342,CUST02116,Transaction Dispute,High,Resolved,2020-08-13,2020-08-17,82.0,App,4.0,AGT014
TKT000343,CUST00235,ATM Issue,Low,Resolved,2024-03-12,2024-03-14,43.0,Email,5.0,AGT013
TKT000344,CUST00504,KYC Update,Medium,Resolved,2022-05-14,2022-05-20,151.0,Phone,3.0,AGT046
TKT000345,CUST00303,Interest Query,Medium,Resolved,2021-12-16,2021-12-20,98.0,Email,4.0,AGT027
TKT000346,CUST02482,ATM Issue,Low,Resolved,2022-10-22,2022-10-24,39.0,Email,4.0,AGT037
TKT000347,CUST02450,Loan Query,High,Resolved,2022-05-23,2022-05-23,15.0,Phone,2.0,AGT011
TKT000348,CUST01250,General Query,Low,In Progress,2024-05-19,,,App,,AGT015
TKT000349,CUST00148,Fraud Report,Critical,Resolved,2021-05-11,2021-05-14,69.0,Email,1.0,AGT030
TKT000350,CUST01998,Fraud Report,Critical,Resolved,2024-10-20,2024-10-20,18.0,Branch,5.0,AGT025
TKT000351,CUST00452,Card Issue,High,Resolved,2020-09-25,2020-09-25,10.0,App,5.0,AGT028
TKT000352,CUST02131,Transaction Dispute,High,Resolved,2021-05-10,2021-05-13,69.0,App,3.0,AGT037
TKT000353,CUST01459,Fraud Report,Critical,Resolved,2020-07-19,2020-07-26,153.0,Branch,2.0,AGT002
TKT000354,CUST00033,Loan Query,High,Resolved,2020-07-16,2020-07-22,159.0,Email,5.0,AGT050
TKT000355,CUST01657,Loan Query,Low,Resolved,2023-12-11,2023-12-12,23.0,Phone,2.0,AGT036
TKT000356,CUST00100,Fraud Report,Critical,Resolved,2023-05-19,2023-05-22,67.0,Chat,3.0,AGT045
TKT000357,CUST02597,KYC Update,Low,Resolved,2023-09-04,2023-09-08,95.0,Chat,3.0,AGT019
TKT000358,CUST00323,ATM Issue,Low,Resolved,2023-07-08,2023-07-10,28.0,Email,2.0,AGT048
TKT000359,CUST02306,Card Issue,Low,Resolved,2020-05-05,2020-05-05,3.0,Branch,3.0,AGT033
TKT000360,CUST02360,Fraud Report,Critical,Open,2022-04-21,,,Branch,,AGT011
TKT000361,CUST00177,ATM Issue,Critical,Resolved,2020-11-03,2020-11-09,156.0,App,1.0,AGT006
TKT000362,CUST01047,General Query,High,Resolved,2020-11-07,2020-11-08,22.0,Branch,2.0,AGT026
TKT000363,CUST00727,Loan Query,Low,Resolved,2023-03-06,2023-03-06,10.0,Phone,2.0,AGT013
TKT000364,CUST02067,General Query,Critical,Resolved,2022-10-01,2022-10-05,97.0,App,3.0,AGT010
TKT000365,CUST00226,Net Banking Issue,Low,Resolved,2022-09-22,2022-09-23,24.0,Phone,1.0,AGT010
TKT000366,CUST01226,General Query,High,Resolved,2024-10-25,2024-10-26,3.0,Phone,5.0,AGT006
TKT000367,CUST02262,KYC Update,Low,Resolved,2024-05-04,2024-05-06,41.0,Phone,1.0,AGT036
TKT000368,CUST00153,Account Opening,Medium,Resolved,2023-09-15,2023-09-20,119.0,App,3.0,AGT047
TKT000369,CUST02243,General Query,Medium,Resolved,2021-11-25,2021-11-27,55.0,Email,2.0,AGT020
TKT000370,CUST00164,Card Issue,Low,Resolved,2021-02-08,2021-02-10,49.0,Branch,4.0,AGT033
TKT000371,CUST01047,Card Issue,Low,Resolved,2020-10-08,2020-10-14,159.0,App,1.0,AGT027
TKT000372,CUST01117,Loan Query,Low,Resolved,2022-07-26,2022-07-28,33.0,App,1.0,AGT045
TKT000373,CUST02850,Card Issue,Medium,In Progress,2024-03-01,,,Email,,AGT044
TKT000374,CUST01643,Fraud Report,Critical,Resolved,2023-05-05,2023-05-07,56.0,Chat,3.0,AGT037
TKT000375,CUST01958,ATM Issue,Medium,Resolved,2023-08-24,2023-08-29,124.0,Email,2.0,AGT048
TKT000376,CUST01565,KYC Update,Medium,Resolved,2020-10-30,2020-10-31,25.0,Branch,3.0,AGT042
TKT000377,CUST02772,Account Opening,High,Open,2020-11-04,,,Branch,,AGT004
TKT000378,CUST02196,Account Opening,Low,Resolved,2021-02-10,2021-02-12,52.0,Chat,3.0,AGT045
TKT000379,CUST01603,Loan Query,Low,Resolved,2021-10-20,2021-10-23,95.0,Chat,5.0,AGT026
TKT000380,CUST01757,ATM Issue,Low,Resolved,2021-12-20,2021-12-25,130.0,Branch,1.0,AGT007
TKT000381,CUST00118,Account Opening,Medium,Resolved,2023-08-06,2023-08-12,155.0,Email,2.0,AGT035
TKT000382,CUST00654,Fraud Report,Critical,Resolved,2020-09-14,2020-09-16,52.0,Email,5.0,AGT004
TKT000383,CUST00168,Interest Query,Medium,Resolved,2024-07-03,2024-07-05,38.0,Phone,1.0,AGT009
TKT000384,CUST01663,Net Banking Issue,Critical,Resolved,2021-07-01,2021-07-08,150.0,Branch,1.0,AGT018
TKT000385,CUST01369,Loan Query,Medium,Open,2021-09-24,,,App,,AGT018
TKT000386,CUST02002,KYC Update,Medium,Resolved,2024-01-16,2024-01-21,111.0,Chat,4.0,AGT030
TKT000387,CUST02669,Loan Query,Low,Resolved,2021-03-09,2021-03-14,101.0,App,2.0,AGT011
TKT000388,CUST02506,General Query,High,Resolved,2023-05-15,2023-05-22,167.0,Phone,5.0,AGT042
TKT000389,CUST00156,ATM Issue,High,Resolved,2021-06-25,2021-06-28,65.0,App,4.0,AGT033
TKT000390,CUST02315,Loan Query,Medium,Resolved,2024-02-14,2024-02-16,49.0,Chat,5.0,AGT028
TKT000391,CUST02338,Card Issue,Critical,Open,2023-07-16,,,Chat,,AGT033
TKT000392,CUST00914,ATM Issue,Low,Resolved,2024-06-13,2024-06-13,8.0,Chat,1.0,AGT007
TKT000393,CUST01199,KYC Update,Medium,Resolved,2023-05-26,2023-05-26,6.0,Phone,1.0,AGT025
TKT000394,CUST02896,KYC Update,Low,Resolved,2023-08-28,2023-08-31,64.0,App,3.0,AGT014
TKT000395,CUST00123,General Query,Medium,Resolved,2020-07-12,2020-07-14,43.0,Chat,3.0,AGT020
TKT000396,CUST00724,Card Issue,Medium,Resolved,2020-05-27,2020-06-02,151.0,Phone,1.0,AGT013
TKT000397,CUST02509,General Query,Medium,Resolved,2021-06-26,2021-07-01,133.0,Branch,5.0,AGT018
TKT000398,CUST01128,General Query,High,Resolved,2020-02-19,2020-02-23,112.0,Phone,1.0,AGT019
TKT000399,CUST00668,Account Opening,High,Resolved,2020-10-27,2020-10-28,12.0,Chat,1.0,AGT041
TKT000400,CUST01834,Card Issue,Medium,In Progress,2022-02-25,,,Chat,,AGT009
TKT000401,CUST01420,Transaction Dispute,Medium,Resolved,2024-02-19,2024-02-24,102.0,Branch,2.0,AGT037
TKT000402,CUST02836,General Query,Low,Resolved,2023-03-20,2023-03-21,17.0,App,3.0,AGT006
TKT000403,CUST02378,Net Banking Issue,Low,Resolved,2020-12-06,2020-12-08,51.0,Chat,3.0,AGT045
TKT000404,CUST01321,Loan Query,High,Open,2023-01-30,,,Chat,,AGT036
TKT000405,CUST02577,ATM Issue,Medium,Resolved,2023-03-04,2023-03-07,80.0,Chat,3.0,AGT043
TKT000406,CUST00309,Net Banking Issue,Medium,Resolved,2023-11-29,2023-11-30,34.0,Email,4.0,AGT044
TKT000407,CUST00038,Interest Query,High,Resolved,2021-10-25,2021-10-30,111.0,Email,5.0,AGT041
TKT000408,CUST00374,ATM Issue,Low,Resolved,2023-09-12,2023-09-16,88.0,Chat,1.0,AGT022
TKT000409,CUST00169,ATM Issue,Low,Resolved,2022-06-10,2022-06-14,95.0,App,1.0,AGT013
TKT000410,CUST01610,ATM Issue,High,Resolved,2022-10-27,2022-10-30,67.0,Branch,5.0,AGT030
TKT000411,CUST00454,Interest Query,Low,Resolved,2022-11-17,2022-11-20,64.0,Chat,4.0,AGT029
TKT000412,CUST01334,Transaction Dispute,Medium,Resolved,2020-03-03,2020-03-05,39.0,Chat,5.0,AGT022
TKT000413,CUST01355,Account Opening,High,Resolved,2023-08-03,2023-08-04,22.0,Chat,4.0,AGT037
TKT000414,CUST00647,ATM Issue,Medium,Resolved,2023-11-06,2023-11-07,35.0,Branch,2.0,AGT020
TKT000415,CUST02192,Loan Query,High,Resolved,2020-11-13,2020-11-14,37.0,App,2.0,AGT007
TKT000416,CUST01869,Transaction Dispute,Low,Resolved,2021-03-23,2021-03-28,112.0,App,5.0,AGT027
TKT000417,CUST01508,Account Opening,High,Resolved,2023-06-23,2023-06-29,134.0,Phone,4.0,AGT002
TKT000418,CUST00701,Account Opening,Medium,Resolved,2022-10-07,2022-10-08,33.0,Email,4.0,AGT008
TKT000419,CUST01423,Interest Query,Medium,Resolved,2020-05-06,2020-05-12,131.0,App,3.0,AGT047
TKT000420,CUST00691,Card Issue,Critical,Resolved,2021-05-10,2021-05-16,148.0,Email,2.0,AGT027
TKT000421,CUST01031,Loan Query,Medium,Resolved,2021-06-03,2021-06-08,127.0,Email,2.0,AGT004
TKT000422,CUST00314,ATM Issue,Medium,Resolved,2024-01-06,2024-01-06,3.0,Branch,1.0,AGT045
TKT000423,CUST00338,Interest Query,Low,Resolved,2020-12-20,2020-12-24,94.0,Branch,3.0,AGT017
TKT000424,CUST02390,KYC Update,Medium,Resolved,2022-01-19,2022-01-25,159.0,Email,1.0,AGT015
TKT000425,CUST00818,Loan Query,Medium,Resolved,2020-02-20,2020-02-20,3.0,Phone,1.0,AGT046
TKT000426,CUST02996,Interest Query,Low,Resolved,2021-08-10,2021-08-17,158.0,App,4.0,AGT050
TKT000427,CUST01751,Fraud Report,Critical,Resolved,2022-10-30,2022-11-06,158.0,App,1.0,AGT035
TKT000428,CUST02613,Card Issue,Medium,Resolved,2023-02-17,2023-02-21,90.0,Branch,4.0,AGT003
TKT000429,CUST00175,Loan Query,Critical,Resolved,2023-11-24,2023-11-24,6.0,Email,5.0,AGT026
TKT000430,CUST01461,Account Opening,Critical,Open,2022-01-28,,,App,,AGT012
TKT000431,CUST01784,Fraud Report,Critical,Resolved,2020-02-02,2020-02-03,27.0,Chat,5.0,AGT018
TKT000432,CUST00509,Net Banking Issue,Medium,Resolved,2022-08-31,2022-09-06,138.0,Phone,3.0,AGT002
TKT000433,CUST02020,Loan Query,Low,Resolved,2022-01-06,2022-01-12,141.0,Phone,5.0,AGT013
TKT000434,CUST01762,Card Issue,Low,Resolved,2020-06-25,2020-06-27,42.0,Email,4.0,AGT047
TKT000435,CUST00167,Account Opening,Medium,In Progress,2021-12-21,,,App,,AGT028
TKT000436,CUST01686,Fraud Report,Critical,Resolved,2021-06-02,2021-06-06,90.0,Email,2.0,AGT034
TKT000437,CUST00247,Account Opening,Medium,Open,2021-01-09,,,Branch,,AGT035
TKT000438,CUST01063,Loan Query,Medium,Resolved,2021-03-31,2021-04-01,30.0,Branch,5.0,AGT034
TKT000439,CUST02559,Net Banking Issue,Critical,Resolved,2023-07-12,2023-07-17,125.0,App,2.0,AGT035
TKT000440,CUST02238,Net Banking Issue,Low,Resolved,2021-02-16,2021-02-22,139.0,Chat,2.0,AGT014
TKT000441,CUST02485,Fraud Report,Critical,Resolved,2024-02-17,2024-02-24,154.0,Chat,5.0,AGT039
TKT000442,CUST01476,Net Banking Issue,Medium,Resolved,2023-01-01,2023-01-03,38.0,Phone,3.0,AGT044
TKT000443,CUST01888,Fraud Report,Critical,Resolved,2023-07-11,2023-07-12,37.0,Phone,1.0,AGT045
TKT000444,CUST00672,Account Opening,High,Resolved,2023-08-11,2023-08-16,102.0,Chat,4.0,AGT016
TKT000445,CUST00970,Interest Query,Medium,In Progress,2020-10-03,,,Chat,,AGT025
TKT000446,CUST02259,Loan Query,Low,Resolved,2020-04-28,2020-05-03,103.0,Chat,5.0,AGT045
TKT000447,CUST02550,Card Issue,Low,Resolved,2023-02-03,2023-02-06,71.0,Branch,2.0,AGT049
TKT000448,CUST00205,Card Issue,Low,Resolved,2021-09-22,2021-09-28,139.0,Phone,1.0,AGT049
TKT000449,CUST02609,Net Banking Issue,Critical,Resolved,2022-07-31,2022-08-02,58.0,Chat,1.0,AGT038
TKT000450,CUST01845,Account Opening,High,Resolved,2023-05-01,2023-05-04,63.0,Email,4.0,AGT025
TKT000451,CUST01163,Account Opening,High,Resolved,2022-06-26,2022-06-30,94.0,Phone,1.0,AGT006
TKT000452,CUST01204,Interest Query,Medium,Resolved,2021-10-17,2021-10-19,62.0,App,2.0,AGT028
TKT000453,CUST02624,ATM Issue,High,Resolved,2020-05-13,2020-05-14,30.0,Email,1.0,AGT009
TKT000454,CUST01245,KYC Update,High,Resolved,2024-07-03,2024-07-09,137.0,Phone,2.0,AGT006
TKT000455,CUST01688,Loan Query,Low,Resolved,2020-07-23,2020-07-26,50.0,App,1.0,AGT005
TKT000456,CUST01208,General Query,Medium,Resolved,2022-02-26,2022-03-03,122.0,Phone,3.0,AGT003
TKT000457,CUST00848,Card Issue,High,Resolved,2024-08-10,2024-08-11,14.0,Branch,4.0,AGT041
TKT000458,CUST01266,Fraud Report,Critical,Resolved,2024-02-22,2024-02-22,18.0,App,4.0,AGT011
TKT000459,CUST00816,Interest Query,Low,In Progress,2024-05-28,,,Branch,,AGT014
TKT000460,CUST00377,ATM Issue,Low,Resolved,2021-06-12,2021-06-17,122.0,Phone,1.0,AGT002
TKT000461,CUST00842,Interest Query,Medium,Resolved,2020-05-13,2020-05-14,25.0,App,4.0,AGT038
TKT000462,CUST01968,General Query,Low,Resolved,2021-03-30,2021-04-02,52.0,Email,3.0,AGT039
TKT000463,CUST02271,Net Banking Issue,Medium,Resolved,2023-02-11,2023-02-14,83.0,Phone,5.0,AGT015
TKT000464,CUST02742,Transaction Dispute,Medium,Resolved,2021-10-25,2021-11-01,165.0,Branch,1.0,AGT019
TKT000465,CUST01164,Interest Query,High,In Progress,2021-06-09,,,App,,AGT043
TKT000466,CUST01137,Interest Query,Medium,Resolved,2022-04-02,2022-04-09,152.0,Branch,3.0,AGT021
TKT000467,CUST01960,ATM Issue,Medium,Resolved,2023-10-21,2023-10-22,17.0,App,1.0,AGT024
TKT000468,CUST01594,Loan Query,Medium,Resolved,2023-08-06,2023-08-13,168.0,Chat,4.0,AGT043
TKT000469,CUST02902,Loan Query,High,Resolved,2022-12-12,2022-12-16,105.0,Chat,5.0,AGT006
TKT000470,CUST00812,Interest Query,Low,Resolved,2020-12-15,2020-12-15,13.0,Branch,1.0,AGT029
TKT000471,CUST00451,ATM Issue,High,Resolved,2021-10-26,2021-10-26,4.0,Chat,1.0,AGT020
TKT000472,CUST00948,KYC Update,Critical,Resolved,2022-05-13,2022-05-17,85.0,Chat,2.0,AGT041
TKT000473,CUST00158,General Query,Medium,Resolved,2022-02-17,2022-02-21,87.0,App,3.0,AGT038
TKT000474,CUST00082,Net Banking Issue,Low,Resolved,2020-05-01,2020-05-06,120.0,Branch,2.0,AGT008
TKT000475,CUST02846,ATM Issue,Medium,Resolved,2024-07-28,2024-07-30,54.0,Chat,2.0,AGT048
TKT000476,CUST00510,Transaction Dispute,Low,Resolved,2024-05-09,2024-05-15,124.0,Phone,3.0,AGT022
TKT000477,CUST01905,General Query,Low,Resolved,2022-06-16,2022-06-16,14.0,Branch,3.0,AGT044
TKT000478,CUST01698,Fraud Report,Critical,Resolved,2022-02-02,2022-02-03,7.0,App,1.0,AGT001
TKT000479,CUST01057,Interest Query,Critical,Resolved,2022-01-23,2022-01-24,2.0,Chat,4.0,AGT017
TKT000480,CUST02497,General Query,Medium,Resolved,2022-08-29,2022-09-02,103.0,App,3.0,AGT044
TKT000481,CUST00851,Loan Query,High,Resolved,2020-12-29,2021-01-03,113.0,App,1.0,AGT048
TKT000482,CUST00533,Net Banking Issue,Medium,Open,2022-11-22,,,App,,AGT034
TKT000483,CUST02824,Card Issue,Low,Resolved,2022-09-29,2022-10-03,94.0,Branch,3.0,AGT023
TKT000484,CUST02505,Card Issue,High,Resolved,2020-12-12,2020-12-15,74.0,App,1.0,AGT009
TKT000485,CUST00176,Net Banking Issue,Medium,Resolved,2023-04-21,2023-04-21,3.0,Phone,1.0,AGT015
TKT000486,CUST02343,Fraud Report,Critical,Resolved,2023-03-05,2023-03-07,68.0,Email,1.0,AGT029
TKT000487,CUST00789,Fraud Report,Critical,Resolved,2023-03-27,2023-03-29,43.0,Phone,2.0,AGT037
TKT000488,CUST02904,General Query,Critical,Resolved,2022-03-27,2022-04-02,145.0,Branch,4.0,AGT010
TKT000489,CUST02170,ATM Issue,Medium,Resolved,2020-07-27,2020-07-28,31.0,Phone,3.0,AGT043
TKT000490,CUST00687,Transaction Dispute,Medium,Resolved,2021-11-09,2021-11-13,111.0,App,5.0,AGT043
TKT000491,CUST02957,General Query,Low,Resolved,2020-12-05,2020-12-10,112.0,Phone,2.0,AGT014
TKT000492,CUST02969,Loan Query,Low,Resolved,2024-06-24,2024-06-30,140.0,Chat,2.0,AGT050
TKT000493,CUST00152,Card Issue,High,Resolved,2020-10-11,2020-10-17,123.0,Branch,5.0,AGT035
TKT000494,CUST01997,Interest Query,Medium,Resolved,2020-12-09,2020-12-09,21.0,Branch,5.0,AGT032
TKT000495,CUST02139,Account Opening,High,Resolved,2023-05-26,2023-05-30,101.0,Chat,5.0,AGT030
TKT000496,CUST02581,Fraud Report,Critical,Resolved,2022-09-01,2022-09-02,18.0,Chat,4.0,AGT044
TKT000497,CUST00068,Fraud Report,Critical,Resolved,2024-05-14,2024-05-18,114.0,Phone,2.0,AGT005
TKT000498,CUST00430,Transaction Dispute,Medium,In Progress,2024-09-30,,,Chat,,AGT026
TKT000499,CUST01308,ATM Issue,Low,Resolved,2021-06-06,2021-06-12,134.0,Phone,3.0,AGT034
TKT000500,CUST01102,Account Opening,Low,Resolved,2020-08-16,2020-08-17,14.0,Chat,5.0,AGT045
TKT000501,CUST02738,ATM Issue,Low,Resolved,2024-01-08,2024-01-12,91.0,Email,1.0,AGT026
TKT000502,CUST01271,ATM Issue,Medium,Resolved,2021-06-26,2021-06-29,65.0,Branch,2.0,AGT012
TKT000503,CUST00184,Transaction Dispute,High,Resolved,2021-01-31,2021-02-01,22.0,Email,3.0,AGT015
TKT000504,CUST01715,Card Issue,Critical,Resolved,2023-11-07,2023-11-08,39.0,Branch,3.0,AGT034
TKT000505,CUST01569,KYC Update,Medium,Resolved,2021-09-24,2021-10-01,166.0,Branch,5.0,AGT010
TKT000506,CUST00535,Account Opening,Medium,Resolved,2022-11-10,2022-11-15,136.0,Chat,3.0,AGT035
TKT000507,CUST01438,ATM Issue,Low,Resolved,2023-12-18,2023-12-25,159.0,Chat,2.0,AGT022
TKT000508,CUST01755,Account Opening,Low,Resolved,2021-09-28,2021-10-03,131.0,Email,5.0,AGT037
TKT000509,CUST00723,Loan Query,Medium,Resolved,2022-07-23,2022-07-26,59.0,Email,5.0,AGT033
TKT000510,CUST00580,Interest Query,Low,Resolved,2021-10-15,2021-10-21,134.0,Phone,2.0,AGT007
TKT000511,CUST00719,KYC Update,Medium,Open,2022-12-02,,,Chat,,AGT029
TKT000512,CUST00843,Account Opening,Critical,In Progress,2020-09-11,,,Branch,,AGT033
TKT000513,CUST02342,Transaction Dispute,Medium,Resolved,2022-04-07,2022-04-11,113.0,App,4.0,AGT034
TKT000514,CUST02300,Interest Query,Low,Resolved,2020-08-10,2020-08-13,91.0,App,2.0,AGT035
TKT000515,CUST00591,Loan Query,Low,Resolved,2024-05-13,2024-05-14,39.0,Email,1.0,AGT043
TKT000516,CUST00674,KYC Update,High,Resolved,2021-08-30,2021-09-01,54.0,Branch,2.0,AGT015
TKT000517,CUST01744,Transaction Dispute,Medium,In Progress,2020-09-29,,,Branch,,AGT032
TKT000518,CUST00679,Interest Query,High,Resolved,2024-04-21,2024-04-26,124.0,Phone,5.0,AGT043
TKT000519,CUST02354,Card Issue,Low,Resolved,2022-08-03,2022-08-07,89.0,Chat,5.0,AGT029
TKT000520,CUST02574,Net Banking Issue,Medium,Resolved,2023-08-22,2023-08-26,116.0,App,3.0,AGT049
TKT000521,CUST00278,Interest Query,Medium,Resolved,2024-01-26,2024-01-29,62.0,Branch,2.0,AGT042
TKT000522,CUST00313,Transaction Dispute,Medium,Resolved,2020-05-03,2020-05-07,103.0,Chat,3.0,AGT038
TKT000523,CUST02774,ATM Issue,High,Resolved,2024-10-19,2024-10-24,132.0,Chat,1.0,AGT037
TKT000524,CUST01970,KYC Update,Medium,Resolved,2024-03-03,2024-03-04,8.0,Branch,3.0,AGT038
TKT000525,CUST01601,ATM Issue,High,Resolved,2021-11-04,2021-11-06,67.0,Chat,4.0,AGT037
TKT000526,CUST00941,KYC Update,Critical,In Progress,2022-12-22,,,App,,AGT016
TKT000527,CUST00294,Transaction Dispute,Medium,Resolved,2023-04-11,2023-04-13,30.0,Branch,3.0,AGT038
TKT000528,CUST01227,Transaction Dispute,Medium,Resolved,2023-01-31,2023-02-04,101.0,App,2.0,AGT012
TKT000529,CUST01104,KYC Update,Medium,Resolved,2020-03-18,2020-03-18,13.0,Branch,1.0,AGT032
TKT000530,CUST00626,Fraud Report,Critical,Resolved,2024-04-14,2024-04-16,54.0,Branch,2.0,AGT017
TKT000531,CUST00471,Fraud Report,Critical,Resolved,2021-04-17,2021-04-17,16.0,Phone,3.0,AGT033
TKT000532,CUST01806,Loan Query,Medium,Resolved,2023-07-27,2023-07-28,17.0,App,3.0,AGT025
TKT000533,CUST00618,Transaction Dispute,Medium,Resolved,2020-02-07,2020-02-13,145.0,Phone,3.0,AGT016
TKT000534,CUST01828,Interest Query,Low,Resolved,2022-07-05,2022-07-08,69.0,Branch,2.0,AGT050
TKT000535,CUST02953,Net Banking Issue,Medium,Resolved,2024-05-23,2024-05-28,121.0,App,5.0,AGT040
TKT000536,CUST00385,Net Banking Issue,Low,Resolved,2022-07-28,2022-08-03,130.0,Email,1.0,AGT001
TKT000537,CUST01396,Loan Query,Medium,Resolved,2022-08-24,2022-08-30,152.0,Phone,1.0,AGT002
TKT000538,CUST00521,Net Banking Issue,High,Resolved,2021-04-11,2021-04-15,74.0,App,2.0,AGT026
TKT000539,CUST02253,Card Issue,Low,Resolved,2024-12-17,2024-12-22,122.0,Branch,2.0,AGT013
TKT000540,CUST02861,Net Banking Issue,High,Resolved,2024-10-14,2024-10-15,30.0,App,1.0,AGT046
TKT000541,CUST01274,KYC Update,High,Open,2020-06-04,,,Phone,,AGT043
TKT000542,CUST01565,Account Opening,Medium,Open,2021-05-29,,,Branch,,AGT003
TKT000543,CUST02296,Loan Query,High,Resolved,2020-12-07,2020-12-10,67.0,Email,4.0,AGT008
TKT000544,CUST00612,Card Issue,Low,Resolved,2023-11-06,2023-11-13,151.0,App,3.0,AGT013
TKT000545,CUST01576,Transaction Dispute,Low,Resolved,2023-07-06,2023-07-12,149.0,Branch,1.0,AGT043
TKT000546,CUST02790,KYC Update,Medium,Resolved,2021-11-14,2021-11-16,46.0,App,2.0,AGT012
TKT000547,CUST02601,Loan Query,Critical,In Progress,2021-11-20,,,Email,,AGT048
TKT000548,CUST02281,General Query,Low,Resolved,2024-03-25,2024-03-26,30.0,Email,1.0,AGT035
TKT000549,CUST01781,Account Opening,High,Open,2020-12-15,,,App,,AGT024
TKT000550,CUST01122,Net Banking Issue,Low,Resolved,2023-10-17,2023-10-21,101.0,App,4.0,AGT026
TKT000551,CUST02161,ATM Issue,Low,Resolved,2022-01-13,2022-01-14,2.0,Email,5.0,AGT021
TKT000552,CUST02159,ATM Issue,Medium,Resolved,2020-07-23,2020-07-25,53.0,Phone,5.0,AGT002
TKT000553,CUST01674,Net Banking Issue,Low,Resolved,2024-12-10,2024-12-13,67.0,App,1.0,AGT049
TKT000554,CUST01827,Fraud Report,Critical,Resolved,2024-12-26,2024-12-27,36.0,Branch,4.0,AGT048
TKT000555,CUST00482,KYC Update,Medium,Resolved,2021-04-28,2021-05-05,158.0,Chat,5.0,AGT025
TKT000556,CUST02992,Transaction Dispute,Medium,Resolved,2021-06-05,2021-06-09,86.0,Email,4.0,AGT022
TKT000557,CUST02638,General Query,High,Resolved,2022-02-15,2022-02-22,151.0,Branch,5.0,AGT032
TKT000558,CUST02251,General Query,Critical,Resolved,2020-02-06,2020-02-06,17.0,Email,5.0,AGT045
TKT000559,CUST00015,Card Issue,Critical,Resolved,2023-09-10,2023-09-10,15.0,App,3.0,AGT007
TKT000560,CUST00520,KYC Update,Medium,Resolved,2022-11-25,2022-11-26,26.0,Email,3.0,AGT047
TKT000561,CUST02099,Fraud Report,Critical,In Progress,2021-09-11,,,Phone,,AGT024
TKT000562,CUST00792,KYC Update,Medium,Resolved,2024-03-11,2024-03-13,44.0,Chat,2.0,AGT028
TKT000563,CUST02137,Fraud Report,Critical,Resolved,2022-05-12,2022-05-15,62.0,Email,4.0,AGT050
TKT000564,CUST01695,Loan Query,Medium,In Progress,2024-02-16,,,Branch,,AGT041
TKT000565,CUST01526,Fraud Report,Critical,Resolved,2023-03-17,2023-03-18,16.0,Phone,2.0,AGT008
TKT000566,CUST01295,ATM Issue,Medium,Resolved,2022-07-01,2022-07-02,35.0,Branch,3.0,AGT020
TKT000567,CUST02334,ATM Issue,Medium,Resolved,2022-06-09,2022-06-11,63.0,Email,4.0,AGT008
TKT000568,CUST02266,KYC Update,Medium,Resolved,2022-07-27,2022-07-30,53.0,Branch,4.0,AGT030
TKT000569,CUST01045,Card Issue,Medium,Resolved,2024-09-03,2024-09-06,61.0,Phone,4.0,AGT036
TKT000570,CUST00622,Interest Query,Medium,Resolved,2022-03-04,2022-03-05,11.0,Branch,4.0,AGT018
TKT000571,CUST01628,ATM Issue,High,Resolved,2021-07-10,2021-07-11,22.0,Phone,4.0,AGT020
TKT000572,CUST01218,Interest Query,Low,In Progress,2023-03-01,,,Email,,AGT032
TKT000573,CUST01386,General Query,Critical,Resolved,2022-05-24,2022-05-25,31.0,App,5.0,AGT041
TKT000574,CUST02184,ATM Issue,High,Resolved,2024-01-20,2024-01-21,39.0,App,5.0,AGT023
TKT000575,CUST02989,General Query,Low,Resolved,2021-02-02,2021-02-08,148.0,Phone,2.0,AGT007
TKT000576,CUST01493,KYC Update,Medium,Resolved,2020-08-18,2020-08-20,47.0,Phone,5.0,AGT035
TKT000577,CUST00149,KYC Update,High,Resolved,2023-11-14,2023-11-18,76.0,Branch,2.0,AGT018
TKT000578,CUST00839,ATM Issue,Medium,Resolved,2024-11-20,2024-11-22,31.0,Phone,1.0,AGT006
TKT000579,CUST02615,Card Issue,High,Resolved,2020-12-17,2020-12-18,22.0,Chat,3.0,AGT010
TKT000580,CUST00786,Fraud Report,Critical,Resolved,2022-11-06,2022-11-08,60.0,Chat,4.0,AGT018
TKT000581,CUST00895,Account Opening,Critical,Resolved,2023-11-09,2023-11-12,71.0,App,3.0,AGT001
TKT000582,CUST01429,Net Banking Issue,Critical,Resolved,2023-08-07,2023-08-10,60.0,Email,5.0,AGT006
TKT000583,CUST00530,ATM Issue,Medium,Resolved,2021-05-16,2021-05-17,26.0,Email,2.0,AGT013
TKT000584,CUST01622,Transaction Dispute,High,Resolved,2022-05-06,2022-05-07,20.0,Branch,3.0,AGT012
TKT000585,CUST02673,Transaction Dispute,High,Resolved,2023-03-02,2023-03-04,29.0,App,4.0,AGT046
TKT000586,CUST00662,ATM Issue,Medium,Resolved,2023-05-09,2023-05-12,64.0,Chat,5.0,AGT022
TKT000587,CUST01073,Interest Query,Medium,Resolved,2020-11-05,2020-11-08,57.0,Chat,5.0,AGT027
TKT000588,CUST00121,Loan Query,Low,Resolved,2023-12-25,2023-12-26,27.0,Chat,1.0,AGT004
TKT000589,CUST00440,Card Issue,High,Resolved,2023-08-23,2023-08-23,15.0,Phone,3.0,AGT021
TKT000590,CUST00582,Card Issue,Low,Resolved,2021-06-17,2021-06-17,1.0,Phone,2.0,AGT013
TKT000591,CUST02396,General Query,Low,Resolved,2024-02-18,2024-02-21,79.0,Email,1.0,AGT032
TKT000592,CUST02900,Net Banking Issue,Low,Resolved,2023-01-30,2023-02-04,135.0,Chat,1.0,AGT039
TKT000593,CUST01496,Loan Query,Medium,Open,2022-09-22,,,Chat,,AGT034
TKT000594,CUST00321,Card Issue,Medium,Resolved,2024-02-27,2024-03-03,126.0,App,2.0,AGT029
TKT000595,CUST02067,Transaction Dispute,Low,In Progress,2024-12-02,,,Branch,,AGT039
TKT000596,CUST00220,Interest Query,Low,Resolved,2020-05-23,2020-05-26,82.0,Branch,1.0,AGT044
TKT000597,CUST02046,KYC Update,High,Resolved,2023-07-16,2023-07-17,26.0,Branch,1.0,AGT011
TKT000598,CUST02633,Fraud Report,Critical,Open,2020-12-04,,,Branch,,AGT001
TKT000599,CUST02270,KYC Update,Critical,In Progress,2021-12-20,,,Phone,,AGT034
TKT000600,CUST00298,Loan Query,Medium,Resolved,2024-03-03,2024-03-03,19.0,Branch,5.0,AGT036
TKT000601,CUST02791,General Query,Low,Resolved,2024-08-12,2024-08-13,7.0,App,4.0,AGT042
TKT000602,CUST00520,Loan Query,Low,Resolved,2023-10-12,2023-10-13,17.0,Phone,3.0,AGT044
TKT000603,CUST01237,Card Issue,Critical,Resolved,2021-09-22,2021-09-24,49.0,Chat,1.0,AGT007
TKT000604,CUST02441,Transaction Dispute,High,Resolved,2020-03-27,2020-04-02,153.0,App,4.0,AGT031
TKT000605,CUST02379,Fraud Report,Critical,Resolved,2023-03-02,2023-03-07,129.0,Phone,5.0,AGT046
TKT000606,CUST01860,Interest Query,Medium,In Progress,2020-10-01,,,Branch,,AGT004
TKT000607,CUST00336,General Query,Medium,Open,2021-06-06,,,Email,,AGT029
TKT000608,CUST02644,ATM Issue,Medium,Resolved,2024-09-16,2024-09-17,28.0,Chat,4.0,AGT036
TKT000609,CUST01473,Transaction Dispute,Critical,Resolved,2021-05-24,2021-05-30,144.0,Branch,4.0,AGT020
TKT000610,CUST02871,ATM Issue,Medium,Resolved,2023-02-02,2023-02-04,41.0,Chat,3.0,AGT049
TKT000611,CUST01001,Account Opening,Critical,Resolved,2021-02-02,2021-02-06,89.0,Phone,1.0,AGT043
TKT000612,CUST02364,General Query,Medium,Resolved,2023-12-06,2023-12-10,97.0,Chat,3.0,AGT037
TKT000613,CUST00250,Net Banking Issue,High,Resolved,2021-09-19,2021-09-19,2.0,Phone,2.0,AGT016
TKT000614,CUST02187,ATM Issue,Medium,Resolved,2024-01-05,2024-01-08,79.0,Chat,2.0,AGT020
TKT000615,CUST02098,Transaction Dispute,Low,Resolved,2023-01-06,2023-01-12,134.0,Branch,5.0,AGT018
TKT000616,CUST02866,Fraud Report,Critical,Resolved,2021-06-08,2021-06-13,117.0,Chat,1.0,AGT045
TKT000617,CUST02291,Interest Query,Medium,Resolved,2022-06-17,2022-06-23,157.0,Chat,1.0,AGT021
TKT000618,CUST01261,KYC Update,Medium,Resolved,2024-10-28,2024-10-31,69.0,Phone,1.0,AGT004
TKT000619,CUST01903,KYC Update,High,Resolved,2024-10-20,2024-10-25,108.0,Phone,4.0,AGT034
TKT000620,CUST00667,Card Issue,High,In Progress,2021-01-12,,,Branch,,AGT009
TKT000621,CUST00499,General Query,High,Open,2021-06-28,,,Phone,,AGT006
TKT000622,CUST01038,Account Opening,Medium,Resolved,2022-04-09,2022-04-10,18.0,Email,4.0,AGT035
TKT000623,CUST00184,General Query,Critical,Resolved,2024-05-31,2024-06-04,104.0,Branch,5.0,AGT006
TKT000624,CUST00963,Fraud Report,Critical,Resolved,2024-07-17,2024-07-19,37.0,Phone,2.0,AGT010
TKT000625,CUST00446,Interest Query,Low,Resolved,2021-09-13,2021-09-17,94.0,Email,3.0,AGT030
TKT000626,CUST00044,KYC Update,Medium,Resolved,2020-06-28,2020-06-28,15.0,Chat,5.0,AGT012
TKT000627,CUST02275,Account Opening,Low,Resolved,2021-12-08,2021-12-14,138.0,Branch,1.0,AGT010
TKT000628,CUST01079,Net Banking Issue,Medium,Resolved,2023-12-28,2023-12-31,84.0,Email,1.0,AGT019
TKT000629,CUST02487,KYC Update,Low,Resolved,2023-12-21,2023-12-26,106.0,Phone,1.0,AGT025
TKT000630,CUST01582,Loan Query,Medium,Resolved,2021-05-10,2021-05-16,143.0,App,1.0,AGT009
TKT000631,CUST00693,Account Opening,Low,Resolved,2021-10-21,2021-10-25,99.0,Phone,2.0,AGT001
TKT000632,CUST00354,Fraud Report,Critical,Resolved,2020-11-06,2020-11-08,49.0,Branch,5.0,AGT047
TKT000633,CUST01497,General Query,Medium,Resolved,2021-05-18,2021-05-23,106.0,Chat,1.0,AGT042
TKT000634,CUST02464,General Query,Low,Resolved,2024-07-14,2024-07-16,66.0,App,1.0,AGT022
TKT000635,CUST02942,General Query,High,Resolved,2022-01-24,2022-01-25,28.0,App,1.0,AGT014
TKT000636,CUST02031,Interest Query,Low,Resolved,2023-04-18,2023-04-25,166.0,Email,3.0,AGT001
TKT000637,CUST01503,Account Opening,Critical,Resolved,2024-01-20,2024-01-21,24.0,Branch,3.0,AGT016
TKT000638,CUST02597,General Query,Low,Resolved,2022-02-07,2022-02-09,63.0,App,3.0,AGT027
TKT000639,CUST01709,Fraud Report,Critical,Resolved,2020-07-29,2020-08-05,159.0,App,1.0,AGT005
TKT000640,CUST00711,Loan Query,Critical,Resolved,2023-07-12,2023-07-17,125.0,Email,1.0,AGT010
TKT000641,CUST01057,Net Banking Issue,High,Resolved,2024-09-06,2024-09-08,55.0,Branch,2.0,AGT002
TKT000642,CUST01593,General Query,Low,Resolved,2022-10-09,2022-10-11,46.0,Branch,5.0,AGT049
TKT000643,CUST02918,Account Opening,Medium,Resolved,2022-12-11,2022-12-17,159.0,Branch,4.0,AGT031
TKT000644,CUST02246,Card Issue,Critical,Resolved,2024-07-13,2024-07-18,116.0,Branch,4.0,AGT029
TKT000645,CUST02496,Interest Query,Medium,Resolved,2024-10-09,2024-10-13,92.0,Chat,5.0,AGT035
TKT000646,CUST00821,ATM Issue,Medium,Resolved,2023-09-02,2023-09-04,57.0,Email,3.0,AGT040
TKT000647,CUST01465,Interest Query,Medium,Resolved,2023-08-03,2023-08-10,167.0,Email,3.0,AGT026
TKT000648,CUST01862,Transaction Dispute,High,Resolved,2022-07-20,2022-07-23,77.0,App,1.0,AGT028
TKT000649,CUST00788,Fraud Report,Critical,Resolved,2021-05-28,2021-05-30,54.0,App,2.0,AGT048
TKT000650,CUST02316,Loan Query,High,Resolved,2024-05-03,2024-05-07,97.0,Phone,3.0,AGT026
TKT000651,CUST02685,Net Banking Issue,Medium,Resolved,2024-02-19,2024-02-24,137.0,Email,3.0,AGT049
TKT000652,CUST02282,Transaction Dispute,Critical,Resolved,2023-04-27,2023-05-02,131.0,Chat,2.0,AGT040
TKT000653,CUST02128,Loan Query,Medium,Resolved,2022-03-30,2022-04-04,127.0,App,5.0,AGT025
TKT000654,CUST00662,Card Issue,Low,Resolved,2022-10-20,2022-10-24,94.0,Chat,1.0,AGT043
TKT000655,CUST01048,General Query,High,Resolved,2023-05-16,2023-05-20,74.0,Email,3.0,AGT022
TKT000656,CUST00964,KYC Update,Medium,Resolved,2024-10-05,2024-10-09,91.0,Phone,1.0,AGT042
TKT000657,CUST01533,ATM Issue,Low,Resolved,2020-05-04,2020-05-05,16.0,Chat,5.0,AGT048
TKT000658,CUST02333,Card Issue,Medium,Resolved,2020-04-23,2020-04-25,46.0,Branch,1.0,AGT042
TKT000659,CUST02365,Account Opening,High,Resolved,2021-11-08,2021-11-15,167.0,Branch,2.0,AGT024
TKT000660,CUST02624,General Query,Medium,Resolved,2023-05-22,2023-05-27,115.0,Branch,1.0,AGT028
TKT000661,CUST01651,KYC Update,High,In Progress,2021-11-02,,,Branch,,AGT010
TKT000662,CUST01556,ATM Issue,Medium,Resolved,2022-05-13,2022-05-18,115.0,App,5.0,AGT040
TKT000663,CUST02697,KYC Update,High,Resolved,2020-07-18,2020-07-20,47.0,App,1.0,AGT007
TKT000664,CUST02429,Loan Query,Medium,Resolved,2023-01-13,2023-01-14,17.0,App,5.0,AGT047
TKT000665,CUST02884,Account Opening,Medium,Resolved,2020-01-13,2020-01-13,7.0,Email,4.0,AGT003
TKT000666,CUST02253,Net Banking Issue,Low,Resolved,2020-02-17,2020-02-19,60.0,Branch,2.0,AGT046
TKT000667,CUST00377,Fraud Report,Critical,Resolved,2020-09-21,2020-09-23,40.0,Chat,5.0,AGT031
TKT000668,CUST00097,Interest Query,High,Resolved,2020-08-26,2020-08-31,113.0,App,2.0,AGT032
TKT000669,CUST00406,Account Opening,Low,Resolved,2024-04-12,2024-04-14,58.0,App,4.0,AGT014
TKT000670,CUST02216,Transaction Dispute,High,Resolved,2021-06-29,2021-07-04,122.0,Phone,4.0,AGT008
TKT000671,CUST01786,Card Issue,Critical,In Progress,2021-05-08,,,App,,AGT013
TKT000672,CUST02948,General Query,High,Resolved,2022-10-25,2022-10-30,99.0,Chat,2.0,AGT003
TKT000673,CUST01697,Interest Query,Low,In Progress,2021-05-06,,,Branch,,AGT001
TKT000674,CUST00890,Account Opening,Medium,Resolved,2021-08-14,2021-08-15,19.0,App,5.0,AGT003
TKT000675,CUST02170,Card Issue,Medium,Resolved,2022-12-14,2022-12-16,44.0,Chat,5.0,AGT039
TKT000676,CUST01475,General Query,Low,Resolved,2021-10-14,2021-10-21,162.0,App,1.0,AGT041
TKT000677,CUST00074,KYC Update,Medium,Resolved,2024-07-06,2024-07-11,131.0,Branch,3.0,AGT038
TKT000678,CUST01885,Fraud Report,Critical,Resolved,2022-10-06,2022-10-09,85.0,Chat,3.0,AGT016
TKT000679,CUST01575,Transaction Dispute,Low,Resolved,2024-06-04,2024-06-04,7.0,Phone,1.0,AGT003
TKT000680,CUST02468,Net Banking Issue,Medium,Resolved,2023-10-30,2023-11-01,50.0,Branch,1.0,AGT035
TKT000681,CUST02063,Transaction Dispute,High,Resolved,2023-06-01,2023-06-02,34.0,Chat,4.0,AGT044
TKT000682,CUST01162,ATM Issue,Medium,Resolved,2020-03-24,2020-03-30,148.0,Branch,5.0,AGT011
TKT000683,CUST00874,KYC Update,Medium,Open,2024-10-08,,,Email,,AGT030
TKT000684,CUST00066,Net Banking Issue,Medium,Resolved,2020-02-28,2020-03-06,163.0,Branch,5.0,AGT035
TKT000685,CUST02054,ATM Issue,Low,Resolved,2024-01-17,2024-01-19,51.0,Phone,1.0,AGT018
TKT000686,CUST00773,KYC Update,Low,Resolved,2023-10-21,2023-10-28,160.0,Phone,4.0,AGT021
TKT000687,CUST00171,Transaction Dispute,High,Resolved,2021-01-29,2021-01-31,54.0,App,4.0,AGT004
TKT000688,CUST01540,General Query,Low,Resolved,2020-06-16,2020-06-19,93.0,Branch,4.0,AGT005
TKT000689,CUST00615,Loan Query,Medium,Resolved,2022-04-20,2022-04-23,68.0,Chat,2.0,AGT036
TKT000690,CUST02431,ATM Issue,High,Resolved,2021-11-14,2021-11-15,14.0,Email,5.0,AGT001
TKT000691,CUST02087,Loan Query,Low,Resolved,2021-06-15,2021-06-21,141.0,Branch,3.0,AGT041
TKT000692,CUST02351,Account Opening,High,Resolved,2023-06-17,2023-06-18,26.0,Phone,5.0,AGT031
TKT000693,CUST01926,Interest Query,Medium,Resolved,2022-07-25,2022-07-26,36.0,Branch,1.0,AGT004
TKT000694,CUST02457,Account Opening,Medium,Resolved,2020-07-07,2020-07-11,89.0,App,4.0,AGT036
TKT000695,CUST02475,Card Issue,High,Resolved,2024-07-26,2024-07-30,111.0,Phone,3.0,AGT008
TKT000696,CUST02020,Account Opening,Medium,Resolved,2023-08-08,2023-08-08,19.0,App,3.0,AGT019
TKT000697,CUST02600,Card Issue,High,Resolved,2021-06-18,2021-06-25,165.0,App,2.0,AGT020
TKT000698,CUST00565,General Query,Low,Resolved,2023-09-27,2023-09-30,78.0,Email,5.0,AGT039
TKT000699,CUST00154,Account Opening,Medium,Resolved,2021-10-16,2021-10-21,108.0,Branch,1.0,AGT016
TKT000700,CUST01588,Transaction Dispute,Low,Resolved,2024-06-18,2024-06-21,80.0,Branch,2.0,AGT038
TKT000701,CUST01775,Interest Query,Low,Resolved,2020-11-02,2020-11-03,26.0,Phone,3.0,AGT018
TKT000702,CUST01854,Interest Query,High,Resolved,2021-01-06,2021-01-10,98.0,App,3.0,AGT040
TKT000703,CUST01845,Net Banking Issue,Medium,Resolved,2024-01-10,2024-01-15,123.0,Branch,4.0,AGT039
TKT000704,CUST01034,KYC Update,Medium,Resolved,2022-10-05,2022-10-06,5.0,Chat,5.0,AGT044
TKT000705,CUST02266,General Query,Medium,Resolved,2021-06-15,2021-06-20,118.0,App,1.0,AGT032
TKT000706,CUST00210,Account Opening,Low,Resolved,2022-01-26,2022-01-30,79.0,Branch,1.0,AGT021
TKT000707,CUST01630,General Query,Critical,Resolved,2024-06-27,2024-06-27,8.0,Branch,3.0,AGT003
TKT000708,CUST00961,Account Opening,Medium,Resolved,2024-03-22,2024-03-26,92.0,Chat,2.0,AGT038
TKT000709,CUST01888,Transaction Dispute,Medium,Open,2024-01-29,,,Branch,,AGT016
TKT000710,CUST00669,Interest Query,Low,Resolved,2024-05-26,2024-05-29,74.0,Chat,2.0,AGT018
TKT000711,CUST02407,General Query,Critical,Resolved,2023-01-19,2023-01-21,57.0,App,1.0,AGT035
TKT000712,CUST02938,Card Issue,Medium,Resolved,2022-12-23,2022-12-24,15.0,App,1.0,AGT037
TKT000713,CUST00641,KYC Update,Critical,Resolved,2022-11-14,2022-11-16,62.0,Email,1.0,AGT050
TKT000714,CUST01966,Account Opening,Medium,Resolved,2022-02-13,2022-02-20,168.0,App,3.0,AGT045
TKT000715,CUST01368,Loan Query,Medium,Resolved,2022-01-13,2022-01-16,95.0,Chat,4.0,AGT049
TKT000716,CUST02045,Net Banking Issue,Medium,Resolved,2021-03-24,2021-03-28,106.0,Phone,1.0,AGT020
TKT000717,CUST01044,Card Issue,High,Resolved,2021-05-14,2021-05-15,43.0,Email,4.0,AGT025
TKT000718,CUST02662,Transaction Dispute,Low,In Progress,2021-10-25,,,App,,AGT017
TKT000719,CUST02948,General Query,Low,Resolved,2022-09-26,2022-09-29,84.0,App,4.0,AGT005
TKT000720,CUST00385,KYC Update,Low,Resolved,2020-07-06,2020-07-06,13.0,Phone,2.0,AGT017
TKT000721,CUST01026,KYC Update,Medium,In Progress,2021-12-31,,,App,,AGT028
TKT000722,CUST00147,General Query,Low,Resolved,2023-06-17,2023-06-23,145.0,Phone,1.0,AGT009
TKT000723,CUST02102,ATM Issue,Low,Resolved,2020-01-31,2020-02-02,45.0,App,2.0,AGT022
TKT000724,CUST01426,Transaction Dispute,Medium,Resolved,2023-10-14,2023-10-19,115.0,Phone,1.0,AGT026
TKT000725,CUST01554,Transaction Dispute,Low,Resolved,2020-11-26,2020-11-28,53.0,Email,3.0,AGT020
TKT000726,CUST00105,Interest Query,Medium,Resolved,2022-01-18,2022-01-21,86.0,App,1.0,AGT042
TKT000727,CUST02608,Loan Query,Low,Resolved,2021-07-18,2021-07-19,38.0,Branch,5.0,AGT005
TKT000728,CUST02222,Fraud Report,Critical,Resolved,2022-02-03,2022-02-10,164.0,Chat,3.0,AGT042
TKT000729,CUST02413,Net Banking Issue,Low,Resolved,2021-04-02,2021-04-07,120.0,Branch,5.0,AGT004
TKT000730,CUST02834,Transaction Dispute,Low,Resolved,2020-01-31,2020-02-04,91.0,Email,4.0,AGT043
TKT000731,CUST00841,ATM Issue,Medium,Resolved,2023-08-06,2023-08-11,115.0,App,4.0,AGT004
TKT000732,CUST00559,KYC Update,High,Resolved,2022-08-17,2022-08-18,9.0,Branch,4.0,AGT013
TKT000733,CUST00046,Interest Query,High,Resolved,2024-08-27,2024-08-30,73.0,Email,5.0,AGT044
TKT000734,CUST00535,ATM Issue,Critical,Resolved,2020-03-30,2020-04-02,61.0,Branch,4.0,AGT009
TKT000735,CUST01892,Fraud Report,Critical,Resolved,2022-08-02,2022-08-09,156.0,Chat,1.0,AGT022
TKT000736,CUST00616,Account Opening,Medium,In Progress,2023-01-30,,,Email,,AGT024
TKT000737,CUST01435,Account Opening,Medium,Resolved,2022-06-23,2022-06-25,31.0,App,4.0,AGT024
TKT000738,CUST01456,Loan Query,Critical,Open,2022-01-29,,,Phone,,AGT022
TKT000739,CUST00959,Transaction Dispute,Medium,Resolved,2023-12-02,2023-12-02,6.0,Email,4.0,AGT039
TKT000740,CUST02807,Fraud Report,Critical,Resolved,2024-06-21,2024-06-22,2.0,Phone,2.0,AGT048
TKT000741,CUST01060,Net Banking Issue,Low,Resolved,2021-05-06,2021-05-07,27.0,Email,5.0,AGT014
TKT000742,CUST01185,Interest Query,Medium,Resolved,2023-07-31,2023-08-03,64.0,Chat,5.0,AGT050
TKT000743,CUST00818,Card Issue,Critical,Resolved,2020-05-19,2020-05-23,87.0,Branch,5.0,AGT012
TKT000744,CUST02431,Loan Query,Low,Open,2023-11-02,,,Email,,AGT027
TKT000745,CUST02121,ATM Issue,Critical,Resolved,2023-09-23,2023-09-24,38.0,App,1.0,AGT013
TKT000746,CUST00811,ATM Issue,Medium,Resolved,2020-06-28,2020-06-30,31.0,Email,2.0,AGT043
TKT000747,CUST01210,Interest Query,Medium,Resolved,2022-07-07,2022-07-12,107.0,App,2.0,AGT003
TKT000748,CUST01894,KYC Update,Critical,In Progress,2022-02-11,,,Phone,,AGT030
TKT000749,CUST02655,Fraud Report,Critical,Resolved,2024-05-25,2024-05-30,121.0,Email,2.0,AGT032
TKT000750,CUST01146,Account Opening,Medium,Resolved,2024-04-18,2024-04-21,72.0,Chat,3.0,AGT034
TKT000751,CUST00642,General Query,Critical,Resolved,2022-03-26,2022-03-27,24.0,Branch,4.0,AGT002
TKT000752,CUST02543,KYC Update,Low,Open,2023-09-25,,,Phone,,AGT043
TKT000753,CUST02221,KYC Update,Medium,Resolved,2023-12-12,2023-12-13,23.0,App,3.0,AGT027
TKT000754,CUST01860,Loan Query,Medium,In Progress,2020-06-12,,,App,,AGT007
TKT000755,CUST01483,ATM Issue,Critical,Resolved,2024-09-15,2024-09-16,13.0,Email,5.0,AGT048
TKT000756,CUST01710,Net Banking Issue,Medium,In Progress,2020-05-19,,,App,,AGT006
TKT000757,CUST02728,KYC Update,High,Resolved,2021-10-06,2021-10-13,148.0,Email,5.0,AGT031
TKT000758,CUST00215,Card Issue,Medium,Resolved,2023-04-07,2023-04-11,81.0,Chat,3.0,AGT005
TKT000759,CUST01427,General Query,Medium,Resolved,2022-04-28,2022-05-02,96.0,Branch,1.0,AGT044
TKT000760,CUST01073,Interest Query,High,Open,2021-08-23,,,Branch,,AGT023
TKT000761,CUST02608,Card Issue,High,Resolved,2020-11-11,2020-11-17,143.0,Phone,1.0,AGT034
TKT000762,CUST02927,Fraud Report,Critical,Open,2023-05-05,,,Email,,AGT011
TKT000763,CUST01842,General Query,High,Resolved,2020-07-06,2020-07-09,84.0,App,5.0,AGT040
TKT000764,CUST01874,Interest Query,Low,Resolved,2022-01-13,2022-01-20,161.0,Phone,2.0,AGT017
TKT000765,CUST02993,Loan Query,Medium,Resolved,2022-12-02,2022-12-05,79.0,Phone,4.0,AGT034
TKT000766,CUST01324,Transaction Dispute,Low,Resolved,2020-03-28,2020-04-04,164.0,Phone,3.0,AGT023
TKT000767,CUST02262,Interest Query,Critical,Resolved,2020-03-31,2020-04-07,145.0,Phone,1.0,AGT050
TKT000768,CUST01018,KYC Update,High,Resolved,2021-08-29,2021-09-02,87.0,Chat,5.0,AGT009
TKT000769,CUST01818,Interest Query,Medium,Resolved,2023-09-10,2023-09-13,68.0,Chat,3.0,AGT036
TKT000770,CUST01369,General Query,Low,Resolved,2024-06-21,2024-06-22,14.0,Email,3.0,AGT025
TKT000771,CUST00080,Fraud Report,Critical,Resolved,2020-11-14,2020-11-16,39.0,Branch,2.0,AGT045
TKT000772,CUST01991,ATM Issue,Critical,Resolved,2024-03-24,2024-03-28,91.0,Email,2.0,AGT032
TKT000773,CUST01539,Transaction Dispute,Medium,Resolved,2021-08-21,2021-08-26,103.0,Phone,2.0,AGT021
TKT000774,CUST02261,Loan Query,Medium,Resolved,2024-03-17,2024-03-19,69.0,Email,1.0,AGT027
TKT000775,CUST00369,KYC Update,High,Resolved,2021-12-11,2021-12-13,38.0,Email,1.0,AGT020
TKT000776,CUST01235,Card Issue,Medium,Resolved,2020-03-17,2020-03-21,85.0,Email,2.0,AGT024
TKT000777,CUST01546,Interest Query,Low,Open,2020-12-01,,,Chat,,AGT046
TKT000778,CUST02771,Fraud Report,Critical,Resolved,2021-11-03,2021-11-06,68.0,App,3.0,AGT040
TKT000779,CUST01178,KYC Update,Medium,Resolved,2024-02-27,2024-03-02,109.0,App,4.0,AGT027
TKT000780,CUST02129,General Query,High,In Progress,2020-08-09,,,App,,AGT041
TKT000781,CUST00194,Account Opening,Medium,Resolved,2021-02-17,2021-02-22,122.0,Chat,4.0,AGT040
TKT000782,CUST02558,Account Opening,Low,Open,2020-02-14,,,App,,AGT037
TKT000783,CUST00497,ATM Issue,Low,Resolved,2023-08-08,2023-08-08,3.0,Email,2.0,AGT045
TKT000784,CUST01317,KYC Update,High,Resolved,2020-06-29,2020-07-04,101.0,App,4.0,AGT015
TKT000785,CUST01247,KYC Update,Medium,Resolved,2024-05-24,2024-05-29,104.0,Chat,3.0,AGT039
TKT000786,CUST01499,KYC Update,Critical,Resolved,2023-10-09,2023-10-14,118.0,Branch,3.0,AGT009
TKT000787,CUST02564,Interest Query,Low,Open,2024-09-23,,,App,,AGT003
TKT000788,CUST00278,ATM Issue,High,In Progress,2022-02-15,,,Phone,,AGT012
TKT000789,CUST01368,Fraud Report,Critical,Resolved,2022-10-16,2022-10-18,28.0,App,2.0,AGT005
TKT000790,CUST02299,Card Issue,Low,Resolved,2024-03-23,2024-03-25,31.0,Email,5.0,AGT017
TKT000791,CUST02774,Fraud Report,Critical,Resolved,2020-11-12,2020-11-19,151.0,Email,2.0,AGT038
TKT000792,CUST02377,Card Issue,Medium,Resolved,2022-04-29,2022-05-01,51.0,Chat,3.0,AGT030
TKT000793,CUST02729,Net Banking Issue,Medium,Resolved,2023-12-27,2024-01-01,136.0,Chat,4.0,AGT026
TKT000794,CUST01389,General Query,Medium,In Progress,2022-12-12,,,App,,AGT028
TKT000795,CUST00713,Loan Query,Medium,Open,2020-03-05,,,Email,,AGT047
TKT000796,CUST01726,Account Opening,Medium,Resolved,2021-12-10,2021-12-10,17.0,Email,2.0,AGT013
TKT000797,CUST00016,Card Issue,Critical,Resolved,2024-05-05,2024-05-08,82.0,Branch,2.0,AGT028
TKT000798,CUST01670,Net Banking Issue,Medium,Resolved,2021-01-29,2021-02-02,91.0,Chat,5.0,AGT015
TKT000799,CUST00035,Interest Query,High,In Progress,2024-01-21,,,App,,AGT001
TKT000800,CUST00771,Fraud Report,Critical,Open,2023-07-21,,,Email,,AGT048
TKT000801,CUST02362,Net Banking Issue,Low,Resolved,2022-08-05,2022-08-05,20.0,Branch,4.0,AGT022
TKT000802,CUST01689,Card Issue,Low,Resolved,2024-09-28,2024-10-02,101.0,Phone,4.0,AGT005
TKT000803,CUST01698,Card Issue,Medium,Resolved,2024-02-22,2024-02-24,52.0,Branch,4.0,AGT046
TKT000804,CUST01403,Interest Query,Critical,Resolved,2024-05-09,2024-05-12,65.0,Branch,1.0,AGT028
TKT000805,CUST02908,Account Opening,Low,Resolved,2024-01-16,2024-01-20,89.0,Chat,4.0,AGT037
TKT000806,CUST01838,ATM Issue,Low,Resolved,2024-07-29,2024-08-01,60.0,Email,1.0,AGT020
TKT000807,CUST01553,General Query,Medium,Resolved,2021-08-24,2021-08-28,95.0,Phone,1.0,AGT045
TKT000808,CUST00603,ATM Issue,High,Resolved,2020-11-28,2020-12-02,79.0,Chat,4.0,AGT035
TKT000809,CUST02780,Net Banking Issue,High,Resolved,2020-07-04,2020-07-10,146.0,Phone,4.0,AGT008
TKT000810,CUST00456,General Query,Medium,In Progress,2020-10-25,,,Branch,,AGT028
TKT000811,CUST00814,KYC Update,Medium,Open,2021-11-14,,,Email,,AGT049
TKT000812,CUST01723,Net Banking Issue,Low,Resolved,2020-02-15,2020-02-16,25.0,Branch,1.0,AGT005
TKT000813,CUST00833,Loan Query,Medium,Resolved,2022-02-02,2022-02-03,31.0,Email,3.0,AGT032
TKT000814,CUST01806,ATM Issue,High,Resolved,2021-07-03,2021-07-04,25.0,Email,4.0,AGT032
TKT000815,CUST00694,Fraud Report,Critical,Resolved,2021-12-02,2021-12-05,66.0,App,3.0,AGT003
TKT000816,CUST02810,Loan Query,Medium,Resolved,2023-08-16,2023-08-17,24.0,Phone,5.0,AGT041
TKT000817,CUST02528,Net Banking Issue,Medium,Resolved,2023-02-14,2023-02-16,46.0,Phone,2.0,AGT021
TKT000818,CUST02205,Loan Query,Critical,Resolved,2020-02-09,2020-02-10,20.0,Chat,5.0,AGT018
TKT000819,CUST01247,KYC Update,High,Resolved,2020-11-06,2020-11-07,22.0,Branch,4.0,AGT026
TKT000820,CUST00004,Card Issue,Medium,Resolved,2020-12-12,2020-12-17,128.0,Branch,4.0,AGT008
TKT000821,CUST00253,Loan Query,Medium,Resolved,2020-06-04,2020-06-06,40.0,Phone,5.0,AGT019
TKT000822,CUST01151,Fraud Report,Critical,Resolved,2021-01-12,2021-01-16,97.0,App,5.0,AGT023
TKT000823,CUST01012,ATM Issue,High,Resolved,2020-02-01,2020-02-07,139.0,App,3.0,AGT024
TKT000824,CUST02645,General Query,Medium,Resolved,2023-12-01,2023-12-05,85.0,Chat,5.0,AGT027
TKT000825,CUST00105,Fraud Report,Critical,Resolved,2024-05-09,2024-05-13,85.0,Phone,3.0,AGT015
TKT000826,CUST01273,Net Banking Issue,Medium,In Progress,2020-09-14,,,Phone,,AGT016
TKT000827,CUST01624,Transaction Dispute,Low,Resolved,2022-12-30,2023-01-05,136.0,App,2.0,AGT024
TKT000828,CUST00436,ATM Issue,Medium,Open,2023-11-10,,,Branch,,AGT039
TKT000829,CUST00073,ATM Issue,Medium,Resolved,2022-08-23,2022-08-29,145.0,Branch,2.0,AGT017
TKT000830,CUST00224,Card Issue,Medium,Resolved,2024-01-30,2024-02-02,61.0,Chat,4.0,AGT041
TKT000831,CUST00463,Net Banking Issue,Medium,Resolved,2020-09-19,2020-09-20,20.0,Phone,4.0,AGT031
TKT000832,CUST01911,Fraud Report,Critical,Resolved,2024-06-16,2024-06-23,163.0,Chat,1.0,AGT009
TKT000833,CUST00799,Fraud Report,Critical,Resolved,2022-06-02,2022-06-02,5.0,Phone,5.0,AGT023
TKT000834,CUST00280,Transaction Dispute,Low,Resolved,2020-04-14,2020-04-16,60.0,Email,4.0,AGT012
TKT000835,CUST01166,ATM Issue,Low,Resolved,2023-09-11,2023-09-18,161.0,App,2.0,AGT028
TKT000836,CUST01450,KYC Update,High,Resolved,2024-02-04,2024-02-05,8.0,App,1.0,AGT001
TKT000837,CUST00955,Transaction Dispute,Medium,Resolved,2022-07-10,2022-07-14,78.0,Email,2.0,AGT015
TKT000838,CUST01219,Account Opening,High,Resolved,2023-09-02,2023-09-06,95.0,Chat,2.0,AGT021
TKT000839,CUST00556,Account Opening,High,Resolved,2022-09-17,2022-09-22,108.0,Branch,1.0,AGT041
TKT000840,CUST02418,ATM Issue,Low,Resolved,2020-01-14,2020-01-16,45.0,App,3.0,AGT032
TKT000841,CUST02842,ATM Issue,Low,Resolved,2020-02-28,2020-02-28,5.0,App,2.0,AGT006
TKT000842,CUST01094,Account Opening,Medium,Resolved,2024-12-05,2024-12-10,114.0,Email,3.0,AGT025
TKT000843,CUST02271,Fraud Report,Critical,Resolved,2023-10-26,2023-11-02,167.0,Branch,2.0,AGT043
TKT000844,CUST00821,ATM Issue,Critical,Resolved,2020-02-22,2020-02-27,139.0,Phone,3.0,AGT046
TKT000845,CUST01534,Card Issue,Low,Resolved,2022-08-10,2022-08-10,20.0,App,1.0,AGT018
TKT000846,CUST00278,Fraud Report,Critical,Resolved,2021-11-11,2021-11-16,119.0,Chat,4.0,AGT008
TKT000847,CUST01333,Interest Query,Critical,Resolved,2022-06-05,2022-06-06,10.0,Email,2.0,AGT006
TKT000848,CUST02930,Net Banking Issue,Medium,Resolved,2022-07-29,2022-07-30,22.0,Email,5.0,AGT027
TKT000849,CUST01943,General Query,Medium,In Progress,2023-04-20,,,Phone,,AGT013
TKT000850,CUST01694,Interest Query,Low,In Progress,2021-11-18,,,Phone,,AGT009
TKT000851,CUST01845,Interest Query,Medium,Resolved,2021-06-01,2021-06-05,88.0,Chat,5.0,AGT028
TKT000852,CUST02754,Card Issue,Low,Resolved,2023-12-11,2023-12-17,135.0,Chat,1.0,AGT006
TKT000853,CUST02561,Net Banking Issue,Medium,Resolved,2022-12-15,2022-12-21,144.0,App,2.0,AGT032
TKT000854,CUST00066,ATM Issue,Low,Resolved,2023-04-15,2023-04-19,107.0,App,1.0,AGT042
TKT000855,CUST02058,Card Issue,High,Resolved,2023-02-16,2023-02-22,156.0,Branch,3.0,AGT047
TKT000856,CUST01308,Net Banking Issue,High,Resolved,2021-01-04,2021-01-04,1.0,Chat,3.0,AGT046
TKT000857,CUST00995,Card Issue,Critical,Resolved,2020-06-28,2020-07-01,72.0,Email,4.0,AGT006
TKT000858,CUST01115,Transaction Dispute,Low,Open,2022-08-01,,,Branch,,AGT015
TKT000859,CUST00963,Fraud Report,Critical,Resolved,2023-06-06,2023-06-10,115.0,Phone,5.0,AGT019
TKT000860,CUST01674,ATM Issue,High,Resolved,2024-08-04,2024-08-09,114.0,Branch,3.0,AGT003
TKT000861,CUST00250,Net Banking Issue,Medium,Resolved,2023-06-29,2023-07-02,51.0,Email,2.0,AGT003
TKT000862,CUST00812,Card Issue,High,Resolved,2020-04-29,2020-05-02,88.0,App,4.0,AGT044
TKT000863,CUST00002,Card Issue,Medium,Resolved,2022-02-03,2022-02-05,25.0,Phone,1.0,AGT034
TKT000864,CUST00156,Transaction Dispute,Low,In Progress,2022-11-01,,,App,,AGT033
TKT000865,CUST00943,Net Banking Issue,Low,Resolved,2021-03-21,2021-03-23,36.0,Phone,5.0,AGT001
TKT000866,CUST01755,KYC Update,Critical,Resolved,2022-08-04,2022-08-06,33.0,Branch,3.0,AGT003
TKT000867,CUST00610,Transaction Dispute,Medium,Resolved,2022-03-18,2022-03-24,135.0,Phone,3.0,AGT007
TKT000868,CUST01824,Card Issue,Medium,Resolved,2023-10-08,2023-10-12,98.0,Phone,2.0,AGT050
TKT000869,CUST01552,Interest Query,Low,Open,2022-02-01,,,Chat,,AGT029
TKT000870,CUST00722,Loan Query,Medium,Resolved,2024-01-13,2024-01-17,101.0,Branch,3.0,AGT013
TKT000871,CUST01799,General Query,Medium,Resolved,2020-08-30,2020-08-31,24.0,App,2.0,AGT010
TKT000872,CUST02830,Net Banking Issue,High,Resolved,2023-05-25,2023-05-30,103.0,Email,2.0,AGT013
TKT000873,CUST02225,KYC Update,Medium,Resolved,2024-04-14,2024-04-20,146.0,Phone,4.0,AGT045
TKT000874,CUST00035,Fraud Report,Critical,Resolved,2020-04-17,2020-04-23,160.0,Email,5.0,AGT045
TKT000875,CUST02921,Transaction Dispute,Critical,Resolved,2022-04-29,2022-04-30,13.0,Branch,1.0,AGT032
TKT000876,CUST02505,Fraud Report,Critical,Resolved,2022-02-09,2022-02-14,138.0,Branch,5.0,AGT016
TKT000877,CUST00566,Account Opening,High,Resolved,2023-09-26,2023-10-01,117.0,Email,1.0,AGT042
TKT000878,CUST01525,Net Banking Issue,Medium,Resolved,2022-10-23,2022-10-28,118.0,Branch,4.0,AGT036
TKT000879,CUST01494,Fraud Report,Critical,Resolved,2024-05-28,2024-05-29,32.0,App,5.0,AGT040
TKT000880,CUST01346,Transaction Dispute,Medium,Resolved,2023-09-07,2023-09-09,47.0,App,1.0,AGT007
TKT000881,CUST01034,Card Issue,Medium,Resolved,2023-10-09,2023-10-11,71.0,Branch,1.0,AGT029
TKT000882,CUST00598,Net Banking Issue,Medium,Resolved,2021-09-19,2021-09-23,97.0,App,2.0,AGT026
TKT000883,CUST02038,Transaction Dispute,Low,Resolved,2023-02-03,2023-02-09,159.0,Phone,4.0,AGT021
TKT000884,CUST01701,Transaction Dispute,Low,Resolved,2022-09-26,2022-10-02,135.0,Branch,5.0,AGT027
TKT000885,CUST00605,Card Issue,Critical,Resolved,2023-01-10,2023-01-15,118.0,Chat,2.0,AGT021
TKT000886,CUST00812,Loan Query,Medium,Resolved,2022-04-03,2022-04-05,40.0,Branch,1.0,AGT033
TKT000887,CUST01297,Loan Query,Low,Resolved,2023-04-17,2023-04-23,150.0,App,5.0,AGT029
TKT000888,CUST02519,Interest Query,Medium,Resolved,2021-09-23,2021-09-24,40.0,Chat,4.0,AGT047
TKT000889,CUST01890,Card Issue,Medium,Resolved,2024-01-17,2024-01-23,126.0,App,5.0,AGT025
TKT000890,CUST02237,Fraud Report,Critical,Open,2020-06-15,,,Chat,,AGT016
TKT000891,CUST00959,ATM Issue,Medium,Resolved,2021-01-09,2021-01-09,3.0,App,2.0,AGT048
TKT000892,CUST02318,Interest Query,Medium,Open,2023-05-21,,,Phone,,AGT050
TKT000893,CUST02865,General Query,Low,Resolved,2024-02-02,2024-02-06,116.0,App,4.0,AGT045
TKT000894,CUST02428,Loan Query,High,In Progress,2020-04-20,,,Branch,,AGT034
TKT000895,CUST00237,Card Issue,Medium,In Progress,2020-07-08,,,Branch,,AGT006
TKT000896,CUST01883,KYC Update,Medium,Open,2024-08-01,,,Chat,,AGT027
TKT000897,CUST01494,KYC Update,Medium,Resolved,2021-06-30,2021-07-02,52.0,Branch,1.0,AGT035
TKT000898,CUST01597,Net Banking Issue,High,Resolved,2021-12-07,2021-12-07,15.0,Branch,1.0,AGT005
TKT000899,CUST00902,Card Issue,Medium,Resolved,2022-05-25,2022-05-27,35.0,App,4.0,AGT008
TKT000900,CUST00134,Net Banking Issue,Low,In Progress,2024-05-08,,,App,,AGT018
TKT000901,CUST02741,ATM Issue,Low,Resolved,2023-01-01,2023-01-06,102.0,Branch,5.0,AGT048
TKT000902,CUST01918,Loan Query,Low,Resolved,2023-04-24,2023-04-27,77.0,Chat,1.0,AGT050
TKT000903,CUST00639,Loan Query,Critical,Resolved,2020-05-17,2020-05-18,10.0,Email,5.0,AGT011
TKT000904,CUST02140,Fraud Report,Critical,Resolved,2020-11-23,2020-11-26,78.0,Phone,2.0,AGT012
TKT000905,CUST02960,ATM Issue,Low,Resolved,2022-12-16,2022-12-20,82.0,Chat,4.0,AGT005
TKT000906,CUST02896,Transaction Dispute,Medium,Resolved,2022-12-15,2022-12-19,80.0,App,5.0,AGT004
TKT000907,CUST01509,Transaction Dispute,Low,Resolved,2021-07-23,2021-07-24,20.0,App,3.0,AGT047
TKT000908,CUST00667,Interest Query,Critical,Resolved,2022-04-22,2022-04-23,25.0,App,1.0,AGT014
TKT000909,CUST01954,KYC Update,Low,Resolved,2024-08-28,2024-09-04,156.0,Email,4.0,AGT033
TKT000910,CUST02487,Net Banking Issue,Critical,Resolved,2021-11-26,2021-11-26,16.0,Email,5.0,AGT020
TKT000911,CUST01728,Transaction Dispute,Low,Resolved,2024-11-22,2024-11-23,30.0,App,2.0,AGT022
TKT000912,CUST00160,Loan Query,Low,Resolved,2023-11-20,2023-11-27,165.0,App,3.0,AGT022
TKT000913,CUST01602,General Query,Low,Resolved,2024-02-21,2024-02-27,130.0,App,1.0,AGT023
TKT000914,CUST00277,Interest Query,Low,Resolved,2022-03-16,2022-03-22,155.0,Chat,5.0,AGT034
TKT000915,CUST01835,ATM Issue,Critical,Resolved,2022-04-14,2022-04-19,114.0,Chat,2.0,AGT026
TKT000916,CUST00546,General Query,Medium,Open,2023-11-25,,,Email,,AGT028
TKT000917,CUST00893,Loan Query,Medium,Resolved,2024-03-07,2024-03-12,119.0,Branch,2.0,AGT021
TKT000918,CUST02279,ATM Issue,Medium,Resolved,2023-02-08,2023-02-11,77.0,App,3.0,AGT002
TKT000919,CUST02660,Net Banking Issue,Critical,Open,2024-01-22,,,App,,AGT026
TKT000920,CUST02202,Net Banking Issue,Critical,Resolved,2021-04-19,2021-04-26,152.0,App,3.0,AGT002
TKT000921,CUST01588,Interest Query,Low,Resolved,2022-03-04,2022-03-07,73.0,Phone,3.0,AGT031
TKT000922,CUST01092,Loan Query,Medium,Resolved,2023-12-12,2023-12-16,88.0,Phone,3.0,AGT023
TKT000923,CUST01508,Card Issue,Low,Resolved,2020-06-05,2020-06-07,51.0,Email,2.0,AGT037
TKT000924,CUST01295,Net Banking Issue,Critical,Resolved,2020-02-22,2020-02-23,12.0,App,4.0,AGT043
TKT000925,CUST00756,Card Issue,Medium,Resolved,2021-01-20,2021-01-24,88.0,Phone,1.0,AGT015
TKT000926,CUST01363,Fraud Report,Critical,Resolved,2024-06-12,2024-06-16,93.0,Email,1.0,AGT034
TKT000927,CUST00113,ATM Issue,Low,Resolved,2023-09-24,2023-09-24,6.0,App,2.0,AGT045
TKT000928,CUST00104,Account Opening,Critical,In Progress,2021-03-16,,,Email,,AGT024
TKT000929,CUST00705,Net Banking Issue,Low,Resolved,2024-08-13,2024-08-13,1.0,Chat,4.0,AGT040
TKT000930,CUST00555,General Query,High,Resolved,2024-07-04,2024-07-07,82.0,Chat,4.0,AGT016
TKT000931,CUST01176,Interest Query,Low,Resolved,2020-11-06,2020-11-08,47.0,Phone,4.0,AGT025
TKT000932,CUST00811,Account Opening,Low,Resolved,2021-03-17,2021-03-23,127.0,App,1.0,AGT019
TKT000933,CUST01447,ATM Issue,Medium,Resolved,2024-01-12,2024-01-18,130.0,App,1.0,AGT015
TKT000934,CUST02549,Fraud Report,Critical,In Progress,2023-12-24,,,Chat,,AGT003
TKT000935,CUST00420,Interest Query,Low,Resolved,2024-08-11,2024-08-17,131.0,Branch,3.0,AGT046
TKT000936,CUST01723,Card Issue,Low,Resolved,2021-03-15,2021-03-15,18.0,App,1.0,AGT029
TKT000937,CUST01686,General Query,Medium,Resolved,2024-04-09,2024-04-13,92.0,Chat,5.0,AGT012
TKT000938,CUST00955,ATM Issue,Low,Resolved,2021-06-24,2021-06-30,125.0,Branch,1.0,AGT045
TKT000939,CUST02236,Net Banking Issue,Low,Resolved,2024-12-10,2024-12-16,147.0,Email,1.0,AGT042
TKT000940,CUST00182,General Query,Low,Resolved,2021-09-06,2021-09-12,162.0,Chat,5.0,AGT012
TKT000941,CUST02509,Fraud Report,Critical,Resolved,2021-03-13,2021-03-18,134.0,App,1.0,AGT048
TKT000942,CUST00942,Transaction Dispute,Low,Open,2020-12-10,,,Email,,AGT006
TKT000943,CUST02843,General Query,Critical,Resolved,2022-02-21,2022-02-28,153.0,Email,5.0,AGT045
TKT000944,CUST02260,General Query,Medium,Resolved,2020-02-02,2020-02-03,26.0,Branch,4.0,AGT038
TKT000945,CUST02591,Card Issue,Medium,Resolved,2024-02-20,2024-02-23,74.0,App,4.0,AGT043
TKT000946,CUST02232,Net Banking Issue,Low,In Progress,2020-05-19,,,App,,AGT003
TKT000947,CUST01595,Fraud Report,Critical,Resolved,2020-07-24,2020-07-27,63.0,Email,5.0,AGT030
TKT000948,CUST01855,Account Opening,Low,Resolved,2020-06-21,2020-06-23,58.0,Email,4.0,AGT033
TKT000949,CUST01356,Account Opening,Medium,Resolved,2023-07-04,2023-07-07,72.0,Email,1.0,AGT008
TKT000950,CUST01292,Net Banking Issue,Critical,Resolved,2022-11-01,2022-11-06,120.0,Phone,2.0,AGT047
TKT000951,CUST02830,Account Opening,Low,Open,2020-07-21,,,Branch,,AGT040
TKT000952,CUST01942,KYC Update,Low,Resolved,2020-02-18,2020-02-20,64.0,App,3.0,AGT007
TKT000953,CUST00102,Net Banking Issue,Low,Resolved,2021-07-18,2021-07-20,41.0,Email,3.0,AGT039
TKT000954,CUST02259,Fraud Report,Critical,Resolved,2024-08-03,2024-08-10,164.0,Phone,2.0,AGT050
TKT000955,CUST02073,Account Opening,Low,Resolved,2023-08-27,2023-08-28,21.0,App,2.0,AGT031
TKT000956,CUST01554,Card Issue,Medium,Resolved,2021-07-20,2021-07-20,2.0,Phone,4.0,AGT034
TKT000957,CUST01852,Net Banking Issue,High,Resolved,2023-03-30,2023-04-03,83.0,Branch,4.0,AGT028
TKT000958,CUST00804,Transaction Dispute,High,Resolved,2023-03-09,2023-03-15,140.0,Chat,5.0,AGT035
TKT000959,CUST00683,Loan Query,Low,Resolved,2024-05-24,2024-05-28,99.0,Chat,5.0,AGT024
TKT000960,CUST01357,Loan Query,Low,Resolved,2021-08-18,2021-08-22,87.0,Chat,1.0,AGT037
TKT000961,CUST00331,Fraud Report,Critical,Resolved,2022-05-19,2022-05-23,116.0,Email,1.0,AGT025
TKT000962,CUST00161,Fraud Report,Critical,Resolved,2023-05-23,2023-05-28,125.0,Phone,1.0,AGT029
TKT000963,CUST00582,Fraud Report,Critical,Resolved,2024-02-27,2024-02-29,49.0,Branch,1.0,AGT003
TKT000964,CUST00044,Loan Query,Medium,Resolved,2024-04-22,2024-04-27,136.0,Phone,5.0,AGT017
TKT000965,CUST01255,Loan Query,Medium,Resolved,2021-11-21,2021-11-24,64.0,Branch,4.0,AGT004
TKT000966,CUST02531,Net Banking Issue,High,Resolved,2021-07-08,2021-07-12,101.0,Phone,3.0,AGT009
TKT000967,CUST01035,Card Issue,Medium,Open,2023-11-08,,,Email,,AGT045
TKT000968,CUST02869,KYC Update,Critical,Open,2020-09-28,,,Phone,,AGT035
TKT000969,CUST02423,Account Opening,Critical,Resolved,2020-10-31,2020-11-05,126.0,Chat,3.0,AGT006
TKT000970,CUST01012,Loan Query,Medium,Open,2020-10-02,,,Email,,AGT012
TKT000971,CUST02143,General Query,Medium,Resolved,2022-06-09,2022-06-11,56.0,Email,3.0,AGT009
TKT000972,CUST02852,Account Opening,Medium,In Progress,2020-06-07,,,Chat,,AGT010
TKT000973,CUST02994,ATM Issue,Medium,Resolved,2022-11-21,2022-11-25,86.0,Email,2.0,AGT035
TKT000974,CUST00256,Fraud Report,Critical,Resolved,2021-04-28,2021-04-29,11.0,Branch,1.0,AGT044
TKT000975,CUST01283,Fraud Report,Critical,Resolved,2021-03-25,2021-03-27,44.0,Branch,4.0,AGT018
TKT000976,CUST01405,Loan Query,Low,In Progress,2024-09-27,,,App,,AGT031
TKT000977,CUST00817,Net Banking Issue,High,Resolved,2022-08-22,2022-08-29,155.0,Email,1.0,AGT037
TKT000978,CUST01890,KYC Update,High,Resolved,2022-05-19,2022-05-23,95.0,Phone,4.0,AGT048
TKT000979,CUST00733,General Query,Low,Resolved,2020-01-21,2020-01-22,21.0,App,2.0,AGT004
TKT000980,CUST02722,Card Issue,Low,Resolved,2024-10-12,2024-10-16,86.0,App,1.0,AGT003
TKT000981,CUST02667,General Query,Low,Resolved,2021-01-25,2021-01-27,58.0,App,5.0,AGT040
TKT000982,CUST02035,ATM Issue,Low,Resolved,2023-07-01,2023-07-07,145.0,Email,2.0,AGT050
TKT000983,CUST01831,KYC Update,Low,Resolved,2024-04-09,2024-04-09,14.0,Email,4.0,AGT019
TKT000984,CUST02180,Account Opening,High,Resolved,2024-10-17,2024-10-18,39.0,Phone,4.0,AGT037
TKT000985,CUST02195,KYC Update,Low,Resolved,2023-03-03,2023-03-10,163.0,Chat,5.0,AGT049
TKT000986,CUST00445,General Query,Medium,Resolved,2023-12-13,2023-12-17,98.0,Email,4.0,AGT030
TKT000987,CUST02216,KYC Update,Critical,Resolved,2024-08-21,2024-08-22,34.0,App,5.0,AGT015
TKT000988,CUST00963,Loan Query,Critical,In Progress,2023-04-20,,,Email,,AGT046
TKT000989,CUST00259,Fraud Report,Critical,Resolved,2020-03-01,2020-03-03,61.0,Phone,2.0,AGT035
TKT000990,CUST01460,Net Banking Issue,Medium,Resolved,2023-08-01,2023-08-03,53.0,App,4.0,AGT015
TKT000991,CUST02005,Loan Query,Medium,In Progress,2021-11-15,,,Phone,,AGT019
TKT000992,CUST00657,Net Banking Issue,High,Resolved,2022-05-08,2022-05-15,167.0,Phone,4.0,AGT035
TKT000993,CUST01786,General Query,Medium,Resolved,2022-04-02,2022-04-05,90.0,Email,2.0,AGT031
TKT000994,CUST02403,Card Issue,Medium,Resolved,2021-09-08,2021-09-15,164.0,Chat,2.0,AGT024
TKT000995,CUST01986,Net Banking Issue,Low,In Progress,2024-03-24,,,Branch,,AGT044
TKT000996,CUST01306,Account Opening,High,Resolved,2021-01-16,2021-01-17,16.0,Phone,3.0,AGT013
TKT000997,CUST01096,Transaction Dispute,Medium,Resolved,2024-08-20,2024-08-25,115.0,Email,3.0,AGT039
TKT000998,CUST02561,General Query,Critical,In Progress,2022-09-26,,,App,,AGT001
TKT000999,CUST00881,KYC Update,Medium,Resolved,2024-05-16,2024-05-16,5.0,Chat,1.0,AGT045
TKT001000,CUST01762,Interest Query,Medium,Open,2024-05-14,,,App,,AGT030
TKT001001,CUST02239,Net Banking Issue,Low,Open,2023-08-01,,,Email,,AGT019
TKT001002,CUST00391,ATM Issue,Medium,In Progress,2022-08-08,,,Chat,,AGT034
TKT001003,CUST01596,ATM Issue,High,Resolved,2022-10-23,2022-10-25,27.0,Chat,2.0,AGT022
TKT001004,CUST01846,Net Banking Issue,Medium,Resolved,2021-04-27,2021-04-29,55.0,Email,2.0,AGT025
TKT001005,CUST02231,Loan Query,High,Resolved,2023-11-19,2023-11-25,130.0,Branch,5.0,AGT030
TKT001006,CUST01581,Interest Query,Medium,Open,2020-11-24,,,Branch,,AGT049
TKT001007,CUST00567,Loan Query,High,Resolved,2021-03-06,2021-03-07,29.0,Phone,5.0,AGT045
TKT001008,CUST01219,Loan Query,Medium,Resolved,2021-08-12,2021-08-13,37.0,Branch,2.0,AGT005
TKT001009,CUST01032,Loan Query,Medium,Resolved,2020-08-13,2020-08-18,124.0,Branch,3.0,AGT001
TKT001010,CUST01841,Account Opening,Medium,Open,2024-10-15,,,Branch,,AGT011
TKT001011,CUST01041,Interest Query,Critical,Resolved,2022-11-14,2022-11-21,164.0,Phone,5.0,AGT034
TKT001012,CUST00195,Transaction Dispute,Low,Open,2023-02-01,,,Chat,,AGT016
TKT001013,CUST01930,Account Opening,Critical,Open,2023-03-02,,,Email,,AGT015
TKT001014,CUST00517,ATM Issue,Low,Open,2020-10-12,,,Email,,AGT042
TKT001015,CUST00045,Net Banking Issue,Low,In Progress,2021-05-11,,,App,,AGT042
TKT001016,CUST01986,General Query,High,Resolved,2024-02-11,2024-02-11,10.0,Phone,5.0,AGT040
TKT001017,CUST02665,General Query,High,Resolved,2020-02-03,2020-02-05,53.0,Branch,5.0,AGT007
TKT001018,CUST01030,Account Opening,Medium,Resolved,2022-03-21,2022-03-27,145.0,Email,4.0,AGT044
TKT001019,CUST01138,Interest Query,Low,Resolved,2023-10-30,2023-10-31,26.0,Branch,2.0,AGT013
TKT001020,CUST02441,ATM Issue,Medium,Resolved,2021-10-26,2021-10-29,71.0,Chat,3.0,AGT040
TKT001021,CUST02223,Interest Query,Low,Resolved,2022-06-01,2022-06-07,141.0,Email,2.0,AGT011
TKT001022,CUST00760,Card Issue,Low,Resolved,2020-12-14,2020-12-15,11.0,Branch,3.0,AGT008
TKT001023,CUST00247,Loan Query,Low,Resolved,2023-11-16,2023-11-20,90.0,Email,2.0,AGT020
TKT001024,CUST02801,Net Banking Issue,High,Resolved,2020-11-14,2020-11-20,155.0,Email,4.0,AGT040
TKT001025,CUST01780,Net Banking Issue,Low,Resolved,2021-07-17,2021-07-21,106.0,App,5.0,AGT017
TKT001026,CUST01670,Transaction Dispute,Low,Resolved,2020-05-18,2020-05-23,126.0,App,2.0,AGT003
TKT001027,CUST00855,ATM Issue,Low,Resolved,2020-04-29,2020-04-30,22.0,Branch,2.0,AGT049
TKT001028,CUST00731,Interest Query,Medium,Resolved,2020-09-20,2020-09-24,109.0,Phone,3.0,AGT043
TKT001029,CUST01062,Net Banking Issue,Low,Resolved,2021-09-20,2021-09-26,153.0,Email,3.0,AGT021
TKT001030,CUST02224,General Query,High,Resolved,2024-12-14,2024-12-20,144.0,App,3.0,AGT044
TKT001031,CUST02932,General Query,Medium,Resolved,2021-08-15,2021-08-16,30.0,Phone,2.0,AGT002
TKT001032,CUST02006,Loan Query,Low,Resolved,2024-09-02,2024-09-05,80.0,Chat,3.0,AGT030
TKT001033,CUST01139,KYC Update,Medium,Resolved,2024-08-31,2024-09-01,4.0,Branch,3.0,AGT007
TKT001034,CUST02610,Loan Query,High,Resolved,2023-08-11,2023-08-13,58.0,Branch,3.0,AGT020
TKT001035,CUST02884,General Query,Critical,Resolved,2021-07-31,2021-08-05,139.0,Phone,2.0,AGT035
TKT001036,CUST01633,Card Issue,Low,Resolved,2024-09-30,2024-10-07,165.0,App,1.0,AGT006
TKT001037,CUST00582,Card Issue,Medium,Resolved,2023-11-12,2023-11-18,144.0,Chat,2.0,AGT029
TKT001038,CUST02572,ATM Issue,Low,Resolved,2020-09-24,2020-09-28,77.0,Email,3.0,AGT013
TKT001039,CUST02100,Account Opening,Low,In Progress,2023-02-02,,,Chat,,AGT037
TKT001040,CUST01187,Net Banking Issue,High,Resolved,2020-02-18,2020-02-20,34.0,Branch,3.0,AGT050
TKT001041,CUST02529,Account Opening,High,Resolved,2020-03-05,2020-03-10,130.0,Phone,1.0,AGT033
TKT001042,CUST00993,Transaction Dispute,High,Resolved,2024-12-19,2024-12-25,137.0,Phone,4.0,AGT028
TKT001043,CUST02064,Interest Query,High,Resolved,2021-06-23,2021-06-26,74.0,App,2.0,AGT024
TKT001044,CUST01048,Loan Query,Critical,Open,2021-02-17,,,App,,AGT034
TKT001045,CUST00638,Interest Query,High,Resolved,2022-04-27,2022-05-04,159.0,App,4.0,AGT027
TKT001046,CUST02725,ATM Issue,Low,In Progress,2021-02-21,,,App,,AGT028
TKT001047,CUST01789,Interest Query,High,Resolved,2024-04-13,2024-04-19,140.0,Branch,5.0,AGT035
TKT001048,CUST01886,Loan Query,Low,Resolved,2023-07-09,2023-07-09,17.0,Branch,2.0,AGT009
TKT001049,CUST00800,Fraud Report,Critical,Resolved,2020-03-23,2020-03-27,102.0,App,1.0,AGT026
TKT001050,CUST00081,ATM Issue,High,Resolved,2022-10-29,2022-11-03,113.0,Chat,1.0,AGT030
TKT001051,CUST01865,Fraud Report,Critical,Resolved,2023-11-23,2023-11-28,107.0,Chat,3.0,AGT046
TKT001052,CUST02501,KYC Update,Medium,Resolved,2023-09-16,2023-09-21,115.0,Chat,1.0,AGT027
TKT001053,CUST00611,KYC Update,Low,Resolved,2020-08-01,2020-08-06,108.0,Email,3.0,AGT012
TKT001054,CUST02569,Net Banking Issue,Low,Resolved,2023-04-08,2023-04-08,4.0,Branch,2.0,AGT025
TKT001055,CUST02618,Net Banking Issue,Medium,Resolved,2021-09-07,2021-09-09,46.0,Email,2.0,AGT032
TKT001056,CUST01695,Fraud Report,Critical,Resolved,2023-03-06,2023-03-06,10.0,Branch,5.0,AGT026
TKT001057,CUST00559,KYC Update,Low,Resolved,2023-05-20,2023-05-24,103.0,Email,5.0,AGT042
TKT001058,CUST01896,Fraud Report,Critical,Resolved,2024-08-26,2024-08-30,76.0,Email,1.0,AGT006
TKT001059,CUST01282,ATM Issue,Medium,Resolved,2022-04-10,2022-04-14,112.0,Email,5.0,AGT049
TKT001060,CUST02070,Net Banking Issue,Low,Resolved,2022-08-27,2022-08-30,76.0,Branch,2.0,AGT028
TKT001061,CUST00976,Account Opening,High,Resolved,2020-04-27,2020-05-02,128.0,Chat,3.0,AGT019
TKT001062,CUST02745,Net Banking Issue,Medium,Open,2024-03-21,,,Chat,,AGT014
TKT001063,CUST02161,General Query,High,Resolved,2022-03-17,2022-03-20,71.0,App,5.0,AGT036
TKT001064,CUST02370,Net Banking Issue,Critical,Resolved,2023-08-19,2023-08-24,120.0,Branch,5.0,AGT002
TKT001065,CUST01896,Fraud Report,Critical,Resolved,2024-02-17,2024-02-22,127.0,Email,4.0,AGT050
TKT001066,CUST01075,Fraud Report,Critical,Resolved,2022-03-13,2022-03-15,46.0,Phone,1.0,AGT034
TKT001067,CUST01692,Transaction Dispute,High,Resolved,2022-05-01,2022-05-02,14.0,App,1.0,AGT011
TKT001068,CUST02732,Interest Query,High,Resolved,2023-05-17,2023-05-20,75.0,Email,5.0,AGT035
TKT001069,CUST00755,Transaction Dispute,Medium,Resolved,2022-08-28,2022-09-04,159.0,Branch,3.0,AGT023
TKT001070,CUST02377,Fraud Report,Critical,Resolved,2022-07-28,2022-07-29,19.0,Phone,2.0,AGT007
TKT001071,CUST00846,KYC Update,Low,Resolved,2021-12-18,2021-12-20,52.0,Chat,1.0,AGT026
TKT001072,CUST00505,Loan Query,High,Resolved,2022-09-27,2022-09-29,59.0,Chat,1.0,AGT003
TKT001073,CUST00177,Card Issue,Low,Resolved,2024-03-15,2024-03-19,107.0,App,4.0,AGT010
TKT001074,CUST01103,ATM Issue,Medium,Open,2020-09-03,,,Chat,,AGT012
TKT001075,CUST01917,Card Issue,Low,In Progress,2021-10-18,,,Branch,,AGT037
TKT001076,CUST02352,Transaction Dispute,High,Resolved,2023-12-01,2023-12-02,24.0,App,3.0,AGT014
TKT001077,CUST01020,General Query,High,Resolved,2021-10-23,2021-10-29,139.0,Branch,2.0,AGT044
TKT001078,CUST01325,Card Issue,Critical,Resolved,2022-07-19,2022-07-24,125.0,Email,1.0,AGT039
TKT001079,CUST01163,Interest Query,Medium,Resolved,2023-06-22,2023-06-24,52.0,Branch,2.0,AGT030
TKT001080,CUST00273,Transaction Dispute,Medium,Resolved,2024-05-12,2024-05-14,47.0,Email,1.0,AGT048
TKT001081,CUST02666,KYC Update,High,Resolved,2022-11-30,2022-12-06,152.0,Chat,2.0,AGT047
TKT001082,CUST01862,Account Opening,Medium,Resolved,2020-06-26,2020-06-27,27.0,Phone,3.0,AGT002
TKT001083,CUST02352,Net Banking Issue,Low,Resolved,2020-10-30,2020-10-30,6.0,Chat,5.0,AGT007
TKT001084,CUST00524,Account Opening,Medium,Resolved,2022-05-15,2022-05-17,56.0,Phone,1.0,AGT003
TKT001085,CUST01689,Transaction Dispute,Medium,Open,2023-01-19,,,Email,,AGT044
TKT001086,CUST00867,Transaction Dispute,Medium,Resolved,2022-12-19,2022-12-21,49.0,App,2.0,AGT045
TKT001087,CUST00730,Net Banking Issue,High,Open,2022-09-05,,,Email,,AGT005
TKT001088,CUST02943,Interest Query,Low,Resolved,2021-06-29,2021-07-03,110.0,Branch,5.0,AGT037
TKT001089,CUST02391,Net Banking Issue,Low,Open,2020-05-17,,,App,,AGT004
TKT001090,CUST01994,ATM Issue,Medium,Resolved,2022-12-18,2022-12-22,96.0,Branch,2.0,AGT045
TKT001091,CUST01089,Transaction Dispute,Medium,Resolved,2024-02-08,2024-02-09,34.0,Chat,3.0,AGT004
TKT001092,CUST01088,ATM Issue,Medium,Resolved,2024-02-17,2024-02-22,132.0,Chat,5.0,AGT016
TKT001093,CUST00987,Fraud Report,Critical,In Progress,2021-06-12,,,Chat,,AGT008
TKT001094,CUST02537,ATM Issue,High,Resolved,2023-07-31,2023-08-03,69.0,Phone,5.0,AGT006
TKT001095,CUST02165,Fraud Report,Critical,Resolved,2024-08-17,2024-08-22,121.0,Branch,3.0,AGT016
TKT001096,CUST02641,Fraud Report,Critical,Resolved,2023-09-22,2023-09-29,156.0,Branch,1.0,AGT045
TKT001097,CUST01056,Account Opening,High,Resolved,2020-04-28,2020-05-01,74.0,Chat,3.0,AGT048
TKT001098,CUST02673,Account Opening,Low,Resolved,2022-06-14,2022-06-16,60.0,App,5.0,AGT001
TKT001099,CUST02923,Card Issue,Low,Resolved,2020-07-29,2020-07-29,8.0,Email,2.0,AGT016
TKT001100,CUST00545,General Query,High,Resolved,2021-03-16,2021-03-18,38.0,Email,3.0,AGT011
TKT001101,CUST01107,Account Opening,Low,Resolved,2023-05-22,2023-05-24,61.0,Phone,3.0,AGT001
TKT001102,CUST02470,Fraud Report,Critical,Open,2021-08-15,,,Phone,,AGT033
TKT001103,CUST02100,Fraud Report,Critical,In Progress,2021-04-25,,,Branch,,AGT007
TKT001104,CUST02440,Card Issue,Medium,Resolved,2020-06-03,2020-06-08,127.0,Chat,1.0,AGT021
TKT001105,CUST00719,ATM Issue,Low,Resolved,2023-08-14,2023-08-18,100.0,App,3.0,AGT013
TKT001106,CUST01036,Fraud Report,Critical,Resolved,2024-07-07,2024-07-09,62.0,Phone,2.0,AGT037
TKT001107,CUST01369,ATM Issue,Low,Resolved,2020-05-24,2020-05-28,96.0,App,3.0,AGT049
TKT001108,CUST02440,Account Opening,Medium,Open,2023-05-31,,,Branch,,AGT047
TKT001109,CUST01622,Interest Query,Medium,Resolved,2021-05-03,2021-05-09,132.0,Chat,5.0,AGT020
TKT001110,CUST02770,KYC Update,Critical,Resolved,2020-10-13,2020-10-18,114.0,Chat,1.0,AGT001
TKT001111,CUST01469,General Query,High,Resolved,2023-10-21,2023-10-28,162.0,Branch,2.0,AGT040
TKT001112,CUST02929,Net Banking Issue,Medium,Resolved,2020-03-07,2020-03-10,66.0,App,4.0,AGT004
TKT001113,CUST01176,Fraud Report,Critical,Resolved,2022-01-04,2022-01-05,30.0,Chat,2.0,AGT039
TKT001114,CUST01151,ATM Issue,Low,Resolved,2020-08-02,2020-08-08,136.0,Phone,4.0,AGT050
TKT001115,CUST01656,Interest Query,High,Resolved,2022-04-12,2022-04-17,123.0,App,1.0,AGT001
TKT001116,CUST01486,Loan Query,Medium,Resolved,2022-04-18,2022-04-22,112.0,Email,4.0,AGT041
TKT001117,CUST02711,Fraud Report,Critical,Resolved,2020-08-23,2020-08-24,34.0,Chat,5.0,AGT050
TKT001118,CUST01840,Loan Query,High,Resolved,2024-06-13,2024-06-19,155.0,Email,3.0,AGT013
TKT001119,CUST00186,General Query,Low,Resolved,2024-05-18,2024-05-23,125.0,Chat,2.0,AGT011
TKT001120,CUST02697,ATM Issue,Medium,Resolved,2024-02-07,2024-02-10,67.0,App,3.0,AGT030
TKT001121,CUST00670,Loan Query,Medium,In Progress,2022-01-14,,,Phone,,AGT028
TKT001122,CUST02281,General Query,Low,Resolved,2021-06-06,2021-06-09,82.0,Chat,5.0,AGT014
TKT001123,CUST01260,Transaction Dispute,Critical,Resolved,2022-03-26,2022-04-01,133.0,Phone,4.0,AGT015
TKT001124,CUST02621,General Query,Medium,Resolved,2022-02-05,2022-02-10,141.0,App,4.0,AGT025
TKT001125,CUST00465,Card Issue,Medium,In Progress,2024-03-24,,,Branch,,AGT046
TKT001126,CUST01635,Loan Query,High,Resolved,2022-01-23,2022-01-29,146.0,Email,5.0,AGT039
TKT001127,CUST00026,Net Banking Issue,Low,Resolved,2020-10-27,2020-11-03,162.0,App,4.0,AGT038
TKT001128,CUST01611,Account Opening,High,Resolved,2022-11-09,2022-11-12,88.0,Chat,5.0,AGT031
TKT001129,CUST01214,KYC Update,Low,Resolved,2022-06-05,2022-06-12,164.0,Branch,3.0,AGT006
TKT001130,CUST01527,ATM Issue,Critical,Resolved,2021-12-23,2021-12-24,17.0,Phone,1.0,AGT039
TKT001131,CUST02627,ATM Issue,Critical,Resolved,2022-02-05,2022-02-11,144.0,Branch,1.0,AGT002
TKT001132,CUST02808,KYC Update,High,Resolved,2022-05-26,2022-05-29,67.0,Chat,3.0,AGT030
TKT001133,CUST01515,Account Opening,Medium,Resolved,2022-09-05,2022-09-09,86.0,Email,5.0,AGT027
TKT001134,CUST00737,Interest Query,Medium,Resolved,2023-02-12,2023-02-14,52.0,Phone,2.0,AGT047
TKT001135,CUST02214,General Query,Low,Resolved,2022-03-05,2022-03-08,83.0,Email,4.0,AGT032
TKT001136,CUST01188,Card Issue,Medium,Resolved,2023-08-22,2023-08-23,19.0,App,5.0,AGT020
TKT001137,CUST02555,ATM Issue,High,Resolved,2021-10-31,2021-11-05,124.0,Branch,4.0,AGT020
TKT001138,CUST02490,Net Banking Issue,Low,Resolved,2024-12-27,2024-12-27,6.0,Phone,5.0,AGT024
TKT001139,CUST02510,General Query,Low,Resolved,2022-08-03,2022-08-10,167.0,Branch,2.0,AGT035
TKT001140,CUST00460,Account Opening,High,In Progress,2023-10-20,,,Phone,,AGT009
TKT001141,CUST01741,Loan Query,Medium,Resolved,2024-03-20,2024-03-26,151.0,Chat,2.0,AGT031
TKT001142,CUST00721,Interest Query,Low,Resolved,2024-12-26,2024-12-29,74.0,App,4.0,AGT041
TKT001143,CUST00031,Transaction Dispute,Medium,Resolved,2020-03-23,2020-03-30,158.0,Email,5.0,AGT001
TKT001144,CUST00714,Fraud Report,Critical,Resolved,2022-02-15,2022-02-20,101.0,Branch,2.0,AGT036
TKT001145,CUST01069,Loan Query,Medium,Resolved,2020-06-28,2020-07-01,84.0,Branch,3.0,AGT013
TKT001146,CUST02899,Account Opening,Low,Resolved,2024-11-25,2024-11-27,45.0,Email,3.0,AGT020
TKT001147,CUST01132,Card Issue,Medium,Resolved,2022-06-16,2022-06-21,124.0,Chat,4.0,AGT033
TKT001148,CUST01656,Fraud Report,Critical,Resolved,2020-03-05,2020-03-08,67.0,Branch,2.0,AGT011
TKT001149,CUST01510,ATM Issue,Low,Resolved,2020-01-10,2020-01-15,126.0,Email,5.0,AGT008
TKT001150,CUST02515,Transaction Dispute,High,Resolved,2021-10-22,2021-10-29,151.0,Phone,1.0,AGT029
TKT001151,CUST02737,Transaction Dispute,High,Resolved,2022-08-18,2022-08-21,64.0,Branch,4.0,AGT049
TKT001152,CUST02129,Transaction Dispute,Low,Resolved,2021-06-17,2021-06-21,83.0,Email,4.0,AGT027
TKT001153,CUST00133,Loan Query,Medium,Resolved,2022-06-12,2022-06-13,18.0,App,5.0,AGT022
TKT001154,CUST00063,Account Opening,High,In Progress,2023-09-22,,,App,,AGT034
TKT001155,CUST01783,Card Issue,Low,Resolved,2021-01-05,2021-01-07,40.0,Branch,5.0,AGT030
TKT001156,CUST00385,Account Opening,Medium,Resolved,2021-10-18,2021-10-22,97.0,Chat,4.0,AGT031
TKT001157,CUST02280,Interest Query,Medium,Resolved,2021-03-05,2021-03-06,16.0,Branch,5.0,AGT023
TKT001158,CUST02046,Interest Query,Low,Resolved,2024-07-03,2024-07-09,138.0,Email,2.0,AGT041
TKT001159,CUST00317,General Query,High,Open,2022-01-19,,,Chat,,AGT014
TKT001160,CUST02659,Account Opening,High,In Progress,2021-03-14,,,App,,AGT024
TKT001161,CUST02396,Card Issue,Critical,Resolved,2020-03-10,2020-03-13,77.0,Email,1.0,AGT048
TKT001162,CUST00593,Fraud Report,Critical,Resolved,2020-06-19,2020-06-21,39.0,Branch,3.0,AGT013
TKT001163,CUST02474,Loan Query,Medium,Resolved,2024-04-10,2024-04-17,168.0,Chat,3.0,AGT011
TKT001164,CUST01026,General Query,High,Resolved,2024-08-09,2024-08-13,98.0,Chat,5.0,AGT037
TKT001165,CUST00830,Account Opening,Low,Resolved,2022-03-30,2022-04-01,33.0,Chat,5.0,AGT010
TKT001166,CUST01020,KYC Update,Medium,Open,2020-01-22,,,Chat,,AGT033
TKT001167,CUST00380,Loan Query,Medium,Resolved,2020-09-13,2020-09-17,101.0,Branch,1.0,AGT036
TKT001168,CUST02031,Loan Query,High,Resolved,2024-07-03,2024-07-08,133.0,Branch,4.0,AGT022
TKT001169,CUST01686,General Query,Low,Resolved,2020-10-17,2020-10-22,123.0,Branch,1.0,AGT023
TKT001170,CUST01617,Interest Query,Low,Resolved,2022-01-17,2022-01-23,133.0,Branch,4.0,AGT031
TKT001171,CUST00633,Fraud Report,Critical,Resolved,2020-09-04,2020-09-05,39.0,Chat,3.0,AGT013
TKT001172,CUST00447,Loan Query,Medium,Resolved,2020-11-13,2020-11-13,8.0,Chat,3.0,AGT032
TKT001173,CUST01067,Net Banking Issue,High,Resolved,2020-08-28,2020-08-31,72.0,App,4.0,AGT033
TKT001174,CUST01402,Card Issue,Medium,Resolved,2024-02-07,2024-02-12,114.0,Phone,5.0,AGT027
TKT001175,CUST00994,Net Banking Issue,Medium,Resolved,2022-07-27,2022-07-30,86.0,App,5.0,AGT042
TKT001176,CUST02546,Card Issue,High,Resolved,2023-01-08,2023-01-15,160.0,Branch,3.0,AGT049
TKT001177,CUST00808,Net Banking Issue,Medium,Resolved,2023-06-13,2023-06-18,118.0,Branch,1.0,AGT032
TKT001178,CUST01937,Transaction Dispute,Low,Open,2022-02-27,,,Email,,AGT005
TKT001179,CUST02263,Card Issue,Critical,Resolved,2023-08-23,2023-08-25,50.0,Phone,4.0,AGT043
TKT001180,CUST01907,Interest Query,Low,Resolved,2021-05-12,2021-05-16,111.0,Chat,2.0,AGT041
TKT001181,CUST02978,Interest Query,Medium,Resolved,2021-08-14,2021-08-18,106.0,Chat,3.0,AGT013
TKT001182,CUST02061,Card Issue,Medium,Resolved,2021-04-23,2021-04-29,143.0,Phone,2.0,AGT048
TKT001183,CUST02799,Loan Query,Low,Resolved,2020-05-22,2020-05-26,101.0,Chat,3.0,AGT007
TKT001184,CUST00174,Fraud Report,Critical,Resolved,2023-09-26,2023-09-29,62.0,Branch,2.0,AGT015
TKT001185,CUST02687,Loan Query,Medium,Resolved,2020-08-26,2020-09-01,153.0,Phone,1.0,AGT026
TKT001186,CUST00961,Loan Query,Low,Resolved,2023-10-25,2023-10-28,78.0,Phone,2.0,AGT001
TKT001187,CUST02013,ATM Issue,Low,Open,2022-04-06,,,Phone,,AGT029
TKT001188,CUST01010,Fraud Report,Critical,Resolved,2021-09-25,2021-09-28,87.0,Chat,3.0,AGT037
TKT001189,CUST00854,Card Issue,High,In Progress,2024-04-29,,,Phone,,AGT019
TKT001190,CUST01774,Fraud Report,Critical,Resolved,2020-12-24,2020-12-26,41.0,Email,5.0,AGT008
TKT001191,CUST01343,General Query,Low,Resolved,2024-01-31,2024-02-05,119.0,Phone,4.0,AGT027
TKT001192,CUST00547,Loan Query,Low,In Progress,2024-01-03,,,App,,AGT028
TKT001193,CUST02977,KYC Update,Low,Resolved,2021-09-08,2021-09-11,83.0,Email,5.0,AGT006
TKT001194,CUST01025,KYC Update,Medium,Resolved,2024-11-24,2024-11-25,29.0,Chat,3.0,AGT007
TKT001195,CUST00783,Net Banking Issue,High,Resolved,2020-01-30,2020-02-02,72.0,Branch,1.0,AGT016
TKT001196,CUST01777,KYC Update,Medium,Resolved,2021-05-26,2021-05-31,124.0,App,4.0,AGT050
TKT001197,CUST01193,Interest Query,High,Resolved,2021-10-28,2021-11-03,138.0,Email,5.0,AGT044
TKT001198,CUST02164,Loan Query,High,Open,2020-03-07,,,Branch,,AGT005
TKT001199,CUST01642,Net Banking Issue,Medium,Resolved,2023-03-22,2023-03-22,11.0,App,3.0,AGT045
TKT001200,CUST02312,Fraud Report,Critical,Resolved,2020-06-08,2020-06-11,83.0,Phone,1.0,AGT020
TKT001201,CUST01189,Loan Query,Medium,Open,2023-07-27,,,App,,AGT016
TKT001202,CUST01065,Fraud Report,Critical,Resolved,2024-09-27,2024-10-03,150.0,Branch,1.0,AGT002
TKT001203,CUST01621,Interest Query,Critical,Resolved,2022-10-05,2022-10-11,147.0,App,4.0,AGT024
TKT001204,CUST01936,KYC Update,Medium,Resolved,2022-03-07,2022-03-11,86.0,Chat,4.0,AGT006
TKT001205,CUST00019,Account Opening,Medium,Resolved,2022-06-07,2022-06-07,2.0,App,5.0,AGT038
TKT001206,CUST00083,Transaction Dispute,Low,Resolved,2023-12-23,2023-12-24,24.0,Email,2.0,AGT014
TKT001207,CUST02110,ATM Issue,Medium,In Progress,2023-01-19,,,Chat,,AGT046
TKT001208,CUST02236,Loan Query,High,Resolved,2021-05-26,2021-05-31,128.0,Chat,3.0,AGT019
TKT001209,CUST02489,Loan Query,High,Resolved,2021-07-18,2021-07-21,85.0,Chat,3.0,AGT047
TKT001210,CUST00050,General Query,Low,Resolved,2023-06-27,2023-06-29,64.0,Branch,3.0,AGT043
TKT001211,CUST00548,Account Opening,Critical,Resolved,2020-07-23,2020-07-28,109.0,Chat,4.0,AGT003
TKT001212,CUST01583,Net Banking Issue,Critical,Open,2021-09-27,,,Branch,,AGT004
TKT001213,CUST01665,Account Opening,Medium,Resolved,2021-02-12,2021-02-13,32.0,Phone,1.0,AGT037
TKT001214,CUST01759,Net Banking Issue,Low,Resolved,2023-02-13,2023-02-17,84.0,App,5.0,AGT017
TKT001215,CUST02071,Interest Query,Medium,Resolved,2023-06-25,2023-06-29,88.0,Chat,3.0,AGT030
TKT001216,CUST00806,Interest Query,Medium,Resolved,2021-01-09,2021-01-15,133.0,Phone,2.0,AGT005
TKT001217,CUST00783,Card Issue,Low,Resolved,2022-10-12,2022-10-19,146.0,Branch,5.0,AGT041
TKT001218,CUST00801,Account Opening,Medium,Resolved,2021-04-16,2021-04-20,96.0,Branch,3.0,AGT010
TKT001219,CUST02571,Interest Query,Low,Resolved,2021-09-09,2021-09-15,129.0,Chat,3.0,AGT028
TKT001220,CUST02264,Card Issue,Medium,Resolved,2020-02-14,2020-02-15,19.0,Branch,1.0,AGT001
TKT001221,CUST00983,KYC Update,Critical,Resolved,2023-09-26,2023-09-28,57.0,Chat,5.0,AGT025
TKT001222,CUST00099,Transaction Dispute,Critical,Resolved,2021-01-03,2021-01-05,46.0,App,5.0,AGT037
TKT001223,CUST01988,Card Issue,Low,Resolved,2022-02-10,2022-02-17,166.0,App,4.0,AGT012
TKT001224,CUST00526,Net Banking Issue,Medium,Resolved,2021-06-22,2021-06-23,22.0,App,2.0,AGT007
TKT001225,CUST02448,Interest Query,Low,Resolved,2020-10-10,2020-10-12,38.0,Email,3.0,AGT022
TKT001226,CUST02352,Fraud Report,Critical,Resolved,2022-05-12,2022-05-15,82.0,Phone,3.0,AGT026
TKT001227,CUST00839,Fraud Report,Critical,Resolved,2024-04-21,2024-04-25,110.0,App,1.0,AGT047
TKT001228,CUST00962,Fraud Report,Critical,Resolved,2024-04-06,2024-04-09,69.0,Chat,3.0,AGT029
TKT001229,CUST00734,Fraud Report,Critical,Resolved,2024-08-10,2024-08-12,33.0,Chat,3.0,AGT024
TKT001230,CUST00316,KYC Update,High,Resolved,2023-04-25,2023-05-01,142.0,App,1.0,AGT040
TKT001231,CUST02982,KYC Update,Medium,Resolved,2022-05-10,2022-05-16,148.0,App,4.0,AGT027
TKT001232,CUST02592,ATM Issue,Low,Resolved,2022-07-07,2022-07-11,76.0,Chat,5.0,AGT009
TKT001233,CUST00685,KYC Update,Critical,In Progress,2021-02-02,,,Phone,,AGT019
TKT001234,CUST01937,Account Opening,Medium,Resolved,2022-06-07,2022-06-09,27.0,Branch,2.0,AGT037
TKT001235,CUST01963,Loan Query,High,Resolved,2022-09-22,2022-09-25,65.0,App,3.0,AGT010
TKT001236,CUST02120,Interest Query,Low,Open,2020-01-31,,,Branch,,AGT034
TKT001237,CUST00665,Loan Query,Low,Resolved,2020-08-23,2020-08-30,159.0,App,5.0,AGT018
TKT001238,CUST02309,ATM Issue,Low,Resolved,2021-09-25,2021-09-25,14.0,App,3.0,AGT031
TKT001239,CUST02345,Net Banking Issue,Medium,Resolved,2020-07-28,2020-07-29,4.0,Email,1.0,AGT021
TKT001240,CUST02359,Net Banking Issue,Medium,Resolved,2023-02-17,2023-02-19,61.0,Chat,3.0,AGT021
TKT001241,CUST01601,Net Banking Issue,High,Resolved,2021-03-18,2021-03-19,41.0,Phone,4.0,AGT036
TKT001242,CUST02531,ATM Issue,Medium,Resolved,2023-07-17,2023-07-24,160.0,Email,3.0,AGT002
TKT001243,CUST00315,Interest Query,Medium,Resolved,2020-11-22,2020-11-27,118.0,Phone,5.0,AGT018
TKT001244,CUST02749,KYC Update,High,Resolved,2020-05-05,2020-05-05,15.0,Phone,5.0,AGT043
TKT001245,CUST01013,Card Issue,Medium,Resolved,2021-05-10,2021-05-12,51.0,App,4.0,AGT035
TKT001246,CUST00703,Net Banking Issue,Medium,Resolved,2022-03-26,2022-03-30,94.0,App,1.0,AGT018
TKT001247,CUST02105,Fraud Report,Critical,Resolved,2021-05-13,2021-05-16,69.0,Phone,5.0,AGT019
TKT001248,CUST00180,Fraud Report,Critical,Resolved,2021-08-19,2021-08-21,50.0,Chat,3.0,AGT030
TKT001249,CUST02473,General Query,Critical,Resolved,2023-03-24,2023-03-30,143.0,Phone,4.0,AGT037
TKT001250,CUST01370,Net Banking Issue,Low,Resolved,2022-06-02,2022-06-06,86.0,Email,5.0,AGT033
TKT001251,CUST00242,Interest Query,Low,Open,2022-10-29,,,Chat,,AGT032
TKT001252,CUST00268,KYC Update,Low,Resolved,2024-11-27,2024-11-27,9.0,App,2.0,AGT049
TKT001253,CUST02868,Loan Query,Medium,Resolved,2023-09-03,2023-09-05,47.0,Email,5.0,AGT045
TKT001254,CUST02047,Interest Query,Medium,Open,2022-05-05,,,Branch,,AGT043
TKT001255,CUST02363,KYC Update,Medium,Resolved,2020-11-12,2020-11-16,81.0,Email,2.0,AGT020
TKT001256,CUST00642,KYC Update,Medium,Resolved,2022-10-05,2022-10-07,45.0,Branch,3.0,AGT022
TKT001257,CUST01249,Card Issue,Critical,Resolved,2024-08-25,2024-08-30,118.0,Branch,2.0,AGT032
TKT001258,CUST00466,Account Opening,High,Resolved,2023-10-15,2023-10-17,30.0,Chat,5.0,AGT044
TKT001259,CUST01683,General Query,High,Resolved,2023-08-23,2023-08-24,25.0,Email,2.0,AGT014
TKT001260,CUST02011,KYC Update,Low,Resolved,2022-04-30,2022-05-05,118.0,Email,5.0,AGT043
TKT001261,CUST01866,Transaction Dispute,Critical,Resolved,2021-11-07,2021-11-11,109.0,Branch,2.0,AGT023
TKT001262,CUST01084,General Query,High,Resolved,2020-11-22,2020-11-26,104.0,Email,4.0,AGT003
TKT001263,CUST02081,Card Issue,Medium,Resolved,2023-07-10,2023-07-17,159.0,Email,4.0,AGT007
TKT001264,CUST02591,Interest Query,Medium,Open,2023-01-30,,,Branch,,AGT023
TKT001265,CUST01877,KYC Update,Medium,Resolved,2022-05-29,2022-06-02,94.0,Phone,1.0,AGT022
TKT001266,CUST01284,General Query,Medium,Resolved,2021-07-05,2021-07-10,133.0,App,2.0,AGT036
TKT001267,CUST00691,General Query,Critical,Resolved,2023-11-15,2023-11-18,85.0,App,4.0,AGT005
TKT001268,CUST00865,General Query,Critical,Resolved,2022-02-07,2022-02-13,137.0,Branch,2.0,AGT041
TKT001269,CUST01086,Loan Query,Medium,Resolved,2022-05-07,2022-05-08,24.0,Phone,1.0,AGT020
TKT001270,CUST02599,General Query,High,Resolved,2024-01-30,2024-02-01,56.0,Email,5.0,AGT023
TKT001271,CUST01328,Transaction Dispute,Low,Resolved,2020-12-14,2020-12-20,136.0,Chat,3.0,AGT032
TKT001272,CUST02518,Transaction Dispute,Low,Open,2024-12-27,,,Branch,,AGT033
TKT001273,CUST00179,Interest Query,Critical,Resolved,2023-04-04,2023-04-11,167.0,Phone,3.0,AGT021
TKT001274,CUST01950,Net Banking Issue,Medium,Resolved,2020-10-19,2020-10-19,5.0,Chat,3.0,AGT040
TKT001275,CUST00909,Loan Query,Medium,Resolved,2020-01-19,2020-01-23,103.0,App,3.0,AGT004
TKT001276,CUST01614,Fraud Report,Critical,Resolved,2020-04-04,2020-04-04,17.0,App,4.0,AGT049
TKT001277,CUST01796,Fraud Report,Critical,Resolved,2022-08-23,2022-08-26,88.0,Phone,5.0,AGT030
TKT001278,CUST02826,Transaction Dispute,Low,Resolved,2021-01-05,2021-01-07,66.0,App,5.0,AGT012
TKT001279,CUST01653,General Query,Critical,Resolved,2022-06-23,2022-06-28,123.0,Branch,2.0,AGT009
TKT001280,CUST01609,General Query,Medium,Resolved,2022-10-31,2022-11-02,46.0,Email,2.0,AGT022
TKT001281,CUST00353,Account Opening,High,Resolved,2024-07-23,2024-07-27,92.0,Email,2.0,AGT046
TKT001282,CUST00904,Fraud Report,Critical,Resolved,2021-01-15,2021-01-15,11.0,App,1.0,AGT032
TKT001283,CUST02664,KYC Update,Low,Resolved,2020-07-22,2020-07-24,60.0,Branch,1.0,AGT048
TKT001284,CUST01355,Loan Query,High,Resolved,2022-12-19,2022-12-24,134.0,App,4.0,AGT026
TKT001285,CUST01829,Loan Query,Low,Resolved,2021-07-22,2021-07-25,77.0,App,2.0,AGT021
TKT001286,CUST01576,Net Banking Issue,High,Open,2023-05-04,,,App,,AGT008
TKT001287,CUST00612,Account Opening,Medium,In Progress,2021-01-01,,,App,,AGT034
TKT001288,CUST01898,Transaction Dispute,Medium,Resolved,2022-01-15,2022-01-15,7.0,Email,1.0,AGT036
TKT001289,CUST01431,General Query,Medium,Resolved,2023-03-05,2023-03-07,48.0,Phone,4.0,AGT006
TKT001290,CUST00632,General Query,Medium,Resolved,2020-12-20,2020-12-20,5.0,Chat,4.0,AGT014
TKT001291,CUST01998,Interest Query,High,Resolved,2023-05-22,2023-05-25,60.0,Phone,5.0,AGT042
TKT001292,CUST01201,General Query,High,In Progress,2023-02-16,,,Email,,AGT034
TKT001293,CUST02665,Account Opening,Medium,Open,2024-09-28,,,App,,AGT027
TKT001294,CUST00517,ATM Issue,Medium,Resolved,2023-08-17,2023-08-20,81.0,App,4.0,AGT042
TKT001295,CUST02998,ATM Issue,High,Resolved,2020-06-08,2020-06-12,96.0,Phone,2.0,AGT019
TKT001296,CUST02608,Loan Query,High,Resolved,2023-05-14,2023-05-19,133.0,Chat,1.0,AGT044
TKT001297,CUST00402,Loan Query,Medium,Resolved,2020-01-12,2020-01-13,22.0,Chat,2.0,AGT016
TKT001298,CUST02270,ATM Issue,Low,Resolved,2022-06-16,2022-06-22,140.0,Chat,2.0,AGT021
TKT001299,CUST01297,Fraud Report,Critical,Resolved,2022-12-11,2022-12-18,157.0,App,5.0,AGT002
TKT001300,CUST00056,Net Banking Issue,High,Resolved,2023-11-06,2023-11-12,140.0,App,3.0,AGT010
TKT001301,CUST00298,ATM Issue,High,Resolved,2022-12-18,2022-12-23,121.0,Phone,2.0,AGT008
TKT001302,CUST01765,Loan Query,Low,Resolved,2020-02-13,2020-02-15,49.0,Email,1.0,AGT033
TKT001303,CUST02762,Interest Query,Low,Resolved,2024-08-24,2024-08-28,87.0,App,1.0,AGT015
TKT001304,CUST01531,General Query,Medium,Resolved,2021-02-04,2021-02-05,26.0,Chat,4.0,AGT026
TKT001305,CUST01045,KYC Update,High,Resolved,2022-06-18,2022-06-24,156.0,Phone,1.0,AGT027
TKT001306,CUST00294,ATM Issue,High,Resolved,2024-11-13,2024-11-17,102.0,Branch,5.0,AGT029
TKT001307,CUST02751,Net Banking Issue,Medium,Resolved,2022-11-14,2022-11-20,147.0,Phone,4.0,AGT040
TKT001308,CUST01147,Interest Query,Low,Resolved,2024-08-14,2024-08-18,105.0,Chat,3.0,AGT011
TKT001309,CUST01181,Fraud Report,Critical,Resolved,2022-01-03,2022-01-07,81.0,App,3.0,AGT044
TKT001310,CUST02839,KYC Update,Low,Resolved,2023-09-07,2023-09-12,121.0,App,4.0,AGT045
TKT001311,CUST02169,Interest Query,Low,Open,2021-02-11,,,Phone,,AGT038
TKT001312,CUST02774,Account Opening,Medium,Resolved,2021-07-17,2021-07-24,166.0,Email,5.0,AGT036
TKT001313,CUST01133,Interest Query,Medium,Resolved,2022-08-25,2022-08-26,21.0,Branch,3.0,AGT045
TKT001314,CUST02257,KYC Update,Medium,Open,2020-01-11,,,Email,,AGT037
TKT001315,CUST01763,General Query,Medium,Resolved,2024-08-30,2024-09-03,93.0,Email,4.0,AGT045
TKT001316,CUST00043,ATM Issue,Low,Resolved,2022-10-12,2022-10-16,97.0,Branch,2.0,AGT017
TKT001317,CUST01441,Loan Query,Medium,Resolved,2021-05-18,2021-05-22,104.0,Chat,5.0,AGT050
TKT001318,CUST01040,General Query,Medium,Resolved,2023-11-15,2023-11-15,14.0,App,3.0,AGT022
TKT001319,CUST01999,Net Banking Issue,Medium,Resolved,2023-07-15,2023-07-16,32.0,Chat,3.0,AGT047
TKT001320,CUST02542,Loan Query,Low,Resolved,2021-12-09,2021-12-14,140.0,Email,3.0,AGT027
TKT001321,CUST01365,ATM Issue,High,Resolved,2022-01-28,2022-02-02,132.0,Branch,2.0,AGT019
TKT001322,CUST00724,General Query,Medium,Resolved,2020-03-10,2020-03-14,101.0,Phone,4.0,AGT048
TKT001323,CUST02405,Account Opening,Low,Resolved,2020-06-30,2020-07-05,102.0,Chat,3.0,AGT043
TKT001324,CUST00679,KYC Update,Medium,Resolved,2023-01-12,2023-01-18,132.0,Chat,3.0,AGT004
TKT001325,CUST00212,Card Issue,High,Resolved,2024-09-16,2024-09-17,36.0,Phone,4.0,AGT030
TKT001326,CUST01457,Transaction Dispute,Medium,Resolved,2020-01-19,2020-01-21,42.0,Email,3.0,AGT034
TKT001327,CUST02252,Account Opening,Medium,Resolved,2021-06-07,2021-06-10,60.0,Phone,1.0,AGT004
TKT001328,CUST00684,Loan Query,High,Resolved,2020-03-17,2020-03-20,64.0,App,2.0,AGT013
TKT001329,CUST01963,Fraud Report,Critical,In Progress,2020-03-07,,,Branch,,AGT044
TKT001330,CUST01581,KYC Update,Low,Resolved,2020-06-16,2020-06-19,61.0,Branch,1.0,AGT045
TKT001331,CUST00050,KYC Update,Medium,In Progress,2024-10-28,,,Branch,,AGT014
TKT001332,CUST00708,Net Banking Issue,Low,Resolved,2024-01-30,2024-01-31,34.0,Phone,3.0,AGT035
TKT001333,CUST02065,Account Opening,Low,Resolved,2021-12-27,2021-12-28,21.0,Branch,1.0,AGT003
TKT001334,CUST02605,KYC Update,Medium,Resolved,2022-11-01,2022-11-08,168.0,Phone,2.0,AGT039
TKT001335,CUST01716,Transaction Dispute,Low,Resolved,2021-02-07,2021-02-11,89.0,Branch,5.0,AGT005
TKT001336,CUST00055,Transaction Dispute,Medium,Resolved,2020-06-01,2020-06-05,79.0,Branch,3.0,AGT009
TKT001337,CUST00581,General Query,High,Resolved,2023-02-15,2023-02-20,109.0,Email,4.0,AGT016
TKT001338,CUST00675,Net Banking Issue,High,Resolved,2020-03-03,2020-03-06,67.0,Branch,1.0,AGT006
TKT001339,CUST01769,ATM Issue,Medium,Resolved,2020-09-12,2020-09-17,100.0,Branch,4.0,AGT041
TKT001340,CUST01726,General Query,Low,Resolved,2022-05-16,2022-05-18,43.0,App,5.0,AGT048
TKT001341,CUST01504,Net Banking Issue,Medium,Resolved,2020-04-16,2020-04-22,129.0,Email,2.0,AGT013
TKT001342,CUST02098,Loan Query,Medium,Resolved,2024-01-21,2024-01-23,49.0,Email,4.0,AGT031
TKT001343,CUST01359,Loan Query,Medium,Resolved,2024-07-03,2024-07-09,132.0,App,4.0,AGT014
TKT001344,CUST00449,General Query,Medium,Resolved,2023-03-27,2023-04-02,144.0,Branch,2.0,AGT018
TKT001345,CUST00130,General Query,Medium,Resolved,2023-01-22,2023-01-28,151.0,Email,2.0,AGT002
TKT001346,CUST01788,Account Opening,Medium,Resolved,2021-02-04,2021-02-05,4.0,Chat,4.0,AGT002
TKT001347,CUST01913,Fraud Report,Critical,Resolved,2020-11-05,2020-11-11,162.0,Branch,1.0,AGT005
TKT001348,CUST02008,ATM Issue,Low,In Progress,2020-10-11,,,App,,AGT043
TKT001349,CUST02896,Interest Query,Medium,Open,2023-08-29,,,Chat,,AGT037
TKT001350,CUST02940,Fraud Report,Critical,Resolved,2024-11-21,2024-11-25,95.0,Branch,3.0,AGT049
TKT001351,CUST02202,General Query,Medium,Resolved,2020-03-31,2020-04-04,97.0,Branch,3.0,AGT047
TKT001352,CUST01457,Net Banking Issue,Low,Resolved,2020-09-18,2020-09-21,82.0,App,4.0,AGT017
TKT001353,CUST02208,Net Banking Issue,Low,Resolved,2024-06-05,2024-06-11,139.0,Chat,2.0,AGT029
TKT001354,CUST01527,Fraud Report,Critical,Resolved,2022-08-02,2022-08-04,65.0,Email,3.0,AGT036
TKT001355,CUST01641,Transaction Dispute,High,Resolved,2023-05-06,2023-05-10,99.0,Chat,1.0,AGT043
TKT001356,CUST00568,Transaction Dispute,Medium,Resolved,2021-03-23,2021-03-25,47.0,Phone,4.0,AGT020
TKT001357,CUST01298,Account Opening,High,In Progress,2022-09-07,,,Email,,AGT042
TKT001358,CUST00227,KYC Update,Medium,Resolved,2023-05-09,2023-05-10,31.0,Branch,4.0,AGT017
TKT001359,CUST00321,Loan Query,Medium,In Progress,2022-07-06,,,App,,AGT015
TKT001360,CUST00329,Card Issue,Critical,In Progress,2022-11-24,,,Email,,AGT007
TKT001361,CUST01130,Transaction Dispute,Low,Resolved,2024-01-16,2024-01-18,35.0,Email,3.0,AGT009
TKT001362,CUST00660,Net Banking Issue,Medium,Resolved,2021-04-14,2021-04-18,83.0,App,4.0,AGT007
TKT001363,CUST00544,Card Issue,High,Resolved,2023-01-03,2023-01-04,19.0,App,2.0,AGT023
TKT001364,CUST02119,KYC Update,Medium,Resolved,2023-11-22,2023-11-24,42.0,App,3.0,AGT016
TKT001365,CUST01008,Interest Query,Medium,Resolved,2023-07-10,2023-07-14,74.0,App,2.0,AGT015
TKT001366,CUST02765,Account Opening,Critical,Resolved,2021-12-02,2021-12-05,74.0,Email,1.0,AGT039
TKT001367,CUST02519,Card Issue,Low,Resolved,2020-04-17,2020-04-19,62.0,App,3.0,AGT039
TKT001368,CUST02821,ATM Issue,Medium,Resolved,2024-10-02,2024-10-07,119.0,Chat,5.0,AGT008
TKT001369,CUST01348,KYC Update,High,Resolved,2021-06-15,2021-06-16,20.0,Branch,4.0,AGT001
TKT001370,CUST00672,KYC Update,Critical,Resolved,2023-04-18,2023-04-19,27.0,Chat,1.0,AGT023
TKT001371,CUST01982,Net Banking Issue,Low,Resolved,2021-07-14,2021-07-18,96.0,Chat,4.0,AGT031
TKT001372,CUST01421,Net Banking Issue,Low,Resolved,2023-09-17,2023-09-19,33.0,Phone,1.0,AGT030
TKT001373,CUST00538,Transaction Dispute,Low,Resolved,2020-01-13,2020-01-15,53.0,Chat,1.0,AGT011
TKT001374,CUST02161,Card Issue,Medium,Resolved,2023-12-31,2024-01-06,135.0,Email,1.0,AGT026
TKT001375,CUST00771,Account Opening,High,Resolved,2024-08-01,2024-08-07,142.0,Phone,5.0,AGT009
TKT001376,CUST00521,General Query,Medium,Resolved,2024-10-14,2024-10-20,144.0,Email,3.0,AGT034
TKT001377,CUST00662,Fraud Report,Critical,Resolved,2022-08-03,2022-08-08,120.0,Chat,4.0,AGT036
TKT001378,CUST00599,ATM Issue,Low,Resolved,2020-05-20,2020-05-21,34.0,App,3.0,AGT026
TKT001379,CUST00201,Card Issue,Critical,Resolved,2022-10-11,2022-10-13,65.0,Branch,5.0,AGT015
TKT001380,CUST02998,KYC Update,Medium,Resolved,2023-11-28,2023-11-30,51.0,Chat,3.0,AGT008
TKT001381,CUST01506,General Query,Medium,Resolved,2020-11-16,2020-11-19,74.0,Phone,3.0,AGT009
TKT001382,CUST00112,General Query,Low,Resolved,2024-03-03,2024-03-10,167.0,App,3.0,AGT029
TKT001383,CUST00540,Fraud Report,Critical,Resolved,2021-08-26,2021-08-28,60.0,App,4.0,AGT039
TKT001384,CUST00602,General Query,Critical,Open,2024-04-16,,,App,,AGT031
TKT001385,CUST01091,Account Opening,Low,Resolved,2022-12-15,2022-12-18,77.0,Branch,3.0,AGT007
TKT001386,CUST00178,Net Banking Issue,Critical,Open,2023-03-11,,,Phone,,AGT005
TKT001387,CUST01768,Account Opening,Medium,Resolved,2020-10-07,2020-10-14,162.0,Chat,4.0,AGT006
TKT001388,CUST01842,Fraud Report,Critical,Resolved,2023-02-05,2023-02-06,31.0,App,5.0,AGT042
TKT001389,CUST00239,KYC Update,Low,Resolved,2020-03-06,2020-03-11,127.0,Phone,2.0,AGT032
TKT001390,CUST01824,KYC Update,Medium,Resolved,2021-04-27,2021-04-28,7.0,Phone,2.0,AGT012
TKT001391,CUST02905,Card Issue,Medium,Resolved,2023-03-18,2023-03-22,103.0,Chat,1.0,AGT026
TKT001392,CUST01771,Card Issue,High,Resolved,2024-03-05,2024-03-08,79.0,Chat,1.0,AGT025
TKT001393,CUST00447,Account Opening,High,Resolved,2024-02-23,2024-02-27,114.0,App,2.0,AGT021
TKT001394,CUST01617,KYC Update,High,Open,2023-04-01,,,Email,,AGT027
TKT001395,CUST00789,KYC Update,High,Resolved,2023-05-08,2023-05-10,56.0,App,4.0,AGT044
TKT001396,CUST01357,General Query,Low,Resolved,2022-07-28,2022-08-03,151.0,Chat,4.0,AGT024
TKT001397,CUST00835,Transaction Dispute,Medium,Open,2022-05-21,,,App,,AGT015
TKT001398,CUST01475,KYC Update,Low,In Progress,2024-06-13,,,Branch,,AGT047
TKT001399,CUST02831,Interest Query,Critical,Resolved,2022-06-05,2022-06-06,41.0,Chat,4.0,AGT007
TKT001400,CUST02880,Net Banking Issue,Critical,Resolved,2022-09-15,2022-09-22,151.0,App,1.0,AGT018
TKT001401,CUST01059,Fraud Report,Critical,Resolved,2023-10-21,2023-10-25,95.0,Phone,5.0,AGT023
TKT001402,CUST00597,Loan Query,Critical,Resolved,2022-04-08,2022-04-09,10.0,App,5.0,AGT016
TKT001403,CUST01153,Net Banking Issue,High,Resolved,2023-12-12,2023-12-15,77.0,Phone,5.0,AGT015
TKT001404,CUST01480,General Query,Low,Resolved,2022-10-14,2022-10-15,40.0,Phone,2.0,AGT015
TKT001405,CUST02094,Net Banking Issue,High,Resolved,2021-10-26,2021-11-02,168.0,Email,1.0,AGT014
TKT001406,CUST01786,Card Issue,Medium,Resolved,2021-06-04,2021-06-07,80.0,Phone,2.0,AGT027
TKT001407,CUST00762,KYC Update,High,Open,2020-02-03,,,Chat,,AGT047
TKT001408,CUST02712,Transaction Dispute,Low,Resolved,2022-04-10,2022-04-11,29.0,Branch,5.0,AGT040
TKT001409,CUST01635,Card Issue,High,Resolved,2020-08-19,2020-08-21,54.0,App,1.0,AGT038
TKT001410,CUST00797,Interest Query,High,Resolved,2023-06-29,2023-07-01,38.0,Phone,2.0,AGT011
TKT001411,CUST01964,Fraud Report,Critical,Resolved,2024-01-02,2024-01-02,3.0,Phone,4.0,AGT038
TKT001412,CUST01047,Net Banking Issue,High,Resolved,2021-05-07,2021-05-13,134.0,App,5.0,AGT035
TKT001413,CUST01176,Card Issue,Medium,Resolved,2023-08-12,2023-08-16,84.0,App,5.0,AGT039
TKT001414,CUST01344,Transaction Dispute,Medium,Resolved,2020-04-11,2020-04-12,35.0,Branch,5.0,AGT003
TKT001415,CUST00085,Interest Query,High,Resolved,2024-11-18,2024-11-22,88.0,Email,4.0,AGT040
TKT001416,CUST02201,Interest Query,Low,Resolved,2022-03-11,2022-03-13,52.0,Phone,2.0,AGT037
TKT001417,CUST00803,Net Banking Issue,Medium,Resolved,2023-03-17,2023-03-21,79.0,Phone,3.0,AGT010
TKT001418,CUST00637,Interest Query,Medium,Resolved,2024-04-06,2024-04-12,149.0,Branch,5.0,AGT015
TKT001419,CUST02668,Loan Query,High,Resolved,2020-04-05,2020-04-08,85.0,Branch,5.0,AGT044
TKT001420,CUST02318,Fraud Report,Critical,Resolved,2023-04-28,2023-05-04,146.0,Email,2.0,AGT024
TKT001421,CUST00233,KYC Update,High,Resolved,2023-12-26,2024-01-01,149.0,Chat,1.0,AGT005
TKT001422,CUST02208,Loan Query,Medium,Resolved,2023-09-07,2023-09-09,38.0,Phone,1.0,AGT006
TKT001423,CUST01633,Interest Query,High,Resolved,2021-02-03,2021-02-09,156.0,Chat,4.0,AGT009
TKT001424,CUST00010,Account Opening,Medium,Resolved,2021-12-15,2021-12-20,137.0,Phone,5.0,AGT007
TKT001425,CUST01779,ATM Issue,Low,Resolved,2021-03-24,2021-03-30,139.0,Branch,3.0,AGT041
TKT001426,CUST02149,Card Issue,High,Resolved,2020-05-07,2020-05-08,35.0,Chat,3.0,AGT003
TKT001427,CUST02256,Interest Query,Medium,Resolved,2023-01-23,2023-01-26,86.0,Email,3.0,AGT050
TKT001428,CUST00122,General Query,High,Resolved,2023-04-29,2023-05-02,70.0,Phone,5.0,AGT020
TKT001429,CUST01053,Interest Query,High,Resolved,2020-08-20,2020-08-22,65.0,Branch,5.0,AGT016
TKT001430,CUST00297,General Query,Low,Resolved,2024-04-09,2024-04-15,146.0,App,2.0,AGT011
TKT001431,CUST02638,Transaction Dispute,Medium,Resolved,2021-06-07,2021-06-08,34.0,Chat,4.0,AGT037
TKT001432,CUST01165,General Query,Critical,Resolved,2022-01-29,2022-02-04,140.0,Branch,4.0,AGT025
TKT001433,CUST02022,Net Banking Issue,Medium,In Progress,2023-12-21,,,Email,,AGT010
TKT001434,CUST02266,Net Banking Issue,Medium,Resolved,2020-10-21,2020-10-25,102.0,Phone,3.0,AGT034
TKT001435,CUST00999,Interest Query,Medium,Resolved,2023-03-15,2023-03-16,37.0,Phone,2.0,AGT014
TKT001436,CUST01664,Card Issue,Low,Resolved,2023-07-08,2023-07-14,144.0,Phone,5.0,AGT014
TKT001437,CUST02259,Net Banking Issue,Critical,In Progress,2023-02-13,,,Email,,AGT023
TKT001438,CUST01950,Interest Query,Medium,Resolved,2020-06-23,2020-06-23,4.0,App,2.0,AGT015
TKT001439,CUST00996,ATM Issue,High,Resolved,2023-07-30,2023-08-02,72.0,Email,3.0,AGT034
TKT001440,CUST02058,ATM Issue,Medium,Resolved,2020-03-01,2020-03-04,82.0,Phone,2.0,AGT020
TKT001441,CUST02799,KYC Update,Low,Resolved,2024-03-31,2024-04-05,127.0,Email,2.0,AGT006
TKT001442,CUST00305,Card Issue,Medium,Resolved,2023-02-15,2023-02-15,1.0,Branch,5.0,AGT031
TKT001443,CUST01370,Fraud Report,Critical,Resolved,2020-08-31,2020-09-04,93.0,Chat,2.0,AGT011
TKT001444,CUST00324,Interest Query,Low,Resolved,2021-04-12,2021-04-18,132.0,Email,1.0,AGT022
TKT001445,CUST01165,Interest Query,Low,Open,2020-12-31,,,Chat,,AGT046
TKT001446,CUST00746,Account Opening,Low,Resolved,2024-02-06,2024-02-08,40.0,Phone,2.0,AGT010
TKT001447,CUST01752,KYC Update,Medium,Resolved,2024-09-17,2024-09-19,49.0,Branch,5.0,AGT023
TKT001448,CUST01503,Interest Query,High,Open,2020-03-01,,,Branch,,AGT012
TKT001449,CUST00276,Card Issue,Low,Resolved,2023-02-09,2023-02-11,42.0,Phone,3.0,AGT002
TKT001450,CUST01511,Card Issue,High,Resolved,2024-01-20,2024-01-23,63.0,Branch,3.0,AGT017
TKT001451,CUST02912,KYC Update,High,Resolved,2021-02-27,2021-02-27,10.0,Chat,5.0,AGT009
TKT001452,CUST00927,Loan Query,Low,Resolved,2024-03-04,2024-03-09,103.0,App,3.0,AGT024
TKT001453,CUST00428,Fraud Report,Critical,Resolved,2024-03-14,2024-03-19,112.0,Phone,5.0,AGT018
TKT001454,CUST01812,Interest Query,Medium,Resolved,2021-05-27,2021-05-28,28.0,Branch,3.0,AGT019
TKT001455,CUST00931,Account Opening,Low,Resolved,2020-11-25,2020-11-26,32.0,Branch,4.0,AGT045
TKT001456,CUST00072,Account Opening,Low,Resolved,2020-07-29,2020-08-02,99.0,Chat,2.0,AGT035
TKT001457,CUST01493,KYC Update,Critical,In Progress,2020-09-10,,,Chat,,AGT014
TKT001458,CUST01377,Transaction Dispute,Medium,Resolved,2022-04-05,2022-04-11,138.0,App,2.0,AGT042
TKT001459,CUST02811,Account Opening,Low,Resolved,2020-09-02,2020-09-07,114.0,Email,3.0,AGT036
TKT001460,CUST01320,Loan Query,Medium,Resolved,2021-04-04,2021-04-08,88.0,Phone,5.0,AGT020
TKT001461,CUST02024,Interest Query,Medium,Resolved,2020-07-08,2020-07-10,43.0,Phone,2.0,AGT014
TKT001462,CUST02781,General Query,Medium,Resolved,2023-12-03,2023-12-08,123.0,Chat,5.0,AGT016
TKT001463,CUST01578,Card Issue,High,Open,2020-11-27,,,Phone,,AGT018
TKT001464,CUST00982,KYC Update,High,Resolved,2021-06-24,2021-06-28,96.0,Chat,4.0,AGT007
TKT001465,CUST00064,Fraud Report,Critical,Resolved,2022-08-09,2022-08-13,100.0,App,1.0,AGT023
TKT001466,CUST01457,Transaction Dispute,Low,Resolved,2021-07-29,2021-07-31,59.0,App,5.0,AGT002
TKT001467,CUST02415,KYC Update,High,Resolved,2024-06-11,2024-06-13,49.0,Email,2.0,AGT018
TKT001468,CUST02530,Interest Query,Medium,Resolved,2022-03-01,2022-03-08,163.0,Branch,2.0,AGT015
TKT001469,CUST01162,Card Issue,Low,Resolved,2022-02-08,2022-02-12,102.0,Chat,2.0,AGT011
TKT001470,CUST02129,Net Banking Issue,Medium,Resolved,2020-05-07,2020-05-10,88.0,App,2.0,AGT042
TKT001471,CUST02658,KYC Update,Critical,Resolved,2023-06-22,2023-06-23,15.0,Branch,3.0,AGT014
TKT001472,CUST02282,General Query,Critical,Resolved,2021-02-04,2021-02-10,144.0,Phone,4.0,AGT033
TKT001473,CUST00511,Loan Query,Medium,Resolved,2023-12-05,2023-12-08,62.0,App,1.0,AGT002
TKT001474,CUST02692,Net Banking Issue,High,Resolved,2021-09-25,2021-09-29,107.0,App,1.0,AGT019
TKT001475,CUST01818,Account Opening,High,Resolved,2021-09-09,2021-09-10,28.0,App,2.0,AGT022
TKT001476,CUST02855,Fraud Report,Critical,Resolved,2020-01-06,2020-01-11,139.0,Branch,4.0,AGT036
TKT001477,CUST00617,Net Banking Issue,High,Resolved,2021-06-04,2021-06-04,5.0,Phone,5.0,AGT012
TKT001478,CUST01890,Net Banking Issue,Low,Resolved,2021-08-03,2021-08-03,7.0,Chat,4.0,AGT019
TKT001479,CUST01119,Fraud Report,Critical,Resolved,2024-09-08,2024-09-11,84.0,Branch,3.0,AGT036
TKT001480,CUST01687,General Query,High,Resolved,2021-04-12,2021-04-17,118.0,Email,4.0,AGT030
TKT001481,CUST01784,KYC Update,High,Resolved,2023-11-15,2023-11-20,127.0,App,3.0,AGT002
TKT001482,CUST00890,ATM Issue,Medium,Resolved,2021-12-29,2022-01-04,150.0,Email,5.0,AGT042
TKT001483,CUST00734,Fraud Report,Critical,Resolved,2021-01-28,2021-02-04,167.0,App,4.0,AGT040
TKT001484,CUST02973,KYC Update,Medium,Resolved,2020-10-09,2020-10-09,19.0,Phone,2.0,AGT042
TKT001485,CUST01337,Card Issue,Low,Resolved,2022-10-08,2022-10-14,146.0,Phone,5.0,AGT032
TKT001486,CUST02254,Fraud Report,Critical,Resolved,2022-10-10,2022-10-14,99.0,Chat,1.0,AGT004
TKT001487,CUST02571,KYC Update,Low,Resolved,2023-07-18,2023-07-22,115.0,Email,5.0,AGT050
TKT001488,CUST02670,Transaction Dispute,Low,Resolved,2022-08-23,2022-08-23,6.0,Branch,4.0,AGT042
TKT001489,CUST02430,Account Opening,High,Resolved,2022-08-11,2022-08-12,25.0,Phone,5.0,AGT005
TKT001490,CUST00573,Loan Query,High,In Progress,2021-11-20,,,App,,AGT016
TKT001491,CUST00852,Account Opening,Critical,Resolved,2021-08-28,2021-08-29,34.0,App,5.0,AGT025
TKT001492,CUST02874,Account Opening,Low,Resolved,2021-08-28,2021-09-02,133.0,Chat,5.0,AGT017
TKT001493,CUST02396,Net Banking Issue,Critical,Resolved,2021-01-12,2021-01-16,94.0,Branch,2.0,AGT039
TKT001494,CUST02597,Loan Query,Critical,Resolved,2024-01-29,2024-01-31,47.0,Branch,2.0,AGT033
TKT001495,CUST00608,General Query,Medium,Resolved,2021-09-20,2021-09-23,71.0,App,3.0,AGT025
TKT001496,CUST00336,Account Opening,Medium,Resolved,2024-08-07,2024-08-13,136.0,Phone,1.0,AGT030
TKT001497,CUST02333,Fraud Report,Critical,Resolved,2020-09-10,2020-09-13,73.0,App,2.0,AGT021
TKT001498,CUST01027,ATM Issue,High,Resolved,2021-04-08,2021-04-10,51.0,Phone,2.0,AGT017
TKT001499,CUST00348,Interest Query,High,Resolved,2020-06-12,2020-06-17,122.0,Email,5.0,AGT016
TKT001500,CUST00360,Card Issue,High,In Progress,2020-05-05,,,Phone,,AGT013
TKT001501,CUST00359,Loan Query,Medium,Resolved,2022-03-13,2022-03-15,40.0,Chat,2.0,AGT009
TKT001502,CUST02276,Fraud Report,Critical,In Progress,2020-10-18,,,Chat,,AGT039
TKT001503,CUST01719,General Query,Critical,Resolved,2024-08-15,2024-08-20,121.0,App,1.0,AGT032
TKT001504,CUST01094,Card Issue,Medium,Resolved,2024-08-23,2024-08-29,128.0,Chat,4.0,AGT005
TKT001505,CUST01450,Account Opening,Critical,Resolved,2021-08-29,2021-08-30,33.0,Branch,5.0,AGT050
TKT001506,CUST01692,General Query,Medium,Resolved,2022-08-25,2022-08-26,8.0,Email,5.0,AGT046
TKT001507,CUST01392,KYC Update,Medium,Resolved,2024-11-08,2024-11-14,166.0,App,4.0,AGT033
TKT001508,CUST00657,Fraud Report,Critical,Resolved,2023-12-12,2023-12-18,157.0,Email,4.0,AGT050
TKT001509,CUST00896,Net Banking Issue,Low,Open,2023-09-16,,,Chat,,AGT034
TKT001510,CUST01489,Fraud Report,Critical,Resolved,2024-07-25,2024-07-29,95.0,Branch,3.0,AGT004
TKT001511,CUST01874,General Query,Critical,Resolved,2020-10-29,2020-10-29,1.0,App,1.0,AGT049
TKT001512,CUST00557,Card Issue,Medium,Open,2020-01-01,,,App,,AGT044
TKT001513,CUST02136,Loan Query,Low,In Progress,2021-01-05,,,Phone,,AGT050
TKT001514,CUST02030,KYC Update,High,Resolved,2024-11-01,2024-11-05,98.0,App,1.0,AGT014
TKT001515,CUST02014,General Query,Medium,Resolved,2024-07-19,2024-07-21,41.0,Branch,2.0,AGT049
TKT001516,CUST00959,KYC Update,Medium,Resolved,2023-02-28,2023-03-06,137.0,App,5.0,AGT002
TKT001517,CUST00688,ATM Issue,Low,Resolved,2023-02-26,2023-03-02,97.0,Email,4.0,AGT036
TKT001518,CUST02313,Fraud Report,Critical,Resolved,2024-07-04,2024-07-08,79.0,Branch,1.0,AGT025
TKT001519,CUST00102,Loan Query,Medium,Resolved,2020-06-12,2020-06-13,16.0,Branch,1.0,AGT024
TKT001520,CUST00756,General Query,Critical,Resolved,2022-12-16,2022-12-16,1.0,Phone,1.0,AGT020
TKT001521,CUST01877,Account Opening,Medium,Open,2024-07-29,,,Branch,,AGT027
TKT001522,CUST00493,Card Issue,Low,Resolved,2024-07-29,2024-08-02,95.0,Chat,3.0,AGT046
TKT001523,CUST01071,Account Opening,Medium,Resolved,2023-05-27,2023-05-28,29.0,Phone,5.0,AGT045
TKT001524,CUST01045,KYC Update,Low,Resolved,2021-07-12,2021-07-18,140.0,Phone,4.0,AGT047
TKT001525,CUST00557,KYC Update,Low,Resolved,2023-02-24,2023-02-28,95.0,Chat,2.0,AGT047
TKT001526,CUST00927,Card Issue,High,Resolved,2024-10-05,2024-10-10,118.0,Branch,2.0,AGT003
TKT001527,CUST01578,Card Issue,High,Resolved,2024-05-22,2024-05-24,47.0,App,2.0,AGT028
TKT001528,CUST01560,Account Opening,Low,Resolved,2020-05-28,2020-05-31,66.0,App,4.0,AGT010
TKT001529,CUST01590,General Query,Critical,Resolved,2021-07-08,2021-07-14,163.0,App,4.0,AGT012
TKT001530,CUST01919,Net Banking Issue,High,Resolved,2024-02-03,2024-02-04,15.0,Email,5.0,AGT043
TKT001531,CUST00160,Transaction Dispute,Medium,Resolved,2022-08-11,2022-08-14,63.0,App,3.0,AGT007
TKT001532,CUST00770,Interest Query,Critical,Resolved,2024-12-02,2024-12-05,73.0,Email,2.0,AGT045
TKT001533,CUST00077,Loan Query,Low,Resolved,2023-07-29,2023-07-30,33.0,Branch,4.0,AGT036
TKT001534,CUST02983,Card Issue,Medium,Resolved,2020-01-18,2020-01-23,125.0,App,2.0,AGT031
TKT001535,CUST02105,Card Issue,Medium,Resolved,2021-03-12,2021-03-13,13.0,App,2.0,AGT028
TKT001536,CUST02483,KYC Update,Medium,Resolved,2023-02-08,2023-02-09,34.0,Phone,4.0,AGT041
TKT001537,CUST02588,Transaction Dispute,Medium,Resolved,2023-10-06,2023-10-07,17.0,Phone,4.0,AGT019
TKT001538,CUST01359,General Query,Low,Resolved,2024-03-23,2024-03-26,70.0,Branch,5.0,AGT038
TKT001539,CUST00280,ATM Issue,Medium,In Progress,2021-12-22,,,Chat,,AGT033
TKT001540,CUST00215,Fraud Report,Critical,Resolved,2024-09-03,2024-09-04,23.0,Chat,5.0,AGT037
TKT001541,CUST02166,ATM Issue,Low,Open,2020-03-28,,,Phone,,AGT025
TKT001542,CUST01653,Loan Query,Low,Resolved,2021-08-23,2021-08-25,52.0,Phone,4.0,AGT015
TKT001543,CUST01716,Loan Query,Medium,Resolved,2024-12-14,2024-12-19,124.0,Chat,5.0,AGT024
TKT001544,CUST01914,ATM Issue,Medium,Resolved,2021-10-01,2021-10-05,92.0,Phone,3.0,AGT018
TKT001545,CUST02362,KYC Update,Medium,Resolved,2021-09-09,2021-09-14,127.0,Phone,2.0,AGT023
TKT001546,CUST02562,Net Banking Issue,High,Resolved,2020-11-01,2020-11-03,61.0,Branch,1.0,AGT011
TKT001547,CUST01778,ATM Issue,Low,Resolved,2021-04-23,2021-04-28,142.0,Phone,5.0,AGT050
TKT001548,CUST02461,Transaction Dispute,High,Resolved,2020-05-19,2020-05-23,104.0,Branch,2.0,AGT015
TKT001549,CUST00643,Net Banking Issue,Medium,Resolved,2023-03-02,2023-03-08,128.0,Branch,5.0,AGT030
TKT001550,CUST01668,General Query,Low,Open,2021-04-14,,,Phone,,AGT016
TKT001551,CUST00975,Transaction Dispute,Medium,Open,2022-02-11,,,Phone,,AGT011
TKT001552,CUST01485,Interest Query,Low,In Progress,2023-10-07,,,Email,,AGT021
TKT001553,CUST00066,General Query,High,Resolved,2023-01-20,2023-01-23,50.0,Branch,2.0,AGT031
TKT001554,CUST01488,Net Banking Issue,Low,Resolved,2024-03-20,2024-03-23,85.0,Chat,2.0,AGT015
TKT001555,CUST01397,KYC Update,Low,Open,2021-11-23,,,Chat,,AGT032
TKT001556,CUST00719,Transaction Dispute,Medium,Resolved,2021-10-18,2021-10-19,36.0,Chat,2.0,AGT010
TKT001557,CUST00180,Loan Query,Low,Resolved,2021-01-29,2021-02-04,137.0,Email,1.0,AGT049
TKT001558,CUST02198,Transaction Dispute,High,Resolved,2024-11-28,2024-12-04,154.0,App,2.0,AGT016
TKT001559,CUST00772,Account Opening,Medium,Resolved,2022-08-09,2022-08-10,18.0,Phone,3.0,AGT025
TKT001560,CUST02845,Card Issue,Medium,In Progress,2021-03-20,,,Branch,,AGT017
TKT001561,CUST00060,Account Opening,Critical,Resolved,2021-02-21,2021-02-23,51.0,Branch,4.0,AGT020
TKT001562,CUST00475,KYC Update,Critical,Resolved,2022-03-09,2022-03-15,128.0,Phone,3.0,AGT005
TKT001563,CUST02155,General Query,Low,In Progress,2023-12-31,,,Branch,,AGT013
TKT001564,CUST02195,Fraud Report,Critical,Resolved,2020-10-19,2020-10-21,48.0,App,3.0,AGT045
TKT001565,CUST00409,Net Banking Issue,Low,In Progress,2022-01-13,,,Branch,,AGT027
TKT001566,CUST01695,KYC Update,Low,Resolved,2024-06-08,2024-06-09,4.0,Chat,2.0,AGT015
TKT001567,CUST01266,Fraud Report,Critical,Open,2023-04-21,,,Phone,,AGT004
TKT001568,CUST00499,Net Banking Issue,Medium,Resolved,2022-11-14,2022-11-18,116.0,Branch,2.0,AGT004
TKT001569,CUST00581,Interest Query,Medium,Resolved,2022-08-08,2022-08-09,38.0,App,3.0,AGT036
TKT001570,CUST00063,Fraud Report,Critical,Resolved,2023-07-01,2023-07-07,158.0,Chat,4.0,AGT048
TKT001571,CUST01288,Card Issue,Low,Resolved,2021-07-22,2021-07-25,69.0,Phone,5.0,AGT019
TKT001572,CUST02226,KYC Update,Medium,Open,2022-06-07,,,Chat,,AGT038
TKT001573,CUST02102,General Query,Low,Resolved,2023-09-29,2023-09-30,42.0,Branch,1.0,AGT010
TKT001574,CUST02171,Account Opening,High,Resolved,2024-10-09,2024-10-12,68.0,Email,4.0,AGT034
TKT001575,CUST01781,Card Issue,High,Resolved,2022-01-14,2022-01-14,2.0,Chat,4.0,AGT018
TKT001576,CUST00797,Fraud Report,Critical,Resolved,2022-04-03,2022-04-05,48.0,Chat,3.0,AGT029
TKT001577,CUST00619,Loan Query,Medium,Resolved,2023-04-06,2023-04-09,76.0,Email,5.0,AGT012
TKT001578,CUST00941,Net Banking Issue,Low,Resolved,2021-01-02,2021-01-07,121.0,Email,2.0,AGT029
TKT001579,CUST02832,KYC Update,Medium,Open,2020-12-18,,,Branch,,AGT046
TKT001580,CUST02521,Interest Query,High,Resolved,2020-11-01,2020-11-02,21.0,Email,3.0,AGT024
TKT001581,CUST00513,Interest Query,High,Resolved,2024-01-19,2024-01-25,131.0,Email,5.0,AGT038
TKT001582,CUST01222,Card Issue,Medium,In Progress,2022-03-31,,,App,,AGT045
TKT001583,CUST00681,General Query,High,Resolved,2023-04-15,2023-04-17,31.0,Branch,2.0,AGT043
TKT001584,CUST02841,Card Issue,Critical,Resolved,2024-09-18,2024-09-22,91.0,App,3.0,AGT043
TKT001585,CUST02353,Card Issue,Low,Resolved,2024-02-17,2024-02-22,120.0,Phone,5.0,AGT023
TKT001586,CUST00441,Interest Query,Low,Resolved,2022-08-24,2022-08-26,60.0,Branch,3.0,AGT040
TKT001587,CUST01969,Fraud Report,Critical,Resolved,2021-07-19,2021-07-26,150.0,Branch,3.0,AGT049
TKT001588,CUST00728,KYC Update,Medium,Resolved,2022-09-24,2022-09-30,141.0,App,5.0,AGT012
TKT001589,CUST00833,KYC Update,Medium,Resolved,2024-04-06,2024-04-09,62.0,Branch,2.0,AGT050
TKT001590,CUST01644,Transaction Dispute,Low,Resolved,2021-08-29,2021-09-01,91.0,Phone,4.0,AGT018
TKT001591,CUST02813,Transaction Dispute,High,Resolved,2022-05-29,2022-06-01,63.0,Phone,2.0,AGT016
TKT001592,CUST01404,Fraud Report,Critical,Resolved,2022-04-09,2022-04-13,99.0,Phone,1.0,AGT049
TKT001593,CUST01529,Interest Query,Medium,Resolved,2024-11-08,2024-11-12,95.0,Email,4.0,AGT015
TKT001594,CUST02381,Loan Query,Critical,Resolved,2023-12-27,2023-12-28,30.0,Email,2.0,AGT040
TKT001595,CUST02724,KYC Update,Low,Resolved,2023-12-29,2023-12-31,56.0,App,4.0,AGT036
TKT001596,CUST00960,Card Issue,Low,Open,2021-04-15,,,App,,AGT040
TKT001597,CUST02647,Fraud Report,Critical,Resolved,2020-09-13,2020-09-18,128.0,Email,3.0,AGT029
TKT001598,CUST02076,Card Issue,Medium,Resolved,2022-03-03,2022-03-07,110.0,Email,2.0,AGT033
TKT001599,CUST01555,Interest Query,Medium,Resolved,2021-01-25,2021-01-28,76.0,App,1.0,AGT009
TKT001600,CUST02619,KYC Update,Low,Resolved,2022-10-01,2022-10-07,144.0,Branch,3.0,AGT003
TKT001601,CUST02284,Card Issue,Medium,Resolved,2022-08-06,2022-08-07,18.0,App,1.0,AGT038
TKT001602,CUST02795,Card Issue,Low,Resolved,2022-04-04,2022-04-06,34.0,Email,3.0,AGT032
TKT001603,CUST00066,KYC Update,High,Resolved,2020-04-02,2020-04-05,50.0,Chat,3.0,AGT016
TKT001604,CUST02858,ATM Issue,Low,In Progress,2022-09-03,,,App,,AGT023
TKT001605,CUST01599,Interest Query,Low,Resolved,2020-10-13,2020-10-17,106.0,App,3.0,AGT022
TKT001606,CUST01006,Net Banking Issue,Critical,Resolved,2024-10-28,2024-11-02,138.0,Email,3.0,AGT007
TKT001607,CUST01355,Net Banking Issue,Medium,Resolved,2021-07-24,2021-07-28,80.0,Chat,2.0,AGT017
TKT001608,CUST01259,KYC Update,High,Resolved,2024-11-10,2024-11-17,145.0,Chat,4.0,AGT025
TKT001609,CUST02683,Account Opening,Low,Resolved,2022-06-05,2022-06-08,86.0,Phone,2.0,AGT038
TKT001610,CUST01409,Loan Query,Medium,Resolved,2021-05-15,2021-05-16,27.0,Branch,2.0,AGT046
TKT001611,CUST01348,Interest Query,Critical,Resolved,2022-08-19,2022-08-19,17.0,Phone,3.0,AGT001
TKT001612,CUST00247,Card Issue,Critical,In Progress,2021-11-05,,,App,,AGT023
TKT001613,CUST00947,Net Banking Issue,Low,Resolved,2023-01-19,2023-01-25,138.0,App,1.0,AGT021
TKT001614,CUST01832,KYC Update,Medium,Resolved,2024-08-25,2024-08-27,62.0,Branch,2.0,AGT001
TKT001615,CUST01067,ATM Issue,Medium,Resolved,2024-07-29,2024-08-03,127.0,Chat,2.0,AGT050
TKT001616,CUST02150,Transaction Dispute,Low,Resolved,2020-08-07,2020-08-13,158.0,Chat,4.0,AGT001
TKT001617,CUST02524,Transaction Dispute,Medium,Resolved,2021-01-30,2021-02-04,109.0,Chat,4.0,AGT034
TKT001618,CUST01308,Transaction Dispute,High,Resolved,2023-09-03,2023-09-04,19.0,Email,2.0,AGT013
TKT001619,CUST01394,Account Opening,Medium,In Progress,2023-11-30,,,Chat,,AGT012
TKT001620,CUST02332,Loan Query,Medium,Resolved,2023-03-20,2023-03-21,12.0,Chat,5.0,AGT012
TKT001621,CUST01993,Account Opening,Medium,Resolved,2021-04-23,2021-04-27,91.0,Branch,5.0,AGT010
TKT001622,CUST00208,Loan Query,Low,Resolved,2023-07-05,2023-07-11,131.0,Email,2.0,AGT005
TKT001623,CUST02604,Transaction Dispute,Low,Resolved,2021-05-15,2021-05-22,149.0,Branch,1.0,AGT025
TKT001624,CUST00718,General Query,Critical,Resolved,2023-01-25,2023-01-31,128.0,App,5.0,AGT012
TKT001625,CUST01729,ATM Issue,Medium,Resolved,2024-10-12,2024-10-17,130.0,Chat,1.0,AGT041
TKT001626,CUST01490,General Query,Low,Resolved,2022-06-25,2022-06-27,61.0,Branch,5.0,AGT028
TKT001627,CUST01395,Net Banking Issue,High,Resolved,2020-06-09,2020-06-11,53.0,App,2.0,AGT035
TKT001628,CUST01597,General Query,Medium,In Progress,2021-04-05,,,Phone,,AGT050
TKT001629,CUST01751,KYC Update,Critical,Resolved,2024-11-23,2024-11-27,88.0,Email,4.0,AGT032
TKT001630,CUST00670,Transaction Dispute,Low,Resolved,2020-06-25,2020-06-29,100.0,App,2.0,AGT023
TKT001631,CUST02570,Loan Query,Low,Resolved,2022-11-08,2022-11-09,16.0,Phone,5.0,AGT007
TKT001632,CUST00691,KYC Update,Medium,Resolved,2021-02-02,2021-02-03,17.0,Chat,2.0,AGT011
TKT001633,CUST02383,Fraud Report,Critical,Resolved,2020-09-03,2020-09-03,13.0,Chat,5.0,AGT049
TKT001634,CUST01966,Card Issue,Medium,Resolved,2022-09-02,2022-09-07,134.0,Phone,5.0,AGT016
TKT001635,CUST01864,KYC Update,Critical,Resolved,2024-04-20,2024-04-21,22.0,Email,2.0,AGT029
TKT001636,CUST01193,Loan Query,Medium,Resolved,2021-08-03,2021-08-07,103.0,Branch,5.0,AGT016
TKT001637,CUST02241,Interest Query,Medium,Resolved,2023-08-06,2023-08-08,48.0,Chat,3.0,AGT004
TKT001638,CUST01494,Loan Query,Low,Resolved,2022-02-15,2022-02-20,120.0,App,2.0,AGT015
TKT001639,CUST01796,Transaction Dispute,Medium,Resolved,2024-08-19,2024-08-24,138.0,Chat,4.0,AGT021
TKT001640,CUST01835,Transaction Dispute,High,In Progress,2022-02-10,,,Chat,,AGT020
TKT001641,CUST02568,Transaction Dispute,Medium,Resolved,2023-07-13,2023-07-15,50.0,App,1.0,AGT027
TKT001642,CUST02643,Card Issue,Medium,Resolved,2022-06-25,2022-07-01,149.0,Chat,4.0,AGT013
TKT001643,CUST02309,Loan Query,High,Resolved,2020-01-21,2020-01-25,93.0,App,4.0,AGT023
TKT001644,CUST00359,Interest Query,High,Resolved,2024-07-27,2024-08-02,135.0,App,2.0,AGT001
TKT001645,CUST01707,ATM Issue,Medium,Resolved,2020-11-05,2020-11-07,29.0,App,3.0,AGT032
TKT001646,CUST02908,General Query,Medium,Resolved,2021-02-16,2021-02-17,16.0,Branch,4.0,AGT023
TKT001647,CUST02583,Net Banking Issue,High,In Progress,2021-02-08,,,Email,,AGT007
TKT001648,CUST01616,Interest Query,Low,Resolved,2021-04-20,2021-04-20,12.0,App,1.0,AGT042
TKT001649,CUST02872,Interest Query,High,In Progress,2021-04-15,,,Phone,,AGT010
TKT001650,CUST01548,Net Banking Issue,Critical,Resolved,2023-09-20,2023-09-24,102.0,Phone,5.0,AGT044
TKT001651,CUST02988,KYC Update,Critical,Resolved,2023-02-17,2023-02-24,159.0,App,2.0,AGT012
TKT001652,CUST01757,Net Banking Issue,High,Resolved,2023-11-09,2023-11-11,52.0,Email,1.0,AGT016
TKT001653,CUST02024,Transaction Dispute,Critical,Resolved,2021-11-19,2021-11-26,145.0,Chat,1.0,AGT036
TKT001654,CUST00287,Account Opening,High,Resolved,2023-01-29,2023-01-31,50.0,Branch,5.0,AGT026
TKT001655,CUST01422,Card Issue,Medium,In Progress,2024-12-26,,,Branch,,AGT039
TKT001656,CUST02307,Net Banking Issue,Medium,Resolved,2021-06-18,2021-06-20,39.0,Email,5.0,AGT035
TKT001657,CUST02121,KYC Update,Low,Resolved,2021-07-12,2021-07-16,101.0,Phone,5.0,AGT004
TKT001658,CUST01706,Net Banking Issue,Low,Resolved,2024-11-25,2024-11-26,34.0,App,1.0,AGT048
TKT001659,CUST02851,Interest Query,High,Resolved,2020-04-22,2020-04-24,45.0,Branch,1.0,AGT012
TKT001660,CUST02313,Account Opening,Medium,Resolved,2022-10-02,2022-10-04,52.0,Branch,4.0,AGT029
TKT001661,CUST01217,Net Banking Issue,Medium,Resolved,2022-01-01,2022-01-03,39.0,Branch,4.0,AGT006
TKT001662,CUST01489,Interest Query,Critical,Resolved,2022-09-24,2022-09-28,79.0,Chat,3.0,AGT044
TKT001663,CUST01955,ATM Issue,Low,Open,2023-04-14,,,Email,,AGT021
TKT001664,CUST01511,KYC Update,Medium,Resolved,2021-06-11,2021-06-12,39.0,Email,1.0,AGT008
TKT001665,CUST01500,Transaction Dispute,Critical,Open,2020-07-03,,,App,,AGT005
TKT001666,CUST01736,Loan Query,High,Resolved,2022-10-04,2022-10-09,120.0,App,3.0,AGT034
TKT001667,CUST00696,Card Issue,Low,Open,2023-05-30,,,App,,AGT007
TKT001668,CUST02403,ATM Issue,Critical,Resolved,2021-11-15,2021-11-20,123.0,App,4.0,AGT046
TKT001669,CUST00632,General Query,Low,Resolved,2021-01-09,2021-01-13,96.0,App,2.0,AGT026
TKT001670,CUST00129,Loan Query,Low,Resolved,2022-04-27,2022-05-04,167.0,App,3.0,AGT017
TKT001671,CUST00337,Fraud Report,Critical,Resolved,2022-01-16,2022-01-23,165.0,App,1.0,AGT021
TKT001672,CUST01563,General Query,Low,Open,2020-05-11,,,Chat,,AGT042
TKT001673,CUST02414,Loan Query,Low,Resolved,2020-10-05,2020-10-09,103.0,Branch,2.0,AGT022
TKT001674,CUST00179,Transaction Dispute,Medium,Open,2022-09-07,,,Email,,AGT026
TKT001675,CUST01575,Fraud Report,Critical,Resolved,2023-07-09,2023-07-12,75.0,App,5.0,AGT013
TKT001676,CUST00307,Loan Query,Low,Resolved,2024-06-03,2024-06-04,38.0,Branch,4.0,AGT038
TKT001677,CUST02893,KYC Update,Medium,Resolved,2021-07-25,2021-07-28,60.0,App,5.0,AGT012
TKT001678,CUST01641,Account Opening,Critical,Resolved,2023-07-06,2023-07-08,61.0,App,3.0,AGT009
TKT001679,CUST00359,Fraud Report,Critical,Resolved,2020-01-26,2020-01-29,67.0,Email,4.0,AGT041
TKT001680,CUST02319,Loan Query,Low,In Progress,2022-01-22,,,Email,,AGT048
TKT001681,CUST02604,Account Opening,Low,Open,2023-06-19,,,Email,,AGT032
TKT001682,CUST00973,KYC Update,Medium,Resolved,2020-05-22,2020-05-28,161.0,Phone,2.0,AGT034
TKT001683,CUST00337,ATM Issue,Critical,Resolved,2022-04-13,2022-04-15,45.0,Phone,2.0,AGT030
TKT001684,CUST02232,Net Banking Issue,Medium,Resolved,2023-02-18,2023-02-21,67.0,App,5.0,AGT004
TKT001685,CUST02224,Account Opening,Medium,Resolved,2020-04-06,2020-04-09,51.0,App,4.0,AGT008
TKT001686,CUST00196,Loan Query,Medium,Resolved,2021-09-14,2021-09-18,83.0,Branch,5.0,AGT020
TKT001687,CUST01218,Card Issue,Low,Resolved,2022-07-21,2022-07-27,143.0,Email,2.0,AGT004
TKT001688,CUST02716,Net Banking Issue,Low,Resolved,2022-07-29,2022-08-05,167.0,App,2.0,AGT020
TKT001689,CUST01866,Loan Query,Critical,Resolved,2020-11-13,2020-11-16,74.0,App,5.0,AGT015
TKT001690,CUST02875,General Query,Low,In Progress,2023-09-28,,,Phone,,AGT002
TKT001691,CUST01689,Account Opening,Medium,Resolved,2020-07-04,2020-07-07,78.0,Phone,4.0,AGT029
TKT001692,CUST00401,Interest Query,Low,Resolved,2024-05-03,2024-05-09,146.0,Phone,4.0,AGT028
TKT001693,CUST00927,Loan Query,Critical,Resolved,2023-01-11,2023-01-17,141.0,Phone,3.0,AGT041
TKT001694,CUST00208,Transaction Dispute,Low,Resolved,2020-03-17,2020-03-20,67.0,Chat,5.0,AGT018
TKT001695,CUST00479,KYC Update,Medium,Resolved,2021-05-23,2021-05-29,144.0,Email,3.0,AGT002
TKT001696,CUST02894,ATM Issue,Medium,Resolved,2023-05-26,2023-05-30,90.0,App,5.0,AGT018
TKT001697,CUST01387,ATM Issue,Medium,Resolved,2021-10-07,2021-10-11,88.0,Email,4.0,AGT033
TKT001698,CUST01156,Account Opening,High,Resolved,2020-06-25,2020-06-25,4.0,Chat,4.0,AGT002
TKT001699,CUST00315,ATM Issue,Critical,Resolved,2023-10-29,2023-10-31,39.0,Branch,5.0,AGT014
TKT001700,CUST01655,ATM Issue,Medium,Resolved,2024-10-31,2024-11-03,93.0,Chat,5.0,AGT045
TKT001701,CUST01696,Net Banking Issue,Medium,Resolved,2020-11-02,2020-11-02,12.0,Email,5.0,AGT006
TKT001702,CUST02162,Fraud Report,Critical,Resolved,2022-01-11,2022-01-14,56.0,Branch,2.0,AGT012
TKT001703,CUST02844,Loan Query,Low,Resolved,2024-01-03,2024-01-06,68.0,App,5.0,AGT037
TKT001704,CUST00852,Fraud Report,Critical,Resolved,2021-01-14,2021-01-17,67.0,Chat,2.0,AGT045
TKT001705,CUST02344,Transaction Dispute,Medium,Resolved,2023-08-03,2023-08-07,101.0,Chat,2.0,AGT006
TKT001706,CUST00980,Account Opening,Medium,Resolved,2022-10-26,2022-10-29,80.0,Phone,3.0,AGT046
TKT001707,CUST02484,Interest Query,Medium,Resolved,2024-08-05,2024-08-10,118.0,Phone,3.0,AGT050
TKT001708,CUST02705,Loan Query,Critical,Resolved,2021-01-06,2021-01-07,38.0,Email,5.0,AGT017
TKT001709,CUST02593,Loan Query,High,Resolved,2023-12-05,2023-12-08,80.0,Email,5.0,AGT049
TKT001710,CUST02490,General Query,High,Resolved,2023-06-09,2023-06-15,143.0,Chat,5.0,AGT017
TKT001711,CUST01262,Card Issue,Low,Open,2024-12-07,,,Chat,,AGT006
TKT001712,CUST02630,KYC Update,Medium,Resolved,2023-04-10,2023-04-14,100.0,Chat,2.0,AGT012
TKT001713,CUST01779,Fraud Report,Critical,Resolved,2021-03-18,2021-03-23,129.0,Chat,1.0,AGT014
TKT001714,CUST02432,Account Opening,Medium,Resolved,2021-07-20,2021-07-26,158.0,App,2.0,AGT031
TKT001715,CUST01414,ATM Issue,Medium,Resolved,2022-08-25,2022-08-27,61.0,Phone,1.0,AGT010
TKT001716,CUST02827,Interest Query,High,Resolved,2021-10-22,2021-10-27,121.0,App,1.0,AGT047
TKT001717,CUST01047,Interest Query,Medium,Resolved,2024-10-26,2024-11-02,168.0,Branch,5.0,AGT016
TKT001718,CUST01715,Transaction Dispute,Low,Resolved,2022-03-03,2022-03-05,51.0,Branch,2.0,AGT016
TKT001719,CUST02989,ATM Issue,High,Resolved,2020-05-22,2020-05-29,154.0,Email,3.0,AGT013
TKT001720,CUST02259,Account Opening,Low,Resolved,2022-07-16,2022-07-21,105.0,App,4.0,AGT049
TKT001721,CUST02839,Card Issue,Low,Resolved,2020-11-24,2020-11-26,35.0,Phone,3.0,AGT022
TKT001722,CUST01154,Transaction Dispute,Medium,Resolved,2021-07-18,2021-07-20,42.0,Chat,3.0,AGT047
TKT001723,CUST00679,Interest Query,Medium,Resolved,2020-02-13,2020-02-20,157.0,Branch,1.0,AGT003
TKT001724,CUST01520,ATM Issue,Medium,Resolved,2021-05-15,2021-05-21,138.0,Email,2.0,AGT023
TKT001725,CUST01255,Net Banking Issue,Medium,Resolved,2023-04-06,2023-04-11,115.0,Branch,3.0,AGT034
TKT001726,CUST00937,Fraud Report,Critical,Resolved,2021-05-17,2021-05-22,111.0,Branch,1.0,AGT025
TKT001727,CUST00179,Transaction Dispute,Medium,Open,2023-10-21,,,Phone,,AGT001
TKT001728,CUST02181,Interest Query,Low,Resolved,2024-12-26,2024-12-31,118.0,Phone,3.0,AGT048
TKT001729,CUST02843,KYC Update,Medium,Resolved,2020-11-27,2020-11-28,40.0,Chat,5.0,AGT029
TKT001730,CUST00825,Loan Query,Low,Resolved,2020-05-08,2020-05-11,77.0,Email,3.0,AGT004
TKT001731,CUST01781,Fraud Report,Critical,Open,2023-02-06,,,Chat,,AGT049
TKT001732,CUST01472,General Query,Medium,Resolved,2024-02-07,2024-02-10,77.0,Branch,1.0,AGT040
TKT001733,CUST01510,ATM Issue,Low,Resolved,2022-02-08,2022-02-14,138.0,Branch,4.0,AGT022
TKT001734,CUST02857,General Query,Medium,Resolved,2021-08-08,2021-08-13,106.0,App,5.0,AGT026
TKT001735,CUST01487,Card Issue,High,In Progress,2023-05-04,,,Branch,,AGT007
TKT001736,CUST00008,KYC Update,Critical,Resolved,2020-02-28,2020-03-04,129.0,App,5.0,AGT010
TKT001737,CUST00553,Account Opening,Low,Resolved,2020-09-08,2020-09-13,112.0,Phone,4.0,AGT025
TKT001738,CUST01022,Account Opening,Medium,Resolved,2024-02-03,2024-02-09,146.0,Email,3.0,AGT047
TKT001739,CUST02403,Card Issue,Low,Open,2022-07-14,,,Chat,,AGT009
TKT001740,CUST00423,Account Opening,Critical,Resolved,2024-09-12,2024-09-17,119.0,App,2.0,AGT029
TKT001741,CUST02948,ATM Issue,Low,Resolved,2021-02-10,2021-02-15,136.0,Chat,3.0,AGT036
TKT001742,CUST02213,Net Banking Issue,Low,Resolved,2024-10-13,2024-10-14,20.0,Branch,1.0,AGT046
TKT001743,CUST00360,ATM Issue,Low,Resolved,2023-12-20,2023-12-24,112.0,Chat,4.0,AGT030
TKT001744,CUST02643,Transaction Dispute,Critical,Resolved,2023-01-04,2023-01-10,163.0,Branch,2.0,AGT041
TKT001745,CUST02997,Loan Query,Medium,Resolved,2021-07-27,2021-07-28,14.0,Branch,2.0,AGT028
TKT001746,CUST00403,KYC Update,Low,Resolved,2022-09-16,2022-09-18,50.0,Email,3.0,AGT038
TKT001747,CUST01866,ATM Issue,Medium,Resolved,2022-12-21,2022-12-26,135.0,Chat,3.0,AGT040
TKT001748,CUST00502,KYC Update,Low,Resolved,2021-02-09,2021-02-15,144.0,Email,1.0,AGT031
TKT001749,CUST00535,Interest Query,High,Resolved,2023-11-21,2023-11-27,154.0,Chat,3.0,AGT044
TKT001750,CUST01659,KYC Update,Medium,Resolved,2023-08-01,2023-08-08,161.0,Phone,3.0,AGT022
TKT001751,CUST02937,Fraud Report,Critical,Resolved,2022-11-30,2022-12-03,77.0,Chat,1.0,AGT010
TKT001752,CUST01856,KYC Update,Low,Resolved,2022-06-23,2022-06-30,163.0,Email,5.0,AGT027
TKT001753,CUST01602,ATM Issue,Medium,Resolved,2020-10-08,2020-10-12,90.0,Branch,2.0,AGT048
TKT001754,CUST00554,Loan Query,Low,Resolved,2023-07-12,2023-07-13,16.0,Branch,3.0,AGT005
TKT001755,CUST02619,Card Issue,High,Resolved,2023-12-23,2023-12-27,111.0,App,2.0,AGT008
TKT001756,CUST00041,Loan Query,Low,Open,2020-10-03,,,App,,AGT038
TKT001757,CUST00121,Loan Query,Low,Resolved,2021-04-06,2021-04-12,147.0,Chat,1.0,AGT011
TKT001758,CUST02600,Card Issue,Low,Resolved,2023-12-02,2023-12-06,98.0,Branch,3.0,AGT004
TKT001759,CUST02724,General Query,Medium,Open,2021-12-19,,,App,,AGT045
TKT001760,CUST02093,Transaction Dispute,Low,Resolved,2023-07-12,2023-07-14,47.0,Email,4.0,AGT042
TKT001761,CUST02005,Transaction Dispute,Low,Resolved,2023-01-26,2023-01-29,65.0,App,2.0,AGT003
TKT001762,CUST00985,Transaction Dispute,Critical,Resolved,2022-06-13,2022-06-15,44.0,Email,1.0,AGT048
TKT001763,CUST00250,Net Banking Issue,Low,Resolved,2020-08-15,2020-08-17,45.0,Chat,4.0,AGT035
TKT001764,CUST00518,Account Opening,Medium,Resolved,2020-02-19,2020-02-24,100.0,Email,1.0,AGT043
TKT001765,CUST02753,General Query,High,Resolved,2024-02-18,2024-02-25,158.0,Phone,3.0,AGT010
TKT001766,CUST02118,Net Banking Issue,Medium,Resolved,2022-03-28,2022-04-02,112.0,Email,3.0,AGT036
TKT001767,CUST02032,Transaction Dispute,High,Open,2023-11-26,,,Chat,,AGT002
TKT001768,CUST00175,KYC Update,High,In Progress,2022-05-09,,,App,,AGT023
TKT001769,CUST01786,Account Opening,Medium,Resolved,2023-09-29,2023-09-29,15.0,Phone,4.0,AGT034
TKT001770,CUST00446,ATM Issue,Low,Resolved,2024-05-27,2024-06-01,126.0,Chat,2.0,AGT020
TKT001771,CUST02921,Account Opening,Critical,Resolved,2023-07-05,2023-07-07,38.0,Phone,3.0,AGT045
TKT001772,CUST00604,Card Issue,High,Resolved,2023-09-01,2023-09-08,165.0,Phone,5.0,AGT023
TKT001773,CUST01788,KYC Update,Low,In Progress,2021-07-21,,,Email,,AGT037
TKT001774,CUST01466,Fraud Report,Critical,In Progress,2024-01-04,,,Chat,,AGT003
TKT001775,CUST01080,Card Issue,Medium,Resolved,2020-03-11,2020-03-16,112.0,App,1.0,AGT016
TKT001776,CUST01086,Loan Query,Medium,Resolved,2020-09-06,2020-09-10,89.0,Phone,3.0,AGT018
TKT001777,CUST01100,Loan Query,Low,Resolved,2020-10-30,2020-10-31,19.0,Chat,1.0,AGT044
TKT001778,CUST02516,ATM Issue,Medium,Resolved,2024-08-10,2024-08-14,110.0,Chat,2.0,AGT029
TKT001779,CUST02291,Fraud Report,Critical,Resolved,2022-12-27,2022-12-29,35.0,Email,1.0,AGT049
TKT001780,CUST02564,Card Issue,Medium,Resolved,2023-10-06,2023-10-11,113.0,Email,4.0,AGT009
TKT001781,CUST00787,Fraud Report,Critical,Resolved,2024-02-26,2024-02-26,7.0,App,4.0,AGT029
TKT001782,CUST00235,Loan Query,High,Resolved,2022-06-28,2022-06-30,46.0,Branch,1.0,AGT001
TKT001783,CUST01605,Transaction Dispute,High,Open,2021-01-19,,,Phone,,AGT044
TKT001784,CUST00652,General Query,Low,Resolved,2023-01-02,2023-01-05,77.0,App,4.0,AGT013
TKT001785,CUST01746,ATM Issue,Medium,Resolved,2022-09-21,2022-09-23,54.0,Branch,4.0,AGT016
TKT001786,CUST02541,Account Opening,Critical,Resolved,2023-06-18,2023-06-21,73.0,Chat,2.0,AGT014
TKT001787,CUST02267,General Query,Medium,Resolved,2021-10-19,2021-10-21,65.0,Chat,4.0,AGT040
TKT001788,CUST02856,ATM Issue,Low,Resolved,2020-01-27,2020-02-01,118.0,Phone,3.0,AGT022
TKT001789,CUST01253,ATM Issue,Low,Resolved,2022-02-04,2022-02-08,105.0,Email,1.0,AGT014
TKT001790,CUST01971,Fraud Report,Critical,Resolved,2020-12-09,2020-12-14,121.0,Branch,4.0,AGT037
TKT001791,CUST02600,ATM Issue,High,Resolved,2024-02-27,2024-03-01,77.0,Email,4.0,AGT041
TKT001792,CUST00273,Card Issue,Critical,Resolved,2021-09-27,2021-09-29,35.0,Phone,1.0,AGT046
TKT001793,CUST02241,General Query,High,Resolved,2020-07-15,2020-07-22,149.0,App,3.0,AGT015
TKT001794,CUST01587,Interest Query,Low,In Progress,2022-07-14,,,Email,,AGT045
TKT001795,CUST01759,KYC Update,Medium,Resolved,2021-03-18,2021-03-18,4.0,Email,5.0,AGT019
TKT001796,CUST02685,Transaction Dispute,Critical,Resolved,2020-04-01,2020-04-03,42.0,Chat,5.0,AGT049
TKT001797,CUST02116,Account Opening,Low,Resolved,2024-12-29,2025-01-03,113.0,App,3.0,AGT008
TKT001798,CUST02223,General Query,Low,In Progress,2021-01-01,,,Phone,,AGT014
TKT001799,CUST00031,Interest Query,Low,Resolved,2021-07-13,2021-07-14,26.0,Phone,4.0,AGT039
TKT001800,CUST02273,General Query,Low,Resolved,2024-01-05,2024-01-10,126.0,Phone,4.0,AGT048
TKT001801,CUST00896,Account Opening,Medium,Resolved,2022-04-01,2022-04-01,21.0,Email,5.0,AGT002
TKT001802,CUST00292,Fraud Report,Critical,Resolved,2023-12-03,2023-12-10,165.0,Phone,5.0,AGT004
TKT001803,CUST00452,ATM Issue,Medium,Resolved,2020-04-17,2020-04-22,119.0,Chat,2.0,AGT039
TKT001804,CUST01928,Card Issue,Medium,Resolved,2024-07-02,2024-07-09,168.0,Phone,2.0,AGT002
TKT001805,CUST00891,Loan Query,Critical,Resolved,2020-03-16,2020-03-18,37.0,Branch,4.0,AGT043
TKT001806,CUST00587,Transaction Dispute,Low,Resolved,2024-01-28,2024-02-04,167.0,Chat,3.0,AGT033
TKT001807,CUST01578,ATM Issue,Medium,In Progress,2023-10-12,,,Chat,,AGT010
TKT001808,CUST02914,Loan Query,High,Resolved,2022-08-23,2022-08-28,116.0,Phone,2.0,AGT011
TKT001809,CUST01429,Net Banking Issue,Medium,Open,2024-02-24,,,Branch,,AGT010
TKT001810,CUST01457,Fraud Report,Critical,Resolved,2021-05-18,2021-05-20,50.0,Email,5.0,AGT040
TKT001811,CUST00579,KYC Update,Medium,Resolved,2024-11-08,2024-11-08,6.0,App,1.0,AGT049
TKT001812,CUST00494,Fraud Report,Critical,Resolved,2021-01-25,2021-01-29,92.0,Chat,4.0,AGT048
TKT001813,CUST02929,Loan Query,Medium,Resolved,2020-01-29,2020-01-31,54.0,Phone,2.0,AGT008
TKT001814,CUST01834,Loan Query,Low,Resolved,2021-06-30,2021-07-06,155.0,Branch,5.0,AGT039
TKT001815,CUST01111,General Query,Medium,In Progress,2021-01-26,,,Email,,AGT017
TKT001816,CUST00564,General Query,Medium,Resolved,2024-11-14,2024-11-17,75.0,Branch,3.0,AGT011
TKT001817,CUST00843,KYC Update,Low,Resolved,2023-10-19,2023-10-21,54.0,Phone,5.0,AGT050
TKT001818,CUST00704,Net Banking Issue,Medium,Resolved,2020-07-28,2020-07-30,40.0,Phone,1.0,AGT040
TKT001819,CUST00517,Fraud Report,Critical,Resolved,2020-08-07,2020-08-12,128.0,Chat,4.0,AGT049
TKT001820,CUST02563,Transaction Dispute,Critical,In Progress,2022-08-31,,,Email,,AGT028
TKT001821,CUST01600,Card Issue,Medium,Open,2024-08-21,,,Email,,AGT045
TKT001822,CUST01845,Loan Query,Medium,In Progress,2024-07-02,,,Email,,AGT008
TKT001823,CUST00537,ATM Issue,Low,Resolved,2023-10-23,2023-10-28,116.0,Branch,3.0,AGT022
TKT001824,CUST01753,General Query,High,Resolved,2022-10-27,2022-10-27,8.0,Phone,2.0,AGT004
TKT001825,CUST00936,General Query,Low,Resolved,2020-05-04,2020-05-05,28.0,Chat,5.0,AGT017
TKT001826,CUST00126,General Query,Low,Resolved,2020-05-18,2020-05-20,55.0,Phone,1.0,AGT020
TKT001827,CUST01452,Loan Query,Critical,Resolved,2021-09-19,2021-09-22,80.0,Chat,5.0,AGT043
TKT001828,CUST01925,Fraud Report,Critical,Resolved,2022-03-21,2022-03-25,86.0,Email,3.0,AGT013
TKT001829,CUST00445,ATM Issue,Critical,Open,2024-03-12,,,Phone,,AGT013
TKT001830,CUST02424,General Query,Low,Resolved,2022-01-18,2022-01-21,71.0,Chat,2.0,AGT042
TKT001831,CUST00795,Fraud Report,Critical,Resolved,2023-08-14,2023-08-18,89.0,Chat,4.0,AGT014
TKT001832,CUST01735,Account Opening,Low,Resolved,2023-07-17,2023-07-22,112.0,Chat,5.0,AGT022
TKT001833,CUST00230,General Query,Low,Resolved,2022-04-18,2022-04-23,134.0,Email,5.0,AGT007
TKT001834,CUST02086,Net Banking Issue,High,Resolved,2021-07-22,2021-07-26,99.0,Chat,5.0,AGT049
TKT001835,CUST01184,General Query,Low,Resolved,2021-06-11,2021-06-16,113.0,Email,3.0,AGT028
TKT001836,CUST01502,General Query,Critical,Open,2020-09-20,,,Phone,,AGT039
TKT001837,CUST02169,Net Banking Issue,Low,Resolved,2024-07-27,2024-07-27,12.0,Branch,2.0,AGT040
TKT001838,CUST02612,General Query,Critical,Resolved,2024-02-23,2024-02-26,55.0,Phone,1.0,AGT042
TKT001839,CUST01028,Transaction Dispute,Low,Resolved,2021-02-03,2021-02-08,128.0,Branch,2.0,AGT003
TKT001840,CUST02035,Interest Query,Low,Resolved,2024-06-16,2024-06-23,152.0,Email,2.0,AGT024
TKT001841,CUST02642,Net Banking Issue,Medium,Resolved,2022-06-11,2022-06-11,8.0,Branch,3.0,AGT036
TKT001842,CUST00461,KYC Update,Low,Resolved,2022-08-27,2022-08-27,4.0,Chat,3.0,AGT023
TKT001843,CUST01008,Net Banking Issue,Medium,Resolved,2021-12-18,2021-12-18,6.0,Chat,3.0,AGT043
TKT001844,CUST02270,General Query,Critical,Resolved,2022-09-24,2022-09-29,119.0,App,1.0,AGT025
TKT001845,CUST00634,Card Issue,Medium,Resolved,2023-06-04,2023-06-07,94.0,Branch,2.0,AGT001
TKT001846,CUST02714,ATM Issue,Medium,Resolved,2021-11-07,2021-11-11,107.0,Chat,2.0,AGT047
TKT001847,CUST00683,ATM Issue,Critical,Resolved,2022-02-13,2022-02-17,79.0,Phone,5.0,AGT008
TKT001848,CUST02984,Loan Query,Low,Resolved,2021-07-21,2021-07-27,159.0,Phone,1.0,AGT011
TKT001849,CUST01045,Account Opening,Low,In Progress,2020-07-22,,,Chat,,AGT003
TKT001850,CUST02182,General Query,Low,Resolved,2021-01-11,2021-01-16,118.0,App,4.0,AGT011
TKT001851,CUST00167,ATM Issue,Critical,Resolved,2024-02-14,2024-02-21,161.0,Phone,4.0,AGT016
TKT001852,CUST01420,KYC Update,High,Resolved,2022-05-15,2022-05-18,72.0,App,2.0,AGT047
TKT001853,CUST02079,Net Banking Issue,High,Resolved,2023-08-12,2023-08-14,62.0,Branch,5.0,AGT009
TKT001854,CUST00840,Net Banking Issue,Medium,Resolved,2020-01-29,2020-02-05,152.0,Chat,3.0,AGT010
TKT001855,CUST02114,Fraud Report,Critical,Resolved,2024-07-19,2024-07-23,84.0,Chat,3.0,AGT017
TKT001856,CUST00155,General Query,Medium,Resolved,2021-06-14,2021-06-19,104.0,Phone,2.0,AGT033
TKT001857,CUST02759,KYC Update,Medium,In Progress,2024-10-30,,,Phone,,AGT035
TKT001858,CUST00664,Transaction Dispute,Low,Resolved,2024-10-04,2024-10-10,155.0,App,5.0,AGT010
TKT001859,CUST02605,Account Opening,High,Resolved,2020-12-18,2020-12-25,168.0,Email,1.0,AGT040
TKT001860,CUST02338,Interest Query,Medium,Resolved,2024-01-21,2024-01-22,32.0,App,4.0,AGT006
TKT001861,CUST00094,Transaction Dispute,Low,Resolved,2023-06-26,2023-06-27,26.0,Email,5.0,AGT006
TKT001862,CUST00447,Net Banking Issue,High,Resolved,2022-04-01,2022-04-05,114.0,Phone,2.0,AGT036
TKT001863,CUST01678,Loan Query,Medium,Resolved,2022-05-21,2022-05-23,46.0,Email,5.0,AGT040
TKT001864,CUST02765,Transaction Dispute,Medium,Resolved,2022-01-21,2022-01-23,55.0,Branch,3.0,AGT028
TKT001865,CUST00563,Interest Query,Medium,Resolved,2023-01-29,2023-02-05,168.0,Branch,1.0,AGT041
TKT001866,CUST01895,KYC Update,High,Resolved,2021-05-25,2021-05-29,95.0,Chat,3.0,AGT026
TKT001867,CUST00809,KYC Update,Low,Resolved,2023-09-09,2023-09-11,64.0,Email,1.0,AGT014
TKT001868,CUST00550,Account Opening,Medium,In Progress,2023-08-03,,,Phone,,AGT046
TKT001869,CUST01633,ATM Issue,Low,Open,2022-06-11,,,App,,AGT036
TKT001870,CUST02413,Net Banking Issue,Medium,Open,2020-05-10,,,Phone,,AGT017
TKT001871,CUST00308,Transaction Dispute,Low,Resolved,2021-12-24,2021-12-24,10.0,Phone,5.0,AGT003
TKT001872,CUST01262,KYC Update,Medium,Resolved,2024-02-28,2024-03-02,61.0,Email,5.0,AGT010
TKT001873,CUST00755,ATM Issue,Low,Resolved,2023-04-20,2023-04-25,128.0,Branch,5.0,AGT022
TKT001874,CUST00014,General Query,Low,Resolved,2020-11-24,2020-11-26,40.0,Branch,5.0,AGT002
TKT001875,CUST01932,KYC Update,Low,Resolved,2023-12-04,2023-12-10,144.0,Phone,4.0,AGT002
TKT001876,CUST02012,Transaction Dispute,Medium,Resolved,2024-03-17,2024-03-21,80.0,Phone,3.0,AGT001
TKT001877,CUST00533,Fraud Report,Critical,Resolved,2023-11-27,2023-12-01,97.0,Chat,3.0,AGT019
TKT001878,CUST00955,Card Issue,Low,Resolved,2023-01-02,2023-01-07,129.0,Email,3.0,AGT015
TKT001879,CUST02591,General Query,Medium,Resolved,2022-11-25,2022-11-27,71.0,Email,1.0,AGT010
TKT001880,CUST01586,KYC Update,Low,In Progress,2022-03-11,,,App,,AGT031
TKT001881,CUST01472,Fraud Report,Critical,In Progress,2024-08-18,,,Email,,AGT010
TKT001882,CUST02345,Account Opening,Medium,Resolved,2021-07-23,2021-07-26,60.0,Chat,2.0,AGT034
TKT001883,CUST02705,Card Issue,High,Resolved,2024-07-22,2024-07-29,160.0,App,4.0,AGT021
TKT001884,CUST00307,Card Issue,High,Resolved,2024-07-11,2024-07-13,30.0,App,4.0,AGT036
TKT001885,CUST00096,Loan Query,Low,Resolved,2021-09-20,2021-09-23,69.0,Chat,2.0,AGT038
TKT001886,CUST01349,Account Opening,Medium,Open,2020-05-20,,,Branch,,AGT003
TKT001887,CUST01311,Interest Query,Medium,Resolved,2021-11-27,2021-12-03,140.0,Phone,4.0,AGT044
TKT001888,CUST00446,Account Opening,Critical,Resolved,2020-07-09,2020-07-16,163.0,Phone,1.0,AGT020
TKT001889,CUST02589,Loan Query,High,Resolved,2022-09-23,2022-09-25,50.0,Chat,5.0,AGT023
TKT001890,CUST00529,ATM Issue,Medium,Resolved,2023-03-13,2023-03-19,157.0,Chat,2.0,AGT001
TKT001891,CUST01558,Fraud Report,Critical,Resolved,2024-01-04,2024-01-08,100.0,Phone,1.0,AGT021
TKT001892,CUST01005,Interest Query,Medium,Resolved,2022-07-31,2022-08-05,105.0,Branch,2.0,AGT010
TKT001893,CUST02220,Net Banking Issue,High,Resolved,2021-05-05,2021-05-06,7.0,App,2.0,AGT038
TKT001894,CUST02413,General Query,Medium,Resolved,2022-12-04,2022-12-08,96.0,Email,4.0,AGT038
TKT001895,CUST02515,General Query,Medium,In Progress,2022-09-10,,,Email,,AGT012
TKT001896,CUST02761,Fraud Report,Critical,Resolved,2023-06-04,2023-06-06,52.0,Email,2.0,AGT039
TKT001897,CUST00995,Loan Query,Low,Resolved,2023-03-31,2023-04-07,166.0,Email,2.0,AGT040
TKT001898,CUST01681,Loan Query,Low,Resolved,2024-02-17,2024-02-23,150.0,Branch,5.0,AGT050
TKT001899,CUST02196,ATM Issue,Low,Resolved,2021-04-11,2021-04-12,7.0,Chat,4.0,AGT036
TKT001900,CUST00014,Account Opening,High,In Progress,2021-03-09,,,Chat,,AGT048
TKT001901,CUST02504,Net Banking Issue,Medium,Resolved,2022-10-11,2022-10-13,41.0,Phone,3.0,AGT015
TKT001902,CUST02403,Interest Query,Medium,Resolved,2021-01-21,2021-01-22,21.0,Branch,5.0,AGT004
TKT001903,CUST00835,Interest Query,High,Resolved,2022-03-12,2022-03-16,96.0,App,3.0,AGT047
TKT001904,CUST00769,General Query,High,Resolved,2024-06-14,2024-06-16,50.0,App,5.0,AGT033
TKT001905,CUST01631,Card Issue,High,Resolved,2022-10-26,2022-10-29,69.0,Branch,3.0,AGT018
TKT001906,CUST01368,Fraud Report,Critical,Resolved,2023-02-18,2023-02-23,132.0,Email,1.0,AGT019
TKT001907,CUST01905,Transaction Dispute,Medium,Resolved,2023-09-28,2023-10-01,80.0,Email,1.0,AGT032
TKT001908,CUST02880,Loan Query,Critical,Resolved,2021-08-12,2021-08-13,20.0,Phone,1.0,AGT041
TKT001909,CUST02510,Fraud Report,Critical,Resolved,2022-07-21,2022-07-26,125.0,Chat,1.0,AGT010
TKT001910,CUST02242,Loan Query,Medium,Resolved,2020-10-14,2020-10-19,115.0,App,5.0,AGT021
TKT001911,CUST01049,Account Opening,Low,Resolved,2023-01-02,2023-01-04,65.0,Email,4.0,AGT015
TKT001912,CUST02819,KYC Update,Medium,Resolved,2024-07-08,2024-07-13,113.0,Email,5.0,AGT036
TKT001913,CUST02132,Net Banking Issue,Medium,Open,2024-10-17,,,App,,AGT022
TKT001914,CUST00946,General Query,Medium,Resolved,2020-03-25,2020-03-28,77.0,Branch,2.0,AGT006
TKT001915,CUST01808,Interest Query,High,Resolved,2024-06-27,2024-07-01,102.0,Chat,1.0,AGT014
TKT001916,CUST01029,Transaction Dispute,High,Resolved,2022-04-23,2022-04-30,167.0,Email,1.0,AGT027
TKT001917,CUST01893,General Query,Low,In Progress,2024-12-02,,,App,,AGT010
TKT001918,CUST02961,Net Banking Issue,Low,Resolved,2024-02-27,2024-02-27,8.0,Branch,2.0,AGT048
TKT001919,CUST00928,KYC Update,High,Resolved,2021-06-15,2021-06-17,60.0,App,5.0,AGT047
TKT001920,CUST01495,Fraud Report,Critical,Resolved,2022-10-17,2022-10-23,143.0,Chat,2.0,AGT027
TKT001921,CUST00403,Interest Query,Low,Resolved,2022-12-23,2022-12-30,165.0,Branch,5.0,AGT006
TKT001922,CUST02400,Interest Query,High,Resolved,2021-11-03,2021-11-03,12.0,Chat,2.0,AGT034
TKT001923,CUST01681,Net Banking Issue,High,Resolved,2021-01-19,2021-01-23,92.0,Email,4.0,AGT041
TKT001924,CUST00254,ATM Issue,Medium,Resolved,2023-06-03,2023-06-04,25.0,Email,3.0,AGT014
TKT001925,CUST02630,Interest Query,Medium,Resolved,2020-04-25,2020-04-27,62.0,Chat,3.0,AGT043
TKT001926,CUST01969,Interest Query,Medium,Resolved,2020-08-22,2020-08-27,127.0,App,4.0,AGT026
TKT001927,CUST02466,Account Opening,Medium,Resolved,2020-08-21,2020-08-22,23.0,Branch,5.0,AGT027
TKT001928,CUST01279,Net Banking Issue,Low,Resolved,2020-11-22,2020-11-29,167.0,App,4.0,AGT002
TKT001929,CUST01605,Account Opening,Critical,Open,2024-08-15,,,App,,AGT001
TKT001930,CUST01203,Transaction Dispute,High,Resolved,2020-10-05,2020-10-10,124.0,Branch,1.0,AGT033
TKT001931,CUST02200,General Query,Critical,Open,2023-11-04,,,Email,,AGT024
TKT001932,CUST01652,General Query,Low,Resolved,2022-02-11,2022-02-17,155.0,Phone,1.0,AGT024
TKT001933,CUST02506,Fraud Report,Critical,In Progress,2020-09-20,,,App,,AGT006
TKT001934,CUST02015,Fraud Report,Critical,Resolved,2020-03-09,2020-03-15,138.0,Email,4.0,AGT016
TKT001935,CUST00808,Account Opening,High,Resolved,2023-04-11,2023-04-14,73.0,Phone,1.0,AGT035
TKT001936,CUST01177,Account Opening,Low,Resolved,2022-06-12,2022-06-19,153.0,Phone,1.0,AGT021
TKT001937,CUST02234,General Query,Medium,Resolved,2022-07-01,2022-07-04,73.0,Chat,2.0,AGT017
TKT001938,CUST01360,ATM Issue,Medium,Resolved,2020-06-29,2020-07-01,38.0,App,5.0,AGT011
TKT001939,CUST02901,Interest Query,Medium,Resolved,2024-04-21,2024-04-21,4.0,Branch,4.0,AGT016
TKT001940,CUST01682,Transaction Dispute,Low,Resolved,2022-10-06,2022-10-13,167.0,Branch,5.0,AGT005
TKT001941,CUST02079,Net Banking Issue,Critical,Resolved,2024-11-06,2024-11-11,123.0,Branch,5.0,AGT024
TKT001942,CUST00716,Loan Query,Medium,Resolved,2021-02-28,2021-03-02,56.0,Email,3.0,AGT050
TKT001943,CUST02916,Interest Query,Medium,Resolved,2022-09-26,2022-10-01,121.0,Phone,2.0,AGT006
TKT001944,CUST01163,Loan Query,Critical,Resolved,2021-02-27,2021-03-05,143.0,Chat,4.0,AGT043
TKT001945,CUST01472,Fraud Report,Critical,Resolved,2022-11-20,2022-11-23,77.0,Chat,2.0,AGT027
TKT001946,CUST02503,General Query,Low,Resolved,2022-01-21,2022-01-23,35.0,Phone,5.0,AGT033
TKT001947,CUST01693,General Query,Medium,Resolved,2023-05-09,2023-05-14,135.0,Email,3.0,AGT043
TKT001948,CUST00735,Fraud Report,Critical,Resolved,2023-10-12,2023-10-13,14.0,Email,5.0,AGT024
TKT001949,CUST02779,Net Banking Issue,Low,Resolved,2021-08-08,2021-08-13,119.0,App,2.0,AGT033
TKT001950,CUST00479,Fraud Report,Critical,Resolved,2024-02-17,2024-02-17,10.0,Chat,5.0,AGT034
TKT001951,CUST00014,Account Opening,Critical,Resolved,2022-10-09,2022-10-15,140.0,Phone,3.0,AGT005
TKT001952,CUST01445,Transaction Dispute,Critical,Resolved,2022-02-17,2022-02-18,16.0,Email,3.0,AGT025
TKT001953,CUST01955,General Query,High,Open,2022-03-29,,,Chat,,AGT034
TKT001954,CUST02666,Fraud Report,Critical,Resolved,2021-10-02,2021-10-08,149.0,Branch,2.0,AGT034
TKT001955,CUST00339,General Query,Medium,Resolved,2021-12-04,2021-12-04,3.0,Phone,3.0,AGT012
TKT001956,CUST02181,Interest Query,High,Resolved,2023-09-23,2023-09-26,69.0,Phone,1.0,AGT047
TKT001957,CUST00201,Loan Query,Critical,Resolved,2022-11-01,2022-11-05,87.0,App,2.0,AGT018
TKT001958,CUST02900,ATM Issue,Low,In Progress,2022-04-08,,,Chat,,AGT030
TKT001959,CUST02979,Card Issue,Medium,Resolved,2024-01-05,2024-01-06,6.0,Chat,3.0,AGT003
TKT001960,CUST00689,Loan Query,Medium,In Progress,2020-06-06,,,Email,,AGT001
TKT001961,CUST01558,Loan Query,Low,Resolved,2021-08-21,2021-08-22,24.0,Chat,1.0,AGT035
TKT001962,CUST00052,Net Banking Issue,Critical,Resolved,2024-09-27,2024-09-30,69.0,Email,1.0,AGT027
TKT001963,CUST01555,Fraud Report,Critical,Resolved,2024-09-13,2024-09-13,6.0,Phone,4.0,AGT036
TKT001964,CUST02540,Interest Query,Low,Resolved,2022-05-14,2022-05-15,24.0,Email,4.0,AGT026
TKT001965,CUST00975,Fraud Report,Critical,Open,2022-03-14,,,Branch,,AGT019
TKT001966,CUST01652,ATM Issue,High,In Progress,2021-06-03,,,App,,AGT022
TKT001967,CUST02063,KYC Update,Critical,In Progress,2022-04-13,,,Email,,AGT034
TKT001968,CUST00913,Net Banking Issue,High,Resolved,2023-06-05,2023-06-11,149.0,App,3.0,AGT041
TKT001969,CUST02128,General Query,Medium,Resolved,2020-11-16,2020-11-19,82.0,Email,4.0,AGT050
TKT001970,CUST00977,Fraud Report,Critical,Open,2024-09-11,,,Branch,,AGT011
TKT001971,CUST02947,Account Opening,Low,Resolved,2021-04-30,2021-05-04,107.0,Branch,5.0,AGT044
TKT001972,CUST00314,KYC Update,Medium,Resolved,2021-04-19,2021-04-23,95.0,Chat,2.0,AGT013
TKT001973,CUST02296,Net Banking Issue,Critical,Resolved,2024-05-12,2024-05-16,87.0,Phone,5.0,AGT029
TKT001974,CUST00381,KYC Update,Critical,Resolved,2022-01-05,2022-01-07,47.0,Email,3.0,AGT032
TKT001975,CUST01238,ATM Issue,Medium,Resolved,2020-10-15,2020-10-17,49.0,Branch,3.0,AGT050
TKT001976,CUST02865,ATM Issue,Low,Resolved,2022-07-07,2022-07-12,111.0,Chat,1.0,AGT020
TKT001977,CUST00552,Loan Query,Low,Open,2024-05-06,,,Email,,AGT025
TKT001978,CUST01286,KYC Update,Medium,Resolved,2022-02-10,2022-02-11,42.0,Phone,3.0,AGT021
TKT001979,CUST00493,General Query,Low,Resolved,2023-12-29,2023-12-31,49.0,Phone,5.0,AGT021
TKT001980,CUST00824,KYC Update,Medium,Resolved,2024-08-31,2024-08-31,2.0,App,3.0,AGT047
TKT001981,CUST00413,Loan Query,Critical,Resolved,2020-11-09,2020-11-10,36.0,Email,1.0,AGT020
TKT001982,CUST02378,KYC Update,High,Resolved,2024-02-23,2024-02-29,154.0,App,2.0,AGT047
TKT001983,CUST02751,Net Banking Issue,Low,Open,2022-08-26,,,App,,AGT047
TKT001984,CUST01597,Account Opening,Medium,In Progress,2022-09-05,,,Branch,,AGT046
TKT001985,CUST02271,Interest Query,High,Resolved,2021-12-28,2021-12-31,69.0,App,2.0,AGT025
TKT001986,CUST01251,KYC Update,Low,Resolved,2020-08-09,2020-08-14,141.0,Phone,3.0,AGT009
TKT001987,CUST00227,Net Banking Issue,Medium,Resolved,2023-01-12,2023-01-15,72.0,Email,4.0,AGT023
TKT001988,CUST00420,Fraud Report,Critical,Resolved,2024-07-24,2024-07-25,25.0,App,3.0,AGT026
TKT001989,CUST01740,Interest Query,Medium,Resolved,2024-10-10,2024-10-15,104.0,Branch,4.0,AGT016
TKT001990,CUST00079,Fraud Report,Critical,Resolved,2022-09-02,2022-09-06,84.0,Email,4.0,AGT046
TKT001991,CUST00949,Transaction Dispute,Medium,In Progress,2020-12-30,,,Phone,,AGT026
TKT001992,CUST02854,Transaction Dispute,Medium,Resolved,2021-03-10,2021-03-12,53.0,Phone,4.0,AGT035
TKT001993,CUST01632,ATM Issue,Medium,Resolved,2024-08-08,2024-08-09,12.0,Chat,3.0,AGT030
TKT001994,CUST02688,Fraud Report,Critical,Resolved,2021-04-29,2021-05-05,139.0,App,2.0,AGT014
TKT001995,CUST02054,ATM Issue,Medium,Resolved,2024-06-13,2024-06-20,165.0,Chat,4.0,AGT021
TKT001996,CUST00953,Net Banking Issue,Medium,Resolved,2020-09-14,2020-09-18,95.0,Chat,5.0,AGT042
TKT001997,CUST01070,Loan Query,Critical,Resolved,2023-04-29,2023-04-30,35.0,Branch,5.0,AGT007
TKT001998,CUST01757,Interest Query,Low,Open,2021-10-14,,,Phone,,AGT028
TKT001999,CUST02712,Card Issue,Medium,Resolved,2024-02-02,2024-02-06,82.0,App,1.0,AGT041
TKT002000,CUST01727,General Query,High,Resolved,2024-08-10,2024-08-16,159.0,App,2.0,AGT046
TKT002001,CUST00282,Interest Query,Low,Resolved,2024-09-01,2024-09-04,72.0,Chat,4.0,AGT010
TKT002002,CUST01201,Card Issue,High,Resolved,2021-07-12,2021-07-19,168.0,Email,4.0,AGT033
TKT002003,CUST01413,Account Opening,Medium,Resolved,2023-09-14,2023-09-16,32.0,Chat,3.0,AGT002
TKT002004,CUST02749,ATM Issue,High,Resolved,2023-04-16,2023-04-18,30.0,Phone,4.0,AGT032
TKT002005,CUST01657,Account Opening,Medium,Resolved,2024-07-07,2024-07-10,70.0,Email,3.0,AGT029
TKT002006,CUST00612,Loan Query,High,Resolved,2023-03-25,2023-03-29,90.0,Branch,2.0,AGT032
TKT002007,CUST00891,ATM Issue,Medium,Resolved,2021-08-12,2021-08-13,36.0,Phone,5.0,AGT019
TKT002008,CUST01090,Card Issue,Medium,Resolved,2023-10-06,2023-10-11,132.0,Email,5.0,AGT001
TKT002009,CUST00293,Transaction Dispute,Critical,Resolved,2020-05-05,2020-05-07,32.0,Branch,3.0,AGT021
TKT002010,CUST00804,ATM Issue,High,Resolved,2024-08-01,2024-08-01,10.0,Email,2.0,AGT035
TKT002011,CUST02187,General Query,Low,Open,2024-08-15,,,Email,,AGT013
TKT002012,CUST00584,KYC Update,Low,Open,2023-05-30,,,App,,AGT011
TKT002013,CUST01026,General Query,Medium,Resolved,2021-11-24,2021-11-26,57.0,Chat,2.0,AGT048
TKT002014,CUST01181,ATM Issue,Low,Resolved,2024-03-01,2024-03-05,96.0,Branch,5.0,AGT031
TKT002015,CUST00153,ATM Issue,Critical,Resolved,2024-02-01,2024-02-04,72.0,Phone,5.0,AGT007
TKT002016,CUST00937,General Query,Critical,Resolved,2024-01-23,2024-01-27,85.0,Phone,3.0,AGT018
TKT002017,CUST00479,Fraud Report,Critical,In Progress,2020-01-12,,,App,,AGT016
TKT002018,CUST00182,Account Opening,High,Resolved,2021-08-21,2021-08-26,121.0,Phone,5.0,AGT049
TKT002019,CUST00894,ATM Issue,High,Resolved,2020-06-27,2020-07-03,155.0,Phone,2.0,AGT022
TKT002020,CUST02809,ATM Issue,Low,Resolved,2021-07-12,2021-07-14,35.0,Chat,5.0,AGT035
TKT002021,CUST02671,Fraud Report,Critical,Resolved,2023-08-26,2023-08-29,89.0,Branch,2.0,AGT024
TKT002022,CUST00916,Transaction Dispute,High,Resolved,2022-11-28,2022-11-29,15.0,Chat,2.0,AGT042
TKT002023,CUST00178,Card Issue,Low,Resolved,2022-05-04,2022-05-09,137.0,Phone,5.0,AGT046
TKT002024,CUST01890,ATM Issue,Low,Resolved,2021-01-29,2021-02-02,97.0,Phone,5.0,AGT032
TKT002025,CUST02545,Interest Query,Low,Resolved,2020-04-15,2020-04-22,164.0,App,3.0,AGT044
TKT002026,CUST02538,KYC Update,Medium,Resolved,2020-03-16,2020-03-22,147.0,Chat,5.0,AGT030
TKT002027,CUST00290,Fraud Report,Critical,Resolved,2022-01-31,2022-02-02,40.0,Email,1.0,AGT048
TKT002028,CUST00658,KYC Update,High,Resolved,2021-08-05,2021-08-05,5.0,Email,1.0,AGT006
TKT002029,CUST01236,General Query,High,Resolved,2023-02-14,2023-02-17,89.0,Email,2.0,AGT004
TKT002030,CUST00096,Transaction Dispute,Critical,Resolved,2023-12-29,2024-01-04,140.0,Branch,1.0,AGT040
TKT002031,CUST01661,Net Banking Issue,Medium,Resolved,2021-08-14,2021-08-15,22.0,Email,2.0,AGT015
TKT002032,CUST01611,Account Opening,Medium,Open,2021-12-09,,,App,,AGT007
TKT002033,CUST01232,Account Opening,Low,Resolved,2021-06-07,2021-06-13,129.0,App,3.0,AGT023
TKT002034,CUST02439,Interest Query,Medium,Open,2021-06-24,,,Branch,,AGT027
TKT002035,CUST02886,Net Banking Issue,Medium,Resolved,2024-05-20,2024-05-26,158.0,Email,2.0,AGT022
TKT002036,CUST01947,Loan Query,High,Open,2023-09-07,,,Email,,AGT009
TKT002037,CUST01538,Loan Query,Low,Open,2024-01-04,,,Branch,,AGT014
TKT002038,CUST01186,Transaction Dispute,Medium,Resolved,2024-12-18,2024-12-19,28.0,Phone,1.0,AGT012
TKT002039,CUST01449,ATM Issue,High,Resolved,2024-12-26,2024-12-30,106.0,Email,1.0,AGT040
TKT002040,CUST01951,Account Opening,Medium,Resolved,2021-01-05,2021-01-06,23.0,Chat,1.0,AGT003
TKT002041,CUST00934,Fraud Report,Critical,Resolved,2023-08-31,2023-09-06,146.0,Chat,4.0,AGT012
TKT002042,CUST01445,Transaction Dispute,Low,Resolved,2023-03-08,2023-03-14,154.0,Branch,1.0,AGT030
TKT002043,CUST00269,Account Opening,Low,In Progress,2023-01-29,,,Chat,,AGT041
TKT002044,CUST01384,Fraud Report,Critical,Resolved,2023-04-12,2023-04-13,22.0,App,3.0,AGT004
TKT002045,CUST01806,Interest Query,High,Resolved,2024-09-30,2024-10-03,83.0,Email,2.0,AGT005
TKT002046,CUST02209,ATM Issue,Critical,Resolved,2020-05-20,2020-05-25,122.0,Branch,1.0,AGT022
TKT002047,CUST02101,ATM Issue,Medium,Resolved,2024-02-10,2024-02-16,143.0,Branch,5.0,AGT006
TKT002048,CUST00890,General Query,Medium,Resolved,2024-04-01,2024-04-06,124.0,Chat,3.0,AGT011
TKT002049,CUST01052,General Query,Low,Resolved,2021-08-15,2021-08-18,68.0,Branch,4.0,AGT044
TKT002050,CUST01740,General Query,Medium,Resolved,2024-10-02,2024-10-04,69.0,Chat,5.0,AGT046
TKT002051,CUST01397,General Query,High,Resolved,2024-11-30,2024-12-02,61.0,Email,3.0,AGT024
TKT002052,CUST01593,KYC Update,Low,In Progress,2020-01-29,,,App,,AGT042
TKT002053,CUST00454,Loan Query,Low,Resolved,2020-10-12,2020-10-12,8.0,Branch,3.0,AGT015
TKT002054,CUST02426,KYC Update,Medium,Resolved,2024-03-04,2024-03-05,14.0,Chat,5.0,AGT019
TKT002055,CUST00455,Transaction Dispute,High,Resolved,2024-07-02,2024-07-05,72.0,Phone,1.0,AGT008
TKT002056,CUST00416,Transaction Dispute,Low,Resolved,2023-03-03,2023-03-04,33.0,Branch,2.0,AGT016
TKT002057,CUST01979,Card Issue,High,Resolved,2021-05-04,2021-05-07,70.0,Chat,4.0,AGT004
TKT002058,CUST01246,Account Opening,Medium,Resolved,2020-06-29,2020-07-01,49.0,Chat,5.0,AGT036
TKT002059,CUST02169,General Query,Medium,Resolved,2020-10-05,2020-10-11,137.0,Branch,4.0,AGT014
TKT002060,CUST01659,Loan Query,Medium,Resolved,2024-06-06,2024-06-09,83.0,Phone,1.0,AGT014
TKT002061,CUST02749,Card Issue,Critical,Resolved,2020-02-15,2020-02-17,43.0,Phone,4.0,AGT020
TKT002062,CUST00216,Interest Query,Medium,Resolved,2022-08-07,2022-08-12,127.0,Branch,3.0,AGT036
TKT002063,CUST00482,Interest Query,High,Resolved,2023-08-01,2023-08-04,71.0,Email,3.0,AGT015
TKT002064,CUST02106,Card Issue,Low,Open,2024-05-22,,,App,,AGT047
TKT002065,CUST01445,Net Banking Issue,Medium,Resolved,2024-09-17,2024-09-23,142.0,App,2.0,AGT030
TKT002066,CUST02315,Card Issue,Low,Resolved,2023-02-20,2023-02-23,68.0,App,5.0,AGT003
TKT002067,CUST00818,Net Banking Issue,Medium,Resolved,2023-04-05,2023-04-10,120.0,Email,3.0,AGT007
TKT002068,CUST02906,Net Banking Issue,Low,Resolved,2023-08-23,2023-08-23,4.0,App,5.0,AGT017
TKT002069,CUST01755,General Query,Low,Resolved,2024-09-08,2024-09-08,1.0,Email,3.0,AGT021
TKT002070,CUST00867,KYC Update,Low,Resolved,2024-12-03,2024-12-07,104.0,Branch,5.0,AGT016
TKT002071,CUST02263,Fraud Report,Critical,Resolved,2023-04-05,2023-04-10,103.0,Branch,5.0,AGT041
TKT002072,CUST01102,ATM Issue,Medium,Resolved,2024-11-28,2024-12-05,165.0,Chat,4.0,AGT040
TKT002073,CUST00334,Card Issue,Medium,Resolved,2020-08-12,2020-08-13,36.0,Email,2.0,AGT006
TKT002074,CUST02956,Interest Query,High,Resolved,2021-09-06,2021-09-12,139.0,App,4.0,AGT015
TKT002075,CUST02849,KYC Update,Low,Resolved,2024-02-14,2024-02-17,71.0,Chat,1.0,AGT027
TKT002076,CUST00619,General Query,Medium,Resolved,2024-12-11,2024-12-13,49.0,Branch,3.0,AGT015
TKT002077,CUST00193,KYC Update,Critical,Resolved,2021-09-09,2021-09-10,27.0,Chat,3.0,AGT021
TKT002078,CUST00405,ATM Issue,Low,Resolved,2023-02-18,2023-02-19,31.0,Branch,5.0,AGT013
TKT002079,CUST00307,Loan Query,Medium,Resolved,2023-12-02,2023-12-08,131.0,Branch,2.0,AGT034
TKT002080,CUST00484,Transaction Dispute,Low,Resolved,2023-11-23,2023-11-24,42.0,Phone,3.0,AGT029
TKT002081,CUST01999,Interest Query,High,Resolved,2021-05-15,2021-05-21,152.0,Phone,1.0,AGT024
TKT002082,CUST00902,Transaction Dispute,Critical,Resolved,2024-02-02,2024-02-08,152.0,App,4.0,AGT049
TKT002083,CUST01797,Interest Query,Medium,Resolved,2024-04-26,2024-05-02,142.0,Email,5.0,AGT040
TKT002084,CUST00658,ATM Issue,Low,Resolved,2020-04-08,2020-04-13,116.0,Email,2.0,AGT035
TKT002085,CUST01790,Net Banking Issue,Medium,Resolved,2022-04-14,2022-04-17,91.0,Branch,4.0,AGT039
TKT002086,CUST01485,General Query,Critical,Resolved,2021-01-11,2021-01-16,119.0,Chat,5.0,AGT030
TKT002087,CUST00400,Interest Query,Medium,Resolved,2022-02-09,2022-02-13,104.0,Email,1.0,AGT032
TKT002088,CUST00236,KYC Update,Low,Resolved,2023-09-14,2023-09-15,27.0,App,4.0,AGT024
TKT002089,CUST02437,Transaction Dispute,High,Resolved,2022-08-23,2022-08-25,38.0,Branch,1.0,AGT028
TKT002090,CUST01701,Fraud Report,Critical,Resolved,2023-02-17,2023-02-20,74.0,Email,5.0,AGT029
TKT002091,CUST02720,KYC Update,Medium,Resolved,2024-11-17,2024-11-19,57.0,Phone,2.0,AGT035
TKT002092,CUST02064,Account Opening,Medium,Resolved,2021-04-10,2021-04-16,135.0,Email,2.0,AGT018
TKT002093,CUST00484,Interest Query,High,Resolved,2023-06-14,2023-06-18,100.0,App,2.0,AGT043
TKT002094,CUST01151,Fraud Report,Critical,In Progress,2024-02-02,,,App,,AGT009
TKT002095,CUST01069,KYC Update,Medium,Resolved,2022-06-15,2022-06-17,55.0,Branch,5.0,AGT050
TKT002096,CUST01851,Net Banking Issue,Low,Resolved,2020-06-22,2020-06-28,145.0,Phone,4.0,AGT031
TKT002097,CUST01637,Interest Query,Critical,Resolved,2021-06-22,2021-06-24,58.0,Branch,2.0,AGT040
TKT002098,CUST02303,Fraud Report,Critical,Resolved,2024-06-23,2024-06-23,15.0,Phone,5.0,AGT032
TKT002099,CUST02939,KYC Update,Medium,Resolved,2021-01-04,2021-01-05,15.0,Branch,5.0,AGT015
TKT002100,CUST02883,Account Opening,Critical,Resolved,2022-02-28,2022-03-04,88.0,App,4.0,AGT018
TKT002101,CUST00538,Transaction Dispute,High,Resolved,2022-11-08,2022-11-15,158.0,Email,4.0,AGT026
TKT002102,CUST02982,Interest Query,Medium,Resolved,2023-09-02,2023-09-04,66.0,Phone,3.0,AGT032
TKT002103,CUST02289,Card Issue,Low,Resolved,2022-07-04,2022-07-05,21.0,Branch,1.0,AGT011
TKT002104,CUST01904,General Query,Low,Resolved,2024-08-15,2024-08-15,13.0,Phone,3.0,AGT048
TKT002105,CUST01652,Net Banking Issue,Low,Resolved,2022-04-05,2022-04-07,57.0,Chat,5.0,AGT021
TKT002106,CUST02631,General Query,High,Resolved,2022-04-12,2022-04-12,2.0,Chat,4.0,AGT039
TKT002107,CUST00300,Card Issue,Critical,Resolved,2023-02-08,2023-02-08,7.0,App,3.0,AGT034
TKT002108,CUST00546,Account Opening,Critical,Resolved,2023-04-30,2023-05-05,114.0,App,2.0,AGT021
TKT002109,CUST02873,Card Issue,High,Resolved,2021-10-26,2021-11-01,154.0,Phone,1.0,AGT018
TKT002110,CUST01014,Card Issue,Medium,Resolved,2024-04-01,2024-04-08,168.0,App,5.0,AGT016
TKT002111,CUST02232,Transaction Dispute,Medium,Resolved,2021-09-29,2021-10-03,78.0,Phone,5.0,AGT025
TKT002112,CUST00349,Card Issue,Low,Open,2020-04-19,,,Email,,AGT005
TKT002113,CUST02611,Transaction Dispute,High,Open,2022-07-15,,,Phone,,AGT020
TKT002114,CUST00065,Transaction Dispute,Medium,In Progress,2021-02-01,,,Phone,,AGT043
TKT002115,CUST02795,Loan Query,Critical,Resolved,2023-05-04,2023-05-10,126.0,Branch,3.0,AGT026
TKT002116,CUST00025,Account Opening,High,Resolved,2021-11-24,2021-11-29,115.0,Chat,2.0,AGT039
TKT002117,CUST02549,KYC Update,Low,Resolved,2020-08-28,2020-08-30,67.0,Phone,5.0,AGT048
TKT002118,CUST00508,Fraud Report,Critical,Resolved,2021-06-13,2021-06-17,88.0,Email,5.0,AGT019
TKT002119,CUST02364,Loan Query,Low,Resolved,2021-02-05,2021-02-10,117.0,Email,4.0,AGT035
TKT002120,CUST01689,Interest Query,Medium,Resolved,2023-04-02,2023-04-04,41.0,Branch,1.0,AGT017
TKT002121,CUST01114,Account Opening,Low,Resolved,2022-04-05,2022-04-08,73.0,Branch,5.0,AGT035
TKT002122,CUST02083,Fraud Report,Critical,Resolved,2023-05-19,2023-05-20,17.0,Branch,5.0,AGT032
TKT002123,CUST00200,Interest Query,Medium,Resolved,2020-10-22,2020-10-22,1.0,Chat,2.0,AGT018
TKT002124,CUST00597,Account Opening,High,Resolved,2023-01-24,2023-01-25,17.0,Email,4.0,AGT027
TKT002125,CUST00244,Account Opening,Medium,Resolved,2022-02-18,2022-02-20,63.0,Email,3.0,AGT047
TKT002126,CUST01967,Transaction Dispute,Low,Resolved,2020-03-14,2020-03-19,109.0,Branch,3.0,AGT036
TKT002127,CUST01321,General Query,Low,Resolved,2022-07-29,2022-08-03,119.0,Branch,1.0,AGT021
TKT002128,CUST01627,ATM Issue,Low,Resolved,2021-01-07,2021-01-08,13.0,Phone,3.0,AGT002
TKT002129,CUST00245,Net Banking Issue,Low,Resolved,2022-10-06,2022-10-07,25.0,App,2.0,AGT040
TKT002130,CUST01562,ATM Issue,Low,Resolved,2022-03-25,2022-03-27,46.0,Chat,4.0,AGT039
TKT002131,CUST02592,Transaction Dispute,Critical,Resolved,2023-10-25,2023-10-31,152.0,Branch,1.0,AGT023
TKT002132,CUST02603,Loan Query,Medium,Resolved,2024-12-08,2024-12-12,96.0,App,4.0,AGT011
TKT002133,CUST01801,Fraud Report,Critical,Resolved,2021-07-04,2021-07-10,147.0,Phone,1.0,AGT005
TKT002134,CUST00246,KYC Update,High,Resolved,2020-10-09,2020-10-10,12.0,Branch,1.0,AGT022
TKT002135,CUST01341,Interest Query,Medium,Resolved,2022-11-22,2022-11-26,95.0,App,3.0,AGT035
TKT002136,CUST01455,ATM Issue,Medium,Resolved,2023-12-24,2023-12-30,138.0,Email,1.0,AGT029
TKT002137,CUST02457,Card Issue,Low,Open,2020-03-11,,,Email,,AGT025
TKT002138,CUST02915,KYC Update,Low,Resolved,2024-08-31,2024-09-04,97.0,Chat,3.0,AGT015
TKT002139,CUST01507,ATM Issue,Critical,Resolved,2024-12-30,2024-12-31,17.0,Email,4.0,AGT011
TKT002140,CUST01088,Interest Query,Medium,Resolved,2024-04-06,2024-04-08,41.0,Email,4.0,AGT035
TKT002141,CUST00406,Account Opening,Critical,In Progress,2022-02-24,,,Branch,,AGT037
TKT002142,CUST02312,Net Banking Issue,Medium,Resolved,2024-10-05,2024-10-06,28.0,Chat,4.0,AGT050
TKT002143,CUST00679,KYC Update,Low,Resolved,2020-02-14,2020-02-18,94.0,Chat,3.0,AGT003
TKT002144,CUST02321,Loan Query,High,Resolved,2020-11-18,2020-11-24,155.0,Phone,4.0,AGT023
TKT002145,CUST02946,Card Issue,Medium,Resolved,2021-04-27,2021-05-02,123.0,Branch,1.0,AGT009
TKT002146,CUST01742,General Query,Medium,In Progress,2022-08-07,,,Email,,AGT037
TKT002147,CUST01295,Fraud Report,Critical,Resolved,2023-08-25,2023-08-31,151.0,Branch,2.0,AGT046
TKT002148,CUST00456,Transaction Dispute,High,Resolved,2020-10-08,2020-10-09,8.0,Phone,3.0,AGT031
TKT002149,CUST02607,Interest Query,Medium,Resolved,2021-05-17,2021-05-23,140.0,App,4.0,AGT038
TKT002150,CUST00275,Fraud Report,Critical,Resolved,2024-05-03,2024-05-07,85.0,App,4.0,AGT030
TKT002151,CUST01750,ATM Issue,Critical,Resolved,2020-06-18,2020-06-24,143.0,Chat,2.0,AGT037
TKT002152,CUST01005,Fraud Report,Critical,Open,2023-12-18,,,Phone,,AGT048
TKT002153,CUST01156,ATM Issue,Low,Resolved,2024-06-21,2024-06-26,117.0,Chat,4.0,AGT012
TKT002154,CUST02254,Loan Query,Critical,Resolved,2021-08-17,2021-08-20,59.0,Branch,1.0,AGT046
TKT002155,CUST00097,Transaction Dispute,Medium,Resolved,2020-10-19,2020-10-23,97.0,Chat,1.0,AGT022
TKT002156,CUST00266,Card Issue,Medium,Resolved,2023-12-26,2023-12-26,3.0,Email,1.0,AGT011
TKT002157,CUST02699,General Query,Low,Resolved,2021-01-07,2021-01-11,92.0,Chat,4.0,AGT045
TKT002158,CUST01345,Account Opening,Medium,Resolved,2021-03-20,2021-03-21,32.0,Branch,3.0,AGT050
TKT002159,CUST02671,KYC Update,Medium,Resolved,2023-07-01,2023-07-04,77.0,Branch,3.0,AGT035
TKT002160,CUST02774,Fraud Report,Critical,In Progress,2020-04-03,,,Email,,AGT016
TKT002161,CUST00126,Account Opening,Medium,Resolved,2020-11-23,2020-11-29,157.0,Chat,4.0,AGT038
TKT002162,CUST00957,KYC Update,Medium,Resolved,2022-05-28,2022-06-01,95.0,Email,5.0,AGT023
TKT002163,CUST01422,KYC Update,Medium,Resolved,2024-09-21,2024-09-25,100.0,Phone,2.0,AGT006
TKT002164,CUST02308,General Query,High,Resolved,2020-08-20,2020-08-24,107.0,App,3.0,AGT037
TKT002165,CUST01951,KYC Update,Critical,Resolved,2024-04-13,2024-04-16,60.0,Email,4.0,AGT031
TKT002166,CUST01384,Transaction Dispute,High,Resolved,2020-11-14,2020-11-20,141.0,App,2.0,AGT044
TKT002167,CUST01848,General Query,Medium,Resolved,2023-11-16,2023-11-21,135.0,Branch,4.0,AGT017
TKT002168,CUST01680,Loan Query,Medium,Resolved,2021-01-16,2021-01-20,88.0,App,3.0,AGT006
TKT002169,CUST02921,Card Issue,Low,Resolved,2021-04-17,2021-04-18,17.0,Phone,4.0,AGT016
TKT002170,CUST01273,KYC Update,Medium,Resolved,2024-07-23,2024-07-27,89.0,App,5.0,AGT047
TKT002171,CUST00922,Account Opening,Medium,Resolved,2022-03-17,2022-03-20,73.0,Email,3.0,AGT031
TKT002172,CUST01973,Net Banking Issue,Medium,Resolved,2022-08-11,2022-08-14,80.0,Chat,2.0,AGT024
TKT002173,CUST01779,Net Banking Issue,Low,Resolved,2021-08-15,2021-08-19,107.0,Email,4.0,AGT014
TKT002174,CUST00194,Account Opening,Medium,Resolved,2023-04-07,2023-04-09,47.0,App,3.0,AGT021
TKT002175,CUST01550,Transaction Dispute,High,Resolved,2021-03-15,2021-03-18,62.0,Phone,5.0,AGT041
TKT002176,CUST00254,General Query,Low,In Progress,2021-02-17,,,App,,AGT020
TKT002177,CUST02550,Fraud Report,Critical,Resolved,2022-03-10,2022-03-12,47.0,Branch,3.0,AGT045
TKT002178,CUST02136,Account Opening,Medium,Resolved,2020-08-20,2020-08-22,48.0,Branch,3.0,AGT042
TKT002179,CUST02499,Interest Query,Low,Resolved,2023-06-17,2023-06-23,140.0,Chat,4.0,AGT044
TKT002180,CUST00882,ATM Issue,Low,Resolved,2023-07-17,2023-07-17,5.0,Chat,2.0,AGT009
TKT002181,CUST01792,Card Issue,Medium,Resolved,2024-04-29,2024-05-03,98.0,Phone,3.0,AGT033
TKT002182,CUST00906,Interest Query,Critical,Resolved,2022-01-09,2022-01-10,41.0,Chat,3.0,AGT033
TKT002183,CUST00884,Card Issue,Low,Resolved,2024-08-14,2024-08-14,11.0,App,3.0,AGT015
TKT002184,CUST02616,General Query,Low,Open,2023-02-23,,,Email,,AGT048
TKT002185,CUST00998,Card Issue,Low,Resolved,2023-09-01,2023-09-06,125.0,Phone,3.0,AGT016
TKT002186,CUST00423,KYC Update,High,Resolved,2020-10-22,2020-10-28,155.0,Branch,3.0,AGT018
TKT002187,CUST02855,KYC Update,Low,Resolved,2021-07-31,2021-08-02,37.0,Chat,2.0,AGT006
TKT002188,CUST01096,Net Banking Issue,Medium,In Progress,2020-07-02,,,Chat,,AGT039
TKT002189,CUST00709,ATM Issue,Medium,Resolved,2023-11-26,2023-11-29,75.0,Phone,5.0,AGT021
TKT002190,CUST01630,General Query,Critical,Resolved,2024-06-09,2024-06-09,13.0,Branch,3.0,AGT011
TKT002191,CUST02463,Fraud Report,Critical,Resolved,2024-08-29,2024-08-30,24.0,Chat,3.0,AGT025
TKT002192,CUST01188,General Query,Medium,Resolved,2021-10-13,2021-10-14,20.0,Chat,4.0,AGT007
TKT002193,CUST01038,Card Issue,Critical,Resolved,2020-04-17,2020-04-18,26.0,Chat,4.0,AGT039
TKT002194,CUST01935,Card Issue,Low,Open,2023-09-22,,,App,,AGT038
TKT002195,CUST01370,Card Issue,Low,Resolved,2021-02-04,2021-02-09,108.0,Chat,2.0,AGT017
TKT002196,CUST01564,Transaction Dispute,Low,Resolved,2020-08-27,2020-08-31,107.0,App,4.0,AGT038
TKT002197,CUST00551,Account Opening,Medium,Resolved,2023-12-31,2024-01-06,153.0,App,3.0,AGT042
TKT002198,CUST01660,Interest Query,Low,Resolved,2021-02-20,2021-02-25,111.0,App,5.0,AGT007
TKT002199,CUST01270,Transaction Dispute,Medium,Resolved,2020-02-14,2020-02-19,132.0,App,2.0,AGT036
TKT002200,CUST02176,KYC Update,High,In Progress,2020-09-15,,,App,,AGT024
TKT002201,CUST01292,Fraud Report,Critical,Resolved,2023-03-12,2023-03-15,54.0,Email,1.0,AGT033
TKT002202,CUST00636,Card Issue,Medium,Resolved,2023-05-31,2023-06-06,149.0,Email,3.0,AGT016
TKT002203,CUST00923,Net Banking Issue,Low,Open,2023-02-01,,,Email,,AGT037
TKT002204,CUST02895,Loan Query,Medium,Open,2024-02-14,,,Branch,,AGT002
TKT002205,CUST01506,Fraud Report,Critical,Resolved,2024-01-04,2024-01-05,26.0,Branch,4.0,AGT031
TKT002206,CUST00062,Account Opening,Medium,Resolved,2023-05-20,2023-05-23,68.0,App,5.0,AGT012
TKT002207,CUST02905,General Query,Low,Resolved,2021-05-18,2021-05-20,45.0,Chat,5.0,AGT016
TKT002208,CUST01893,Transaction Dispute,Low,Resolved,2024-06-07,2024-06-11,97.0,Chat,2.0,AGT035
TKT002209,CUST00159,Account Opening,Medium,Resolved,2024-05-26,2024-05-29,52.0,Email,2.0,AGT014
TKT002210,CUST00572,Loan Query,Medium,Resolved,2024-09-07,2024-09-13,155.0,Email,3.0,AGT036
TKT002211,CUST02970,KYC Update,Medium,Resolved,2023-06-01,2023-06-06,123.0,Phone,1.0,AGT025
TKT002212,CUST01817,Transaction Dispute,Medium,Resolved,2023-11-07,2023-11-10,70.0,Chat,1.0,AGT009
TKT002213,CUST00463,General Query,High,Resolved,2020-09-29,2020-09-29,8.0,App,3.0,AGT022
TKT002214,CUST00686,Net Banking Issue,Medium,Resolved,2021-12-28,2021-12-30,64.0,Phone,1.0,AGT047
TKT002215,CUST02625,Card Issue,High,Resolved,2023-04-29,2023-05-03,84.0,Chat,4.0,AGT037
TKT002216,CUST00756,Fraud Report,Critical,Resolved,2022-12-31,2023-01-03,69.0,Email,2.0,AGT039
TKT002217,CUST02862,KYC Update,Medium,Resolved,2021-03-05,2021-03-08,84.0,Branch,4.0,AGT029
TKT002218,CUST00970,Loan Query,Critical,Resolved,2024-10-06,2024-10-12,133.0,Phone,4.0,AGT036
TKT002219,CUST00590,KYC Update,Medium,Resolved,2022-05-15,2022-05-21,131.0,Chat,4.0,AGT046
TKT002220,CUST01140,General Query,Low,Resolved,2021-08-03,2021-08-10,162.0,App,3.0,AGT030
TKT002221,CUST00993,ATM Issue,Low,Open,2020-08-30,,,Chat,,AGT016
TKT002222,CUST01021,KYC Update,Medium,Resolved,2024-08-13,2024-08-15,46.0,Phone,1.0,AGT002
TKT002223,CUST02843,General Query,Low,Resolved,2023-02-03,2023-02-06,91.0,Email,3.0,AGT023
TKT002224,CUST02607,Loan Query,High,Resolved,2022-07-01,2022-07-06,139.0,Phone,3.0,AGT017
TKT002225,CUST00668,Account Opening,Medium,Resolved,2020-06-27,2020-06-28,26.0,Phone,1.0,AGT011
TKT002226,CUST00388,Interest Query,Medium,Resolved,2021-09-16,2021-09-17,9.0,Chat,2.0,AGT008
TKT002227,CUST02246,Card Issue,Medium,Resolved,2024-03-22,2024-03-23,22.0,App,4.0,AGT008
TKT002228,CUST00019,KYC Update,Low,Open,2022-05-01,,,Email,,AGT048
TKT002229,CUST02794,KYC Update,Medium,Resolved,2023-08-29,2023-08-29,6.0,Email,4.0,AGT043
TKT002230,CUST00514,Account Opening,High,Resolved,2021-08-20,2021-08-25,110.0,App,3.0,AGT027
TKT002231,CUST02664,Loan Query,Medium,Resolved,2022-08-28,2022-08-29,34.0,Email,1.0,AGT021
TKT002232,CUST00143,Card Issue,Medium,Resolved,2022-04-28,2022-05-02,91.0,Chat,4.0,AGT034
TKT002233,CUST02065,Loan Query,Medium,Resolved,2022-01-28,2022-01-29,28.0,Branch,4.0,AGT028
TKT002234,CUST01296,Interest Query,Medium,Resolved,2021-06-27,2021-07-02,128.0,Chat,2.0,AGT045
TKT002235,CUST01384,Card Issue,Medium,Resolved,2024-02-10,2024-02-13,60.0,App,3.0,AGT011
TKT002236,CUST01131,General Query,Medium,Resolved,2022-10-16,2022-10-17,18.0,Chat,5.0,AGT029
TKT002237,CUST00164,Interest Query,Low,Resolved,2022-11-12,2022-11-17,137.0,App,4.0,AGT012
TKT002238,CUST02862,KYC Update,Low,Resolved,2021-06-17,2021-06-20,64.0,Chat,5.0,AGT024
TKT002239,CUST01121,Account Opening,High,Resolved,2022-03-21,2022-03-23,39.0,Chat,5.0,AGT043
TKT002240,CUST02651,Fraud Report,Critical,Resolved,2021-05-06,2021-05-13,165.0,Phone,4.0,AGT044
TKT002241,CUST02794,Net Banking Issue,Low,Resolved,2023-09-23,2023-09-24,22.0,Phone,1.0,AGT002
TKT002242,CUST00038,KYC Update,Low,Resolved,2022-08-20,2022-08-23,63.0,Branch,3.0,AGT020
TKT002243,CUST02155,KYC Update,High,Resolved,2023-04-01,2023-04-07,152.0,Email,3.0,AGT024
TKT002244,CUST02662,Transaction Dispute,High,Resolved,2022-11-18,2022-11-21,66.0,Chat,5.0,AGT002
TKT002245,CUST00237,Net Banking Issue,Medium,Resolved,2021-05-15,2021-05-18,65.0,Chat,5.0,AGT007
TKT002246,CUST00857,Loan Query,Medium,Resolved,2020-03-23,2020-03-27,96.0,Chat,2.0,AGT006
TKT002247,CUST00145,Card Issue,Low,Resolved,2021-05-31,2021-06-03,92.0,Phone,4.0,AGT048
TKT002248,CUST02052,KYC Update,Low,Resolved,2022-07-14,2022-07-17,70.0,Email,5.0,AGT002
TKT002249,CUST01824,Fraud Report,Critical,Open,2021-03-18,,,App,,AGT043
TKT002250,CUST02440,General Query,Critical,Resolved,2023-03-19,2023-03-19,9.0,Phone,3.0,AGT026
TKT002251,CUST01750,KYC Update,High,Open,2022-05-03,,,Phone,,AGT006
TKT002252,CUST00557,Transaction Dispute,Medium,Resolved,2023-01-07,2023-01-08,16.0,Email,2.0,AGT046
TKT002253,CUST00390,Net Banking Issue,Critical,Resolved,2022-05-19,2022-05-21,32.0,App,2.0,AGT035
TKT002254,CUST01405,Loan Query,High,Resolved,2020-04-30,2020-05-05,119.0,Branch,3.0,AGT021
TKT002255,CUST01338,ATM Issue,Medium,Resolved,2022-03-15,2022-03-19,90.0,Phone,1.0,AGT021
TKT002256,CUST01050,ATM Issue,High,Resolved,2023-12-31,2024-01-03,54.0,Phone,3.0,AGT024
TKT002257,CUST02492,Loan Query,High,Resolved,2020-06-20,2020-06-26,148.0,Phone,4.0,AGT023
TKT002258,CUST00127,KYC Update,Low,Resolved,2020-03-28,2020-04-04,158.0,Email,4.0,AGT020
TKT002259,CUST00816,General Query,Low,Resolved,2023-12-14,2023-12-14,10.0,Chat,3.0,AGT037
TKT002260,CUST02892,KYC Update,Low,Resolved,2024-04-27,2024-05-01,99.0,App,1.0,AGT042
TKT002261,CUST02914,Account Opening,Low,Resolved,2022-12-07,2022-12-11,93.0,App,2.0,AGT026
TKT002262,CUST02092,Transaction Dispute,Low,Resolved,2023-11-13,2023-11-18,118.0,Chat,5.0,AGT025
TKT002263,CUST01865,Interest Query,Low,Resolved,2022-10-26,2022-10-30,104.0,Branch,4.0,AGT031
TKT002264,CUST00083,KYC Update,High,Resolved,2023-09-01,2023-09-05,89.0,App,5.0,AGT020
TKT002265,CUST01411,KYC Update,Medium,In Progress,2024-07-04,,,Email,,AGT025
TKT002266,CUST01635,Fraud Report,Critical,Resolved,2022-09-12,2022-09-15,89.0,Email,5.0,AGT034
TKT002267,CUST01225,Card Issue,Medium,Resolved,2023-11-29,2023-11-29,3.0,Email,5.0,AGT023
TKT002268,CUST00088,Card Issue,High,In Progress,2022-04-24,,,Email,,AGT042
TKT002269,CUST01127,KYC Update,Medium,Open,2023-01-06,,,Email,,AGT027
TKT002270,CUST02914,General Query,Low,Resolved,2020-05-29,2020-06-05,167.0,Phone,3.0,AGT022
TKT002271,CUST00520,KYC Update,Critical,Resolved,2023-12-30,2024-01-03,97.0,Branch,5.0,AGT036
TKT002272,CUST00633,Card Issue,Low,Resolved,2022-04-20,2022-04-24,92.0,Branch,1.0,AGT013
TKT002273,CUST00246,KYC Update,Medium,Resolved,2023-02-01,2023-02-06,131.0,Chat,3.0,AGT029
TKT002274,CUST01786,KYC Update,Medium,In Progress,2021-01-19,,,Branch,,AGT043
TKT002275,CUST02841,ATM Issue,Low,In Progress,2022-11-06,,,App,,AGT037
TKT002276,CUST02004,Interest Query,Low,Resolved,2024-03-29,2024-03-29,15.0,Email,3.0,AGT015
TKT002277,CUST01569,Account Opening,Low,Resolved,2024-05-01,2024-05-05,90.0,Email,4.0,AGT020
TKT002278,CUST01729,KYC Update,Medium,Resolved,2023-08-25,2023-08-27,66.0,Email,3.0,AGT047
TKT002279,CUST01962,ATM Issue,High,Resolved,2023-04-04,2023-04-10,137.0,Branch,5.0,AGT047
TKT002280,CUST00085,Card Issue,Medium,Resolved,2023-04-15,2023-04-20,123.0,Email,3.0,AGT005
TKT002281,CUST00045,Interest Query,Medium,Resolved,2020-11-26,2020-11-29,68.0,Chat,1.0,AGT008
TKT002282,CUST00379,Fraud Report,Critical,Resolved,2024-02-28,2024-03-04,125.0,Branch,1.0,AGT036
TKT002283,CUST02629,General Query,Low,Resolved,2023-01-18,2023-01-24,147.0,Email,3.0,AGT021
TKT002284,CUST01108,ATM Issue,Critical,Resolved,2022-08-05,2022-08-09,116.0,Branch,3.0,AGT046
TKT002285,CUST02637,Interest Query,Medium,Resolved,2023-11-28,2023-11-30,37.0,Email,2.0,AGT015
TKT002286,CUST00018,KYC Update,Low,Resolved,2022-12-25,2022-12-27,53.0,Phone,3.0,AGT048
TKT002287,CUST00205,Loan Query,High,Resolved,2023-07-06,2023-07-09,67.0,Email,1.0,AGT008
TKT002288,CUST01387,Interest Query,High,Resolved,2022-07-12,2022-07-16,84.0,Chat,4.0,AGT023
TKT002289,CUST02905,ATM Issue,Medium,Resolved,2024-05-12,2024-05-15,81.0,Email,1.0,AGT031
TKT002290,CUST01481,Account Opening,Medium,Resolved,2020-09-25,2020-09-27,50.0,Chat,3.0,AGT010
TKT002291,CUST01985,Fraud Report,Critical,Resolved,2024-07-26,2024-07-28,54.0,Email,3.0,AGT002
TKT002292,CUST01022,Net Banking Issue,Critical,Resolved,2022-01-03,2022-01-07,76.0,Phone,2.0,AGT048
TKT002293,CUST02113,Account Opening,High,Resolved,2022-10-23,2022-10-30,158.0,App,3.0,AGT041
TKT002294,CUST01706,Interest Query,Critical,Resolved,2024-09-24,2024-10-01,161.0,App,5.0,AGT003
TKT002295,CUST00978,Interest Query,Critical,Resolved,2022-10-05,2022-10-08,71.0,Email,1.0,AGT013
TKT002296,CUST02736,Account Opening,Medium,Resolved,2020-01-24,2020-01-25,32.0,Phone,5.0,AGT046
TKT002297,CUST02492,General Query,Critical,Resolved,2022-02-03,2022-02-05,44.0,Branch,4.0,AGT021
TKT002298,CUST00429,Card Issue,Medium,In Progress,2024-05-31,,,App,,AGT007
TKT002299,CUST00305,ATM Issue,Medium,Resolved,2020-12-15,2020-12-15,18.0,Branch,3.0,AGT014
TKT002300,CUST01286,Card Issue,Critical,In Progress,2022-07-12,,,Phone,,AGT047
TKT002301,CUST02948,General Query,Medium,Open,2022-11-25,,,Branch,,AGT013
TKT002302,CUST00822,General Query,Low,Resolved,2022-12-12,2022-12-16,91.0,Email,2.0,AGT020
TKT002303,CUST02890,General Query,High,Resolved,2024-02-20,2024-02-25,135.0,Phone,4.0,AGT021
TKT002304,CUST00810,KYC Update,Medium,Resolved,2020-11-05,2020-11-09,87.0,Branch,4.0,AGT049
TKT002305,CUST02756,Interest Query,Medium,Resolved,2023-02-10,2023-02-11,20.0,App,2.0,AGT011
TKT002306,CUST02972,Transaction Dispute,Medium,Resolved,2023-01-30,2023-01-30,5.0,Chat,2.0,AGT013
TKT002307,CUST00079,Loan Query,Medium,In Progress,2020-08-31,,,Branch,,AGT040
TKT002308,CUST00129,Net Banking Issue,Critical,Resolved,2024-11-05,2024-11-10,128.0,Chat,1.0,AGT027
TKT002309,CUST00389,Fraud Report,Critical,Resolved,2022-10-30,2022-11-01,31.0,Chat,5.0,AGT013
TKT002310,CUST00470,Transaction Dispute,Low,Resolved,2023-10-10,2023-10-13,68.0,App,2.0,AGT046
TKT002311,CUST01623,General Query,Medium,Resolved,2020-03-06,2020-03-10,87.0,App,3.0,AGT042
TKT002312,CUST02982,General Query,Medium,Open,2021-10-01,,,Phone,,AGT038
TKT002313,CUST00026,Account Opening,Medium,Resolved,2022-10-25,2022-10-26,15.0,Email,1.0,AGT050
TKT002314,CUST01635,Transaction Dispute,Low,Resolved,2023-11-24,2023-11-26,45.0,Chat,4.0,AGT040
TKT002315,CUST01718,Loan Query,Critical,Resolved,2024-03-24,2024-03-26,59.0,Branch,2.0,AGT036
TKT002316,CUST02270,Loan Query,Low,Resolved,2023-02-27,2023-03-04,120.0,Phone,2.0,AGT001
TKT002317,CUST01538,Transaction Dispute,Low,Resolved,2023-07-20,2023-07-24,101.0,App,2.0,AGT046
TKT002318,CUST01591,Loan Query,High,Resolved,2023-07-03,2023-07-04,23.0,Email,2.0,AGT021
TKT002319,CUST02385,Card Issue,Medium,Open,2020-09-09,,,Email,,AGT041
TKT002320,CUST00052,Interest Query,Medium,Resolved,2022-02-22,2022-02-28,143.0,Phone,5.0,AGT044
TKT002321,CUST02065,Interest Query,Medium,Resolved,2022-08-19,2022-08-25,129.0,Branch,3.0,AGT038
TKT002322,CUST00597,Fraud Report,Critical,Resolved,2022-04-11,2022-04-17,151.0,Branch,3.0,AGT026
TKT002323,CUST00105,Loan Query,Critical,Resolved,2023-06-11,2023-06-12,35.0,Phone,3.0,AGT043
TKT002324,CUST00069,Interest Query,High,Resolved,2022-02-13,2022-02-16,85.0,Email,2.0,AGT028
TKT002325,CUST02266,ATM Issue,Critical,Resolved,2023-02-24,2023-03-01,119.0,Phone,4.0,AGT027
TKT002326,CUST00408,Account Opening,Medium,Resolved,2023-12-25,2023-12-26,33.0,Phone,2.0,AGT003
TKT002327,CUST00282,Card Issue,High,Resolved,2022-09-07,2022-09-14,168.0,Chat,3.0,AGT037
TKT002328,CUST02277,Fraud Report,Critical,Resolved,2020-01-16,2020-01-22,144.0,App,1.0,AGT002
TKT002329,CUST01766,Loan Query,Low,Resolved,2024-01-08,2024-01-12,87.0,Email,3.0,AGT006
TKT002330,CUST02529,General Query,Medium,Resolved,2021-03-25,2021-03-26,9.0,Phone,1.0,AGT016
TKT002331,CUST00326,Loan Query,Low,Open,2021-05-12,,,App,,AGT049
TKT002332,CUST01579,Account Opening,High,Resolved,2022-12-09,2022-12-13,83.0,Email,2.0,AGT007
TKT002333,CUST01914,Card Issue,High,Resolved,2021-05-24,2021-05-26,34.0,Chat,3.0,AGT038
TKT002334,CUST00427,ATM Issue,High,Resolved,2022-06-28,2022-06-29,40.0,App,1.0,AGT022
TKT002335,CUST01339,Card Issue,High,Resolved,2024-06-17,2024-06-19,57.0,Email,5.0,AGT020
TKT002336,CUST00819,Account Opening,Low,Resolved,2021-01-07,2021-01-08,27.0,Phone,3.0,AGT025
TKT002337,CUST01939,Fraud Report,Critical,Resolved,2022-03-16,2022-03-20,98.0,App,2.0,AGT021
TKT002338,CUST01296,Interest Query,Low,Resolved,2023-05-25,2023-05-30,112.0,App,1.0,AGT040
TKT002339,CUST01297,Loan Query,Low,Resolved,2021-04-06,2021-04-08,48.0,App,3.0,AGT041
TKT002340,CUST02260,Card Issue,Critical,Resolved,2020-01-26,2020-01-28,40.0,App,5.0,AGT022
TKT002341,CUST02854,Loan Query,Medium,Resolved,2022-12-15,2022-12-17,55.0,App,1.0,AGT017
TKT002342,CUST00678,Net Banking Issue,Low,Open,2020-01-25,,,Chat,,AGT044
TKT002343,CUST02931,Fraud Report,Critical,Resolved,2023-11-14,2023-11-18,87.0,Chat,4.0,AGT050
TKT002344,CUST01437,Interest Query,High,Resolved,2023-08-03,2023-08-07,88.0,Phone,3.0,AGT030
TKT002345,CUST00537,Loan Query,Medium,Open,2021-11-11,,,Chat,,AGT027
TKT002346,CUST00158,Fraud Report,Critical,Resolved,2020-08-26,2020-08-30,104.0,Branch,3.0,AGT034
TKT002347,CUST02859,Transaction Dispute,High,Resolved,2021-01-12,2021-01-16,100.0,App,5.0,AGT037
TKT002348,CUST02678,Card Issue,High,Resolved,2022-02-21,2022-02-25,87.0,Phone,5.0,AGT039
TKT002349,CUST02586,ATM Issue,High,Resolved,2024-05-18,2024-05-18,3.0,Branch,3.0,AGT015
TKT002350,CUST00201,Fraud Report,Critical,Resolved,2023-12-09,2023-12-11,59.0,Branch,1.0,AGT006
TKT002351,CUST00638,Interest Query,Medium,Resolved,2021-11-19,2021-11-21,49.0,Branch,5.0,AGT030
TKT002352,CUST01114,General Query,Medium,Resolved,2020-03-21,2020-03-24,83.0,App,1.0,AGT003
TKT002353,CUST00437,Net Banking Issue,Critical,Resolved,2021-12-07,2021-12-10,70.0,Branch,3.0,AGT020
TKT002354,CUST00061,Fraud Report,Critical,Resolved,2022-08-31,2022-09-03,65.0,Email,5.0,AGT032
TKT002355,CUST00382,Interest Query,Critical,Resolved,2024-07-01,2024-07-05,75.0,Email,3.0,AGT043
TKT002356,CUST02898,Card Issue,Low,Resolved,2021-11-14,2021-11-20,134.0,Phone,2.0,AGT002
TKT002357,CUST02400,Fraud Report,Critical,Open,2022-04-20,,,Phone,,AGT023
TKT002358,CUST01275,General Query,High,Resolved,2022-02-24,2022-03-03,166.0,Chat,3.0,AGT010
TKT002359,CUST00921,Transaction Dispute,Medium,Open,2023-03-25,,,Chat,,AGT002
TKT002360,CUST01405,ATM Issue,High,Resolved,2023-02-24,2023-02-25,15.0,Chat,4.0,AGT048
TKT002361,CUST02510,Card Issue,Low,Resolved,2021-06-01,2021-06-07,129.0,App,5.0,AGT023
TKT002362,CUST01561,Card Issue,Medium,Resolved,2023-01-19,2023-01-25,148.0,Phone,5.0,AGT017
TKT002363,CUST02536,Loan Query,Low,Resolved,2022-06-15,2022-06-18,69.0,Chat,2.0,AGT038
TKT002364,CUST02499,KYC Update,Low,Resolved,2024-01-06,2024-01-13,147.0,Phone,4.0,AGT018
TKT002365,CUST01794,Card Issue,Low,Resolved,2022-02-18,2022-02-21,77.0,Chat,4.0,AGT012
TKT002366,CUST02485,Fraud Report,Critical,Resolved,2023-06-18,2023-06-18,15.0,Phone,4.0,AGT030
TKT002367,CUST02663,Loan Query,Low,Resolved,2020-12-14,2020-12-21,168.0,Branch,3.0,AGT009
TKT002368,CUST02312,KYC Update,Medium,Resolved,2022-12-30,2022-12-30,3.0,App,2.0,AGT040
TKT002369,CUST00249,Fraud Report,Critical,Resolved,2024-04-03,2024-04-06,59.0,Chat,2.0,AGT037
TKT002370,CUST00487,General Query,High,Resolved,2024-11-16,2024-11-18,48.0,Phone,1.0,AGT038
TKT002371,CUST02663,Fraud Report,Critical,Resolved,2024-07-17,2024-07-19,42.0,Branch,3.0,AGT028
TKT002372,CUST01867,Loan Query,Medium,Resolved,2022-01-22,2022-01-24,46.0,Email,3.0,AGT047
TKT002373,CUST02459,Transaction Dispute,Low,Resolved,2020-03-19,2020-03-26,156.0,Phone,4.0,AGT026
TKT002374,CUST01342,KYC Update,Critical,Resolved,2022-11-15,2022-11-16,7.0,Phone,5.0,AGT013
TKT002375,CUST00299,Transaction Dispute,Low,Resolved,2023-10-06,2023-10-13,167.0,Email,3.0,AGT037
TKT002376,CUST00222,KYC Update,High,Open,2024-06-24,,,App,,AGT013
TKT002377,CUST02131,KYC Update,Low,Resolved,2024-11-01,2024-11-06,120.0,Branch,3.0,AGT010
TKT002378,CUST01901,Card Issue,High,Resolved,2023-04-29,2023-05-06,157.0,App,4.0,AGT036
TKT002379,CUST02756,General Query,High,Resolved,2020-07-18,2020-07-24,131.0,Branch,1.0,AGT044
TKT002380,CUST00727,Net Banking Issue,Low,Resolved,2023-06-25,2023-06-30,118.0,Email,4.0,AGT024
TKT002381,CUST00754,ATM Issue,Medium,Resolved,2020-09-06,2020-09-10,98.0,App,1.0,AGT043
TKT002382,CUST00519,Interest Query,Low,Resolved,2024-02-07,2024-02-09,62.0,Phone,4.0,AGT024
TKT002383,CUST00865,Interest Query,Medium,Resolved,2024-01-18,2024-01-22,89.0,Chat,5.0,AGT008
TKT002384,CUST02557,KYC Update,Medium,Resolved,2022-01-09,2022-01-11,44.0,Phone,4.0,AGT043
TKT002385,CUST01053,Net Banking Issue,Low,Resolved,2021-03-13,2021-03-18,122.0,Phone,4.0,AGT004
TKT002386,CUST01361,Account Opening,Low,Resolved,2023-04-21,2023-04-25,108.0,Chat,5.0,AGT036
TKT002387,CUST00836,Transaction Dispute,Medium,Resolved,2024-03-01,2024-03-06,117.0,Email,5.0,AGT042
TKT002388,CUST02589,General Query,Medium,Resolved,2023-07-10,2023-07-12,48.0,Email,1.0,AGT040
TKT002389,CUST02377,Interest Query,Low,Resolved,2023-09-17,2023-09-24,159.0,App,1.0,AGT049
TKT002390,CUST00065,KYC Update,High,Resolved,2024-11-11,2024-11-16,119.0,Email,3.0,AGT033
TKT002391,CUST01036,Loan Query,Low,Resolved,2020-03-04,2020-03-10,125.0,Chat,4.0,AGT003
TKT002392,CUST00132,Net Banking Issue,Medium,Resolved,2020-04-16,2020-04-18,52.0,App,1.0,AGT034
TKT002393,CUST00739,Fraud Report,Critical,Open,2022-05-21,,,Phone,,AGT006
TKT002394,CUST02074,Net Banking Issue,Medium,Resolved,2020-08-10,2020-08-16,126.0,Chat,4.0,AGT019
TKT002395,CUST02778,General Query,Low,Resolved,2020-11-05,2020-11-10,130.0,Chat,3.0,AGT019
TKT002396,CUST02888,ATM Issue,Low,Open,2020-02-19,,,Chat,,AGT049
TKT002397,CUST01992,Account Opening,Critical,Resolved,2023-04-07,2023-04-08,26.0,Branch,5.0,AGT034
TKT002398,CUST02850,Net Banking Issue,High,Resolved,2021-11-18,2021-11-22,106.0,Branch,4.0,AGT042
TKT002399,CUST01875,Fraud Report,Critical,Resolved,2024-08-26,2024-08-31,106.0,Phone,1.0,AGT019
TKT002400,CUST01235,Net Banking Issue,Low,Resolved,2023-03-26,2023-03-29,54.0,Phone,1.0,AGT022
TKT002401,CUST02009,Account Opening,Medium,Resolved,2021-09-07,2021-09-11,116.0,Email,2.0,AGT044
TKT002402,CUST00413,Fraud Report,Critical,In Progress,2020-05-29,,,App,,AGT010
TKT002403,CUST02898,Loan Query,Medium,In Progress,2022-09-17,,,Branch,,AGT046
TKT002404,CUST00223,Transaction Dispute,Medium,Resolved,2021-03-23,2021-03-28,106.0,Phone,3.0,AGT047
TKT002405,CUST00858,KYC Update,Medium,Resolved,2020-10-24,2020-10-31,154.0,Phone,1.0,AGT009
TKT002406,CUST01673,Loan Query,High,Resolved,2022-04-11,2022-04-16,113.0,Email,1.0,AGT050
TKT002407,CUST00871,Fraud Report,Critical,Resolved,2023-11-07,2023-11-10,73.0,Phone,1.0,AGT027
TKT002408,CUST00986,Card Issue,Medium,Resolved,2024-05-30,2024-06-01,45.0,Email,4.0,AGT001
TKT002409,CUST02342,Net Banking Issue,Medium,Resolved,2020-04-27,2020-04-27,7.0,Chat,1.0,AGT022
TKT002410,CUST02057,Card Issue,Medium,Resolved,2024-01-26,2024-01-28,62.0,App,5.0,AGT045
TKT002411,CUST02130,Net Banking Issue,Low,Resolved,2020-08-26,2020-08-31,107.0,Email,5.0,AGT044
TKT002412,CUST00531,Fraud Report,Critical,Resolved,2023-05-01,2023-05-04,71.0,Phone,1.0,AGT047
TKT002413,CUST02855,ATM Issue,Low,Resolved,2023-10-24,2023-10-28,77.0,Email,1.0,AGT037
TKT002414,CUST00398,Interest Query,Medium,Resolved,2020-12-08,2020-12-14,160.0,Branch,1.0,AGT025
TKT002415,CUST00929,Card Issue,High,Resolved,2022-08-22,2022-08-23,35.0,Branch,2.0,AGT011
TKT002416,CUST01331,Interest Query,Medium,Resolved,2022-10-20,2022-10-23,82.0,Branch,5.0,AGT014
TKT002417,CUST02510,ATM Issue,Low,Resolved,2022-06-01,2022-06-02,32.0,Chat,3.0,AGT019
TKT002418,CUST01059,Transaction Dispute,Low,In Progress,2021-09-27,,,Chat,,AGT043
TKT002419,CUST00142,KYC Update,Low,In Progress,2022-03-20,,,Phone,,AGT031
TKT002420,CUST00681,Account Opening,Low,In Progress,2024-06-19,,,App,,AGT016
TKT002421,CUST01183,Loan Query,Critical,Open,2020-03-08,,,Phone,,AGT013
TKT002422,CUST00654,General Query,Medium,Resolved,2022-03-13,2022-03-18,138.0,Chat,3.0,AGT011
TKT002423,CUST00803,General Query,Medium,Resolved,2024-07-26,2024-07-30,100.0,App,3.0,AGT032
TKT002424,CUST00732,General Query,Critical,Resolved,2021-01-12,2021-01-14,60.0,Chat,5.0,AGT035
TKT002425,CUST00808,General Query,Medium,Resolved,2021-09-11,2021-09-15,108.0,Email,3.0,AGT014
TKT002426,CUST02157,Transaction Dispute,High,Resolved,2020-08-25,2020-08-27,63.0,Chat,2.0,AGT048
TKT002427,CUST02867,General Query,Medium,Resolved,2021-02-01,2021-02-04,72.0,Phone,4.0,AGT028
TKT002428,CUST00361,Net Banking Issue,Medium,Resolved,2022-11-24,2022-11-25,14.0,Chat,2.0,AGT047
TKT002429,CUST01910,Interest Query,Medium,Resolved,2023-01-24,2023-01-28,101.0,Email,2.0,AGT043
TKT002430,CUST02842,KYC Update,Medium,Resolved,2022-01-20,2022-01-20,7.0,Phone,4.0,AGT029
TKT002431,CUST00070,Fraud Report,Critical,Resolved,2022-07-23,2022-07-29,150.0,Branch,1.0,AGT033
TKT002432,CUST00308,Transaction Dispute,High,Resolved,2023-12-26,2024-01-02,158.0,Branch,2.0,AGT037
TKT002433,CUST01835,Loan Query,Low,Resolved,2021-12-03,2021-12-07,89.0,Branch,4.0,AGT021
TKT002434,CUST02811,Transaction Dispute,High,Resolved,2023-10-10,2023-10-14,100.0,Branch,3.0,AGT047
TKT002435,CUST00049,Interest Query,Low,In Progress,2020-09-13,,,App,,AGT029
TKT002436,CUST00645,Net Banking Issue,Critical,Resolved,2020-06-20,2020-06-24,81.0,Chat,4.0,AGT027
TKT002437,CUST02155,Fraud Report,Critical,Resolved,2023-11-01,2023-11-05,97.0,Chat,2.0,AGT039
TKT002438,CUST01652,KYC Update,Low,Resolved,2024-02-02,2024-02-05,77.0,Email,2.0,AGT001
TKT002439,CUST02416,General Query,Medium,Open,2020-03-20,,,App,,AGT036
TKT002440,CUST01725,Fraud Report,Critical,Resolved,2021-02-02,2021-02-07,122.0,Branch,2.0,AGT002
TKT002441,CUST01010,Transaction Dispute,Low,Resolved,2024-07-20,2024-07-22,48.0,App,1.0,AGT007
TKT002442,CUST02754,Net Banking Issue,High,Resolved,2023-04-24,2023-04-28,108.0,Phone,2.0,AGT045
TKT002443,CUST01076,Loan Query,Critical,Open,2023-11-28,,,Phone,,AGT032
TKT002444,CUST01983,General Query,Medium,Resolved,2023-10-13,2023-10-18,115.0,Phone,4.0,AGT017
TKT002445,CUST01046,Card Issue,Medium,Resolved,2022-02-24,2022-03-02,147.0,Email,2.0,AGT033
TKT002446,CUST00221,ATM Issue,High,Resolved,2020-05-11,2020-05-13,30.0,Email,3.0,AGT046
TKT002447,CUST01448,Interest Query,Low,Resolved,2022-03-01,2022-03-04,70.0,App,3.0,AGT029
TKT002448,CUST02436,ATM Issue,Low,In Progress,2021-03-26,,,App,,AGT027
TKT002449,CUST02967,Loan Query,Medium,Resolved,2021-01-13,2021-01-17,86.0,App,3.0,AGT014
TKT002450,CUST01331,Transaction Dispute,Medium,Resolved,2020-12-24,2020-12-29,113.0,Phone,5.0,AGT016
TKT002451,CUST01119,Card Issue,Medium,Resolved,2020-09-22,2020-09-29,162.0,Chat,5.0,AGT050
TKT002452,CUST00037,ATM Issue,Low,In Progress,2021-02-05,,,Chat,,AGT007
TKT002453,CUST02356,Card Issue,Medium,Resolved,2023-09-16,2023-09-18,61.0,App,3.0,AGT030
TKT002454,CUST02779,Interest Query,Low,Resolved,2021-06-30,2021-07-01,35.0,Chat,5.0,AGT003
TKT002455,CUST01686,ATM Issue,Low,Resolved,2023-02-04,2023-02-08,114.0,App,1.0,AGT010
TKT002456,CUST01947,General Query,Medium,Resolved,2022-11-12,2022-11-12,18.0,Chat,4.0,AGT006
TKT002457,CUST00838,Loan Query,Medium,Resolved,2022-02-07,2022-02-12,133.0,Email,2.0,AGT026
TKT002458,CUST02517,Transaction Dispute,Low,In Progress,2021-09-29,,,Email,,AGT043
TKT002459,CUST01124,Net Banking Issue,Medium,Resolved,2021-09-08,2021-09-13,114.0,Phone,5.0,AGT036
TKT002460,CUST02657,ATM Issue,High,Resolved,2020-01-18,2020-01-23,131.0,Branch,5.0,AGT001
TKT002461,CUST02370,General Query,Critical,Resolved,2023-01-21,2023-01-25,92.0,Branch,2.0,AGT022
TKT002462,CUST02845,Fraud Report,Critical,Resolved,2024-11-07,2024-11-14,165.0,Email,4.0,AGT044
TKT002463,CUST00351,Loan Query,Medium,Resolved,2021-06-19,2021-06-22,72.0,Email,4.0,AGT040
TKT002464,CUST00360,Card Issue,Medium,Resolved,2024-07-26,2024-07-29,62.0,Email,2.0,AGT015
TKT002465,CUST00265,KYC Update,High,Resolved,2022-07-31,2022-08-01,37.0,Email,5.0,AGT025
TKT002466,CUST01005,General Query,High,Resolved,2021-01-11,2021-01-16,109.0,Branch,4.0,AGT030
TKT002467,CUST02166,Interest Query,High,Resolved,2024-11-07,2024-11-07,8.0,Branch,2.0,AGT006
TKT002468,CUST00192,Transaction Dispute,Low,Resolved,2024-10-17,2024-10-22,115.0,App,3.0,AGT047
TKT002469,CUST01826,Loan Query,Low,Resolved,2021-10-11,2021-10-13,55.0,App,2.0,AGT048
TKT002470,CUST01872,ATM Issue,High,Resolved,2022-07-28,2022-08-02,115.0,Email,1.0,AGT048
TKT002471,CUST00559,Interest Query,Low,Resolved,2021-11-08,2021-11-14,144.0,Chat,5.0,AGT011
TKT002472,CUST00994,Net Banking Issue,Low,Resolved,2024-10-06,2024-10-10,109.0,App,2.0,AGT037
TKT002473,CUST02616,Net Banking Issue,Critical,Open,2021-04-12,,,Branch,,AGT043
TKT002474,CUST02670,Interest Query,Medium,Resolved,2021-12-20,2021-12-26,145.0,Branch,1.0,AGT023
TKT002475,CUST02512,Transaction Dispute,Medium,Resolved,2021-04-30,2021-05-05,128.0,Phone,2.0,AGT006
TKT002476,CUST01490,General Query,High,In Progress,2022-04-09,,,Phone,,AGT001
TKT002477,CUST02920,Transaction Dispute,Low,Resolved,2020-08-21,2020-08-26,136.0,Phone,3.0,AGT033
TKT002478,CUST00271,KYC Update,Medium,Resolved,2020-10-07,2020-10-08,17.0,Chat,1.0,AGT037
TKT002479,CUST00368,Card Issue,Medium,Resolved,2022-03-31,2022-04-02,48.0,Phone,5.0,AGT041
TKT002480,CUST00112,Account Opening,Medium,Resolved,2020-04-27,2020-04-29,29.0,Branch,4.0,AGT042
TKT002481,CUST02408,Account Opening,High,In Progress,2024-05-27,,,Branch,,AGT001
TKT002482,CUST00997,Fraud Report,Critical,Open,2023-03-24,,,App,,AGT042
TKT002483,CUST02577,Fraud Report,Critical,Resolved,2024-03-19,2024-03-22,68.0,App,5.0,AGT002
TKT002484,CUST02942,General Query,Critical,Open,2024-11-12,,,App,,AGT012
TKT002485,CUST01628,Transaction Dispute,Critical,Resolved,2023-10-22,2023-10-25,76.0,Chat,2.0,AGT003
TKT002486,CUST00311,General Query,Medium,Resolved,2021-06-22,2021-06-29,164.0,App,5.0,AGT021
TKT002487,CUST02750,Loan Query,Low,Resolved,2020-05-05,2020-05-12,151.0,Chat,2.0,AGT020
TKT002488,CUST00804,Fraud Report,Critical,Resolved,2023-01-14,2023-01-21,157.0,Chat,3.0,AGT009
TKT002489,CUST00963,Transaction Dispute,Medium,Resolved,2024-07-26,2024-07-28,46.0,Phone,1.0,AGT012
TKT002490,CUST02569,General Query,Medium,Resolved,2024-09-02,2024-09-08,151.0,Chat,1.0,AGT003
TKT002491,CUST00110,ATM Issue,High,Resolved,2021-08-25,2021-08-27,55.0,Phone,5.0,AGT002
TKT002492,CUST02045,KYC Update,Low,Resolved,2024-03-24,2024-03-31,158.0,Branch,4.0,AGT012
TKT002493,CUST01364,Transaction Dispute,Medium,In Progress,2024-11-16,,,Phone,,AGT017
TKT002494,CUST00262,Account Opening,Critical,Resolved,2020-08-27,2020-08-29,36.0,Email,3.0,AGT005
TKT002495,CUST00235,Loan Query,Medium,Resolved,2023-03-03,2023-03-06,89.0,Branch,4.0,AGT047
TKT002496,CUST02150,ATM Issue,High,Resolved,2022-07-03,2022-07-04,19.0,App,3.0,AGT043
TKT002497,CUST02504,Card Issue,Low,Resolved,2022-06-01,2022-06-01,20.0,Phone,3.0,AGT045
TKT002498,CUST01378,General Query,Medium,Resolved,2024-12-03,2024-12-09,144.0,Chat,3.0,AGT024
TKT002499,CUST00725,Interest Query,Critical,In Progress,2022-12-25,,,Phone,,AGT011
TKT002500,CUST01188,Loan Query,Critical,Open,2023-04-27,,,Chat,,AGT047
TKT002501,CUST01350,General Query,Medium,Resolved,2021-04-12,2021-04-18,143.0,Phone,3.0,AGT029
TKT002502,CUST01159,Net Banking Issue,Medium,Resolved,2021-08-30,2021-09-01,42.0,Chat,5.0,AGT012
TKT002503,CUST00280,Fraud Report,Critical,Resolved,2021-01-06,2021-01-06,6.0,Phone,4.0,AGT030
TKT002504,CUST02409,Net Banking Issue,Medium,Resolved,2022-08-09,2022-08-10,23.0,App,4.0,AGT016
TKT002505,CUST01186,Fraud Report,Critical,Resolved,2023-09-30,2023-09-30,3.0,Phone,4.0,AGT044
TKT002506,CUST00441,ATM Issue,Medium,Resolved,2021-11-23,2021-11-26,78.0,Phone,4.0,AGT027
TKT002507,CUST01977,Card Issue,Critical,Resolved,2024-10-31,2024-11-01,27.0,Branch,1.0,AGT036
TKT002508,CUST02637,Interest Query,Low,Resolved,2022-07-22,2022-07-23,21.0,Chat,2.0,AGT050
TKT002509,CUST02143,Fraud Report,Critical,Resolved,2022-12-06,2022-12-08,31.0,App,4.0,AGT033
TKT002510,CUST02140,KYC Update,Medium,Resolved,2021-10-14,2021-10-16,44.0,Chat,2.0,AGT009
TKT002511,CUST02476,ATM Issue,Medium,Resolved,2023-07-26,2023-07-28,53.0,Chat,4.0,AGT038
TKT002512,CUST01845,Account Opening,Medium,Resolved,2020-06-29,2020-07-04,111.0,Phone,4.0,AGT018
TKT002513,CUST02764,Card Issue,Critical,Resolved,2022-01-16,2022-01-17,20.0,Phone,5.0,AGT038
TKT002514,CUST00388,Transaction Dispute,High,Resolved,2021-07-10,2021-07-13,88.0,App,5.0,AGT020
TKT002515,CUST01597,Net Banking Issue,Low,Resolved,2021-09-10,2021-09-12,48.0,Branch,2.0,AGT011
TKT002516,CUST00637,ATM Issue,Low,Resolved,2021-01-07,2021-01-12,129.0,Phone,1.0,AGT029
TKT002517,CUST00157,Fraud Report,Critical,Resolved,2021-05-12,2021-05-16,76.0,Phone,2.0,AGT010
TKT002518,CUST00450,Fraud Report,Critical,Resolved,2023-02-04,2023-02-09,117.0,App,4.0,AGT023
TKT002519,CUST01815,Net Banking Issue,Critical,Resolved,2020-01-15,2020-01-20,108.0,Chat,2.0,AGT037
TKT002520,CUST02081,Transaction Dispute,Low,Resolved,2020-10-30,2020-11-04,116.0,Branch,3.0,AGT015
TKT002521,CUST02161,Account Opening,High,Resolved,2020-08-17,2020-08-19,58.0,Email,1.0,AGT039
TKT002522,CUST02557,General Query,Medium,Resolved,2023-06-10,2023-06-14,99.0,Email,1.0,AGT004
TKT002523,CUST02322,Loan Query,Medium,Resolved,2020-05-11,2020-05-15,106.0,Branch,5.0,AGT039
TKT002524,CUST00057,Fraud Report,Critical,Resolved,2022-08-20,2022-08-26,149.0,Phone,1.0,AGT003
TKT002525,CUST01515,Card Issue,Medium,Resolved,2021-01-22,2021-01-22,20.0,Branch,4.0,AGT047
TKT002526,CUST00584,KYC Update,High,Resolved,2021-08-26,2021-09-01,134.0,App,1.0,AGT037
TKT002527,CUST01438,General Query,Low,Resolved,2024-12-06,2024-12-11,118.0,Phone,5.0,AGT034
TKT002528,CUST01819,ATM Issue,High,Resolved,2020-08-12,2020-08-13,46.0,Email,5.0,AGT005
TKT002529,CUST02871,ATM Issue,Medium,Resolved,2023-11-07,2023-11-11,92.0,Branch,2.0,AGT039
TKT002530,CUST01238,Transaction Dispute,Medium,Resolved,2020-05-24,2020-05-26,54.0,App,1.0,AGT037
TKT002531,CUST01624,Transaction Dispute,Low,Resolved,2023-08-15,2023-08-16,25.0,Chat,1.0,AGT004
TKT002532,CUST00831,Transaction Dispute,High,Resolved,2020-12-03,2020-12-07,93.0,Chat,5.0,AGT002
TKT002533,CUST00667,Card Issue,Medium,Resolved,2020-10-01,2020-10-07,154.0,Email,5.0,AGT011
TKT002534,CUST01946,ATM Issue,Medium,Resolved,2021-11-14,2021-11-19,122.0,Branch,1.0,AGT050
TKT002535,CUST02658,Fraud Report,Critical,Open,2020-01-06,,,Email,,AGT040
TKT002536,CUST01147,Interest Query,Low,Resolved,2020-11-29,2020-12-04,119.0,Phone,4.0,AGT038
TKT002537,CUST02269,General Query,High,Resolved,2020-08-11,2020-08-14,82.0,Email,3.0,AGT022
TKT002538,CUST01897,Net Banking Issue,Medium,Open,2024-12-25,,,Phone,,AGT045
TKT002539,CUST01031,Card Issue,Medium,Resolved,2020-04-05,2020-04-11,154.0,Chat,4.0,AGT003
TKT002540,CUST02449,KYC Update,Medium,Resolved,2021-06-08,2021-06-14,141.0,Branch,4.0,AGT016
TKT002541,CUST02941,Net Banking Issue,Medium,Resolved,2022-07-23,2022-07-29,151.0,Branch,2.0,AGT005
TKT002542,CUST02645,General Query,Low,In Progress,2024-04-11,,,Branch,,AGT018
TKT002543,CUST01219,Transaction Dispute,Critical,Resolved,2022-03-27,2022-03-31,110.0,App,4.0,AGT007
TKT002544,CUST02480,Net Banking Issue,Medium,Resolved,2022-06-21,2022-06-25,88.0,App,2.0,AGT019
TKT002545,CUST00952,Transaction Dispute,Medium,Resolved,2021-08-28,2021-08-29,21.0,Branch,3.0,AGT048
TKT002546,CUST00407,Loan Query,High,Resolved,2021-02-07,2021-02-08,20.0,Phone,4.0,AGT019
TKT002547,CUST00963,KYC Update,Low,Resolved,2023-03-23,2023-03-26,73.0,App,5.0,AGT027
TKT002548,CUST02771,Net Banking Issue,Low,Resolved,2022-09-08,2022-09-12,82.0,Branch,2.0,AGT037
TKT002549,CUST01124,Account Opening,High,Resolved,2024-03-06,2024-03-08,39.0,Chat,1.0,AGT050
TKT002550,CUST02173,Loan Query,Low,Resolved,2023-06-21,2023-06-22,22.0,Email,3.0,AGT050
TKT002551,CUST00050,Account Opening,High,Resolved,2022-04-05,2022-04-07,49.0,Email,4.0,AGT006
TKT002552,CUST02305,Net Banking Issue,High,Open,2023-01-03,,,Branch,,AGT046
TKT002553,CUST02329,KYC Update,Medium,Resolved,2020-04-19,2020-04-25,138.0,Branch,2.0,AGT032
TKT002554,CUST01212,General Query,Low,Resolved,2022-08-04,2022-08-09,114.0,App,3.0,AGT020
TKT002555,CUST01294,Account Opening,Low,Resolved,2022-10-22,2022-10-29,157.0,App,2.0,AGT041
TKT002556,CUST01134,ATM Issue,Low,In Progress,2022-06-18,,,App,,AGT007
TKT002557,CUST00032,Account Opening,Medium,Resolved,2024-10-27,2024-11-01,127.0,Phone,5.0,AGT041
TKT002558,CUST00131,ATM Issue,Low,In Progress,2023-12-19,,,Phone,,AGT036
TKT002559,CUST01151,Transaction Dispute,Low,Resolved,2024-07-14,2024-07-17,55.0,Branch,4.0,AGT022
TKT002560,CUST02076,General Query,Low,Resolved,2022-01-12,2022-01-14,40.0,Phone,2.0,AGT008
TKT002561,CUST01137,Card Issue,Low,Resolved,2020-12-21,2020-12-24,72.0,Email,3.0,AGT042
TKT002562,CUST02766,Loan Query,Medium,Resolved,2024-05-29,2024-06-01,75.0,Chat,3.0,AGT034
TKT002563,CUST02971,Fraud Report,Critical,Resolved,2024-02-22,2024-02-26,98.0,Chat,2.0,AGT027
TKT002564,CUST00255,General Query,Medium,Resolved,2023-05-07,2023-05-12,142.0,Phone,4.0,AGT007
TKT002565,CUST02654,Card Issue,Medium,Open,2024-05-06,,,Email,,AGT029
TKT002566,CUST01391,Net Banking Issue,Low,Resolved,2023-02-23,2023-02-28,122.0,Phone,4.0,AGT026
TKT002567,CUST01077,ATM Issue,Medium,Resolved,2021-03-25,2021-03-28,72.0,Email,5.0,AGT022
TKT002568,CUST02229,ATM Issue,Low,Resolved,2023-09-22,2023-09-22,3.0,Chat,5.0,AGT037
TKT002569,CUST00469,General Query,Low,Resolved,2020-07-05,2020-07-06,18.0,App,5.0,AGT010
TKT002570,CUST01570,Card Issue,Medium,Resolved,2024-07-24,2024-07-25,38.0,Email,2.0,AGT031
TKT002571,CUST02619,Interest Query,Medium,Resolved,2023-08-25,2023-08-26,26.0,Phone,4.0,AGT001
TKT002572,CUST00651,Loan Query,Medium,Resolved,2022-07-17,2022-07-18,20.0,Email,5.0,AGT016
TKT002573,CUST01074,Loan Query,High,Open,2023-11-21,,,Phone,,AGT008
TKT002574,CUST01691,ATM Issue,Medium,Resolved,2023-09-12,2023-09-15,55.0,App,2.0,AGT037
TKT002575,CUST01785,General Query,Medium,Open,2020-06-12,,,Branch,,AGT040
TKT002576,CUST02809,Transaction Dispute,Low,Resolved,2020-12-23,2020-12-28,117.0,Chat,5.0,AGT002
TKT002577,CUST02532,General Query,Low,Resolved,2022-02-26,2022-02-26,8.0,Branch,2.0,AGT026
TKT002578,CUST00343,Interest Query,Medium,Resolved,2022-03-09,2022-03-13,88.0,Phone,2.0,AGT019
TKT002579,CUST01344,Interest Query,High,Resolved,2021-05-24,2021-05-25,8.0,Phone,1.0,AGT038
TKT002580,CUST01618,KYC Update,Low,Resolved,2022-11-06,2022-11-07,40.0,Branch,5.0,AGT036
TKT002581,CUST02074,KYC Update,Medium,Resolved,2024-10-16,2024-10-17,23.0,App,4.0,AGT029
TKT002582,CUST01989,General Query,Medium,Open,2023-09-20,,,Branch,,AGT039
TKT002583,CUST01684,ATM Issue,Medium,Resolved,2021-10-10,2021-10-13,75.0,Chat,5.0,AGT001
TKT002584,CUST00321,KYC Update,High,In Progress,2022-02-19,,,Branch,,AGT035
TKT002585,CUST01802,Fraud Report,Critical,In Progress,2021-12-01,,,Email,,AGT016
TKT002586,CUST00672,General Query,Low,Resolved,2024-08-04,2024-08-05,38.0,App,5.0,AGT046
TKT002587,CUST02819,ATM Issue,Medium,Resolved,2021-11-26,2021-11-29,87.0,Phone,2.0,AGT004
TKT002588,CUST00823,Loan Query,Medium,Resolved,2024-06-15,2024-06-16,38.0,App,5.0,AGT001
TKT002589,CUST02998,Loan Query,Medium,Resolved,2022-08-10,2022-08-16,160.0,Chat,2.0,AGT026
TKT002590,CUST01405,Card Issue,Medium,Resolved,2022-01-07,2022-01-14,162.0,Chat,1.0,AGT012
TKT002591,CUST01643,Interest Query,Medium,Resolved,2021-01-21,2021-01-28,153.0,App,5.0,AGT002
TKT002592,CUST00748,Account Opening,High,Resolved,2021-04-10,2021-04-15,122.0,App,4.0,AGT017
TKT002593,CUST00327,Account Opening,Medium,Resolved,2020-09-05,2020-09-09,107.0,App,4.0,AGT039
TKT002594,CUST00851,General Query,Low,Resolved,2023-07-01,2023-07-03,43.0,Email,5.0,AGT038
TKT002595,CUST00039,Transaction Dispute,Medium,Resolved,2020-12-08,2020-12-14,148.0,Branch,1.0,AGT002
TKT002596,CUST00524,ATM Issue,Critical,Resolved,2022-09-10,2022-09-16,155.0,Email,3.0,AGT049
TKT002597,CUST01628,Account Opening,High,Resolved,2020-08-17,2020-08-20,77.0,Email,1.0,AGT034
TKT002598,CUST02689,Interest Query,Medium,Open,2021-07-03,,,Phone,,AGT024
TKT002599,CUST01733,Interest Query,Medium,Resolved,2024-08-29,2024-09-04,136.0,App,4.0,AGT038
TKT002600,CUST01797,KYC Update,Medium,Resolved,2023-01-13,2023-01-20,165.0,Chat,3.0,AGT016
TKT002601,CUST02782,ATM Issue,Medium,Resolved,2021-02-13,2021-02-19,139.0,Chat,2.0,AGT023
TKT002602,CUST02869,Interest Query,Low,Resolved,2023-12-10,2023-12-13,74.0,Phone,1.0,AGT049
TKT002603,CUST00570,Card Issue,Low,In Progress,2021-07-19,,,App,,AGT033
TKT002604,CUST01825,General Query,High,Resolved,2020-03-11,2020-03-16,104.0,Branch,3.0,AGT019
TKT002605,CUST02886,KYC Update,Medium,In Progress,2020-07-06,,,Branch,,AGT025
TKT002606,CUST01870,ATM Issue,High,Open,2022-07-04,,,Phone,,AGT030
TKT002607,CUST00846,KYC Update,High,Resolved,2022-06-14,2022-06-21,168.0,Chat,4.0,AGT025
TKT002608,CUST00211,Account Opening,Low,Resolved,2021-10-23,2021-10-27,106.0,Chat,4.0,AGT013
TKT002609,CUST01536,KYC Update,Critical,Resolved,2020-06-21,2020-06-21,18.0,Email,5.0,AGT026
TKT002610,CUST02319,Transaction Dispute,Medium,Resolved,2020-05-18,2020-05-19,21.0,App,4.0,AGT012
TKT002611,CUST02269,Loan Query,Critical,Resolved,2021-07-09,2021-07-14,120.0,Email,4.0,AGT006
TKT002612,CUST01525,KYC Update,Medium,Resolved,2021-06-19,2021-06-24,132.0,Email,1.0,AGT011
TKT002613,CUST01952,ATM Issue,Medium,Resolved,2024-11-11,2024-11-14,60.0,Phone,4.0,AGT008
TKT002614,CUST00670,Transaction Dispute,Low,Resolved,2021-08-21,2021-08-22,27.0,Chat,2.0,AGT038
TKT002615,CUST02149,Transaction Dispute,Low,Resolved,2020-04-20,2020-04-21,23.0,Chat,5.0,AGT013
TKT002616,CUST00199,ATM Issue,High,Resolved,2023-04-28,2023-05-02,103.0,Phone,3.0,AGT021
TKT002617,CUST02419,Card Issue,Medium,In Progress,2021-07-18,,,Email,,AGT042
TKT002618,CUST01245,KYC Update,Low,Open,2024-03-27,,,Branch,,AGT002
TKT002619,CUST00611,Interest Query,Critical,Resolved,2022-05-31,2022-06-05,117.0,Email,2.0,AGT016
TKT002620,CUST01815,Loan Query,Critical,Resolved,2023-11-20,2023-11-26,152.0,Phone,3.0,AGT031
TKT002621,CUST01150,Account Opening,Medium,Resolved,2022-04-30,2022-05-05,117.0,Chat,3.0,AGT042
TKT002622,CUST01885,Interest Query,High,Resolved,2020-03-27,2020-03-28,21.0,App,1.0,AGT044
TKT002623,CUST00050,ATM Issue,Medium,Resolved,2022-04-13,2022-04-18,122.0,Chat,1.0,AGT047
TKT002624,CUST01052,Interest Query,Medium,Resolved,2024-03-16,2024-03-22,138.0,Branch,1.0,AGT021
TKT002625,CUST01236,KYC Update,Medium,Resolved,2022-06-11,2022-06-11,9.0,Phone,3.0,AGT045
TKT002626,CUST00079,Loan Query,Medium,Resolved,2024-12-22,2024-12-26,98.0,App,3.0,AGT017
TKT002627,CUST02115,General Query,Low,Resolved,2021-06-03,2021-06-09,158.0,Email,1.0,AGT014
TKT002628,CUST00266,KYC Update,High,In Progress,2021-09-05,,,Phone,,AGT028
TKT002629,CUST00554,Card Issue,Medium,Resolved,2024-11-25,2024-11-25,7.0,Phone,1.0,AGT047
TKT002630,CUST00839,Interest Query,Medium,Resolved,2024-05-12,2024-05-15,71.0,App,4.0,AGT010
TKT002631,CUST02872,Interest Query,Low,Resolved,2021-02-18,2021-02-23,103.0,Branch,4.0,AGT040
TKT002632,CUST02957,Fraud Report,Critical,Resolved,2020-07-02,2020-07-08,133.0,Phone,1.0,AGT047
TKT002633,CUST02452,General Query,High,Resolved,2023-11-06,2023-11-11,110.0,Email,3.0,AGT044
TKT002634,CUST01114,General Query,Medium,Resolved,2020-11-25,2020-11-29,116.0,App,3.0,AGT012
TKT002635,CUST00441,Card Issue,Critical,Resolved,2020-03-11,2020-03-14,57.0,Email,2.0,AGT025
TKT002636,CUST02377,Account Opening,High,Resolved,2021-09-08,2021-09-12,90.0,App,5.0,AGT032
TKT002637,CUST00833,Interest Query,Medium,Resolved,2024-12-02,2024-12-02,9.0,Branch,5.0,AGT032
TKT002638,CUST00300,ATM Issue,Low,Resolved,2023-08-03,2023-08-06,55.0,Chat,3.0,AGT005
TKT002639,CUST00133,Interest Query,Low,Resolved,2022-05-28,2022-05-30,51.0,Email,2.0,AGT050
TKT002640,CUST02767,KYC Update,Medium,Resolved,2020-10-14,2020-10-15,28.0,Phone,5.0,AGT049
TKT002641,CUST01832,Card Issue,Low,Resolved,2022-10-30,2022-11-04,123.0,Chat,2.0,AGT029
TKT002642,CUST00533,ATM Issue,Medium,Resolved,2023-02-27,2023-03-06,164.0,Chat,2.0,AGT037
TKT002643,CUST00822,Loan Query,Medium,Resolved,2024-09-23,2024-09-26,74.0,App,2.0,AGT042
TKT002644,CUST02975,Net Banking Issue,Medium,Resolved,2021-09-25,2021-10-01,158.0,Branch,5.0,AGT032
TKT002645,CUST00911,Fraud Report,Critical,Resolved,2024-07-04,2024-07-10,143.0,Phone,3.0,AGT007
TKT002646,CUST00716,Fraud Report,Critical,Resolved,2024-10-25,2024-10-30,114.0,Chat,5.0,AGT027
TKT002647,CUST02295,Net Banking Issue,Medium,Resolved,2020-07-09,2020-07-12,83.0,Phone,2.0,AGT038
TKT002648,CUST00992,Net Banking Issue,Medium,Resolved,2021-12-16,2021-12-18,45.0,Chat,1.0,AGT048
TKT002649,CUST02337,Card Issue,Medium,Resolved,2022-05-14,2022-05-19,117.0,Branch,4.0,AGT039
TKT002650,CUST01647,Interest Query,Low,Resolved,2021-07-20,2021-07-26,138.0,Chat,1.0,AGT049
TKT002651,CUST01851,Net Banking Issue,Critical,In Progress,2022-08-15,,,App,,AGT007
TKT002652,CUST01523,Fraud Report,Critical,Resolved,2021-02-03,2021-02-04,29.0,Email,2.0,AGT015
TKT002653,CUST01429,Transaction Dispute,Medium,Resolved,2024-04-17,2024-04-23,146.0,Phone,2.0,AGT014
TKT002654,CUST00954,Card Issue,Low,Resolved,2023-04-17,2023-04-20,74.0,Branch,1.0,AGT035
TKT002655,CUST02904,Fraud Report,Critical,Resolved,2024-07-18,2024-07-22,99.0,Email,1.0,AGT040
TKT002656,CUST00114,ATM Issue,Low,Resolved,2022-04-02,2022-04-06,94.0,Chat,4.0,AGT021
TKT002657,CUST00363,Interest Query,High,Resolved,2021-12-26,2021-12-29,69.0,Phone,3.0,AGT004
TKT002658,CUST00376,Account Opening,Critical,Open,2021-08-09,,,Chat,,AGT049
TKT002659,CUST00547,Card Issue,Low,Resolved,2022-10-09,2022-10-11,66.0,Email,5.0,AGT001
TKT002660,CUST01550,Fraud Report,Critical,Resolved,2021-09-21,2021-09-27,143.0,Chat,1.0,AGT018
TKT002661,CUST01770,Card Issue,Medium,Resolved,2021-05-24,2021-05-26,62.0,Phone,1.0,AGT042
TKT002662,CUST00938,ATM Issue,Critical,Resolved,2023-07-23,2023-07-28,134.0,App,1.0,AGT022
TKT002663,CUST02154,Net Banking Issue,High,Resolved,2024-12-12,2024-12-17,129.0,Chat,2.0,AGT038
TKT002664,CUST00281,Transaction Dispute,Medium,Resolved,2023-03-29,2023-04-04,145.0,Branch,4.0,AGT046
TKT002665,CUST02933,Transaction Dispute,Low,Resolved,2023-01-08,2023-01-08,5.0,Email,1.0,AGT037
TKT002666,CUST01703,ATM Issue,Medium,Resolved,2022-01-12,2022-01-15,62.0,Phone,4.0,AGT011
TKT002667,CUST02608,ATM Issue,Medium,Resolved,2021-06-15,2021-06-17,55.0,Chat,2.0,AGT030
TKT002668,CUST00481,Loan Query,High,Resolved,2024-09-01,2024-09-07,147.0,Email,5.0,AGT039
TKT002669,CUST02890,Interest Query,Low,Resolved,2023-07-05,2023-07-09,104.0,Branch,3.0,AGT044
TKT002670,CUST02938,Account Opening,Critical,Resolved,2020-01-27,2020-02-02,161.0,Phone,3.0,AGT048
TKT002671,CUST02215,Account Opening,Critical,Resolved,2023-03-22,2023-03-29,157.0,Branch,4.0,AGT023
TKT002672,CUST01558,Loan Query,Medium,Resolved,2023-08-14,2023-08-18,91.0,App,1.0,AGT034
TKT002673,CUST01724,Loan Query,Low,Resolved,2020-05-22,2020-05-29,160.0,App,3.0,AGT042
TKT002674,CUST00329,Net Banking Issue,Medium,Resolved,2023-12-21,2023-12-28,168.0,Phone,2.0,AGT015
TKT002675,CUST01546,General Query,Medium,Open,2021-07-24,,,Email,,AGT021
TKT002676,CUST00094,Card Issue,Low,Resolved,2021-08-21,2021-08-26,130.0,Branch,1.0,AGT016
TKT002677,CUST01257,Card Issue,Low,Resolved,2022-11-15,2022-11-17,53.0,Email,1.0,AGT036
TKT002678,CUST00864,KYC Update,Medium,Open,2023-02-05,,,Phone,,AGT015
TKT002679,CUST02429,KYC Update,Low,Resolved,2022-04-11,2022-04-12,30.0,Email,2.0,AGT039
TKT002680,CUST01693,Transaction Dispute,High,Resolved,2024-08-23,2024-08-29,148.0,Phone,1.0,AGT049
TKT002681,CUST01268,KYC Update,High,Resolved,2023-09-30,2023-10-02,41.0,Phone,5.0,AGT006
TKT002682,CUST00051,Transaction Dispute,Critical,Resolved,2022-02-26,2022-02-28,40.0,Phone,2.0,AGT015
TKT002683,CUST02228,Interest Query,Low,Resolved,2022-02-16,2022-02-16,13.0,Email,2.0,AGT033
TKT002684,CUST00312,Transaction Dispute,Medium,Resolved,2022-10-13,2022-10-16,52.0,Email,4.0,AGT001
TKT002685,CUST01429,KYC Update,Low,Resolved,2022-02-06,2022-02-07,34.0,Phone,1.0,AGT003
TKT002686,CUST00137,Net Banking Issue,Medium,Resolved,2023-08-10,2023-08-13,89.0,Branch,2.0,AGT009
TKT002687,CUST02764,Loan Query,Low,Resolved,2020-05-26,2020-05-30,96.0,App,3.0,AGT012
TKT002688,CUST02804,Net Banking Issue,Critical,Resolved,2022-04-04,2022-04-09,126.0,Branch,1.0,AGT033
TKT002689,CUST00716,Account Opening,Critical,Resolved,2023-08-29,2023-08-31,52.0,Branch,2.0,AGT014
TKT002690,CUST00022,Net Banking Issue,High,Resolved,2022-12-26,2022-12-31,102.0,App,5.0,AGT036
TKT002691,CUST01964,KYC Update,Low,Resolved,2020-10-22,2020-10-24,43.0,Branch,1.0,AGT042
TKT002692,CUST02014,Transaction Dispute,High,In Progress,2021-05-08,,,Branch,,AGT040
TKT002693,CUST02197,Net Banking Issue,Medium,Resolved,2022-07-24,2022-07-30,144.0,Email,3.0,AGT047
TKT002694,CUST01960,Interest Query,Medium,Resolved,2023-01-02,2023-01-03,41.0,Email,2.0,AGT039
TKT002695,CUST00007,Transaction Dispute,Low,Resolved,2024-02-02,2024-02-05,72.0,Phone,4.0,AGT021
TKT002696,CUST00116,Card Issue,Low,Resolved,2022-07-30,2022-08-05,142.0,Email,1.0,AGT041
TKT002697,CUST02387,General Query,Medium,In Progress,2021-04-21,,,Email,,AGT041
TKT002698,CUST00155,KYC Update,Medium,Resolved,2021-10-12,2021-10-13,34.0,Email,1.0,AGT021
TKT002699,CUST00559,Account Opening,Low,Resolved,2021-04-23,2021-04-24,15.0,Chat,4.0,AGT050
TKT002700,CUST02140,General Query,Medium,Resolved,2023-06-24,2023-06-30,145.0,Email,5.0,AGT035
TKT002701,CUST02659,KYC Update,Critical,Resolved,2022-06-20,2022-06-23,59.0,App,3.0,AGT016
TKT002702,CUST01710,ATM Issue,Medium,Resolved,2022-06-14,2022-06-16,59.0,App,2.0,AGT031
TKT002703,CUST01370,Loan Query,Medium,Resolved,2024-01-27,2024-02-03,167.0,Phone,3.0,AGT024
TKT002704,CUST01602,Loan Query,Critical,In Progress,2022-07-17,,,Branch,,AGT029
TKT002705,CUST02445,Net Banking Issue,Low,Resolved,2022-03-31,2022-04-02,56.0,Branch,5.0,AGT046
TKT002706,CUST02913,Account Opening,High,Resolved,2020-06-30,2020-06-30,5.0,App,1.0,AGT038
TKT002707,CUST02217,Fraud Report,Critical,Resolved,2024-12-18,2024-12-19,24.0,App,1.0,AGT033
TKT002708,CUST00442,KYC Update,Critical,Resolved,2023-04-18,2023-04-18,14.0,Branch,1.0,AGT028
TKT002709,CUST02184,KYC Update,Medium,Open,2020-12-06,,,Branch,,AGT041
TKT002710,CUST00286,Account Opening,Critical,Resolved,2024-07-17,2024-07-17,2.0,Phone,5.0,AGT026
TKT002711,CUST00222,KYC Update,Medium,Resolved,2020-08-05,2020-08-08,92.0,App,4.0,AGT022
TKT002712,CUST01062,KYC Update,Low,Resolved,2024-03-13,2024-03-19,155.0,Chat,4.0,AGT003
TKT002713,CUST00875,General Query,Low,Resolved,2021-03-28,2021-04-04,167.0,Chat,2.0,AGT044
TKT002714,CUST01615,Loan Query,Medium,Resolved,2022-06-15,2022-06-19,81.0,Chat,5.0,AGT024
TKT002715,CUST02343,Net Banking Issue,Low,Resolved,2022-07-24,2022-07-26,54.0,Branch,3.0,AGT011
TKT002716,CUST01594,Interest Query,Medium,Resolved,2022-01-25,2022-01-30,125.0,Email,5.0,AGT034
TKT002717,CUST01732,General Query,Medium,In Progress,2023-03-22,,,Chat,,AGT019
TKT002718,CUST00391,Card Issue,High,Resolved,2022-10-17,2022-10-24,163.0,Email,1.0,AGT026
TKT002719,CUST00214,Fraud Report,Critical,Resolved,2021-12-20,2021-12-25,104.0,Branch,1.0,AGT045
TKT002720,CUST00546,Account Opening,Critical,Open,2023-02-22,,,Chat,,AGT045
TKT002721,CUST00151,General Query,Low,Resolved,2024-02-07,2024-02-07,4.0,App,1.0,AGT020
TKT002722,CUST01926,Fraud Report,Critical,Resolved,2024-07-19,2024-07-21,47.0,Chat,1.0,AGT046
TKT002723,CUST00758,KYC Update,Medium,Resolved,2020-01-27,2020-01-31,104.0,App,4.0,AGT013
TKT002724,CUST01845,Interest Query,Medium,Resolved,2022-05-10,2022-05-15,120.0,App,5.0,AGT004
TKT002725,CUST00901,ATM Issue,High,Resolved,2020-12-28,2020-12-29,45.0,App,1.0,AGT002
TKT002726,CUST02358,Account Opening,Medium,Resolved,2022-02-01,2022-02-02,29.0,Chat,2.0,AGT019
TKT002727,CUST01566,Account Opening,Low,Resolved,2022-12-30,2022-12-30,2.0,App,4.0,AGT033
TKT002728,CUST01017,General Query,High,Open,2020-02-17,,,Phone,,AGT029
TKT002729,CUST02756,ATM Issue,High,In Progress,2022-04-17,,,Phone,,AGT012
TKT002730,CUST01050,Net Banking Issue,Low,Resolved,2023-03-07,2023-03-08,17.0,App,1.0,AGT011
TKT002731,CUST00375,KYC Update,Low,In Progress,2021-08-30,,,Chat,,AGT033
TKT002732,CUST00314,Card Issue,Low,Resolved,2022-11-15,2022-11-15,18.0,Phone,5.0,AGT009
TKT002733,CUST00861,ATM Issue,Medium,Resolved,2022-11-09,2022-11-14,108.0,Branch,3.0,AGT027
TKT002734,CUST00627,Interest Query,High,Resolved,2020-11-11,2020-11-12,17.0,Chat,1.0,AGT026
TKT002735,CUST01013,Fraud Report,Critical,Resolved,2020-02-28,2020-03-01,58.0,Phone,1.0,AGT020
TKT002736,CUST01558,Card Issue,Medium,Resolved,2021-11-16,2021-11-17,8.0,Email,1.0,AGT026
TKT002737,CUST00457,ATM Issue,Low,Resolved,2023-05-29,2023-06-04,131.0,Chat,5.0,AGT019
TKT002738,CUST01581,Account Opening,High,Resolved,2022-12-27,2022-12-31,89.0,Phone,2.0,AGT045
TKT002739,CUST01962,Interest Query,High,Resolved,2022-02-10,2022-02-11,32.0,Branch,5.0,AGT040
TKT002740,CUST02606,Transaction Dispute,High,Resolved,2020-09-23,2020-09-27,86.0,App,1.0,AGT010
TKT002741,CUST00691,Loan Query,High,Resolved,2024-03-23,2024-03-24,15.0,Phone,1.0,AGT006
TKT002742,CUST02182,ATM Issue,Low,Resolved,2023-09-15,2023-09-20,116.0,Branch,4.0,AGT030
TKT002743,CUST01134,Loan Query,Medium,Resolved,2020-01-05,2020-01-10,123.0,Branch,5.0,AGT019
TKT002744,CUST00078,ATM Issue,Low,Resolved,2023-07-22,2023-07-27,124.0,Chat,2.0,AGT050
TKT002745,CUST01387,Interest Query,Low,Resolved,2022-05-03,2022-05-03,8.0,Chat,4.0,AGT050
TKT002746,CUST02339,Account Opening,High,Resolved,2021-07-29,2021-08-01,69.0,Branch,1.0,AGT014
TKT002747,CUST00187,Account Opening,Medium,Resolved,2024-07-03,2024-07-04,44.0,Branch,5.0,AGT020
TKT002748,CUST02358,Loan Query,Critical,Resolved,2023-08-18,2023-08-22,91.0,App,3.0,AGT008
TKT002749,CUST01075,Interest Query,High,Resolved,2022-08-27,2022-08-28,23.0,Chat,4.0,AGT043
TKT002750,CUST02214,KYC Update,Low,In Progress,2020-01-02,,,App,,AGT018
TKT002751,CUST00712,Interest Query,High,Resolved,2024-08-16,2024-08-17,28.0,Phone,3.0,AGT016
TKT002752,CUST00068,Transaction Dispute,High,Resolved,2021-07-02,2021-07-03,10.0,Email,2.0,AGT042
TKT002753,CUST00961,Loan Query,Medium,Resolved,2022-11-14,2022-11-16,29.0,Branch,1.0,AGT028
TKT002754,CUST00843,General Query,Medium,Resolved,2023-10-31,2023-11-03,77.0,Chat,5.0,AGT038
TKT002755,CUST01597,Fraud Report,Critical,Resolved,2020-06-10,2020-06-13,76.0,Email,3.0,AGT018
TKT002756,CUST00132,General Query,Medium,Resolved,2022-04-24,2022-04-27,61.0,Chat,4.0,AGT026
TKT002757,CUST00788,Loan Query,High,Resolved,2022-05-30,2022-06-05,148.0,Phone,3.0,AGT032
TKT002758,CUST01754,Transaction Dispute,Medium,Open,2021-05-17,,,Phone,,AGT007
TKT002759,CUST01185,General Query,Medium,Open,2022-12-22,,,Chat,,AGT045
TKT002760,CUST01225,Fraud Report,Critical,Resolved,2021-01-19,2021-01-21,66.0,App,2.0,AGT041
TKT002761,CUST01882,Transaction Dispute,Critical,Resolved,2023-08-03,2023-08-07,105.0,Phone,1.0,AGT019
TKT002762,CUST02229,Card Issue,Medium,Resolved,2022-12-29,2023-01-03,119.0,Chat,3.0,AGT050
TKT002763,CUST01595,Account Opening,Medium,In Progress,2024-10-08,,,App,,AGT047
TKT002764,CUST01335,Card Issue,Low,Resolved,2022-01-10,2022-01-16,134.0,App,2.0,AGT018
TKT002765,CUST02553,Account Opening,Medium,Resolved,2021-05-04,2021-05-05,36.0,Branch,4.0,AGT016
TKT002766,CUST02022,General Query,Low,Resolved,2021-11-18,2021-11-20,57.0,Email,3.0,AGT005
TKT002767,CUST01037,General Query,High,Resolved,2023-11-02,2023-11-04,59.0,Phone,5.0,AGT001
TKT002768,CUST00279,Interest Query,Low,Resolved,2024-03-17,2024-03-20,77.0,App,3.0,AGT015
TKT002769,CUST01023,Fraud Report,Critical,Open,2020-07-21,,,Chat,,AGT049
TKT002770,CUST00782,Card Issue,High,Resolved,2024-03-27,2024-03-29,42.0,Email,1.0,AGT017
TKT002771,CUST02838,KYC Update,Medium,Resolved,2023-08-23,2023-08-25,30.0,Email,2.0,AGT014
TKT002772,CUST02561,Fraud Report,Critical,Resolved,2023-07-21,2023-07-24,72.0,App,1.0,AGT024
TKT002773,CUST02329,ATM Issue,Medium,In Progress,2021-10-03,,,Email,,AGT050
TKT002774,CUST02708,Net Banking Issue,Low,Resolved,2020-03-03,2020-03-07,95.0,Branch,1.0,AGT013
TKT002775,CUST00815,Card Issue,Medium,Resolved,2022-07-08,2022-07-11,59.0,App,4.0,AGT048
TKT002776,CUST01256,Interest Query,Critical,Resolved,2023-12-04,2023-12-09,110.0,App,2.0,AGT005
TKT002777,CUST00402,Fraud Report,Critical,Resolved,2024-11-21,2024-11-22,14.0,App,5.0,AGT014
TKT002778,CUST02399,ATM Issue,Low,Resolved,2020-05-25,2020-05-30,139.0,Phone,1.0,AGT043
TKT002779,CUST02333,Transaction Dispute,Low,Resolved,2022-07-13,2022-07-19,145.0,Email,1.0,AGT048
TKT002780,CUST02153,Net Banking Issue,Medium,Resolved,2022-06-23,2022-06-23,5.0,Email,3.0,AGT044
TKT002781,CUST01728,Card Issue,Low,Resolved,2021-10-14,2021-10-16,68.0,App,5.0,AGT036
TKT002782,CUST00064,Account Opening,Low,Resolved,2024-04-29,2024-05-02,76.0,Email,3.0,AGT015
TKT002783,CUST01790,Loan Query,Low,Resolved,2022-03-27,2022-04-02,127.0,Phone,2.0,AGT027
TKT002784,CUST01498,Interest Query,Low,Resolved,2021-12-27,2021-12-31,76.0,Branch,3.0,AGT003
TKT002785,CUST01711,Net Banking Issue,Medium,Resolved,2023-10-14,2023-10-20,140.0,App,4.0,AGT010
TKT002786,CUST02508,Account Opening,High,Resolved,2022-06-09,2022-06-12,75.0,Phone,2.0,AGT043
TKT002787,CUST02148,Account Opening,Medium,Resolved,2021-10-10,2021-10-11,39.0,Email,4.0,AGT030
TKT002788,CUST01354,KYC Update,Medium,Resolved,2024-11-06,2024-11-11,113.0,Chat,5.0,AGT047
TKT002789,CUST02489,General Query,Medium,Resolved,2023-04-25,2023-04-29,97.0,Branch,3.0,AGT048
TKT002790,CUST02288,Transaction Dispute,Low,Resolved,2023-03-24,2023-03-25,8.0,App,5.0,AGT038
TKT002791,CUST01936,General Query,High,Resolved,2020-10-26,2020-10-29,91.0,Phone,2.0,AGT031
TKT002792,CUST01606,Interest Query,Low,Resolved,2020-05-28,2020-05-30,53.0,Chat,1.0,AGT024
TKT002793,CUST02500,General Query,Low,Resolved,2023-12-14,2023-12-16,33.0,Chat,4.0,AGT022
TKT002794,CUST02292,General Query,Medium,Resolved,2024-09-23,2024-09-28,107.0,Phone,1.0,AGT046
TKT002795,CUST00754,Net Banking Issue,Medium,Resolved,2021-07-25,2021-07-27,62.0,App,1.0,AGT043
TKT002796,CUST00323,KYC Update,Low,Resolved,2023-04-01,2023-04-07,131.0,Branch,5.0,AGT047
TKT002797,CUST00302,KYC Update,Medium,Resolved,2023-06-08,2023-06-08,16.0,Email,1.0,AGT009
TKT002798,CUST01351,Transaction Dispute,Low,Resolved,2020-09-18,2020-09-23,139.0,App,5.0,AGT030
TKT002799,CUST00640,ATM Issue,High,Resolved,2022-06-20,2022-06-24,91.0,Chat,3.0,AGT039
TKT002800,CUST01663,Loan Query,High,Resolved,2023-05-25,2023-05-31,121.0,Branch,3.0,AGT028
TKT002801,CUST00392,Transaction Dispute,High,Resolved,2020-06-01,2020-06-03,43.0,Phone,1.0,AGT012
TKT002802,CUST00574,Interest Query,Medium,In Progress,2020-01-30,,,Branch,,AGT017
TKT002803,CUST01050,Interest Query,High,In Progress,2023-04-13,,,Phone,,AGT026
TKT002804,CUST00954,Account Opening,Medium,Open,2023-02-09,,,Email,,AGT009
TKT002805,CUST00556,Net Banking Issue,Medium,Resolved,2023-08-31,2023-09-07,164.0,Email,2.0,AGT039
TKT002806,CUST02285,Card Issue,High,Resolved,2021-11-22,2021-11-28,140.0,Branch,3.0,AGT038
TKT002807,CUST01789,Net Banking Issue,Low,Resolved,2023-02-14,2023-02-17,86.0,Phone,1.0,AGT028
TKT002808,CUST00709,Loan Query,Medium,In Progress,2021-09-16,,,Chat,,AGT023
TKT002809,CUST02729,Card Issue,Low,Resolved,2021-05-05,2021-05-07,51.0,Phone,1.0,AGT001
TKT002810,CUST01258,General Query,Medium,Resolved,2020-05-03,2020-05-07,80.0,Email,5.0,AGT014
TKT002811,CUST00593,Interest Query,Low,Resolved,2023-04-23,2023-04-29,129.0,Email,4.0,AGT008
TKT002812,CUST00388,Transaction Dispute,Low,Open,2020-12-29,,,Chat,,AGT014
TKT002813,CUST01319,Card Issue,Low,Resolved,2023-06-11,2023-06-12,10.0,Branch,2.0,AGT035
TKT002814,CUST02201,KYC Update,Low,Resolved,2020-03-26,2020-04-01,135.0,Email,4.0,AGT048
TKT002815,CUST02349,Transaction Dispute,High,Resolved,2023-11-06,2023-11-11,132.0,Phone,1.0,AGT050
TKT002816,CUST02767,Account Opening,Medium,Resolved,2021-03-23,2021-03-28,111.0,App,2.0,AGT020
TKT002817,CUST00714,Loan Query,Low,Resolved,2023-10-18,2023-10-23,125.0,App,1.0,AGT001
TKT002818,CUST02063,Card Issue,Low,Open,2020-10-14,,,Branch,,AGT012
TKT002819,CUST00205,Fraud Report,Critical,Resolved,2024-12-15,2024-12-17,32.0,Chat,3.0,AGT034
TKT002820,CUST02884,Net Banking Issue,Medium,Resolved,2021-03-24,2021-03-25,20.0,Email,4.0,AGT020
TKT002821,CUST02367,KYC Update,Low,Resolved,2021-12-18,2021-12-24,160.0,Email,1.0,AGT042
TKT002822,CUST01964,Fraud Report,Critical,Resolved,2024-08-29,2024-08-29,6.0,App,2.0,AGT038
TKT002823,CUST02274,ATM Issue,Low,Resolved,2020-06-15,2020-06-18,74.0,Phone,2.0,AGT037
TKT002824,CUST01830,Transaction Dispute,Critical,Resolved,2022-06-13,2022-06-19,139.0,Phone,3.0,AGT031
TKT002825,CUST01616,KYC Update,High,Resolved,2020-05-14,2020-05-17,61.0,Branch,1.0,AGT024
TKT002826,CUST01057,Loan Query,Low,In Progress,2023-11-30,,,App,,AGT050
TKT002827,CUST02954,Transaction Dispute,Low,Resolved,2022-03-10,2022-03-12,54.0,App,5.0,AGT019
TKT002828,CUST01906,Interest Query,Medium,In Progress,2020-09-16,,,Branch,,AGT005
TKT002829,CUST00267,Account Opening,Medium,Resolved,2022-08-25,2022-08-31,150.0,Email,4.0,AGT025
TKT002830,CUST01050,ATM Issue,Medium,Resolved,2022-08-08,2022-08-12,87.0,Branch,5.0,AGT048
TKT002831,CUST01242,Interest Query,Medium,Resolved,2020-07-08,2020-07-08,1.0,App,1.0,AGT040
TKT002832,CUST00576,Transaction Dispute,Low,Resolved,2024-10-06,2024-10-11,110.0,Branch,2.0,AGT026
TKT002833,CUST00394,Loan Query,Low,Resolved,2020-07-28,2020-07-29,18.0,Chat,3.0,AGT030
TKT002834,CUST01807,Card Issue,High,Resolved,2024-02-17,2024-02-23,155.0,Branch,5.0,AGT036
TKT002835,CUST02649,General Query,High,Resolved,2022-01-26,2022-01-29,88.0,Branch,5.0,AGT038
TKT002836,CUST02672,Net Banking Issue,Medium,In Progress,2020-04-26,,,App,,AGT001
TKT002837,CUST01231,Loan Query,Low,Resolved,2022-09-27,2022-09-28,5.0,Email,3.0,AGT029
TKT002838,CUST02075,Transaction Dispute,Low,Open,2022-09-20,,,Chat,,AGT031
TKT002839,CUST00632,General Query,Medium,Open,2024-02-22,,,App,,AGT043
TKT002840,CUST02166,Transaction Dispute,Low,Resolved,2023-02-24,2023-02-26,52.0,App,5.0,AGT048
TKT002841,CUST01426,Account Opening,High,In Progress,2023-12-13,,,Chat,,AGT044
TKT002842,CUST02936,Account Opening,High,Resolved,2023-01-23,2023-01-30,156.0,Email,4.0,AGT019
TKT002843,CUST00607,Loan Query,High,Open,2020-01-06,,,Chat,,AGT025
TKT002844,CUST02819,Transaction Dispute,Critical,Resolved,2024-09-23,2024-09-28,117.0,Branch,2.0,AGT037
TKT002845,CUST01662,KYC Update,Medium,In Progress,2022-11-09,,,Email,,AGT017
TKT002846,CUST00416,ATM Issue,Critical,Resolved,2024-10-29,2024-10-29,5.0,App,4.0,AGT048
TKT002847,CUST02234,Account Opening,Low,Resolved,2023-09-20,2023-09-26,138.0,App,4.0,AGT002
TKT002848,CUST01250,ATM Issue,Medium,Resolved,2022-09-19,2022-09-25,162.0,Branch,4.0,AGT013
TKT002849,CUST01155,KYC Update,High,Resolved,2021-12-05,2021-12-05,2.0,Branch,2.0,AGT049
TKT002850,CUST00088,Account Opening,Medium,Resolved,2022-12-22,2022-12-26,85.0,Branch,5.0,AGT011
TKT002851,CUST00984,Card Issue,High,In Progress,2020-10-23,,,Branch,,AGT002
TKT002852,CUST01884,Interest Query,Medium,In Progress,2024-03-26,,,Branch,,AGT021
TKT002853,CUST00661,ATM Issue,Low,Resolved,2021-12-19,2021-12-24,124.0,Email,4.0,AGT023
TKT002854,CUST02923,KYC Update,Medium,Open,2022-10-23,,,Phone,,AGT022
TKT002855,CUST02425,Fraud Report,Critical,Resolved,2023-09-03,2023-09-05,54.0,Email,1.0,AGT007
TKT002856,CUST02499,General Query,Medium,Resolved,2023-12-09,2023-12-13,101.0,Chat,1.0,AGT041
TKT002857,CUST00244,General Query,High,In Progress,2021-09-16,,,App,,AGT037
TKT002858,CUST00286,Card Issue,Low,Resolved,2021-06-12,2021-06-17,109.0,Chat,4.0,AGT012
TKT002859,CUST00051,KYC Update,High,Open,2024-12-18,,,Chat,,AGT047
TKT002860,CUST00233,Net Banking Issue,Critical,Resolved,2020-12-06,2020-12-07,29.0,Email,4.0,AGT044
TKT002861,CUST01996,Interest Query,High,Resolved,2020-04-27,2020-04-29,49.0,Branch,5.0,AGT045
TKT002862,CUST00054,ATM Issue,Low,Resolved,2023-06-08,2023-06-10,48.0,Email,1.0,AGT022
TKT002863,CUST00355,KYC Update,High,In Progress,2024-10-24,,,Phone,,AGT023
TKT002864,CUST00225,Interest Query,High,Resolved,2023-04-25,2023-05-02,165.0,Phone,3.0,AGT015
TKT002865,CUST01072,KYC Update,Low,Resolved,2021-11-09,2021-11-15,151.0,Phone,4.0,AGT045
TKT002866,CUST00107,Net Banking Issue,Low,Resolved,2023-02-10,2023-02-13,74.0,App,2.0,AGT045
TKT002867,CUST01405,Transaction Dispute,Low,Resolved,2024-03-12,2024-03-19,151.0,Phone,5.0,AGT044
TKT002868,CUST00258,Transaction Dispute,High,Resolved,2024-08-03,2024-08-04,30.0,Phone,2.0,AGT008
TKT002869,CUST01625,General Query,Critical,Resolved,2021-11-12,2021-11-19,156.0,Phone,1.0,AGT038
TKT002870,CUST00171,Fraud Report,Critical,Resolved,2024-03-20,2024-03-23,77.0,App,2.0,AGT029
TKT002871,CUST00980,Card Issue,High,Resolved,2024-09-12,2024-09-13,29.0,Phone,4.0,AGT019
TKT002872,CUST01991,Card Issue,Medium,Resolved,2020-07-13,2020-07-14,27.0,Branch,4.0,AGT036
TKT002873,CUST01531,Account Opening,Medium,Resolved,2020-01-25,2020-02-01,164.0,Branch,2.0,AGT050
TKT002874,CUST01005,Net Banking Issue,Medium,Resolved,2024-03-03,2024-03-04,44.0,Phone,4.0,AGT036
TKT002875,CUST01680,Net Banking Issue,Low,Resolved,2024-01-10,2024-01-12,45.0,Email,1.0,AGT039
TKT002876,CUST00637,Loan Query,Low,Resolved,2021-04-28,2021-05-03,128.0,App,2.0,AGT032
TKT002877,CUST01699,Interest Query,Low,Resolved,2024-02-09,2024-02-15,130.0,Email,2.0,AGT038
TKT002878,CUST00912,KYC Update,Medium,Resolved,2022-05-11,2022-05-15,95.0,Branch,5.0,AGT002
TKT002879,CUST02768,Loan Query,Medium,Resolved,2020-08-25,2020-08-26,19.0,Email,4.0,AGT045
TKT002880,CUST02900,Account Opening,High,Resolved,2020-08-26,2020-08-30,86.0,Branch,4.0,AGT019
TKT002881,CUST02106,Account Opening,High,Resolved,2023-04-30,2023-05-03,91.0,Chat,1.0,AGT031
TKT002882,CUST00538,Fraud Report,Critical,Resolved,2023-02-07,2023-02-12,120.0,Phone,2.0,AGT021
TKT002883,CUST01503,Card Issue,High,Resolved,2023-04-25,2023-05-02,163.0,Email,1.0,AGT037
TKT002884,CUST02367,Card Issue,Medium,Resolved,2020-06-25,2020-06-29,96.0,App,2.0,AGT017
TKT002885,CUST01698,Account Opening,Medium,Resolved,2022-08-14,2022-08-19,133.0,Phone,5.0,AGT006
TKT002886,CUST01267,KYC Update,Medium,Resolved,2024-12-23,2024-12-27,94.0,Branch,5.0,AGT036
TKT002887,CUST02490,Interest Query,Medium,Resolved,2024-07-24,2024-07-28,77.0,Branch,3.0,AGT012
TKT002888,CUST02730,Loan Query,Low,Resolved,2022-03-23,2022-03-24,40.0,Phone,2.0,AGT015
TKT002889,CUST00622,Interest Query,Low,Resolved,2021-01-29,2021-02-04,144.0,Branch,1.0,AGT004
TKT002890,CUST01081,Net Banking Issue,High,Resolved,2020-01-21,2020-01-26,103.0,Email,5.0,AGT027
TKT002891,CUST00248,General Query,Critical,Resolved,2022-11-30,2022-12-03,73.0,Branch,1.0,AGT003
TKT002892,CUST00237,General Query,Medium,Resolved,2023-09-22,2023-09-26,98.0,App,4.0,AGT040
TKT002893,CUST01244,Fraud Report,Critical,Open,2023-02-22,,,Branch,,AGT025
TKT002894,CUST01608,ATM Issue,High,Resolved,2020-04-27,2020-04-28,31.0,Phone,5.0,AGT021
TKT002895,CUST00142,Account Opening,High,Resolved,2020-06-10,2020-06-16,146.0,Phone,3.0,AGT044
TKT002896,CUST00012,ATM Issue,High,Resolved,2022-03-02,2022-03-06,85.0,Branch,4.0,AGT022
TKT002897,CUST02397,Loan Query,Critical,Resolved,2021-11-25,2021-12-01,138.0,Chat,1.0,AGT034
TKT002898,CUST01264,General Query,Medium,Resolved,2024-06-12,2024-06-17,116.0,Chat,3.0,AGT044
TKT002899,CUST01789,Transaction Dispute,Critical,Resolved,2021-06-02,2021-06-08,137.0,App,3.0,AGT032
TKT002900,CUST00060,Fraud Report,Critical,Resolved,2023-08-13,2023-08-20,164.0,Branch,3.0,AGT008
TKT002901,CUST01092,Transaction Dispute,Low,Resolved,2020-11-20,2020-11-27,160.0,Branch,1.0,AGT033
TKT002902,CUST00208,General Query,Low,Resolved,2021-06-14,2021-06-15,21.0,Phone,4.0,AGT033
TKT002903,CUST00898,Interest Query,Low,Resolved,2023-11-29,2023-11-29,6.0,App,5.0,AGT045
TKT002904,CUST00303,Account Opening,Medium,Resolved,2020-12-23,2020-12-29,141.0,Chat,1.0,AGT025
TKT002905,CUST01587,Interest Query,Low,Resolved,2020-10-01,2020-10-06,119.0,Email,3.0,AGT003
TKT002906,CUST01885,General Query,Critical,Resolved,2020-05-11,2020-05-11,2.0,Branch,1.0,AGT026
TKT002907,CUST02195,ATM Issue,Medium,Resolved,2022-10-28,2022-11-02,136.0,Chat,5.0,AGT006
TKT002908,CUST01022,KYC Update,Medium,In Progress,2022-11-20,,,App,,AGT007
TKT002909,CUST01925,Card Issue,High,Resolved,2022-11-12,2022-11-18,141.0,Phone,4.0,AGT048
TKT002910,CUST02810,Transaction Dispute,Medium,Resolved,2023-07-30,2023-08-04,127.0,Chat,5.0,AGT014
TKT002911,CUST01884,Interest Query,Critical,Resolved,2024-02-09,2024-02-12,71.0,Branch,1.0,AGT011
TKT002912,CUST01071,Fraud Report,Critical,Resolved,2021-08-14,2021-08-19,115.0,App,5.0,AGT009
TKT002913,CUST00509,Account Opening,Low,Open,2024-11-26,,,Phone,,AGT015
TKT002914,CUST00255,Net Banking Issue,Medium,Resolved,2020-02-25,2020-02-27,36.0,Branch,3.0,AGT024
TKT002915,CUST00328,Net Banking Issue,Medium,Resolved,2022-06-17,2022-06-21,113.0,App,4.0,AGT003
TKT002916,CUST02251,Account Opening,Low,Open,2020-07-17,,,Email,,AGT011
TKT002917,CUST02109,General Query,Medium,Resolved,2021-07-24,2021-07-27,81.0,Branch,1.0,AGT003
TKT002918,CUST01663,Loan Query,Medium,Resolved,2022-03-06,2022-03-08,54.0,Email,2.0,AGT009
TKT002919,CUST01942,Net Banking Issue,Low,Resolved,2021-11-27,2021-12-02,108.0,Branch,2.0,AGT025
TKT002920,CUST02706,Net Banking Issue,Low,Resolved,2022-07-31,2022-08-05,119.0,Branch,4.0,AGT015
TKT002921,CUST01199,General Query,Low,Resolved,2023-03-20,2023-03-24,95.0,Phone,1.0,AGT028
TKT002922,CUST00007,KYC Update,Medium,Open,2024-02-11,,,Phone,,AGT004
TKT002923,CUST01592,General Query,Medium,Resolved,2020-07-10,2020-07-11,31.0,App,3.0,AGT005
TKT002924,CUST01631,Card Issue,Low,Open,2020-09-07,,,App,,AGT033
TKT002925,CUST02230,Net Banking Issue,Medium,Resolved,2022-06-29,2022-07-03,100.0,Phone,1.0,AGT046
TKT002926,CUST02794,Transaction Dispute,Low,Resolved,2024-08-14,2024-08-18,102.0,App,3.0,AGT033
TKT002927,CUST01279,Fraud Report,Critical,Resolved,2023-09-22,2023-09-25,75.0,Chat,4.0,AGT020
TKT002928,CUST01087,Fraud Report,Critical,Open,2023-04-25,,,Phone,,AGT043
TKT002929,CUST01529,ATM Issue,Medium,Resolved,2021-11-10,2021-11-13,56.0,Chat,4.0,AGT011
TKT002930,CUST00047,Loan Query,Medium,Resolved,2022-01-04,2022-01-11,163.0,Chat,2.0,AGT044
TKT002931,CUST01636,Account Opening,Low,Resolved,2020-05-13,2020-05-16,86.0,Email,4.0,AGT049
TKT002932,CUST01057,Fraud Report,Critical,Open,2024-07-02,,,Chat,,AGT038
TKT002933,CUST01086,Transaction Dispute,Low,Resolved,2021-07-26,2021-07-28,58.0,Branch,1.0,AGT045
TKT002934,CUST01106,Transaction Dispute,Critical,Resolved,2024-07-10,2024-07-12,38.0,Branch,5.0,AGT045
TKT002935,CUST00095,Net Banking Issue,Low,In Progress,2024-04-29,,,Chat,,AGT002
TKT002936,CUST02778,Fraud Report,Critical,Open,2022-10-13,,,App,,AGT012
TKT002937,CUST00252,Transaction Dispute,Low,Resolved,2022-03-05,2022-03-08,83.0,Chat,3.0,AGT019
TKT002938,CUST01974,Card Issue,Low,Resolved,2024-07-17,2024-07-24,151.0,Chat,2.0,AGT013
TKT002939,CUST01376,General Query,Medium,Resolved,2022-02-07,2022-02-07,6.0,Branch,4.0,AGT035
TKT002940,CUST00007,Loan Query,Critical,Open,2021-05-22,,,App,,AGT035
TKT002941,CUST00581,Interest Query,High,Resolved,2020-06-02,2020-06-08,140.0,Chat,2.0,AGT043
TKT002942,CUST02687,Transaction Dispute,Medium,Resolved,2024-09-13,2024-09-19,150.0,Phone,3.0,AGT005
TKT002943,CUST01743,Card Issue,Low,Resolved,2023-05-12,2023-05-18,165.0,Chat,1.0,AGT035
TKT002944,CUST01558,KYC Update,Low,Resolved,2023-08-07,2023-08-10,67.0,Email,1.0,AGT037
TKT002945,CUST02794,KYC Update,Low,In Progress,2021-01-12,,,Phone,,AGT034
TKT002946,CUST01940,Net Banking Issue,Medium,Resolved,2022-11-08,2022-11-14,147.0,Phone,2.0,AGT034
TKT002947,CUST00232,Net Banking Issue,High,Resolved,2023-07-24,2023-07-28,93.0,Email,3.0,AGT005
TKT002948,CUST02000,Transaction Dispute,Low,Resolved,2022-02-02,2022-02-03,39.0,Phone,4.0,AGT039
TKT002949,CUST01722,KYC Update,Critical,Resolved,2024-03-20,2024-03-26,150.0,Phone,3.0,AGT045
TKT002950,CUST01627,KYC Update,High,Open,2021-07-06,,,App,,AGT045
TKT002951,CUST02902,KYC Update,High,Resolved,2023-01-01,2023-01-07,154.0,App,5.0,AGT039
TKT002952,CUST01279,Interest Query,Medium,Resolved,2021-10-07,2021-10-13,146.0,Chat,4.0,AGT047
TKT002953,CUST01471,Loan Query,High,Resolved,2024-10-05,2024-10-12,158.0,App,4.0,AGT023
TKT002954,CUST02136,General Query,Low,Resolved,2024-09-16,2024-09-18,43.0,Chat,3.0,AGT015
TKT002955,CUST00817,Card Issue,Medium,Resolved,2024-07-02,2024-07-05,61.0,Phone,4.0,AGT004
TKT002956,CUST02059,Net Banking Issue,Medium,Resolved,2023-04-17,2023-04-19,34.0,Phone,1.0,AGT021
TKT002957,CUST01215,Fraud Report,Critical,Open,2022-01-28,,,Branch,,AGT036
TKT002958,CUST01564,General Query,Medium,Open,2024-08-03,,,Phone,,AGT036
TKT002959,CUST02451,Loan Query,High,Open,2024-06-09,,,Chat,,AGT001
TKT002960,CUST00515,General Query,Critical,Resolved,2022-09-07,2022-09-09,52.0,Email,2.0,AGT035
TKT002961,CUST01263,Loan Query,Low,Resolved,2024-01-12,2024-01-12,7.0,App,3.0,AGT011
TKT002962,CUST02564,Interest Query,Medium,In Progress,2022-06-21,,,Chat,,AGT026
TKT002963,CUST01824,KYC Update,High,Resolved,2024-12-17,2024-12-24,167.0,Phone,4.0,AGT042
TKT002964,CUST02838,KYC Update,Low,Resolved,2022-01-24,2022-01-29,120.0,Branch,3.0,AGT004
TKT002965,CUST00061,ATM Issue,Medium,Resolved,2023-07-20,2023-07-23,71.0,Email,4.0,AGT003
TKT002966,CUST02150,Net Banking Issue,High,Resolved,2023-10-07,2023-10-11,94.0,App,5.0,AGT011
TKT002967,CUST02237,Card Issue,Medium,Resolved,2023-11-15,2023-11-19,88.0,Branch,1.0,AGT010
TKT002968,CUST02364,General Query,Medium,Resolved,2024-04-01,2024-04-06,108.0,Branch,2.0,AGT020
TKT002969,CUST00274,KYC Update,Medium,Resolved,2022-09-03,2022-09-09,138.0,App,5.0,AGT028
TKT002970,CUST02617,Fraud Report,Critical,Resolved,2024-04-26,2024-05-02,145.0,App,2.0,AGT019
TKT002971,CUST00234,Interest Query,Medium,Resolved,2023-10-07,2023-10-12,120.0,Branch,3.0,AGT004
TKT002972,CUST02405,General Query,Medium,In Progress,2024-08-27,,,Chat,,AGT006
TKT002973,CUST01067,Transaction Dispute,High,Resolved,2024-03-18,2024-03-24,133.0,App,5.0,AGT039
TKT002974,CUST01459,Transaction Dispute,Medium,Resolved,2020-05-06,2020-05-09,75.0,Branch,4.0,AGT025
TKT002975,CUST01711,Interest Query,High,In Progress,2024-01-08,,,App,,AGT013
TKT002976,CUST01977,Net Banking Issue,Low,Resolved,2022-09-11,2022-09-13,66.0,Email,1.0,AGT032
TKT002977,CUST02782,ATM Issue,Low,Resolved,2023-10-03,2023-10-08,118.0,App,5.0,AGT031
TKT002978,CUST02377,Loan Query,Low,Resolved,2020-08-01,2020-08-02,35.0,Phone,2.0,AGT020
TKT002979,CUST01983,Interest Query,Medium,Resolved,2022-04-30,2022-05-03,79.0,App,5.0,AGT050
TKT002980,CUST00769,Fraud Report,Critical,Resolved,2022-01-14,2022-01-21,164.0,Email,5.0,AGT007
TKT002981,CUST01442,Account Opening,Medium,Resolved,2023-03-21,2023-03-24,77.0,App,1.0,AGT049
TKT002982,CUST00800,Net Banking Issue,Low,Resolved,2023-03-22,2023-03-24,50.0,App,1.0,AGT027
TKT002983,CUST02050,Card Issue,Medium,Resolved,2024-02-25,2024-03-02,153.0,Chat,1.0,AGT008
TKT002984,CUST02340,Loan Query,Medium,Resolved,2023-04-06,2023-04-09,77.0,Branch,2.0,AGT016
TKT002985,CUST02157,ATM Issue,Low,Resolved,2023-10-30,2023-11-05,135.0,App,5.0,AGT001
TKT002986,CUST00962,Interest Query,High,Resolved,2022-12-21,2022-12-24,87.0,Chat,4.0,AGT022
TKT002987,CUST01690,KYC Update,Medium,Resolved,2023-11-29,2023-12-01,32.0,Email,2.0,AGT040
TKT002988,CUST01866,Net Banking Issue,Critical,Resolved,2020-11-16,2020-11-20,84.0,App,1.0,AGT039
TKT002989,CUST02779,Loan Query,Medium,Resolved,2022-06-13,2022-06-17,90.0,App,4.0,AGT011
TKT002990,CUST01173,Transaction Dispute,Critical,Resolved,2023-12-27,2024-01-03,162.0,App,5.0,AGT032
TKT002991,CUST02041,Net Banking Issue,High,Resolved,2023-08-01,2023-08-07,147.0,App,3.0,AGT011
TKT002992,CUST02608,KYC Update,Critical,Resolved,2024-07-29,2024-08-02,92.0,Chat,3.0,AGT013
TKT002993,CUST01020,General Query,High,Resolved,2022-03-01,2022-03-04,78.0,Phone,3.0,AGT001
TKT002994,CUST00284,Fraud Report,Critical,Resolved,2023-01-10,2023-01-14,86.0,Chat,1.0,AGT015
TKT002995,CUST02332,Account Opening,Low,Resolved,2021-07-18,2021-07-24,129.0,Chat,2.0,AGT017
TKT002996,CUST01093,Net Banking Issue,Low,Resolved,2024-04-19,2024-04-26,168.0,Chat,2.0,AGT033
TKT002997,CUST02558,Interest Query,Low,Resolved,2020-09-20,2020-09-22,50.0,Phone,3.0,AGT016
TKT002998,CUST01907,KYC Update,Medium,Resolved,2021-11-06,2021-11-11,127.0,Chat,5.0,AGT037
TKT002999,CUST01927,ATM Issue,Medium,Resolved,2022-10-11,2022-10-16,104.0,App,3.0,AGT024
TKT003000,CUST00810,Net Banking Issue,Critical,Resolved,2022-09-08,2022-09-11,62.0,Phone,1.0,AGT013
TKT003001,CUST00909,Fraud Report,Critical,Resolved,2023-09-24,2023-09-26,33.0,Email,5.0,AGT015
TKT003002,CUST02102,Net Banking Issue,Low,Resolved,2023-10-01,2023-10-05,98.0,App,2.0,AGT001
TKT003003,CUST02099,Fraud Report,Critical,Resolved,2022-02-18,2022-02-23,137.0,Email,4.0,AGT019
TKT003004,CUST00607,Fraud Report,Critical,Resolved,2023-11-20,2023-11-25,117.0,App,4.0,AGT038
TKT003005,CUST00193,Loan Query,Medium,Resolved,2020-02-11,2020-02-15,93.0,Email,1.0,AGT036
TKT003006,CUST01525,Card Issue,Low,Resolved,2022-12-04,2022-12-06,29.0,Email,4.0,AGT050
TKT003007,CUST01103,ATM Issue,Medium,Resolved,2022-07-08,2022-07-12,102.0,Email,5.0,AGT050
TKT003008,CUST01085,Card Issue,Low,Resolved,2024-10-18,2024-10-25,164.0,Email,4.0,AGT043
TKT003009,CUST02306,Account Opening,Medium,In Progress,2023-07-27,,,Email,,AGT020
TKT003010,CUST01516,Transaction Dispute,High,Resolved,2021-05-12,2021-05-16,90.0,App,2.0,AGT041
TKT003011,CUST02348,Loan Query,High,Resolved,2024-09-12,2024-09-15,70.0,Email,5.0,AGT043
TKT003012,CUST02972,Account Opening,Medium,Resolved,2020-03-13,2020-03-17,94.0,Branch,2.0,AGT016
TKT003013,CUST00783,Card Issue,Medium,In Progress,2024-03-10,,,Email,,AGT040
TKT003014,CUST00993,KYC Update,Medium,Resolved,2023-04-10,2023-04-12,46.0,Chat,5.0,AGT038
TKT003015,CUST00860,Interest Query,High,Resolved,2020-10-08,2020-10-10,61.0,App,2.0,AGT021
TKT003016,CUST02535,General Query,Medium,In Progress,2020-03-17,,,Phone,,AGT035
TKT003017,CUST00533,Net Banking Issue,Low,Open,2022-03-01,,,Email,,AGT004
TKT003018,CUST01328,Interest Query,Low,Resolved,2023-02-23,2023-02-26,93.0,Email,2.0,AGT039
TKT003019,CUST00629,General Query,Medium,Resolved,2023-06-20,2023-06-22,54.0,Branch,5.0,AGT043
TKT003020,CUST00999,KYC Update,Low,Resolved,2023-10-31,2023-10-31,3.0,App,3.0,AGT032
TKT003021,CUST02430,ATM Issue,High,Open,2022-06-22,,,App,,AGT038
TKT003022,CUST02449,KYC Update,High,Resolved,2020-04-24,2020-04-26,55.0,Branch,5.0,AGT023
TKT003023,CUST01712,Card Issue,Low,Resolved,2020-09-19,2020-09-24,117.0,Chat,4.0,AGT049
TKT003024,CUST00583,Transaction Dispute,High,Open,2022-05-30,,,Branch,,AGT013
TKT003025,CUST01821,Fraud Report,Critical,Open,2020-01-12,,,Email,,AGT044
TKT003026,CUST00147,KYC Update,Medium,Resolved,2023-01-24,2023-01-25,6.0,Branch,4.0,AGT039
TKT003027,CUST01238,General Query,Low,Resolved,2023-02-04,2023-02-06,57.0,Chat,4.0,AGT024
TKT003028,CUST02556,KYC Update,High,In Progress,2024-04-02,,,Chat,,AGT006
TKT003029,CUST01361,Fraud Report,Critical,Open,2023-04-25,,,Phone,,AGT008
TKT003030,CUST02608,General Query,Low,Resolved,2024-04-06,2024-04-06,4.0,Email,2.0,AGT028
TKT003031,CUST00214,Loan Query,Medium,Open,2024-04-03,,,Email,,AGT020
TKT003032,CUST00473,Loan Query,Low,Resolved,2021-10-29,2021-10-31,68.0,Phone,1.0,AGT020
TKT003033,CUST02837,Fraud Report,Critical,Resolved,2021-12-19,2021-12-22,71.0,Chat,4.0,AGT006
TKT003034,CUST00217,Net Banking Issue,High,Resolved,2021-02-06,2021-02-12,153.0,Branch,2.0,AGT045
TKT003035,CUST02408,General Query,Medium,Resolved,2020-09-20,2020-09-26,159.0,Email,5.0,AGT048
TKT003036,CUST00877,Interest Query,High,Resolved,2020-07-19,2020-07-24,125.0,Email,5.0,AGT006
TKT003037,CUST00564,Interest Query,Low,Resolved,2021-02-12,2021-02-15,60.0,App,3.0,AGT049
TKT003038,CUST02815,KYC Update,Medium,Resolved,2023-01-17,2023-01-19,42.0,Branch,3.0,AGT045
TKT003039,CUST02359,Loan Query,Medium,Resolved,2022-02-06,2022-02-11,126.0,Branch,1.0,AGT025
TKT003040,CUST02554,Account Opening,Medium,Resolved,2024-08-05,2024-08-12,162.0,Branch,3.0,AGT040
TKT003041,CUST02063,Card Issue,Low,Resolved,2020-01-11,2020-01-14,77.0,Chat,1.0,AGT009
TKT003042,CUST02655,Loan Query,Medium,Resolved,2021-11-17,2021-11-23,145.0,App,5.0,AGT001
TKT003043,CUST00864,Fraud Report,Critical,Open,2023-07-25,,,Branch,,AGT032
TKT003044,CUST01522,Account Opening,Low,Resolved,2023-11-06,2023-11-11,112.0,App,3.0,AGT037
TKT003045,CUST01652,Account Opening,Medium,Resolved,2023-03-13,2023-03-17,107.0,Phone,3.0,AGT047
TKT003046,CUST00204,General Query,High,Resolved,2022-02-20,2022-02-21,17.0,Phone,3.0,AGT049
TKT003047,CUST01335,Interest Query,High,Resolved,2023-02-01,2023-02-03,56.0,Phone,5.0,AGT016
TKT003048,CUST00072,KYC Update,High,In Progress,2023-05-02,,,Branch,,AGT035
TKT003049,CUST00040,ATM Issue,High,Resolved,2021-07-03,2021-07-05,57.0,Branch,5.0,AGT028
TKT003050,CUST00395,Card Issue,Low,In Progress,2024-06-12,,,App,,AGT009
TKT003051,CUST00688,Net Banking Issue,Low,Resolved,2020-07-02,2020-07-08,166.0,Phone,5.0,AGT046
TKT003052,CUST02868,General Query,Medium,Resolved,2020-07-08,2020-07-13,121.0,App,3.0,AGT001
TKT003053,CUST02814,Net Banking Issue,High,Resolved,2022-04-21,2022-04-25,81.0,Chat,2.0,AGT007
TKT003054,CUST01657,General Query,Medium,In Progress,2021-05-29,,,Email,,AGT035
TKT003055,CUST01157,Net Banking Issue,Medium,Resolved,2023-07-29,2023-08-05,155.0,Chat,5.0,AGT002
TKT003056,CUST02267,Interest Query,Low,Resolved,2021-05-19,2021-05-23,90.0,Phone,5.0,AGT027
TKT003057,CUST00790,Transaction Dispute,Low,Open,2023-08-11,,,Phone,,AGT016
TKT003058,CUST00931,KYC Update,Low,Resolved,2022-05-28,2022-06-02,116.0,Phone,4.0,AGT032
TKT003059,CUST02717,Account Opening,High,Resolved,2023-10-31,2023-11-05,107.0,Branch,3.0,AGT048
TKT003060,CUST01909,Card Issue,Low,In Progress,2021-04-16,,,Branch,,AGT046
TKT003061,CUST00551,Fraud Report,Critical,Resolved,2023-08-02,2023-08-07,103.0,Chat,3.0,AGT009
TKT003062,CUST02224,KYC Update,Critical,Resolved,2022-11-25,2022-12-01,132.0,App,2.0,AGT025
TKT003063,CUST00500,Account Opening,High,Resolved,2024-04-26,2024-05-02,134.0,Branch,3.0,AGT024
TKT003064,CUST02976,Loan Query,Critical,Resolved,2022-01-23,2022-01-29,144.0,Email,1.0,AGT035
TKT003065,CUST02377,KYC Update,Medium,Open,2024-04-06,,,Chat,,AGT005
TKT003066,CUST00507,Account Opening,Low,Open,2024-07-18,,,App,,AGT031
TKT003067,CUST01494,Net Banking Issue,Low,Resolved,2022-12-22,2022-12-26,105.0,Email,2.0,AGT039
TKT003068,CUST02737,KYC Update,Critical,Resolved,2021-04-15,2021-04-19,87.0,App,5.0,AGT025
TKT003069,CUST02030,Interest Query,Medium,Resolved,2023-06-11,2023-06-16,133.0,Email,1.0,AGT004
TKT003070,CUST01542,Card Issue,Medium,Resolved,2021-04-08,2021-04-13,115.0,App,4.0,AGT026
TKT003071,CUST02162,Card Issue,Low,Resolved,2022-11-21,2022-11-25,99.0,App,3.0,AGT032
TKT003072,CUST02322,Net Banking Issue,Low,Resolved,2021-09-04,2021-09-09,101.0,Branch,5.0,AGT037
TKT003073,CUST00048,ATM Issue,Low,Open,2023-03-12,,,Branch,,AGT017
TKT003074,CUST02600,General Query,Medium,In Progress,2020-09-24,,,Branch,,AGT010
TKT003075,CUST01838,Account Opening,High,Resolved,2020-03-28,2020-04-01,76.0,Phone,3.0,AGT034
TKT003076,CUST01294,Transaction Dispute,Medium,Resolved,2022-06-17,2022-06-21,98.0,App,1.0,AGT020
TKT003077,CUST00542,Fraud Report,Critical,Resolved,2021-05-16,2021-05-20,96.0,Chat,4.0,AGT029
TKT003078,CUST00104,ATM Issue,High,Resolved,2023-04-22,2023-04-26,114.0,Phone,3.0,AGT020
TKT003079,CUST00845,ATM Issue,Medium,Resolved,2020-10-28,2020-10-30,65.0,Chat,3.0,AGT005
TKT003080,CUST00818,Net Banking Issue,Medium,Open,2021-04-19,,,Branch,,AGT014
TKT003081,CUST01516,KYC Update,Medium,Resolved,2024-12-29,2024-12-30,14.0,Phone,5.0,AGT001
TKT003082,CUST01164,Card Issue,Low,Resolved,2023-10-20,2023-10-23,67.0,App,4.0,AGT042
TKT003083,CUST01281,Loan Query,Medium,Resolved,2021-01-03,2021-01-05,48.0,Phone,3.0,AGT002
TKT003084,CUST02468,Transaction Dispute,High,Resolved,2021-09-27,2021-10-03,152.0,App,1.0,AGT004
TKT003085,CUST00356,Account Opening,Low,Resolved,2022-11-23,2022-11-29,127.0,App,2.0,AGT027
TKT003086,CUST01476,Loan Query,Low,Resolved,2024-11-02,2024-11-08,138.0,Email,5.0,AGT014
TKT003087,CUST02795,ATM Issue,High,Resolved,2022-07-04,2022-07-07,77.0,Branch,1.0,AGT039
TKT003088,CUST02201,KYC Update,Low,Resolved,2024-01-20,2024-01-25,130.0,App,1.0,AGT016
TKT003089,CUST01668,Fraud Report,Critical,Resolved,2023-10-27,2023-10-31,111.0,Phone,2.0,AGT033
TKT003090,CUST02526,Account Opening,High,Resolved,2021-09-01,2021-09-01,4.0,App,2.0,AGT050
TKT003091,CUST01250,Loan Query,Medium,Resolved,2024-10-24,2024-10-26,53.0,App,4.0,AGT017
TKT003092,CUST01873,General Query,Critical,Resolved,2021-08-10,2021-08-16,140.0,Email,4.0,AGT025
TKT003093,CUST01443,KYC Update,Low,Resolved,2021-01-23,2021-01-25,35.0,Email,2.0,AGT007
TKT003094,CUST02785,Net Banking Issue,Low,Resolved,2023-05-28,2023-06-02,123.0,App,3.0,AGT047
TKT003095,CUST02920,Card Issue,High,Open,2020-04-16,,,Chat,,AGT039
TKT003096,CUST02874,Net Banking Issue,High,Resolved,2021-04-13,2021-04-13,3.0,Phone,5.0,AGT049
TKT003097,CUST00160,Interest Query,Low,Resolved,2022-06-19,2022-06-22,66.0,Branch,3.0,AGT010
TKT003098,CUST02407,Transaction Dispute,High,Resolved,2024-06-21,2024-06-24,87.0,Chat,4.0,AGT010
TKT003099,CUST01544,Fraud Report,Critical,Resolved,2024-01-16,2024-01-21,122.0,Chat,4.0,AGT023
TKT003100,CUST00234,Account Opening,Medium,Resolved,2020-01-31,2020-02-05,127.0,Email,3.0,AGT044
TKT003101,CUST00618,Loan Query,Low,Resolved,2022-09-16,2022-09-20,115.0,Email,4.0,AGT035
TKT003102,CUST01936,Loan Query,Low,Resolved,2021-06-26,2021-06-30,99.0,Branch,3.0,AGT004
TKT003103,CUST02604,Fraud Report,Critical,Resolved,2021-01-03,2021-01-08,105.0,Chat,3.0,AGT021
TKT003104,CUST00763,Account Opening,Low,In Progress,2020-08-30,,,Chat,,AGT020
TKT003105,CUST00666,Account Opening,High,Resolved,2022-02-06,2022-02-08,42.0,Phone,4.0,AGT014
TKT003106,CUST00760,KYC Update,Low,Resolved,2023-10-10,2023-10-12,45.0,Branch,4.0,AGT045
TKT003107,CUST01543,KYC Update,Medium,Resolved,2023-08-06,2023-08-08,43.0,Email,5.0,AGT039
TKT003108,CUST00018,Net Banking Issue,Low,Resolved,2023-09-16,2023-09-21,114.0,App,5.0,AGT015
TKT003109,CUST00767,Transaction Dispute,Low,Resolved,2021-12-01,2021-12-03,29.0,Branch,3.0,AGT006
TKT003110,CUST00514,Net Banking Issue,High,Resolved,2022-10-09,2022-10-09,9.0,App,1.0,AGT034
TKT003111,CUST02570,ATM Issue,High,Resolved,2022-01-04,2022-01-05,32.0,Chat,4.0,AGT009
TKT003112,CUST00424,Transaction Dispute,Medium,Resolved,2021-06-03,2021-06-06,56.0,Chat,2.0,AGT047
TKT003113,CUST00806,Loan Query,Low,Resolved,2023-08-29,2023-08-31,47.0,Phone,5.0,AGT031
TKT003114,CUST02312,Interest Query,Low,Resolved,2021-04-19,2021-04-19,7.0,Phone,1.0,AGT045
TKT003115,CUST02280,Card Issue,Medium,Resolved,2021-11-30,2021-12-04,97.0,Branch,5.0,AGT011
TKT003116,CUST00036,Loan Query,High,Resolved,2024-04-24,2024-04-29,120.0,App,1.0,AGT045
TKT003117,CUST00737,Card Issue,Medium,Resolved,2021-05-01,2021-05-07,139.0,Chat,4.0,AGT018
TKT003118,CUST02999,Account Opening,Medium,Open,2022-09-29,,,App,,AGT044
TKT003119,CUST00765,Card Issue,Low,Resolved,2020-05-26,2020-06-01,134.0,Phone,1.0,AGT032
TKT003120,CUST01942,Loan Query,Medium,Resolved,2020-12-11,2020-12-18,161.0,App,4.0,AGT012
TKT003121,CUST02466,Interest Query,Medium,Resolved,2024-12-08,2024-12-15,161.0,Phone,1.0,AGT003
TKT003122,CUST01679,Loan Query,Medium,Resolved,2023-01-27,2023-01-28,21.0,Branch,4.0,AGT040
TKT003123,CUST01643,Loan Query,Medium,Open,2024-09-04,,,Phone,,AGT050
TKT003124,CUST02611,Transaction Dispute,Critical,Resolved,2021-08-01,2021-08-04,58.0,Branch,2.0,AGT018
TKT003125,CUST01489,Account Opening,Medium,Resolved,2020-09-27,2020-09-30,80.0,Phone,1.0,AGT002
TKT003126,CUST02370,General Query,Low,Resolved,2021-09-25,2021-09-29,91.0,Branch,5.0,AGT021
TKT003127,CUST00988,General Query,Medium,Resolved,2024-06-10,2024-06-13,77.0,Phone,5.0,AGT010
TKT003128,CUST01513,Fraud Report,Critical,In Progress,2022-05-08,,,Chat,,AGT044
TKT003129,CUST01282,KYC Update,High,Resolved,2022-01-05,2022-01-09,78.0,Phone,3.0,AGT005
TKT003130,CUST01898,Fraud Report,Critical,In Progress,2020-03-04,,,Branch,,AGT042
TKT003131,CUST00941,Account Opening,High,Resolved,2023-02-10,2023-02-15,123.0,Branch,4.0,AGT037
TKT003132,CUST01047,Net Banking Issue,Medium,Resolved,2023-04-14,2023-04-20,149.0,Email,3.0,AGT004
TKT003133,CUST01966,Interest Query,Medium,Resolved,2023-02-12,2023-02-18,137.0,Email,1.0,AGT001
TKT003134,CUST00154,Loan Query,Critical,Resolved,2021-08-27,2021-08-30,85.0,Email,4.0,AGT015
TKT003135,CUST02158,ATM Issue,Low,Resolved,2024-02-22,2024-02-27,125.0,App,1.0,AGT015
TKT003136,CUST01200,Interest Query,High,Resolved,2023-01-28,2023-02-01,76.0,Phone,3.0,AGT023
TKT003137,CUST01585,ATM Issue,Medium,In Progress,2021-11-23,,,App,,AGT006
TKT003138,CUST01082,Card Issue,Medium,Resolved,2022-04-29,2022-05-04,138.0,Branch,4.0,AGT021
TKT003139,CUST01534,Transaction Dispute,Low,Resolved,2023-05-07,2023-05-10,66.0,App,3.0,AGT045
TKT003140,CUST01125,ATM Issue,Medium,Resolved,2023-07-23,2023-07-28,141.0,Email,5.0,AGT004
TKT003141,CUST00285,Interest Query,Critical,Resolved,2021-02-24,2021-02-25,24.0,Phone,1.0,AGT045
TKT003142,CUST00823,Transaction Dispute,High,Resolved,2021-04-28,2021-05-02,82.0,Branch,2.0,AGT024
TKT003143,CUST01705,KYC Update,Low,Resolved,2022-05-10,2022-05-13,59.0,Branch,4.0,AGT037
TKT003144,CUST02943,Account Opening,Low,Resolved,2023-07-04,2023-07-08,108.0,Phone,4.0,AGT016
TKT003145,CUST02864,ATM Issue,Low,Resolved,2023-08-02,2023-08-03,7.0,Chat,3.0,AGT040
TKT003146,CUST02825,Account Opening,High,Resolved,2024-12-03,2024-12-07,104.0,Branch,3.0,AGT043
TKT003147,CUST02310,Fraud Report,Critical,Resolved,2024-05-14,2024-05-16,40.0,Email,1.0,AGT018
TKT003148,CUST01398,Interest Query,Low,Resolved,2020-11-09,2020-11-09,11.0,Email,1.0,AGT006
TKT003149,CUST02501,Net Banking Issue,Low,Resolved,2020-12-31,2020-12-31,1.0,Chat,2.0,AGT021
TKT003150,CUST00024,General Query,Medium,Resolved,2024-07-16,2024-07-18,45.0,Email,5.0,AGT017
TKT003151,CUST02899,Fraud Report,Critical,Resolved,2020-09-26,2020-09-30,97.0,App,1.0,AGT019
TKT003152,CUST01222,KYC Update,Critical,Resolved,2020-11-02,2020-11-05,81.0,Chat,2.0,AGT041
TKT003153,CUST02493,General Query,Critical,Resolved,2021-10-14,2021-10-16,28.0,Chat,2.0,AGT050
TKT003154,CUST02369,Interest Query,Low,Resolved,2022-04-16,2022-04-19,75.0,Branch,5.0,AGT046
TKT003155,CUST00970,Fraud Report,Critical,Resolved,2024-10-30,2024-10-31,16.0,Branch,4.0,AGT045
TKT003156,CUST02937,Loan Query,Medium,Resolved,2022-06-30,2022-07-04,87.0,App,2.0,AGT048
TKT003157,CUST02051,Loan Query,Low,Resolved,2022-11-16,2022-11-21,117.0,Phone,3.0,AGT012
TKT003158,CUST00591,Net Banking Issue,Low,In Progress,2022-08-07,,,Phone,,AGT001
TKT003159,CUST02248,Account Opening,High,Resolved,2024-07-29,2024-08-01,76.0,App,5.0,AGT026
TKT003160,CUST00200,ATM Issue,High,Resolved,2020-04-25,2020-05-01,141.0,Branch,3.0,AGT039
TKT003161,CUST01439,Account Opening,Low,Resolved,2022-09-08,2022-09-11,77.0,Phone,1.0,AGT008
TKT003162,CUST00898,KYC Update,Low,Resolved,2024-05-18,2024-05-22,82.0,App,4.0,AGT005
TKT003163,CUST02114,Net Banking Issue,Low,Resolved,2020-10-29,2020-11-03,127.0,Phone,3.0,AGT008
TKT003164,CUST00988,Fraud Report,Critical,Resolved,2021-11-03,2021-11-06,71.0,Phone,3.0,AGT019
TKT003165,CUST02480,Transaction Dispute,Critical,Resolved,2021-04-24,2021-04-27,65.0,Chat,3.0,AGT009
TKT003166,CUST01589,Net Banking Issue,Medium,Resolved,2024-02-12,2024-02-15,78.0,Chat,2.0,AGT014
TKT003167,CUST02165,Card Issue,Medium,Resolved,2022-03-12,2022-03-13,32.0,Chat,5.0,AGT050
TKT003168,CUST00934,Account Opening,High,In Progress,2022-12-26,,,Chat,,AGT029
TKT003169,CUST02044,Net Banking Issue,Low,Open,2023-04-20,,,App,,AGT033
TKT003170,CUST00180,Interest Query,High,Resolved,2021-10-23,2021-10-26,68.0,App,4.0,AGT012
TKT003171,CUST00322,Interest Query,Low,Resolved,2022-11-29,2022-12-06,166.0,Branch,5.0,AGT014
TKT003172,CUST01069,Loan Query,Medium,Resolved,2024-03-24,2024-03-26,52.0,Email,4.0,AGT050
TKT003173,CUST02436,Account Opening,High,Resolved,2022-08-08,2022-08-12,99.0,Branch,2.0,AGT029
TKT003174,CUST00480,Transaction Dispute,Low,Resolved,2021-10-15,2021-10-20,118.0,Phone,4.0,AGT032
TKT003175,CUST02099,Transaction Dispute,Medium,Open,2022-03-29,,,Email,,AGT003
TKT003176,CUST00375,Loan Query,Medium,Resolved,2022-06-01,2022-06-04,80.0,Branch,2.0,AGT049
TKT003177,CUST01911,Transaction Dispute,Medium,Resolved,2020-04-11,2020-04-14,70.0,Email,2.0,AGT015
TKT003178,CUST02893,ATM Issue,Low,Open,2024-05-17,,,Phone,,AGT023
TKT003179,CUST00731,Transaction Dispute,Critical,Resolved,2024-03-11,2024-03-18,167.0,Chat,5.0,AGT045
TKT003180,CUST00286,Interest Query,Medium,Resolved,2024-06-25,2024-06-25,2.0,Phone,5.0,AGT003
TKT003181,CUST02038,ATM Issue,Medium,In Progress,2024-04-29,,,Phone,,AGT034
TKT003182,CUST02016,Account Opening,Medium,In Progress,2024-03-03,,,Email,,AGT043
TKT003183,CUST02959,General Query,High,Resolved,2023-10-05,2023-10-12,168.0,Phone,3.0,AGT050
TKT003184,CUST00652,Interest Query,Medium,Resolved,2020-12-11,2020-12-12,23.0,Phone,1.0,AGT006
TKT003185,CUST00483,Interest Query,Low,Resolved,2024-10-02,2024-10-07,111.0,Branch,2.0,AGT045
TKT003186,CUST00562,ATM Issue,High,Resolved,2022-10-23,2022-10-25,57.0,Branch,4.0,AGT038
TKT003187,CUST02736,Loan Query,Low,Resolved,2022-09-08,2022-09-12,107.0,Email,4.0,AGT033
TKT003188,CUST01953,Interest Query,Medium,Resolved,2021-03-22,2021-03-27,124.0,Chat,3.0,AGT029
TKT003189,CUST01201,Card Issue,Medium,Resolved,2023-12-11,2023-12-17,156.0,Phone,5.0,AGT041
TKT003190,CUST02594,Net Banking Issue,Medium,Resolved,2020-07-04,2020-07-10,144.0,Chat,3.0,AGT013
TKT003191,CUST02953,General Query,Medium,Resolved,2020-03-04,2020-03-05,30.0,App,5.0,AGT013
TKT003192,CUST01694,Fraud Report,Critical,Resolved,2024-05-15,2024-05-19,106.0,Email,2.0,AGT022
TKT003193,CUST01918,Card Issue,Critical,Resolved,2022-04-26,2022-04-30,104.0,Branch,5.0,AGT016
TKT003194,CUST00299,Card Issue,Critical,Resolved,2021-03-24,2021-03-29,123.0,Email,1.0,AGT016
TKT003195,CUST01747,Account Opening,Medium,Resolved,2020-12-13,2020-12-17,107.0,Branch,5.0,AGT032
TKT003196,CUST00967,ATM Issue,Medium,Resolved,2022-01-27,2022-02-02,133.0,Phone,4.0,AGT008
TKT003197,CUST00101,Interest Query,Medium,Resolved,2022-11-24,2022-11-26,45.0,App,3.0,AGT027
TKT003198,CUST01542,General Query,High,In Progress,2021-06-05,,,App,,AGT008
TKT003199,CUST00450,KYC Update,Medium,Resolved,2023-09-12,2023-09-12,2.0,App,5.0,AGT007
TKT003200,CUST02566,ATM Issue,Low,Open,2024-04-08,,,Branch,,AGT011
TKT003201,CUST01974,ATM Issue,Medium,Resolved,2020-02-18,2020-02-20,47.0,Email,2.0,AGT034
TKT003202,CUST01975,KYC Update,Medium,Resolved,2021-12-19,2021-12-22,57.0,App,2.0,AGT011
TKT003203,CUST02449,Loan Query,Medium,Resolved,2022-04-08,2022-04-13,112.0,App,1.0,AGT017
TKT003204,CUST02177,Loan Query,Medium,Resolved,2022-12-25,2022-12-28,69.0,Phone,4.0,AGT042
TKT003205,CUST01584,KYC Update,Medium,Resolved,2022-12-21,2022-12-24,69.0,Email,4.0,AGT008
TKT003206,CUST01370,Transaction Dispute,Medium,Resolved,2022-09-07,2022-09-13,123.0,Email,3.0,AGT006
TKT003207,CUST00376,Loan Query,Medium,Resolved,2024-11-22,2024-11-29,148.0,Branch,2.0,AGT042
TKT003208,CUST00656,ATM Issue,High,Resolved,2020-08-24,2020-08-28,109.0,Phone,5.0,AGT014
TKT003209,CUST02806,ATM Issue,Low,In Progress,2023-09-30,,,Email,,AGT014
TKT003210,CUST01945,Account Opening,Critical,Resolved,2021-04-07,2021-04-08,21.0,Phone,1.0,AGT027
TKT003211,CUST00766,Loan Query,Low,Resolved,2022-11-14,2022-11-17,81.0,App,2.0,AGT002
TKT003212,CUST02433,Card Issue,Medium,In Progress,2024-06-23,,,Email,,AGT043
TKT003213,CUST01336,General Query,Medium,Open,2020-03-18,,,Chat,,AGT018
TKT003214,CUST02772,Loan Query,Low,Resolved,2021-03-07,2021-03-14,163.0,Chat,3.0,AGT016
TKT003215,CUST00228,ATM Issue,Medium,Resolved,2024-02-24,2024-03-01,130.0,Chat,3.0,AGT006
TKT003216,CUST01488,ATM Issue,Low,Resolved,2020-03-10,2020-03-16,121.0,Chat,4.0,AGT005
TKT003217,CUST00405,ATM Issue,Medium,Resolved,2020-09-10,2020-09-12,60.0,Chat,5.0,AGT022
TKT003218,CUST02383,Transaction Dispute,Low,Resolved,2022-09-29,2022-10-01,49.0,Phone,2.0,AGT041
TKT003219,CUST02639,General Query,Medium,Resolved,2020-04-26,2020-04-29,62.0,Chat,3.0,AGT029
TKT003220,CUST00832,KYC Update,Low,Resolved,2022-10-02,2022-10-05,74.0,Branch,1.0,AGT027
TKT003221,CUST00824,Card Issue,High,Resolved,2024-06-23,2024-06-26,76.0,Email,2.0,AGT022
TKT003222,CUST02200,ATM Issue,Low,In Progress,2022-01-31,,,App,,AGT048
TKT003223,CUST02450,KYC Update,Low,Resolved,2022-05-14,2022-05-16,68.0,Branch,5.0,AGT043
TKT003224,CUST02359,KYC Update,High,Open,2023-11-16,,,Email,,AGT050
TKT003225,CUST00892,Fraud Report,Critical,Resolved,2020-06-27,2020-06-27,22.0,Phone,2.0,AGT039
TKT003226,CUST01818,Account Opening,Low,Resolved,2020-02-28,2020-03-03,91.0,App,1.0,AGT028
TKT003227,CUST01205,Card Issue,Medium,Resolved,2024-01-26,2024-02-02,147.0,Email,3.0,AGT005
TKT003228,CUST01559,Account Opening,High,Open,2021-11-14,,,Branch,,AGT011
TKT003229,CUST01220,ATM Issue,Medium,Resolved,2022-11-04,2022-11-08,109.0,Email,3.0,AGT010
TKT003230,CUST00739,Interest Query,Low,Resolved,2023-01-08,2023-01-10,39.0,Email,3.0,AGT040
TKT003231,CUST01909,ATM Issue,Medium,Resolved,2024-10-27,2024-10-29,39.0,Chat,1.0,AGT020
TKT003232,CUST02092,General Query,Low,In Progress,2020-10-17,,,Branch,,AGT024
TKT003233,CUST00588,General Query,High,In Progress,2024-06-27,,,Phone,,AGT046
TKT003234,CUST01208,General Query,High,Resolved,2020-04-23,2020-04-26,70.0,App,3.0,AGT018
TKT003235,CUST01442,Transaction Dispute,Medium,Resolved,2020-09-03,2020-09-04,20.0,Phone,4.0,AGT009
TKT003236,CUST01390,Loan Query,Medium,Resolved,2021-05-25,2021-05-25,3.0,Chat,3.0,AGT034
TKT003237,CUST02196,Fraud Report,Critical,Resolved,2021-12-11,2021-12-13,33.0,App,5.0,AGT006
TKT003238,CUST00452,Loan Query,Medium,Resolved,2022-06-11,2022-06-14,52.0,Email,1.0,AGT042
TKT003239,CUST00241,General Query,High,Resolved,2022-08-17,2022-08-22,112.0,Phone,2.0,AGT024
TKT003240,CUST02650,Fraud Report,Critical,Resolved,2024-03-30,2024-04-05,124.0,Branch,1.0,AGT041
TKT003241,CUST02445,Loan Query,High,Resolved,2023-11-25,2023-11-29,80.0,App,3.0,AGT021
TKT003242,CUST01748,Transaction Dispute,High,Resolved,2022-08-21,2022-08-22,31.0,Chat,3.0,AGT033
TKT003243,CUST01389,General Query,High,Resolved,2024-11-05,2024-11-08,75.0,Phone,4.0,AGT035
TKT003244,CUST01732,Account Opening,Medium,Resolved,2020-04-30,2020-05-01,15.0,Email,1.0,AGT024
TKT003245,CUST01645,Fraud Report,Critical,Resolved,2024-03-10,2024-03-11,31.0,Email,5.0,AGT042
TKT003246,CUST01130,KYC Update,Medium,In Progress,2020-11-28,,,Branch,,AGT015
TKT003247,CUST00531,KYC Update,Critical,Resolved,2022-02-06,2022-02-13,154.0,Branch,1.0,AGT007
TKT003248,CUST01002,Card Issue,Low,Resolved,2020-10-28,2020-10-31,87.0,Branch,3.0,AGT038
TKT003249,CUST01465,KYC Update,Medium,Resolved,2022-11-05,2022-11-07,40.0,Email,5.0,AGT012
TKT003250,CUST00587,Net Banking Issue,Medium,Resolved,2020-12-06,2020-12-11,136.0,App,4.0,AGT025
TKT003251,CUST00729,General Query,Low,Resolved,2020-03-27,2020-04-01,113.0,Email,1.0,AGT045
TKT003252,CUST00485,Interest Query,Low,Resolved,2022-01-16,2022-01-21,122.0,App,3.0,AGT042
TKT003253,CUST01629,KYC Update,Medium,Resolved,2020-02-26,2020-03-01,84.0,App,1.0,AGT040
TKT003254,CUST02847,Loan Query,Medium,Resolved,2020-04-07,2020-04-09,36.0,Email,3.0,AGT017
TKT003255,CUST02497,Card Issue,Medium,Resolved,2023-10-21,2023-10-24,87.0,Chat,4.0,AGT019
TKT003256,CUST02979,Loan Query,Low,Resolved,2023-12-23,2023-12-28,118.0,Phone,2.0,AGT043
TKT003257,CUST01223,Net Banking Issue,Low,Resolved,2022-08-20,2022-08-27,166.0,Branch,2.0,AGT026
TKT003258,CUST01482,ATM Issue,Medium,Resolved,2023-04-29,2023-05-04,120.0,App,5.0,AGT013
TKT003259,CUST00433,Transaction Dispute,Medium,Resolved,2023-04-14,2023-04-15,37.0,Chat,2.0,AGT038
TKT003260,CUST02581,Fraud Report,Critical,Resolved,2022-01-05,2022-01-10,116.0,App,2.0,AGT011
TKT003261,CUST00501,Transaction Dispute,Low,Resolved,2022-07-12,2022-07-15,66.0,Email,2.0,AGT023
TKT003262,CUST01901,Interest Query,Medium,Resolved,2024-02-05,2024-02-07,53.0,Chat,3.0,AGT013
TKT003263,CUST00611,Transaction Dispute,Critical,Resolved,2024-01-02,2024-01-05,84.0,Phone,5.0,AGT004
TKT003264,CUST00161,Loan Query,Critical,Resolved,2022-04-22,2022-04-28,152.0,Phone,3.0,AGT002
TKT003265,CUST01422,KYC Update,High,Resolved,2022-09-08,2022-09-09,17.0,Phone,5.0,AGT028
TKT003266,CUST02078,Transaction Dispute,Low,Resolved,2022-04-16,2022-04-17,23.0,Phone,5.0,AGT027
TKT003267,CUST02230,Interest Query,Medium,Resolved,2022-08-28,2022-08-30,55.0,App,5.0,AGT034
TKT003268,CUST00662,Interest Query,High,Resolved,2024-06-01,2024-06-01,11.0,Phone,2.0,AGT019
TKT003269,CUST02527,Account Opening,Medium,Resolved,2023-05-03,2023-05-05,33.0,Branch,1.0,AGT006
TKT003270,CUST01577,Transaction Dispute,Low,Resolved,2024-08-24,2024-08-26,32.0,Branch,5.0,AGT011
TKT003271,CUST02439,Account Opening,Low,Resolved,2024-09-15,2024-09-17,37.0,App,4.0,AGT045
TKT003272,CUST00384,Card Issue,Medium,Resolved,2020-02-05,2020-02-09,86.0,Branch,4.0,AGT029
TKT003273,CUST02001,KYC Update,Medium,In Progress,2024-04-26,,,Email,,AGT045
TKT003274,CUST01241,Card Issue,Medium,Resolved,2021-10-30,2021-11-06,167.0,Branch,4.0,AGT033
TKT003275,CUST02568,Card Issue,Medium,Resolved,2021-12-19,2021-12-19,5.0,App,5.0,AGT041
TKT003276,CUST01787,Interest Query,Medium,Resolved,2023-02-16,2023-02-22,137.0,Chat,3.0,AGT049
TKT003277,CUST01139,ATM Issue,Critical,Resolved,2023-09-05,2023-09-10,120.0,Phone,4.0,AGT047
TKT003278,CUST01092,Net Banking Issue,High,Resolved,2023-04-06,2023-04-06,11.0,App,5.0,AGT015
TKT003279,CUST02568,Fraud Report,Critical,Resolved,2023-03-21,2023-03-24,85.0,Email,1.0,AGT047
TKT003280,CUST02144,Fraud Report,Critical,In Progress,2024-09-19,,,Branch,,AGT036
TKT003281,CUST01843,Account Opening,Low,Resolved,2022-09-05,2022-09-09,89.0,Phone,3.0,AGT008
TKT003282,CUST01951,Fraud Report,Critical,Resolved,2022-05-12,2022-05-14,30.0,Chat,4.0,AGT026
TKT003283,CUST00581,Interest Query,Low,In Progress,2020-08-02,,,Chat,,AGT031
TKT003284,CUST01979,ATM Issue,Medium,Resolved,2020-07-22,2020-07-24,54.0,Email,5.0,AGT021
TKT003285,CUST00036,Card Issue,High,Resolved,2024-09-29,2024-10-05,136.0,Phone,4.0,AGT027
TKT003286,CUST01194,Transaction Dispute,Low,Resolved,2022-03-11,2022-03-12,24.0,Chat,3.0,AGT006
TKT003287,CUST01361,General Query,Low,Resolved,2022-12-21,2022-12-26,134.0,App,4.0,AGT012
TKT003288,CUST02837,ATM Issue,High,Resolved,2020-02-03,2020-02-08,122.0,Phone,1.0,AGT025
TKT003289,CUST00839,KYC Update,High,Resolved,2023-09-13,2023-09-15,46.0,Phone,4.0,AGT033
TKT003290,CUST02807,Loan Query,Critical,Resolved,2021-12-13,2021-12-20,164.0,Chat,4.0,AGT019
TKT003291,CUST00073,ATM Issue,Medium,In Progress,2022-06-17,,,Phone,,AGT012
TKT003292,CUST01003,Card Issue,Medium,Resolved,2023-02-12,2023-02-19,166.0,Phone,3.0,AGT030
TKT003293,CUST00383,Transaction Dispute,Medium,Resolved,2021-05-02,2021-05-03,25.0,Phone,3.0,AGT007
TKT003294,CUST01837,ATM Issue,Low,Resolved,2021-11-09,2021-11-10,26.0,Branch,3.0,AGT039
TKT003295,CUST00084,Net Banking Issue,Medium,Resolved,2023-12-06,2023-12-08,43.0,App,4.0,AGT016
TKT003296,CUST02868,Interest Query,Medium,Resolved,2020-05-17,2020-05-20,63.0,Phone,3.0,AGT048
TKT003297,CUST00165,Loan Query,Medium,Resolved,2021-11-26,2021-12-01,126.0,Phone,3.0,AGT041
TKT003298,CUST02642,Account Opening,Medium,Resolved,2023-03-28,2023-03-28,4.0,App,1.0,AGT036
TKT003299,CUST02351,Net Banking Issue,Medium,Open,2023-08-15,,,Branch,,AGT036
TKT003300,CUST02275,Interest Query,Medium,Resolved,2023-09-23,2023-09-26,76.0,Email,3.0,AGT006
TKT003301,CUST01442,Account Opening,High,In Progress,2021-09-25,,,Phone,,AGT002
TKT003302,CUST00457,Interest Query,Medium,Resolved,2021-11-20,2021-11-22,42.0,Phone,5.0,AGT031
TKT003303,CUST02323,Fraud Report,Critical,Resolved,2021-02-08,2021-02-13,107.0,Email,5.0,AGT013
TKT003304,CUST00127,KYC Update,Low,Open,2020-12-12,,,Phone,,AGT001
TKT003305,CUST00436,Interest Query,Critical,Open,2020-07-21,,,Email,,AGT035
TKT003306,CUST02583,Account Opening,Low,Resolved,2022-11-06,2022-11-10,96.0,Email,5.0,AGT043
TKT003307,CUST00260,General Query,Low,Resolved,2023-06-08,2023-06-11,63.0,Phone,5.0,AGT008
TKT003308,CUST00571,Transaction Dispute,Medium,Resolved,2021-01-25,2021-01-30,123.0,Phone,3.0,AGT039
TKT003309,CUST01383,General Query,Medium,Resolved,2023-01-26,2023-01-28,46.0,Chat,2.0,AGT017
TKT003310,CUST00645,ATM Issue,Medium,Resolved,2021-12-03,2021-12-10,161.0,Email,2.0,AGT049
TKT003311,CUST01778,Loan Query,Medium,Resolved,2022-12-18,2022-12-22,96.0,Branch,2.0,AGT049
TKT003312,CUST00487,ATM Issue,Low,Resolved,2022-07-26,2022-07-30,85.0,Phone,1.0,AGT025
TKT003313,CUST00349,Loan Query,Medium,Resolved,2021-10-30,2021-11-04,105.0,Branch,4.0,AGT024
TKT003314,CUST01789,Fraud Report,Critical,Resolved,2021-08-30,2021-08-31,22.0,Email,2.0,AGT044
TKT003315,CUST02522,Card Issue,Low,Resolved,2024-05-24,2024-05-30,150.0,Email,5.0,AGT037
TKT003316,CUST01355,Card Issue,High,Resolved,2024-09-05,2024-09-10,116.0,App,3.0,AGT044
TKT003317,CUST00640,Card Issue,Medium,In Progress,2022-10-19,,,Email,,AGT021
TKT003318,CUST00301,General Query,Low,Resolved,2022-04-21,2022-04-22,26.0,App,4.0,AGT036
TKT003319,CUST01781,KYC Update,Critical,Resolved,2023-01-26,2023-01-31,116.0,Branch,2.0,AGT040
TKT003320,CUST00284,Loan Query,Medium,Resolved,2021-04-28,2021-05-02,89.0,App,2.0,AGT034
TKT003321,CUST00741,Account Opening,Medium,Resolved,2022-01-04,2022-01-06,50.0,Chat,2.0,AGT048
TKT003322,CUST00758,Interest Query,High,Resolved,2020-01-19,2020-01-21,32.0,Phone,5.0,AGT020
TKT003323,CUST01530,Interest Query,High,Resolved,2024-03-14,2024-03-17,61.0,Branch,5.0,AGT017
TKT003324,CUST01979,Account Opening,Low,Resolved,2020-09-10,2020-09-15,135.0,Chat,2.0,AGT024
TKT003325,CUST02051,Transaction Dispute,High,Resolved,2020-12-29,2021-01-05,165.0,App,3.0,AGT020
TKT003326,CUST00545,Account Opening,High,Resolved,2020-04-27,2020-04-30,59.0,Email,1.0,AGT016
TKT003327,CUST02519,Net Banking Issue,Low,In Progress,2021-03-26,,,Email,,AGT033
TKT003328,CUST00190,Fraud Report,Critical,Open,2023-07-12,,,App,,AGT001
TKT003329,CUST00139,Net Banking Issue,Critical,Open,2022-09-30,,,App,,AGT022
TKT003330,CUST02575,Net Banking Issue,Medium,Resolved,2024-05-28,2024-05-30,46.0,Branch,5.0,AGT028
TKT003331,CUST02739,Fraud Report,Critical,Resolved,2023-08-02,2023-08-05,72.0,Chat,2.0,AGT038
TKT003332,CUST02651,Loan Query,Low,Resolved,2021-08-08,2021-08-11,68.0,App,4.0,AGT011
TKT003333,CUST00502,Fraud Report,Critical,Open,2024-05-30,,,App,,AGT003
TKT003334,CUST02309,Net Banking Issue,Medium,Resolved,2023-09-08,2023-09-11,68.0,Phone,1.0,AGT031
TKT003335,CUST02933,Loan Query,Medium,In Progress,2024-06-24,,,Email,,AGT023
TKT003336,CUST02389,Loan Query,High,Resolved,2023-04-28,2023-04-29,41.0,Branch,5.0,AGT027
TKT003337,CUST02104,Transaction Dispute,Medium,Resolved,2022-08-11,2022-08-15,88.0,Chat,1.0,AGT030
TKT003338,CUST02320,ATM Issue,Low,Resolved,2024-10-25,2024-10-26,13.0,Email,2.0,AGT008
TKT003339,CUST02744,ATM Issue,Low,Open,2021-07-25,,,Branch,,AGT042
TKT003340,CUST02764,Interest Query,High,Resolved,2022-03-14,2022-03-19,114.0,Chat,1.0,AGT050
TKT003341,CUST00402,Interest Query,Medium,Open,2021-05-07,,,Branch,,AGT034
TKT003342,CUST02075,ATM Issue,Low,Resolved,2020-01-01,2020-01-06,103.0,Branch,4.0,AGT009
TKT003343,CUST02768,Net Banking Issue,High,Open,2021-01-06,,,Branch,,AGT043
TKT003344,CUST00777,Interest Query,Medium,Open,2022-11-02,,,Email,,AGT037
TKT003345,CUST00607,Net Banking Issue,Critical,Resolved,2022-11-16,2022-11-20,95.0,Branch,3.0,AGT027
TKT003346,CUST00129,ATM Issue,Medium,Resolved,2022-04-06,2022-04-07,21.0,Chat,5.0,AGT007
TKT003347,CUST00457,General Query,Medium,Resolved,2021-11-11,2021-11-12,25.0,Branch,2.0,AGT019
TKT003348,CUST02810,Net Banking Issue,Medium,Open,2024-05-14,,,Phone,,AGT029
TKT003349,CUST00395,Interest Query,Low,Resolved,2020-11-11,2020-11-12,6.0,Branch,2.0,AGT005
TKT003350,CUST00734,Account Opening,Medium,Resolved,2021-06-27,2021-06-28,34.0,App,4.0,AGT020
TKT003351,CUST01775,Loan Query,Critical,Resolved,2022-11-15,2022-11-17,41.0,Email,5.0,AGT015
TKT003352,CUST02842,Card Issue,High,Resolved,2020-06-27,2020-06-30,79.0,Phone,2.0,AGT045
TKT003353,CUST02705,Net Banking Issue,Low,Resolved,2020-11-08,2020-11-13,102.0,Branch,5.0,AGT039
TKT003354,CUST01152,Account Opening,Critical,Resolved,2020-04-29,2020-05-06,166.0,Phone,2.0,AGT023
TKT003355,CUST00891,Interest Query,Medium,Resolved,2020-08-15,2020-08-16,32.0,Email,1.0,AGT015
TKT003356,CUST02522,ATM Issue,Medium,Resolved,2024-04-02,2024-04-02,13.0,Branch,1.0,AGT044
TKT003357,CUST01986,Loan Query,Low,Resolved,2024-04-02,2024-04-06,91.0,Email,1.0,AGT018
TKT003358,CUST00515,Loan Query,Medium,Resolved,2021-12-21,2021-12-22,35.0,Phone,3.0,AGT048
TKT003359,CUST01533,Fraud Report,Critical,Resolved,2021-10-30,2021-11-05,130.0,Chat,5.0,AGT049
TKT003360,CUST01580,Card Issue,High,Resolved,2020-03-31,2020-03-31,2.0,Phone,4.0,AGT020
TKT003361,CUST02133,KYC Update,High,Resolved,2020-05-04,2020-05-11,161.0,App,5.0,AGT004
TKT003362,CUST00698,Transaction Dispute,High,Resolved,2020-05-28,2020-05-30,52.0,Chat,5.0,AGT007
TKT003363,CUST00597,Fraud Report,Critical,Resolved,2024-06-08,2024-06-10,66.0,Chat,2.0,AGT013
TKT003364,CUST02583,Fraud Report,Critical,Resolved,2024-04-04,2024-04-09,104.0,Phone,5.0,AGT018
TKT003365,CUST02574,Transaction Dispute,Medium,Resolved,2023-04-03,2023-04-04,14.0,Phone,2.0,AGT038
TKT003366,CUST02496,Transaction Dispute,High,Resolved,2021-10-26,2021-10-30,101.0,Email,3.0,AGT026
TKT003367,CUST00966,KYC Update,Critical,Resolved,2021-04-15,2021-04-16,27.0,Email,5.0,AGT025
TKT003368,CUST00731,Transaction Dispute,High,Resolved,2020-11-19,2020-11-23,109.0,Phone,5.0,AGT014
TKT003369,CUST00677,General Query,Medium,Resolved,2022-02-28,2022-03-04,109.0,Chat,5.0,AGT036
TKT003370,CUST00422,Interest Query,Medium,Resolved,2022-10-31,2022-11-04,108.0,App,4.0,AGT027
TKT003371,CUST02875,Net Banking Issue,Medium,Resolved,2020-09-23,2020-09-25,68.0,Phone,3.0,AGT014
TKT003372,CUST02269,Interest Query,Medium,Resolved,2020-12-30,2020-12-31,26.0,Branch,2.0,AGT046
TKT003373,CUST00438,Net Banking Issue,Low,Resolved,2023-08-22,2023-08-27,105.0,App,1.0,AGT047
TKT003374,CUST01141,Net Banking Issue,Low,Open,2021-01-18,,,App,,AGT020
TKT003375,CUST01959,General Query,Medium,Resolved,2020-01-11,2020-01-12,32.0,Chat,5.0,AGT021
TKT003376,CUST02883,Interest Query,Low,Resolved,2021-07-06,2021-07-12,128.0,App,5.0,AGT022
TKT003377,CUST00520,Transaction Dispute,High,Resolved,2020-04-15,2020-04-16,30.0,Chat,3.0,AGT029
TKT003378,CUST00317,Interest Query,High,Resolved,2024-04-04,2024-04-07,67.0,Chat,2.0,AGT032
TKT003379,CUST02562,Card Issue,Low,Resolved,2020-09-04,2020-09-07,76.0,Chat,1.0,AGT036
TKT003380,CUST02773,Interest Query,Low,Resolved,2022-02-09,2022-02-15,129.0,Email,2.0,AGT029
TKT003381,CUST00910,Account Opening,High,In Progress,2024-10-07,,,Email,,AGT040
TKT003382,CUST00469,Card Issue,Critical,In Progress,2023-09-02,,,Branch,,AGT026
TKT003383,CUST02869,Interest Query,Low,Resolved,2023-10-13,2023-10-18,130.0,Phone,4.0,AGT004
TKT003384,CUST00579,Net Banking Issue,Medium,Resolved,2023-11-01,2023-11-07,139.0,Email,1.0,AGT032
TKT003385,CUST00400,Account Opening,High,Resolved,2023-02-16,2023-02-23,168.0,Chat,3.0,AGT045
TKT003386,CUST01637,Interest Query,Critical,Resolved,2023-02-05,2023-02-12,161.0,Branch,1.0,AGT003
TKT003387,CUST01310,General Query,Critical,Resolved,2023-07-22,2023-07-24,37.0,App,1.0,AGT043
TKT003388,CUST01391,ATM Issue,Medium,Resolved,2020-12-11,2020-12-17,146.0,Email,5.0,AGT029
TKT003389,CUST01245,Loan Query,Critical,Resolved,2020-03-20,2020-03-25,117.0,App,2.0,AGT046
TKT003390,CUST00693,ATM Issue,Medium,Resolved,2024-12-18,2024-12-21,72.0,Chat,3.0,AGT037
TKT003391,CUST01771,Fraud Report,Critical,Resolved,2023-08-28,2023-08-29,21.0,Phone,1.0,AGT005
TKT003392,CUST02838,Card Issue,Low,Resolved,2024-01-15,2024-01-16,27.0,Chat,5.0,AGT028
TKT003393,CUST02440,Card Issue,Critical,Resolved,2021-07-31,2021-08-06,159.0,Phone,3.0,AGT006
TKT003394,CUST01613,Account Opening,Medium,Resolved,2024-08-07,2024-08-10,72.0,Chat,5.0,AGT017
TKT003395,CUST01528,Card Issue,Medium,Resolved,2024-07-13,2024-07-19,137.0,App,1.0,AGT033
TKT003396,CUST00880,Card Issue,Medium,Open,2022-01-01,,,App,,AGT021
TKT003397,CUST02675,Net Banking Issue,Medium,Resolved,2024-06-18,2024-06-21,74.0,Phone,2.0,AGT001
TKT003398,CUST01088,KYC Update,Medium,Resolved,2020-05-11,2020-05-16,114.0,Branch,1.0,AGT017
TKT003399,CUST00862,Card Issue,Low,Resolved,2023-08-23,2023-08-30,166.0,Email,5.0,AGT042
TKT003400,CUST01004,Net Banking Issue,Medium,Resolved,2020-05-22,2020-05-27,116.0,Chat,1.0,AGT020
TKT003401,CUST00104,Account Opening,Medium,Resolved,2022-05-09,2022-05-16,164.0,Chat,5.0,AGT036
TKT003402,CUST00381,Loan Query,Critical,Resolved,2024-02-15,2024-02-16,7.0,Branch,3.0,AGT008
TKT003403,CUST01518,KYC Update,Low,Resolved,2020-12-09,2020-12-15,149.0,App,1.0,AGT007
TKT003404,CUST00491,Account Opening,Critical,Resolved,2020-12-07,2020-12-08,18.0,Chat,1.0,AGT045
TKT003405,CUST02711,Loan Query,Low,In Progress,2022-12-23,,,Email,,AGT048
TKT003406,CUST01891,Loan Query,Low,Resolved,2021-03-31,2021-04-04,89.0,Branch,3.0,AGT039
TKT003407,CUST02097,Transaction Dispute,Medium,Resolved,2024-03-15,2024-03-16,31.0,Branch,2.0,AGT030
TKT003408,CUST01008,Loan Query,Low,Resolved,2023-01-21,2023-01-21,8.0,Phone,1.0,AGT018
TKT003409,CUST01609,ATM Issue,High,Open,2023-10-13,,,App,,AGT011
TKT003410,CUST00186,Account Opening,Critical,Resolved,2022-06-25,2022-07-01,140.0,App,3.0,AGT021
TKT003411,CUST02935,Account Opening,Low,Resolved,2021-09-23,2021-09-29,143.0,Chat,3.0,AGT036
TKT003412,CUST02777,KYC Update,Medium,Resolved,2021-10-08,2021-10-09,30.0,Branch,3.0,AGT036
TKT003413,CUST00428,Interest Query,Medium,Resolved,2024-03-29,2024-04-05,165.0,Phone,2.0,AGT011
TKT003414,CUST02429,Card Issue,Low,Resolved,2024-02-16,2024-02-18,44.0,Phone,4.0,AGT046
TKT003415,CUST02415,General Query,Critical,Resolved,2022-08-23,2022-08-28,108.0,Email,4.0,AGT013
TKT003416,CUST02629,Net Banking Issue,Medium,Resolved,2021-12-02,2021-12-09,161.0,App,2.0,AGT003
TKT003417,CUST00379,Transaction Dispute,High,Resolved,2021-05-30,2021-06-01,41.0,App,4.0,AGT044
TKT003418,CUST01258,Net Banking Issue,High,Resolved,2023-01-20,2023-01-23,66.0,Branch,3.0,AGT022
TKT003419,CUST01959,ATM Issue,High,Resolved,2022-06-16,2022-06-19,71.0,Email,4.0,AGT014
TKT003420,CUST02361,Loan Query,High,Resolved,2023-02-14,2023-02-20,136.0,Branch,3.0,AGT030
TKT003421,CUST02559,KYC Update,Medium,In Progress,2024-09-15,,,Chat,,AGT047
TKT003422,CUST00550,Account Opening,Low,Resolved,2023-08-11,2023-08-16,107.0,Branch,3.0,AGT016
TKT003423,CUST00084,Card Issue,Low,Resolved,2024-04-21,2024-04-25,112.0,Chat,1.0,AGT048
TKT003424,CUST01465,Card Issue,Low,Resolved,2024-07-15,2024-07-19,96.0,App,5.0,AGT050
TKT003425,CUST01683,ATM Issue,Low,Resolved,2024-07-29,2024-08-01,70.0,Chat,5.0,AGT015
TKT003426,CUST02682,Net Banking Issue,High,Resolved,2024-05-24,2024-05-29,121.0,Phone,1.0,AGT041
TKT003427,CUST01511,Fraud Report,Critical,Resolved,2023-01-19,2023-01-21,62.0,Branch,4.0,AGT034
TKT003428,CUST01288,Card Issue,Critical,Open,2023-02-23,,,App,,AGT006
TKT003429,CUST02884,General Query,Medium,Resolved,2023-11-22,2023-11-23,41.0,Chat,4.0,AGT024
TKT003430,CUST01275,General Query,Critical,Resolved,2020-04-02,2020-04-05,78.0,Email,2.0,AGT009
TKT003431,CUST01285,General Query,High,Resolved,2020-07-17,2020-07-18,34.0,App,4.0,AGT002
TKT003432,CUST00349,Net Banking Issue,High,Resolved,2022-01-13,2022-01-20,159.0,Branch,5.0,AGT029
TKT003433,CUST00033,Account Opening,Medium,Resolved,2021-01-04,2021-01-05,33.0,App,3.0,AGT050
TKT003434,CUST01198,Fraud Report,Critical,Resolved,2020-03-03,2020-03-03,1.0,Email,4.0,AGT012
TKT003435,CUST01242,KYC Update,Low,Resolved,2021-08-28,2021-09-01,97.0,Phone,4.0,AGT006
TKT003436,CUST01164,ATM Issue,Low,Resolved,2022-08-22,2022-08-25,63.0,Phone,1.0,AGT039
TKT003437,CUST00059,Net Banking Issue,High,Resolved,2023-08-16,2023-08-18,57.0,Phone,5.0,AGT012
TKT003438,CUST00663,Card Issue,Low,Resolved,2023-03-05,2023-03-08,76.0,Branch,3.0,AGT049
TKT003439,CUST01993,Transaction Dispute,Medium,Resolved,2022-01-23,2022-01-29,131.0,Chat,1.0,AGT008
TKT003440,CUST02783,ATM Issue,Low,Resolved,2020-02-11,2020-02-17,132.0,Phone,5.0,AGT028
TKT003441,CUST00811,ATM Issue,Medium,Resolved,2023-05-31,2023-06-02,42.0,Chat,3.0,AGT034
TKT003442,CUST01847,KYC Update,High,Resolved,2021-02-18,2021-02-24,129.0,Email,4.0,AGT030
TKT003443,CUST00637,Net Banking Issue,Critical,Resolved,2023-11-20,2023-11-27,156.0,Chat,3.0,AGT013
TKT003444,CUST01957,Loan Query,Low,Resolved,2023-11-03,2023-11-06,62.0,App,3.0,AGT030
TKT003445,CUST00778,ATM Issue,Low,Resolved,2022-10-28,2022-11-03,158.0,Phone,5.0,AGT039
TKT003446,CUST02169,General Query,Low,Resolved,2023-03-08,2023-03-13,117.0,App,5.0,AGT006
TKT003447,CUST00865,Fraud Report,Critical,Resolved,2021-03-30,2021-03-31,21.0,Branch,2.0,AGT044
TKT003448,CUST02290,Fraud Report,Critical,Resolved,2024-11-26,2024-12-02,137.0,Chat,3.0,AGT030
TKT003449,CUST00047,Fraud Report,Critical,Resolved,2023-01-11,2023-01-15,91.0,Email,4.0,AGT050
TKT003450,CUST01296,Account Opening,Medium,Resolved,2022-06-15,2022-06-18,71.0,App,2.0,AGT043
TKT003451,CUST00110,Fraud Report,Critical,Resolved,2020-02-15,2020-02-18,61.0,Phone,5.0,AGT048
TKT003452,CUST01434,Interest Query,Medium,Resolved,2020-08-04,2020-08-05,36.0,App,4.0,AGT008
TKT003453,CUST02464,General Query,Medium,Resolved,2023-03-04,2023-03-06,48.0,Branch,3.0,AGT019
TKT003454,CUST02369,Fraud Report,Critical,Resolved,2023-05-05,2023-05-07,40.0,Phone,3.0,AGT050
TKT003455,CUST00317,Loan Query,High,Open,2023-09-28,,,Email,,AGT049
TKT003456,CUST00406,Loan Query,High,Resolved,2020-05-24,2020-05-27,58.0,Email,4.0,AGT011
TKT003457,CUST02953,Net Banking Issue,High,Open,2023-07-27,,,Phone,,AGT015
TKT003458,CUST01690,Fraud Report,Critical,Resolved,2024-08-06,2024-08-09,62.0,Branch,2.0,AGT030
TKT003459,CUST02772,General Query,Medium,Resolved,2022-12-26,2022-12-31,117.0,Phone,2.0,AGT033
TKT003460,CUST00455,Card Issue,Medium,Resolved,2022-04-26,2022-04-30,102.0,Phone,5.0,AGT006
TKT003461,CUST02086,ATM Issue,Low,Resolved,2020-03-31,2020-04-05,116.0,Branch,4.0,AGT033
TKT003462,CUST01278,Account Opening,Medium,Resolved,2021-05-06,2021-05-10,81.0,Email,2.0,AGT006
TKT003463,CUST01512,Interest Query,Critical,Resolved,2024-02-02,2024-02-04,30.0,Phone,2.0,AGT031
TKT003464,CUST02427,KYC Update,High,Resolved,2021-05-08,2021-05-13,107.0,Email,5.0,AGT003
TKT003465,CUST00809,Net Banking Issue,Low,Resolved,2024-11-04,2024-11-10,158.0,Chat,1.0,AGT042
TKT003466,CUST00678,Loan Query,Low,Resolved,2022-04-13,2022-04-19,147.0,Email,3.0,AGT029
TKT003467,CUST01745,ATM Issue,Medium,Resolved,2020-10-08,2020-10-14,130.0,Branch,1.0,AGT039
TKT003468,CUST01011,Fraud Report,Critical,In Progress,2022-11-16,,,Phone,,AGT019
TKT003469,CUST00595,Transaction Dispute,Low,Resolved,2024-12-10,2024-12-14,96.0,Branch,4.0,AGT044
TKT003470,CUST00740,Loan Query,Medium,Open,2023-10-02,,,Chat,,AGT017
TKT003471,CUST01465,General Query,Low,Resolved,2022-12-03,2022-12-07,99.0,Email,4.0,AGT012
TKT003472,CUST01448,Interest Query,Medium,Open,2021-12-27,,,Branch,,AGT033
TKT003473,CUST00740,Card Issue,Low,Resolved,2020-02-08,2020-02-11,64.0,Email,1.0,AGT047
TKT003474,CUST01823,ATM Issue,Medium,Open,2024-10-26,,,Email,,AGT048
TKT003475,CUST02312,Net Banking Issue,High,Resolved,2024-09-02,2024-09-06,90.0,Branch,1.0,AGT037
TKT003476,CUST01781,General Query,High,Resolved,2021-10-21,2021-10-25,87.0,Email,4.0,AGT017
TKT003477,CUST02474,Transaction Dispute,Low,Resolved,2023-04-29,2023-05-01,57.0,Chat,3.0,AGT025
TKT003478,CUST02598,General Query,Medium,Resolved,2020-03-12,2020-03-14,28.0,App,3.0,AGT027
TKT003479,CUST00772,Net Banking Issue,Critical,Open,2024-12-03,,,Phone,,AGT007
TKT003480,CUST02798,Net Banking Issue,Critical,Resolved,2022-10-01,2022-10-01,7.0,Email,2.0,AGT013
TKT003481,CUST00915,Card Issue,Low,Resolved,2024-04-06,2024-04-11,122.0,App,5.0,AGT048
TKT003482,CUST00428,Transaction Dispute,Medium,Resolved,2024-07-29,2024-08-04,137.0,Phone,2.0,AGT010
TKT003483,CUST00415,Loan Query,Low,Resolved,2022-07-25,2022-07-31,122.0,Phone,1.0,AGT007
TKT003484,CUST00494,Transaction Dispute,Low,Resolved,2023-12-20,2023-12-25,116.0,Chat,1.0,AGT032
TKT003485,CUST00772,Account Opening,Medium,Resolved,2023-12-28,2024-01-02,121.0,Branch,1.0,AGT018
TKT003486,CUST00107,ATM Issue,Critical,Resolved,2020-07-30,2020-08-02,68.0,Email,5.0,AGT035
TKT003487,CUST00041,Transaction Dispute,Low,Resolved,2022-03-26,2022-03-30,82.0,Chat,1.0,AGT005
TKT003488,CUST00866,Loan Query,Critical,Resolved,2022-12-19,2022-12-23,90.0,Phone,4.0,AGT045
TKT003489,CUST02227,KYC Update,Low,Resolved,2022-07-22,2022-07-25,75.0,Chat,3.0,AGT013
TKT003490,CUST00389,Card Issue,Low,Resolved,2023-06-15,2023-06-22,162.0,App,3.0,AGT014
TKT003491,CUST00844,Loan Query,Medium,In Progress,2020-12-01,,,Branch,,AGT004
TKT003492,CUST02285,Loan Query,Low,Resolved,2024-03-27,2024-03-30,78.0,Email,3.0,AGT018
TKT003493,CUST01141,Transaction Dispute,Medium,Resolved,2023-10-16,2023-10-19,65.0,Phone,1.0,AGT043
TKT003494,CUST00228,Net Banking Issue,Low,Resolved,2021-01-19,2021-01-24,118.0,Chat,4.0,AGT007
TKT003495,CUST01552,Fraud Report,Critical,Resolved,2022-07-15,2022-07-21,161.0,Phone,1.0,AGT034
TKT003496,CUST01227,Account Opening,Medium,Resolved,2020-10-16,2020-10-17,28.0,Branch,2.0,AGT046
TKT003497,CUST00154,Net Banking Issue,Medium,Open,2021-11-29,,,Email,,AGT049
TKT003498,CUST02095,Net Banking Issue,Medium,Resolved,2022-07-05,2022-07-11,135.0,Email,4.0,AGT037
TKT003499,CUST02696,Transaction Dispute,Medium,Resolved,2023-01-28,2023-02-01,96.0,Chat,3.0,AGT041
TKT003500,CUST02757,Interest Query,Medium,Resolved,2020-05-12,2020-05-17,131.0,Phone,1.0,AGT042
TKT003501,CUST00338,Fraud Report,Critical,Resolved,2020-10-20,2020-10-23,69.0,Phone,3.0,AGT020
TKT003502,CUST01074,ATM Issue,Critical,Resolved,2024-07-28,2024-08-04,168.0,App,4.0,AGT019
TKT003503,CUST02737,KYC Update,Low,Resolved,2020-02-26,2020-02-29,86.0,Branch,5.0,AGT001
TKT003504,CUST01395,Account Opening,High,Resolved,2024-04-05,2024-04-06,33.0,Chat,1.0,AGT001
TKT003505,CUST01871,Loan Query,High,Resolved,2020-04-27,2020-05-01,104.0,Chat,4.0,AGT037
TKT003506,CUST01950,KYC Update,High,Resolved,2020-10-21,2020-10-23,47.0,Chat,1.0,AGT022
TKT003507,CUST01335,Transaction Dispute,Low,Resolved,2022-01-26,2022-01-30,108.0,Phone,4.0,AGT038
TKT003508,CUST02059,Account Opening,Medium,Resolved,2024-08-19,2024-08-23,101.0,Phone,1.0,AGT029
TKT003509,CUST01727,Card Issue,High,Resolved,2021-09-26,2021-09-28,30.0,App,1.0,AGT026
TKT003510,CUST01314,KYC Update,Low,Resolved,2023-06-20,2023-06-27,160.0,Phone,4.0,AGT046
TKT003511,CUST01791,ATM Issue,Critical,Resolved,2022-01-28,2022-02-02,106.0,Phone,5.0,AGT022
TKT003512,CUST02318,Loan Query,High,In Progress,2024-04-28,,,Chat,,AGT002
TKT003513,CUST01208,ATM Issue,Medium,In Progress,2022-03-09,,,Phone,,AGT025
TKT003514,CUST02209,Interest Query,Low,Resolved,2024-03-21,2024-03-27,153.0,App,2.0,AGT039
TKT003515,CUST02474,General Query,Critical,Resolved,2021-07-08,2021-07-13,119.0,Phone,1.0,AGT049
TKT003516,CUST02646,Card Issue,Low,Resolved,2023-06-15,2023-06-16,25.0,Phone,1.0,AGT037
TKT003517,CUST01421,Card Issue,Medium,Resolved,2021-12-13,2021-12-19,138.0,Chat,2.0,AGT015
TKT003518,CUST00106,Transaction Dispute,High,Resolved,2023-04-30,2023-05-02,48.0,Chat,3.0,AGT039
TKT003519,CUST02371,ATM Issue,Critical,Resolved,2022-12-22,2022-12-28,145.0,Email,2.0,AGT012
TKT003520,CUST02476,Card Issue,Medium,Resolved,2020-11-21,2020-11-23,34.0,App,1.0,AGT001
TKT003521,CUST02656,Account Opening,Medium,Resolved,2021-06-08,2021-06-12,86.0,App,1.0,AGT045
TKT003522,CUST00942,Transaction Dispute,Low,Resolved,2020-12-03,2020-12-06,86.0,Phone,1.0,AGT012
TKT003523,CUST01925,Account Opening,Low,Resolved,2024-03-19,2024-03-24,112.0,Email,3.0,AGT020
TKT003524,CUST02954,Fraud Report,Critical,Resolved,2020-09-04,2020-09-09,128.0,Email,3.0,AGT021
TKT003525,CUST00899,Loan Query,Critical,Resolved,2021-05-02,2021-05-07,135.0,Phone,3.0,AGT025
TKT003526,CUST02247,Fraud Report,Critical,Resolved,2020-11-06,2020-11-09,60.0,Chat,4.0,AGT016
TKT003527,CUST02643,Transaction Dispute,Low,Open,2022-04-17,,,Phone,,AGT025
TKT003528,CUST02004,Card Issue,High,Resolved,2022-03-31,2022-04-02,42.0,Chat,1.0,AGT039
TKT003529,CUST02819,General Query,Medium,Resolved,2024-08-24,2024-08-26,48.0,App,2.0,AGT043
TKT003530,CUST00011,Card Issue,Critical,Resolved,2022-10-30,2022-11-01,66.0,App,1.0,AGT013
TKT003531,CUST01069,KYC Update,Medium,Resolved,2024-02-20,2024-02-25,107.0,Branch,1.0,AGT046
TKT003532,CUST02292,General Query,Low,In Progress,2023-11-23,,,App,,AGT031
TKT003533,CUST02456,Card Issue,High,Resolved,2022-01-07,2022-01-08,35.0,Chat,5.0,AGT028
TKT003534,CUST02368,Loan Query,Low,Resolved,2021-07-29,2021-08-03,124.0,Phone,4.0,AGT008
TKT003535,CUST01530,Net Banking Issue,Medium,Resolved,2020-11-04,2020-11-10,139.0,Phone,5.0,AGT016
TKT003536,CUST01431,Card Issue,High,Resolved,2021-06-05,2021-06-07,43.0,Chat,4.0,AGT046
TKT003537,CUST00983,Loan Query,Medium,Resolved,2024-06-04,2024-06-06,43.0,Branch,4.0,AGT005
TKT003538,CUST02459,Account Opening,Medium,Resolved,2023-02-20,2023-02-25,127.0,App,4.0,AGT025
TKT003539,CUST00487,Interest Query,Medium,In Progress,2024-06-25,,,Email,,AGT017
TKT003540,CUST00015,General Query,Medium,Resolved,2023-02-22,2023-02-25,78.0,Phone,4.0,AGT009
TKT003541,CUST00223,Card Issue,Medium,Resolved,2023-11-23,2023-11-26,69.0,App,1.0,AGT037
TKT003542,CUST00581,Account Opening,Critical,Resolved,2022-10-23,2022-10-26,73.0,Phone,2.0,AGT005
TKT003543,CUST02926,Fraud Report,Critical,In Progress,2022-12-16,,,Chat,,AGT017
TKT003544,CUST01482,KYC Update,Medium,Resolved,2024-12-14,2024-12-21,151.0,Branch,1.0,AGT001
TKT003545,CUST02224,Net Banking Issue,Low,Resolved,2021-09-05,2021-09-12,167.0,App,4.0,AGT018
TKT003546,CUST00080,General Query,High,Resolved,2022-12-31,2022-12-31,9.0,Branch,1.0,AGT035
TKT003547,CUST01822,Interest Query,Low,Open,2020-10-06,,,Chat,,AGT028
TKT003548,CUST01407,Card Issue,Medium,Resolved,2023-01-16,2023-01-19,62.0,App,4.0,AGT014
TKT003549,CUST01000,Interest Query,High,Resolved,2021-11-30,2021-12-03,66.0,Phone,2.0,AGT048
TKT003550,CUST02561,Fraud Report,Critical,Resolved,2024-11-19,2024-11-24,126.0,Phone,5.0,AGT018
TKT003551,CUST02684,Net Banking Issue,Medium,Resolved,2021-03-03,2021-03-05,33.0,Phone,1.0,AGT001
TKT003552,CUST02470,ATM Issue,Critical,Resolved,2021-08-29,2021-09-02,104.0,Chat,3.0,AGT039
TKT003553,CUST01739,Loan Query,Medium,Open,2021-09-25,,,Phone,,AGT016
TKT003554,CUST02388,Card Issue,Critical,In Progress,2023-11-15,,,Branch,,AGT026
TKT003555,CUST02323,KYC Update,Low,Resolved,2023-10-31,2023-11-06,140.0,Branch,1.0,AGT020
TKT003556,CUST01795,Interest Query,High,Resolved,2022-04-04,2022-04-08,97.0,App,1.0,AGT026
TKT003557,CUST00708,General Query,High,Resolved,2020-10-15,2020-10-17,55.0,Chat,4.0,AGT015
TKT003558,CUST01631,Net Banking Issue,Low,Resolved,2022-01-20,2022-01-23,90.0,Email,4.0,AGT042
TKT003559,CUST00620,Card Issue,Medium,Resolved,2022-05-10,2022-05-17,156.0,Phone,4.0,AGT037
TKT003560,CUST02679,ATM Issue,Low,Resolved,2024-10-31,2024-10-31,6.0,Email,5.0,AGT004
TKT003561,CUST00443,Card Issue,Medium,In Progress,2020-08-23,,,Email,,AGT006
TKT003562,CUST02321,General Query,Medium,Resolved,2024-08-30,2024-09-03,95.0,Email,2.0,AGT007
TKT003563,CUST00939,Fraud Report,Critical,Open,2023-08-18,,,Branch,,AGT039
TKT003564,CUST01773,Fraud Report,Critical,Resolved,2024-10-01,2024-10-07,143.0,Email,3.0,AGT002
TKT003565,CUST01649,Transaction Dispute,Low,Resolved,2021-01-13,2021-01-20,162.0,Phone,2.0,AGT040
TKT003566,CUST02792,Account Opening,Medium,Resolved,2022-11-10,2022-11-13,79.0,Chat,4.0,AGT011
TKT003567,CUST02049,Fraud Report,Critical,In Progress,2024-11-30,,,Email,,AGT045
TKT003568,CUST02915,Transaction Dispute,Medium,Resolved,2023-04-11,2023-04-17,155.0,Email,2.0,AGT030
TKT003569,CUST01384,General Query,Critical,Resolved,2023-02-05,2023-02-09,84.0,Phone,5.0,AGT022
TKT003570,CUST00226,Interest Query,Critical,Resolved,2024-03-25,2024-03-28,67.0,App,2.0,AGT047
TKT003571,CUST00022,General Query,Critical,Resolved,2020-07-12,2020-07-14,58.0,Phone,5.0,AGT027
TKT003572,CUST01330,Fraud Report,Critical,In Progress,2024-09-19,,,App,,AGT007
TKT003573,CUST00731,General Query,High,Resolved,2022-03-10,2022-03-17,156.0,App,5.0,AGT017
TKT003574,CUST02372,KYC Update,Low,In Progress,2023-11-07,,,App,,AGT019
TKT003575,CUST00106,Fraud Report,Critical,Resolved,2021-02-18,2021-02-22,96.0,App,5.0,AGT018
TKT003576,CUST00168,Transaction Dispute,Critical,Resolved,2024-07-07,2024-07-14,161.0,App,2.0,AGT002
TKT003577,CUST00504,Card Issue,Medium,Resolved,2020-06-10,2020-06-17,164.0,Email,5.0,AGT050
TKT003578,CUST02239,ATM Issue,High,Resolved,2024-07-06,2024-07-12,136.0,App,1.0,AGT020
TKT003579,CUST01131,KYC Update,Medium,Resolved,2023-05-20,2023-05-24,98.0,Phone,5.0,AGT006
TKT003580,CUST01733,ATM Issue,Low,Resolved,2022-01-09,2022-01-09,1.0,App,2.0,AGT015
TKT003581,CUST00339,Loan Query,High,Resolved,2021-11-20,2021-11-23,66.0,Email,5.0,AGT016
TKT003582,CUST01642,Loan Query,Medium,Resolved,2022-05-15,2022-05-19,93.0,Chat,4.0,AGT043
TKT003583,CUST02734,Loan Query,Medium,Resolved,2021-12-23,2021-12-23,11.0,Email,1.0,AGT050
TKT003584,CUST01454,ATM Issue,Medium,Resolved,2023-01-11,2023-01-15,102.0,App,2.0,AGT046
TKT003585,CUST02638,KYC Update,Medium,Resolved,2024-09-26,2024-09-29,74.0,Chat,3.0,AGT023
TKT003586,CUST01452,Card Issue,High,Resolved,2020-04-15,2020-04-17,43.0,Phone,1.0,AGT043
TKT003587,CUST01806,Card Issue,Low,Resolved,2023-09-19,2023-09-21,43.0,Branch,1.0,AGT037
TKT003588,CUST02542,Loan Query,Low,Resolved,2022-01-13,2022-01-13,4.0,Email,5.0,AGT016
TKT003589,CUST00707,Fraud Report,Critical,Resolved,2024-10-05,2024-10-11,142.0,Phone,1.0,AGT027
TKT003590,CUST01880,Card Issue,High,Resolved,2023-12-01,2023-12-04,85.0,App,5.0,AGT026
TKT003591,CUST02607,Net Banking Issue,Medium,Resolved,2021-01-29,2021-02-02,107.0,Branch,3.0,AGT032
TKT003592,CUST01177,Account Opening,Medium,In Progress,2021-02-01,,,Email,,AGT002
TKT003593,CUST01678,Net Banking Issue,Medium,Resolved,2023-07-17,2023-07-22,125.0,Branch,4.0,AGT045
TKT003594,CUST02605,Card Issue,Medium,Resolved,2022-10-10,2022-10-14,102.0,Phone,2.0,AGT034
TKT003595,CUST01904,Card Issue,Medium,Resolved,2022-06-24,2022-06-24,9.0,Branch,4.0,AGT047
TKT003596,CUST00430,Fraud Report,Critical,Resolved,2022-06-11,2022-06-11,18.0,Email,5.0,AGT046
TKT003597,CUST02438,KYC Update,Medium,Resolved,2023-01-01,2023-01-07,159.0,Email,3.0,AGT048
TKT003598,CUST00417,General Query,Medium,Resolved,2020-08-02,2020-08-07,124.0,Branch,1.0,AGT015
TKT003599,CUST00898,Fraud Report,Critical,Resolved,2022-06-29,2022-07-02,77.0,Branch,4.0,AGT045
TKT003600,CUST01715,Transaction Dispute,Medium,Resolved,2021-05-27,2021-06-02,145.0,Phone,3.0,AGT032
TKT003601,CUST00106,Net Banking Issue,Low,Resolved,2022-04-07,2022-04-13,157.0,Email,4.0,AGT030
TKT003602,CUST01775,Interest Query,Low,Resolved,2021-09-17,2021-09-18,16.0,Branch,1.0,AGT006
TKT003603,CUST01592,Account Opening,Low,Resolved,2022-04-13,2022-04-16,81.0,Phone,5.0,AGT050
TKT003604,CUST01741,ATM Issue,High,Resolved,2021-04-22,2021-04-25,86.0,Phone,5.0,AGT041
TKT003605,CUST00528,General Query,Medium,Resolved,2021-06-05,2021-06-06,31.0,Phone,3.0,AGT031
TKT003606,CUST00512,ATM Issue,Low,Resolved,2022-09-01,2022-09-06,129.0,Email,3.0,AGT024
TKT003607,CUST01358,Net Banking Issue,High,Resolved,2022-12-15,2022-12-16,15.0,Branch,3.0,AGT005
TKT003608,CUST01308,Transaction Dispute,Medium,Resolved,2024-10-28,2024-11-01,100.0,Branch,5.0,AGT005
TKT003609,CUST01309,Interest Query,High,Resolved,2020-05-03,2020-05-08,97.0,Phone,4.0,AGT024
TKT003610,CUST02943,Loan Query,High,Resolved,2020-06-04,2020-06-10,153.0,Branch,1.0,AGT038
TKT003611,CUST02447,ATM Issue,Medium,Resolved,2021-02-23,2021-02-28,119.0,App,4.0,AGT047
TKT003612,CUST00990,Account Opening,Low,In Progress,2024-09-20,,,Email,,AGT046
TKT003613,CUST02067,Card Issue,High,Resolved,2020-05-29,2020-06-01,61.0,Chat,2.0,AGT032
TKT003614,CUST01033,Account Opening,Medium,Open,2024-08-03,,,Branch,,AGT028
TKT003615,CUST00727,Interest Query,High,Resolved,2024-11-04,2024-11-10,151.0,Chat,1.0,AGT045
TKT003616,CUST02084,ATM Issue,High,Resolved,2024-12-12,2024-12-17,129.0,Branch,4.0,AGT025
TKT003617,CUST01713,Net Banking Issue,High,Resolved,2024-04-15,2024-04-18,95.0,Chat,5.0,AGT031
TKT003618,CUST02856,Net Banking Issue,Low,Resolved,2023-02-18,2023-02-24,163.0,Email,5.0,AGT041
TKT003619,CUST01643,Fraud Report,Critical,Open,2021-03-09,,,Chat,,AGT029
TKT003620,CUST02459,Interest Query,Medium,Resolved,2022-05-28,2022-05-31,65.0,Chat,2.0,AGT030
TKT003621,CUST01346,Net Banking Issue,Medium,In Progress,2021-12-22,,,Email,,AGT018
TKT003622,CUST00428,Net Banking Issue,Medium,Resolved,2021-11-22,2021-11-27,125.0,Email,2.0,AGT027
TKT003623,CUST00786,General Query,Low,Open,2023-02-07,,,Chat,,AGT027
TKT003624,CUST02042,Transaction Dispute,Medium,Resolved,2021-02-20,2021-02-24,108.0,Email,2.0,AGT040
TKT003625,CUST01375,Net Banking Issue,Medium,Resolved,2024-08-03,2024-08-04,20.0,Branch,1.0,AGT039
TKT003626,CUST00275,Card Issue,Low,Resolved,2022-01-27,2022-02-01,117.0,App,2.0,AGT041
TKT003627,CUST00076,Fraud Report,Critical,Resolved,2020-04-04,2020-04-09,124.0,Email,3.0,AGT025
TKT003628,CUST02994,Card Issue,Medium,Resolved,2022-07-17,2022-07-19,48.0,Email,4.0,AGT037
TKT003629,CUST00156,General Query,Low,Resolved,2024-11-18,2024-11-19,28.0,Chat,2.0,AGT008
TKT003630,CUST00887,KYC Update,Medium,Open,2023-01-26,,,Phone,,AGT027
TKT003631,CUST01827,Interest Query,Low,Resolved,2021-01-07,2021-01-14,166.0,App,1.0,AGT018
TKT003632,CUST01685,Account Opening,Medium,In Progress,2023-03-05,,,Chat,,AGT034
TKT003633,CUST02145,General Query,High,Resolved,2022-09-11,2022-09-14,55.0,App,5.0,AGT038
TKT003634,CUST01252,ATM Issue,High,Resolved,2024-09-17,2024-09-20,84.0,Branch,1.0,AGT024
TKT003635,CUST00572,Fraud Report,Critical,Resolved,2022-03-11,2022-03-16,136.0,Phone,2.0,AGT046
TKT003636,CUST00450,KYC Update,High,Resolved,2024-03-21,2024-03-22,15.0,Chat,4.0,AGT018
TKT003637,CUST01511,Fraud Report,Critical,Resolved,2024-11-20,2024-11-26,147.0,Branch,2.0,AGT040
TKT003638,CUST02003,General Query,Medium,Resolved,2022-06-13,2022-06-15,67.0,App,1.0,AGT046
TKT003639,CUST01326,KYC Update,Medium,Resolved,2023-04-29,2023-05-02,68.0,Chat,2.0,AGT040
TKT003640,CUST02280,General Query,Medium,Resolved,2023-11-22,2023-11-26,99.0,Branch,3.0,AGT002
TKT003641,CUST02486,Account Opening,Critical,Resolved,2021-01-19,2021-01-21,57.0,Chat,1.0,AGT003
TKT003642,CUST01628,KYC Update,Medium,Resolved,2020-01-25,2020-01-29,87.0,Phone,3.0,AGT046
TKT003643,CUST01194,Loan Query,Low,Resolved,2023-04-19,2023-04-26,155.0,Chat,2.0,AGT008
TKT003644,CUST02212,KYC Update,Critical,Resolved,2024-05-12,2024-05-14,39.0,Chat,1.0,AGT032
TKT003645,CUST02488,Fraud Report,Critical,Resolved,2022-05-25,2022-05-29,89.0,Email,3.0,AGT031
TKT003646,CUST01288,Transaction Dispute,Low,Resolved,2022-10-16,2022-10-21,126.0,Branch,4.0,AGT017
TKT003647,CUST01275,Account Opening,High,Resolved,2023-09-20,2023-09-24,74.0,Chat,5.0,AGT002
TKT003648,CUST01657,Fraud Report,Critical,Resolved,2023-10-13,2023-10-15,52.0,Phone,2.0,AGT048
TKT003649,CUST01276,Account Opening,Critical,Resolved,2023-05-25,2023-05-29,101.0,App,5.0,AGT050
TKT003650,CUST01866,Transaction Dispute,Low,Resolved,2021-04-12,2021-04-19,158.0,App,3.0,AGT024
TKT003651,CUST01713,Account Opening,Medium,Resolved,2023-09-17,2023-09-22,120.0,Branch,2.0,AGT027
TKT003652,CUST01341,Interest Query,Low,In Progress,2024-09-11,,,Phone,,AGT042
TKT003653,CUST01703,Card Issue,Low,In Progress,2021-01-06,,,Phone,,AGT007
TKT003654,CUST01580,KYC Update,Low,Resolved,2024-04-23,2024-04-26,79.0,Email,5.0,AGT021
TKT003655,CUST02632,ATM Issue,Critical,Resolved,2022-09-13,2022-09-17,85.0,Branch,1.0,AGT034
TKT003656,CUST02363,Interest Query,Critical,Open,2022-09-06,,,App,,AGT047
TKT003657,CUST02375,Interest Query,Critical,Resolved,2023-06-27,2023-07-01,97.0,Phone,3.0,AGT007
TKT003658,CUST02640,KYC Update,Medium,Resolved,2023-12-26,2023-12-26,6.0,App,5.0,AGT011
TKT003659,CUST02650,General Query,High,Resolved,2020-07-07,2020-07-07,3.0,App,1.0,AGT040
TKT003660,CUST01109,ATM Issue,Low,Open,2023-03-17,,,Phone,,AGT009
TKT003661,CUST01393,Card Issue,Low,Open,2022-06-02,,,App,,AGT007
TKT003662,CUST01652,Net Banking Issue,High,Resolved,2022-07-15,2022-07-20,115.0,Phone,5.0,AGT013
TKT003663,CUST01485,Card Issue,High,Resolved,2024-04-20,2024-04-25,107.0,Branch,2.0,AGT011
TKT003664,CUST02137,Loan Query,Medium,Resolved,2020-11-12,2020-11-14,50.0,Phone,3.0,AGT041
TKT003665,CUST01418,Fraud Report,Critical,Resolved,2024-02-01,2024-02-07,141.0,Email,4.0,AGT015
TKT003666,CUST02239,Loan Query,Low,Resolved,2023-05-09,2023-05-11,52.0,Chat,5.0,AGT035
TKT003667,CUST00292,Card Issue,Low,Resolved,2024-03-26,2024-03-29,81.0,App,2.0,AGT012
TKT003668,CUST01822,Card Issue,Low,Resolved,2020-09-24,2020-09-29,122.0,App,3.0,AGT010
TKT003669,CUST02670,General Query,Low,Resolved,2022-02-13,2022-02-16,76.0,Branch,2.0,AGT042
TKT003670,CUST00078,Fraud Report,Critical,Resolved,2023-08-14,2023-08-18,88.0,App,2.0,AGT015
TKT003671,CUST01995,Card Issue,Medium,Resolved,2020-04-29,2020-05-04,110.0,App,4.0,AGT007
TKT003672,CUST02827,Interest Query,Low,Resolved,2021-11-07,2021-11-10,56.0,Phone,4.0,AGT015
TKT003673,CUST00955,Account Opening,Medium,Resolved,2020-10-03,2020-10-08,118.0,Branch,5.0,AGT040
TKT003674,CUST00103,Fraud Report,Critical,Resolved,2022-08-26,2022-08-31,138.0,App,1.0,AGT012
TKT003675,CUST00313,ATM Issue,Medium,Resolved,2021-02-01,2021-02-01,20.0,Branch,3.0,AGT013
TKT003676,CUST00249,Net Banking Issue,Low,Open,2020-01-04,,,Phone,,AGT023
TKT003677,CUST00186,Fraud Report,Critical,Resolved,2023-01-23,2023-01-28,116.0,Branch,5.0,AGT013
TKT003678,CUST01598,KYC Update,Critical,In Progress,2023-04-01,,,Chat,,AGT025
TKT003679,CUST02982,Account Opening,Critical,Resolved,2023-11-09,2023-11-14,129.0,Phone,4.0,AGT024
TKT003680,CUST02606,General Query,Low,In Progress,2020-04-04,,,Phone,,AGT027
TKT003681,CUST00940,ATM Issue,High,Open,2020-12-22,,,Chat,,AGT040
TKT003682,CUST00861,Transaction Dispute,Medium,Resolved,2020-06-26,2020-07-01,122.0,App,5.0,AGT040
TKT003683,CUST00060,Fraud Report,Critical,Resolved,2023-06-11,2023-06-15,114.0,Chat,2.0,AGT008
TKT003684,CUST02771,KYC Update,Low,Resolved,2022-10-02,2022-10-03,10.0,Phone,2.0,AGT019
TKT003685,CUST01990,Account Opening,Medium,Resolved,2022-10-22,2022-10-27,122.0,Branch,5.0,AGT028
TKT003686,CUST01110,Loan Query,Low,Resolved,2021-10-23,2021-10-25,32.0,Email,2.0,AGT017
TKT003687,CUST00388,Net Banking Issue,Low,Resolved,2021-06-12,2021-06-18,140.0,Phone,1.0,AGT038
TKT003688,CUST02440,Account Opening,High,Resolved,2024-07-15,2024-07-17,38.0,Branch,2.0,AGT015
TKT003689,CUST02484,General Query,Low,Resolved,2024-09-19,2024-09-21,52.0,App,3.0,AGT031
TKT003690,CUST01398,Card Issue,High,Resolved,2023-07-15,2023-07-16,29.0,App,3.0,AGT020
TKT003691,CUST02665,Transaction Dispute,Critical,Resolved,2021-09-16,2021-09-21,119.0,Chat,4.0,AGT029
TKT003692,CUST01380,Account Opening,High,Resolved,2020-03-02,2020-03-06,74.0,Branch,2.0,AGT036
TKT003693,CUST00984,Net Banking Issue,Low,Resolved,2024-06-17,2024-06-24,168.0,App,5.0,AGT022
TKT003694,CUST01325,Interest Query,Low,Resolved,2023-10-22,2023-10-26,78.0,Branch,1.0,AGT036
TKT003695,CUST02026,Account Opening,High,In Progress,2024-05-26,,,Chat,,AGT030
TKT003696,CUST00495,Loan Query,Low,Resolved,2024-05-18,2024-05-18,1.0,Phone,1.0,AGT013
TKT003697,CUST02351,Transaction Dispute,High,Resolved,2023-08-22,2023-08-24,53.0,Email,1.0,AGT019
TKT003698,CUST00112,Interest Query,Low,Resolved,2024-05-13,2024-05-17,109.0,Chat,5.0,AGT032
TKT003699,CUST01457,Transaction Dispute,Low,Resolved,2024-10-31,2024-11-05,107.0,Chat,2.0,AGT026
TKT003700,CUST00877,Net Banking Issue,Critical,Resolved,2022-07-24,2022-07-24,1.0,App,2.0,AGT003
TKT003701,CUST00818,Loan Query,High,Resolved,2020-11-07,2020-11-13,134.0,Phone,4.0,AGT034
TKT003702,CUST01530,Account Opening,Low,Open,2022-12-08,,,Phone,,AGT045
TKT003703,CUST00079,Interest Query,High,Resolved,2022-12-10,2022-12-11,30.0,Phone,1.0,AGT025
TKT003704,CUST00076,Transaction Dispute,Low,Resolved,2020-07-20,2020-07-23,66.0,Phone,1.0,AGT031
TKT003705,CUST02490,Transaction Dispute,Low,In Progress,2023-11-16,,,Phone,,AGT038
TKT003706,CUST00531,Transaction Dispute,Medium,Resolved,2021-02-18,2021-02-20,31.0,App,3.0,AGT042
TKT003707,CUST02914,Fraud Report,Critical,Resolved,2023-06-07,2023-06-12,114.0,Branch,1.0,AGT038
TKT003708,CUST00123,ATM Issue,Low,Resolved,2021-07-07,2021-07-13,143.0,Phone,5.0,AGT011
TKT003709,CUST00595,General Query,High,Resolved,2023-02-24,2023-03-02,144.0,Phone,3.0,AGT034
TKT003710,CUST02541,Card Issue,Low,Resolved,2022-12-09,2022-12-15,156.0,App,1.0,AGT029
TKT003711,CUST00297,Fraud Report,Critical,In Progress,2022-12-05,,,App,,AGT003
TKT003712,CUST01787,Account Opening,Medium,Open,2022-03-04,,,Email,,AGT037
TKT003713,CUST02097,Card Issue,Low,In Progress,2020-08-17,,,Email,,AGT040
TKT003714,CUST02915,Loan Query,Low,Resolved,2020-01-17,2020-01-20,64.0,Phone,2.0,AGT041
TKT003715,CUST00524,Net Banking Issue,Medium,Resolved,2023-09-03,2023-09-10,167.0,Branch,1.0,AGT049
TKT003716,CUST01072,ATM Issue,Low,Resolved,2020-10-31,2020-11-01,24.0,Branch,4.0,AGT004
TKT003717,CUST02013,General Query,Low,Resolved,2023-07-19,2023-07-21,51.0,Email,4.0,AGT047
TKT003718,CUST00117,KYC Update,Medium,Resolved,2020-04-04,2020-04-10,148.0,App,5.0,AGT018
TKT003719,CUST02727,Fraud Report,Critical,Resolved,2020-03-05,2020-03-07,49.0,Branch,4.0,AGT009
TKT003720,CUST02328,ATM Issue,Low,Resolved,2022-11-12,2022-11-14,45.0,Phone,3.0,AGT001
TKT003721,CUST00781,ATM Issue,Low,Resolved,2023-12-23,2023-12-23,9.0,Chat,1.0,AGT032
TKT003722,CUST02675,Net Banking Issue,Low,Resolved,2021-05-13,2021-05-16,83.0,Branch,3.0,AGT044
TKT003723,CUST00169,Account Opening,High,Resolved,2023-09-28,2023-10-04,129.0,Branch,3.0,AGT022
TKT003724,CUST01217,Transaction Dispute,Medium,Resolved,2024-01-29,2024-01-31,48.0,Chat,1.0,AGT047
TKT003725,CUST01702,ATM Issue,Critical,Resolved,2023-10-19,2023-10-25,142.0,Branch,2.0,AGT042
TKT003726,CUST02368,Loan Query,High,Resolved,2022-10-12,2022-10-13,20.0,Email,2.0,AGT047
TKT003727,CUST02469,General Query,Medium,Resolved,2024-11-27,2024-11-30,61.0,Email,1.0,AGT048
TKT003728,CUST01150,Loan Query,Medium,Resolved,2021-01-05,2021-01-06,22.0,App,1.0,AGT003
TKT003729,CUST02542,Transaction Dispute,Low,Resolved,2023-09-11,2023-09-13,53.0,Chat,4.0,AGT050
TKT003730,CUST02191,ATM Issue,Medium,Resolved,2021-06-06,2021-06-13,147.0,Chat,1.0,AGT033
TKT003731,CUST01451,Card Issue,High,Resolved,2021-11-04,2021-11-08,93.0,App,3.0,AGT019
TKT003732,CUST02879,Account Opening,Low,Resolved,2023-01-27,2023-02-02,137.0,Chat,2.0,AGT013
TKT003733,CUST00070,Interest Query,High,Resolved,2022-07-11,2022-07-12,17.0,Branch,1.0,AGT015
TKT003734,CUST01073,Transaction Dispute,High,Resolved,2021-09-11,2021-09-17,165.0,Chat,2.0,AGT030
TKT003735,CUST01798,Transaction Dispute,Low,Resolved,2024-05-01,2024-05-02,29.0,Branch,3.0,AGT045
TKT003736,CUST02682,Fraud Report,Critical,Resolved,2021-03-13,2021-03-20,161.0,App,3.0,AGT042
TKT003737,CUST00445,General Query,Critical,Resolved,2023-10-01,2023-10-04,75.0,Branch,4.0,AGT028
TKT003738,CUST02588,Card Issue,Medium,Resolved,2024-09-30,2024-10-05,108.0,Chat,3.0,AGT026
TKT003739,CUST01454,Fraud Report,Critical,Resolved,2021-04-09,2021-04-15,134.0,Phone,3.0,AGT049
TKT003740,CUST00015,Loan Query,Critical,In Progress,2021-01-05,,,Phone,,AGT001
TKT003741,CUST02863,General Query,Medium,Resolved,2024-06-15,2024-06-16,23.0,App,4.0,AGT001
TKT003742,CUST00813,Transaction Dispute,Medium,In Progress,2020-09-19,,,Branch,,AGT017
TKT003743,CUST02999,Account Opening,High,Resolved,2021-01-12,2021-01-17,130.0,Chat,2.0,AGT046
TKT003744,CUST02959,KYC Update,Critical,Resolved,2024-01-24,2024-01-30,156.0,Email,1.0,AGT013
TKT003745,CUST02263,Card Issue,Low,Resolved,2024-02-01,2024-02-02,41.0,Email,2.0,AGT033
TKT003746,CUST02236,Card Issue,High,Resolved,2020-03-06,2020-03-07,35.0,App,2.0,AGT009
TKT003747,CUST02927,Fraud Report,Critical,Open,2022-05-14,,,Phone,,AGT030
TKT003748,CUST00824,Transaction Dispute,Medium,Resolved,2023-08-22,2023-08-24,51.0,Branch,2.0,AGT045
TKT003749,CUST01254,Transaction Dispute,Low,Resolved,2022-01-02,2022-01-02,3.0,App,3.0,AGT024
TKT003750,CUST02924,KYC Update,Low,Resolved,2023-07-27,2023-07-31,99.0,Branch,5.0,AGT015
TKT003751,CUST01939,Card Issue,High,Resolved,2021-10-15,2021-10-22,156.0,Phone,2.0,AGT044
TKT003752,CUST01427,Transaction Dispute,Low,Resolved,2023-08-30,2023-08-31,35.0,Phone,5.0,AGT025
TKT003753,CUST00565,Net Banking Issue,High,Resolved,2020-09-29,2020-10-05,138.0,Chat,4.0,AGT010
TKT003754,CUST00193,Net Banking Issue,Critical,Resolved,2021-10-12,2021-10-18,144.0,Chat,3.0,AGT012
TKT003755,CUST02620,Net Banking Issue,Low,In Progress,2022-04-22,,,Branch,,AGT032
TKT003756,CUST00392,Transaction Dispute,Medium,Resolved,2022-08-19,2022-08-19,13.0,Email,1.0,AGT023
TKT003757,CUST02612,Loan Query,Medium,Open,2020-06-21,,,Branch,,AGT035
TKT003758,CUST01096,Account Opening,Medium,Open,2020-04-29,,,App,,AGT023
TKT003759,CUST00683,Card Issue,Low,Resolved,2020-08-20,2020-08-23,73.0,Phone,2.0,AGT007
TKT003760,CUST01955,Account Opening,High,Open,2020-05-29,,,Branch,,AGT005
TKT003761,CUST01860,KYC Update,Medium,Resolved,2022-01-10,2022-01-14,109.0,Branch,4.0,AGT039
TKT003762,CUST01538,Interest Query,Low,Resolved,2024-11-17,2024-11-22,109.0,Branch,5.0,AGT029
TKT003763,CUST02687,Transaction Dispute,Low,Resolved,2022-05-22,2022-05-26,96.0,App,2.0,AGT036
TKT003764,CUST00404,KYC Update,High,Resolved,2023-11-20,2023-11-21,24.0,Email,3.0,AGT023
TKT003765,CUST02878,General Query,High,Resolved,2022-12-10,2022-12-15,113.0,App,5.0,AGT026
TKT003766,CUST01316,Fraud Report,Critical,Resolved,2022-08-11,2022-08-15,89.0,Chat,2.0,AGT009
TKT003767,CUST01027,KYC Update,Low,Resolved,2020-05-16,2020-05-18,47.0,App,4.0,AGT039
TKT003768,CUST01812,ATM Issue,Medium,Resolved,2022-10-22,2022-10-23,26.0,Branch,2.0,AGT025
TKT003769,CUST02016,ATM Issue,Medium,Resolved,2020-08-04,2020-08-05,16.0,App,1.0,AGT050
TKT003770,CUST01887,Account Opening,Medium,Resolved,2020-10-24,2020-10-27,73.0,App,2.0,AGT018
TKT003771,CUST00019,ATM Issue,Low,Open,2024-11-23,,,Phone,,AGT002
TKT003772,CUST01463,ATM Issue,High,Resolved,2021-12-20,2021-12-26,133.0,Email,2.0,AGT013
TKT003773,CUST02877,Net Banking Issue,Low,Resolved,2023-08-04,2023-08-07,56.0,App,4.0,AGT029
TKT003774,CUST00440,Account Opening,Medium,Resolved,2022-11-27,2022-12-01,109.0,Chat,1.0,AGT030
TKT003775,CUST02177,Fraud Report,Critical,Resolved,2023-12-06,2023-12-11,123.0,Email,5.0,AGT010
TKT003776,CUST02445,Transaction Dispute,Critical,Resolved,2021-03-10,2021-03-15,134.0,App,1.0,AGT040
TKT003777,CUST01486,Net Banking Issue,Critical,Open,2022-02-12,,,App,,AGT003
TKT003778,CUST02877,Transaction Dispute,Low,In Progress,2022-11-12,,,App,,AGT033
TKT003779,CUST00075,Loan Query,High,Resolved,2024-12-03,2024-12-09,131.0,App,1.0,AGT029
TKT003780,CUST00966,Net Banking Issue,Medium,Resolved,2022-05-22,2022-05-28,167.0,Branch,4.0,AGT017
TKT003781,CUST01739,Interest Query,Medium,Resolved,2022-09-14,2022-09-18,94.0,Phone,5.0,AGT016
TKT003782,CUST00990,General Query,Low,Resolved,2021-06-02,2021-06-04,42.0,Email,2.0,AGT021
TKT003783,CUST00333,Interest Query,Medium,Resolved,2020-09-28,2020-10-04,131.0,Chat,3.0,AGT002
TKT003784,CUST00778,General Query,Low,Resolved,2020-03-13,2020-03-17,102.0,Email,3.0,AGT038
TKT003785,CUST00222,Loan Query,Low,Resolved,2021-03-24,2021-03-25,19.0,App,2.0,AGT025
TKT003786,CUST01278,General Query,Medium,Resolved,2021-09-28,2021-09-29,35.0,Branch,2.0,AGT027
TKT003787,CUST02683,General Query,Low,Resolved,2024-12-15,2024-12-20,129.0,Branch,4.0,AGT033
TKT003788,CUST02785,Transaction Dispute,Medium,Resolved,2022-02-15,2022-02-17,42.0,App,1.0,AGT004
TKT003789,CUST00061,Account Opening,Medium,Resolved,2024-04-05,2024-04-10,116.0,Branch,5.0,AGT039
TKT003790,CUST01736,Fraud Report,Critical,Resolved,2020-08-23,2020-08-29,146.0,Branch,1.0,AGT007
TKT003791,CUST01266,Card Issue,High,Resolved,2020-02-06,2020-02-07,15.0,Branch,1.0,AGT026
TKT003792,CUST00471,Loan Query,Low,Resolved,2023-11-20,2023-11-27,159.0,App,3.0,AGT019
TKT003793,CUST01825,ATM Issue,Medium,Resolved,2021-07-07,2021-07-08,14.0,Email,5.0,AGT036
TKT003794,CUST01378,Transaction Dispute,Medium,Resolved,2022-07-08,2022-07-11,62.0,App,1.0,AGT039
TKT003795,CUST01923,Net Banking Issue,Medium,Resolved,2023-07-27,2023-08-01,125.0,Branch,5.0,AGT027
TKT003796,CUST01512,Net Banking Issue,Low,Resolved,2024-04-27,2024-04-29,51.0,Email,2.0,AGT024
TKT003797,CUST02756,Transaction Dispute,Low,Resolved,2021-04-13,2021-04-15,47.0,Phone,2.0,AGT050
TKT003798,CUST02298,Account Opening,Critical,Open,2021-08-12,,,Email,,AGT048
TKT003799,CUST01551,Account Opening,Low,Resolved,2021-02-03,2021-02-10,161.0,Chat,1.0,AGT035
TKT003800,CUST00160,Net Banking Issue,High,Resolved,2024-07-16,2024-07-22,146.0,Phone,5.0,AGT042
TKT003801,CUST02254,Account Opening,Low,In Progress,2020-01-23,,,Phone,,AGT031
TKT003802,CUST01231,Card Issue,Medium,Resolved,2022-07-26,2022-08-01,149.0,Phone,1.0,AGT038
TKT003803,CUST00158,Interest Query,Low,Resolved,2022-12-03,2022-12-07,80.0,Phone,3.0,AGT041
TKT003804,CUST02731,Account Opening,Medium,Resolved,2023-04-12,2023-04-16,110.0,App,5.0,AGT050
TKT003805,CUST00899,General Query,Medium,Resolved,2021-09-19,2021-09-25,127.0,App,1.0,AGT013
TKT003806,CUST01176,Interest Query,Medium,Resolved,2022-09-25,2022-09-30,108.0,Chat,1.0,AGT039
TKT003807,CUST01940,Card Issue,High,Resolved,2023-07-11,2023-07-15,91.0,Chat,3.0,AGT030
TKT003808,CUST02234,ATM Issue,High,Resolved,2023-09-11,2023-09-12,23.0,App,3.0,AGT017
TKT003809,CUST00896,Card Issue,Low,Open,2021-06-19,,,Branch,,AGT021
TKT003810,CUST02977,Account Opening,Low,Resolved,2020-05-15,2020-05-22,168.0,Email,5.0,AGT032
TKT003811,CUST02797,KYC Update,Low,Resolved,2022-06-24,2022-06-26,35.0,Email,4.0,AGT005
TKT003812,CUST01808,KYC Update,High,Resolved,2020-11-05,2020-11-09,78.0,Chat,1.0,AGT022
TKT003813,CUST00533,ATM Issue,High,Resolved,2020-05-30,2020-06-04,118.0,Phone,5.0,AGT030
TKT003814,CUST00157,Net Banking Issue,High,Resolved,2020-02-26,2020-03-01,96.0,Email,5.0,AGT011
TKT003815,CUST00099,KYC Update,Low,Resolved,2021-01-10,2021-01-14,101.0,Email,3.0,AGT019
TKT003816,CUST00027,Transaction Dispute,High,Resolved,2020-01-10,2020-01-10,3.0,Email,4.0,AGT035
TKT003817,CUST00269,Loan Query,Medium,Resolved,2024-08-07,2024-08-10,54.0,App,1.0,AGT027
TKT003818,CUST02775,Interest Query,Low,Resolved,2024-12-18,2024-12-21,60.0,Chat,5.0,AGT042
TKT003819,CUST02337,Transaction Dispute,Medium,Resolved,2022-06-11,2022-06-17,161.0,Chat,3.0,AGT046
TKT003820,CUST01069,ATM Issue,Low,Resolved,2023-07-08,2023-07-13,99.0,Chat,2.0,AGT017
TKT003821,CUST02095,General Query,Low,Resolved,2022-12-25,2022-12-29,100.0,Chat,3.0,AGT040
TKT003822,CUST02308,General Query,High,Resolved,2024-10-05,2024-10-06,17.0,Chat,4.0,AGT019
TKT003823,CUST00340,Interest Query,Low,Resolved,2021-06-20,2021-06-27,168.0,Email,5.0,AGT004
TKT003824,CUST01838,Transaction Dispute,Medium,In Progress,2021-11-04,,,Phone,,AGT029
TKT003825,CUST01592,KYC Update,Medium,Resolved,2021-12-12,2021-12-14,45.0,Branch,3.0,AGT009
TKT003826,CUST01698,ATM Issue,Low,In Progress,2023-10-06,,,Phone,,AGT047
TKT003827,CUST00083,Fraud Report,Critical,Resolved,2022-07-12,2022-07-18,139.0,Email,4.0,AGT013
TKT003828,CUST01274,General Query,Medium,Resolved,2023-03-07,2023-03-07,15.0,App,5.0,AGT030
TKT003829,CUST01455,Card Issue,Medium,Resolved,2024-04-10,2024-04-14,90.0,Phone,2.0,AGT016
TKT003830,CUST00243,Fraud Report,Critical,Resolved,2024-03-28,2024-03-31,57.0,Email,1.0,AGT010
TKT003831,CUST00873,Card Issue,Low,In Progress,2021-04-07,,,Branch,,AGT037
TKT003832,CUST00092,Account Opening,Medium,Resolved,2023-11-06,2023-11-10,99.0,Email,3.0,AGT031
TKT003833,CUST01056,Loan Query,Low,Resolved,2024-07-08,2024-07-13,134.0,Chat,1.0,AGT006
TKT003834,CUST00043,Account Opening,Low,Resolved,2022-02-20,2022-02-27,168.0,App,2.0,AGT017
TKT003835,CUST01109,ATM Issue,Medium,Resolved,2022-11-30,2022-12-03,75.0,Phone,1.0,AGT047
TKT003836,CUST02188,KYC Update,Medium,Resolved,2023-11-12,2023-11-14,48.0,Branch,1.0,AGT003
TKT003837,CUST00352,KYC Update,Low,Resolved,2021-02-19,2021-02-25,156.0,Email,2.0,AGT042
TKT003838,CUST01716,ATM Issue,Medium,Resolved,2022-08-10,2022-08-11,6.0,Phone,4.0,AGT033
TKT003839,CUST02101,Net Banking Issue,Low,Resolved,2023-12-29,2024-01-03,114.0,Chat,4.0,AGT012
TKT003840,CUST02583,General Query,Medium,Resolved,2021-05-31,2021-05-31,21.0,App,1.0,AGT018
TKT003841,CUST00074,ATM Issue,Medium,Resolved,2020-12-04,2020-12-08,119.0,App,1.0,AGT030
TKT003842,CUST01358,Loan Query,Low,Resolved,2020-12-03,2020-12-06,72.0,App,3.0,AGT011
TKT003843,CUST01931,Net Banking Issue,High,Open,2021-01-07,,,Email,,AGT039
TKT003844,CUST00646,Fraud Report,Critical,Resolved,2022-05-02,2022-05-08,136.0,App,2.0,AGT045
TKT003845,CUST01897,Card Issue,High,Resolved,2022-03-19,2022-03-22,56.0,Email,4.0,AGT044
TKT003846,CUST00505,ATM Issue,Medium,Resolved,2023-08-04,2023-08-04,1.0,App,4.0,AGT030
TKT003847,CUST02205,General Query,Critical,Resolved,2024-08-27,2024-08-30,68.0,Email,3.0,AGT015
TKT003848,CUST00560,General Query,Low,In Progress,2022-05-10,,,Email,,AGT040
TKT003849,CUST02200,Fraud Report,Critical,Resolved,2020-01-29,2020-02-05,157.0,Branch,3.0,AGT044
TKT003850,CUST00333,Card Issue,Low,Resolved,2024-11-26,2024-12-01,106.0,Phone,1.0,AGT039
TKT003851,CUST02483,ATM Issue,Low,Resolved,2023-07-22,2023-07-23,22.0,Branch,3.0,AGT016
TKT003852,CUST00243,Loan Query,Low,Resolved,2024-02-13,2024-02-20,160.0,Branch,1.0,AGT033
TKT003853,CUST01099,Fraud Report,Critical,Resolved,2020-12-07,2020-12-09,43.0,Chat,5.0,AGT034
TKT003854,CUST02437,General Query,Low,Resolved,2023-04-10,2023-04-10,2.0,Email,4.0,AGT007
TKT003855,CUST02592,Loan Query,High,Resolved,2022-10-08,2022-10-09,17.0,Chat,3.0,AGT047
TKT003856,CUST01593,Net Banking Issue,Low,Resolved,2022-04-03,2022-04-04,34.0,Branch,5.0,AGT047
TKT003857,CUST01912,Card Issue,Medium,Resolved,2020-07-03,2020-07-05,53.0,Phone,2.0,AGT014
TKT003858,CUST00318,Account Opening,Low,Resolved,2023-09-20,2023-09-24,86.0,Phone,2.0,AGT033
TKT003859,CUST00958,Fraud Report,Critical,Resolved,2024-10-27,2024-10-30,87.0,Email,5.0,AGT026
TKT003860,CUST02581,Account Opening,Medium,Resolved,2022-09-24,2022-09-30,122.0,Email,2.0,AGT038
TKT003861,CUST02051,Interest Query,Critical,Open,2020-09-15,,,Chat,,AGT001
TKT003862,CUST02549,Net Banking Issue,Critical,Resolved,2020-08-06,2020-08-13,161.0,App,5.0,AGT027
TKT003863,CUST02675,Interest Query,Critical,Resolved,2022-06-29,2022-07-05,139.0,Email,5.0,AGT001
TKT003864,CUST01553,Card Issue,Medium,Resolved,2024-10-05,2024-10-12,161.0,Chat,4.0,AGT009
TKT003865,CUST02148,KYC Update,Low,Resolved,2022-07-09,2022-07-16,165.0,Chat,3.0,AGT049
TKT003866,CUST02921,Net Banking Issue,Medium,Resolved,2020-08-06,2020-08-11,124.0,Phone,4.0,AGT013
TKT003867,CUST01903,Transaction Dispute,Medium,Resolved,2024-06-02,2024-06-04,50.0,Phone,3.0,AGT037
TKT003868,CUST00990,Transaction Dispute,Low,Resolved,2023-11-02,2023-11-04,52.0,App,1.0,AGT040
TKT003869,CUST01180,KYC Update,Low,In Progress,2023-08-03,,,Chat,,AGT044
TKT003870,CUST01655,General Query,Low,Resolved,2020-02-22,2020-02-24,37.0,App,3.0,AGT038
TKT003871,CUST00776,General Query,High,Resolved,2020-07-25,2020-07-26,42.0,Email,5.0,AGT006
TKT003872,CUST00826,Account Opening,High,Resolved,2021-06-27,2021-07-04,157.0,Chat,5.0,AGT044
TKT003873,CUST00048,Card Issue,Medium,Resolved,2021-04-05,2021-04-06,23.0,Email,3.0,AGT017
TKT003874,CUST02178,Transaction Dispute,Medium,Resolved,2022-01-19,2022-01-23,88.0,Phone,2.0,AGT007
TKT003875,CUST01034,Account Opening,Medium,Resolved,2023-02-21,2023-02-22,20.0,Phone,5.0,AGT023
TKT003876,CUST00498,Card Issue,High,Resolved,2023-05-12,2023-05-19,164.0,Branch,4.0,AGT005
TKT003877,CUST02135,Fraud Report,Critical,Open,2022-05-18,,,App,,AGT027
TKT003878,CUST01621,Card Issue,Critical,Resolved,2020-05-31,2020-06-02,47.0,Phone,4.0,AGT009
TKT003879,CUST01416,Fraud Report,Critical,Resolved,2021-07-23,2021-07-29,141.0,Chat,1.0,AGT035
TKT003880,CUST01703,ATM Issue,Medium,Resolved,2023-09-12,2023-09-14,61.0,Phone,3.0,AGT015
TKT003881,CUST01215,KYC Update,Medium,Resolved,2023-03-16,2023-03-18,60.0,Branch,1.0,AGT046
TKT003882,CUST00471,Card Issue,High,Resolved,2023-08-04,2023-08-06,37.0,Email,2.0,AGT011
TKT003883,CUST02166,KYC Update,High,Resolved,2024-07-09,2024-07-10,15.0,Phone,5.0,AGT021
TKT003884,CUST00889,Loan Query,Low,Resolved,2021-09-24,2021-09-28,105.0,Email,3.0,AGT026
TKT003885,CUST00345,Fraud Report,Critical,Resolved,2021-05-22,2021-05-22,14.0,Email,1.0,AGT002
TKT003886,CUST01146,Account Opening,Low,Resolved,2022-02-09,2022-02-11,44.0,Branch,4.0,AGT031
TKT003887,CUST00596,Transaction Dispute,Critical,Resolved,2023-12-10,2023-12-15,124.0,Phone,5.0,AGT007
TKT003888,CUST02167,Card Issue,Critical,Resolved,2022-12-17,2022-12-23,126.0,Phone,3.0,AGT034
TKT003889,CUST02147,ATM Issue,Medium,Resolved,2021-12-24,2021-12-25,15.0,Email,5.0,AGT043
TKT003890,CUST02241,Card Issue,High,In Progress,2021-06-01,,,Phone,,AGT027
TKT003891,CUST02423,General Query,Critical,Resolved,2023-09-10,2023-09-15,109.0,Phone,2.0,AGT007
TKT003892,CUST01720,Fraud Report,Critical,Resolved,2024-06-28,2024-07-05,160.0,Chat,3.0,AGT001
TKT003893,CUST00646,Account Opening,Medium,Resolved,2022-06-03,2022-06-10,168.0,App,5.0,AGT039
TKT003894,CUST01131,Interest Query,Medium,Resolved,2024-03-28,2024-04-01,85.0,Chat,3.0,AGT047
TKT003895,CUST01985,General Query,Medium,Resolved,2022-11-04,2022-11-06,53.0,Chat,3.0,AGT048
TKT003896,CUST02373,Account Opening,High,In Progress,2021-11-16,,,Chat,,AGT048
TKT003897,CUST01206,KYC Update,Low,Resolved,2023-01-20,2023-01-23,77.0,Chat,5.0,AGT023
TKT003898,CUST01080,Account Opening,Medium,Resolved,2024-05-01,2024-05-04,59.0,Chat,5.0,AGT036
TKT003899,CUST00756,Card Issue,Medium,Resolved,2020-11-02,2020-11-08,133.0,Phone,4.0,AGT011
TKT003900,CUST01618,Net Banking Issue,Low,Resolved,2021-12-31,2022-01-03,83.0,Phone,2.0,AGT017
TKT003901,CUST01706,ATM Issue,Medium,Resolved,2023-07-02,2023-07-07,119.0,Branch,5.0,AGT016
TKT003902,CUST02958,ATM Issue,Low,Resolved,2024-09-04,2024-09-08,92.0,Chat,1.0,AGT031
TKT003903,CUST00343,Account Opening,High,Resolved,2020-01-31,2020-02-07,159.0,Email,5.0,AGT050
TKT003904,CUST01521,Card Issue,Low,Resolved,2022-12-02,2022-12-05,85.0,Phone,1.0,AGT026
TKT003905,CUST02524,Net Banking Issue,Critical,Resolved,2020-09-27,2020-10-02,128.0,Branch,2.0,AGT030
TKT003906,CUST01854,Account Opening,Critical,Resolved,2020-09-05,2020-09-07,54.0,App,1.0,AGT019
TKT003907,CUST01079,Interest Query,Medium,Resolved,2023-01-01,2023-01-08,168.0,Email,4.0,AGT048
TKT003908,CUST01112,Card Issue,Medium,Resolved,2021-12-01,2021-12-03,34.0,Email,3.0,AGT036
TKT003909,CUST00886,Card Issue,Low,Resolved,2022-08-15,2022-08-17,50.0,Phone,4.0,AGT044
TKT003910,CUST02069,ATM Issue,Low,Resolved,2024-06-06,2024-06-06,6.0,Branch,5.0,AGT038
TKT003911,CUST02446,Card Issue,Medium,Resolved,2022-10-17,2022-10-20,74.0,Branch,4.0,AGT017
TKT003912,CUST00163,Net Banking Issue,Low,Resolved,2021-10-26,2021-10-30,92.0,Email,4.0,AGT016
TKT003913,CUST02407,Interest Query,Medium,Resolved,2022-02-03,2022-02-08,114.0,Chat,2.0,AGT020
TKT003914,CUST00088,Interest Query,Low,Resolved,2024-11-08,2024-11-10,49.0,Email,1.0,AGT006
TKT003915,CUST02194,Card Issue,Medium,Resolved,2024-02-07,2024-02-13,163.0,Email,2.0,AGT003
TKT003916,CUST01544,Net Banking Issue,Low,In Progress,2023-08-14,,,App,,AGT008
TKT003917,CUST01564,Loan Query,Medium,Resolved,2021-12-17,2021-12-23,147.0,App,2.0,AGT017
TKT003918,CUST01266,Interest Query,Medium,Resolved,2022-12-13,2022-12-18,120.0,Chat,2.0,AGT040
TKT003919,CUST01013,Transaction Dispute,Low,Resolved,2024-02-23,2024-02-25,38.0,Branch,2.0,AGT001
TKT003920,CUST01915,Account Opening,Medium,Resolved,2022-11-27,2022-12-01,83.0,Chat,4.0,AGT030
TKT003921,CUST02345,ATM Issue,Low,Resolved,2020-02-15,2020-02-20,105.0,Branch,3.0,AGT028
TKT003922,CUST02613,Fraud Report,Critical,Resolved,2023-11-08,2023-11-13,120.0,Branch,1.0,AGT028
TKT003923,CUST00313,General Query,High,In Progress,2022-01-29,,,App,,AGT010
TKT003924,CUST00616,Transaction Dispute,High,In Progress,2022-05-31,,,Chat,,AGT021
TKT003925,CUST00733,Loan Query,Medium,Resolved,2023-06-23,2023-06-29,151.0,Branch,3.0,AGT023
TKT003926,CUST02680,Net Banking Issue,Low,Resolved,2022-08-15,2022-08-18,84.0,Branch,3.0,AGT031
TKT003927,CUST00484,ATM Issue,Low,Resolved,2023-09-03,2023-09-09,139.0,Phone,3.0,AGT034
TKT003928,CUST02056,KYC Update,Low,Resolved,2023-04-06,2023-04-09,80.0,Email,1.0,AGT050
TKT003929,CUST00802,Net Banking Issue,Medium,Resolved,2022-03-08,2022-03-11,69.0,Chat,5.0,AGT026
TKT003930,CUST00639,Net Banking Issue,Critical,In Progress,2023-01-18,,,Email,,AGT033
TKT003931,CUST02080,Transaction Dispute,High,Resolved,2021-09-06,2021-09-11,104.0,Chat,1.0,AGT040
TKT003932,CUST01934,Account Opening,Low,Resolved,2021-07-24,2021-07-25,28.0,Phone,5.0,AGT009
TKT003933,CUST01611,Transaction Dispute,High,Resolved,2024-11-12,2024-11-14,56.0,Branch,1.0,AGT011
TKT003934,CUST02738,Card Issue,Medium,Open,2021-08-21,,,Chat,,AGT012
TKT003935,CUST00248,KYC Update,Medium,Resolved,2021-07-01,2021-07-08,168.0,Branch,5.0,AGT021
TKT003936,CUST00194,Transaction Dispute,Medium,Resolved,2020-01-18,2020-01-18,3.0,Email,2.0,AGT032
TKT003937,CUST02560,Account Opening,High,Resolved,2023-05-04,2023-05-06,61.0,App,4.0,AGT032
TKT003938,CUST00227,Fraud Report,Critical,Resolved,2024-01-26,2024-02-01,148.0,Chat,4.0,AGT014
TKT003939,CUST01416,Fraud Report,Critical,In Progress,2021-11-27,,,Phone,,AGT045
TKT003940,CUST00321,Loan Query,Medium,Resolved,2023-03-13,2023-03-18,106.0,Phone,2.0,AGT046
TKT003941,CUST01086,Account Opening,Medium,Resolved,2022-07-21,2022-07-24,69.0,Phone,4.0,AGT004
TKT003942,CUST02946,Fraud Report,Critical,Resolved,2024-08-07,2024-08-11,103.0,App,3.0,AGT044
TKT003943,CUST00902,Fraud Report,Critical,Resolved,2023-01-14,2023-01-20,138.0,Chat,4.0,AGT047
TKT003944,CUST02465,Account Opening,High,Resolved,2023-09-17,2023-09-23,148.0,Chat,5.0,AGT043
TKT003945,CUST00953,ATM Issue,Low,Resolved,2021-05-14,2021-05-21,167.0,Email,5.0,AGT016
TKT003946,CUST00592,Account Opening,Low,Resolved,2022-08-31,2022-09-05,124.0,Chat,2.0,AGT036
TKT003947,CUST01191,Interest Query,Medium,Resolved,2020-03-27,2020-03-29,52.0,App,3.0,AGT007
TKT003948,CUST02612,Transaction Dispute,Medium,Resolved,2020-10-27,2020-11-01,112.0,Email,2.0,AGT005
TKT003949,CUST00078,Card Issue,Medium,Resolved,2023-01-31,2023-02-04,106.0,App,5.0,AGT008
TKT003950,CUST00341,Net Banking Issue,Low,Resolved,2023-01-17,2023-01-21,97.0,Phone,5.0,AGT050
TKT003951,CUST01022,Interest Query,Low,In Progress,2024-06-12,,,Chat,,AGT001
TKT003952,CUST01178,Fraud Report,Critical,Resolved,2021-02-24,2021-02-26,44.0,Email,1.0,AGT016
TKT003953,CUST00143,Account Opening,Medium,Resolved,2022-08-08,2022-08-11,76.0,App,2.0,AGT035
TKT003954,CUST01636,Loan Query,Low,Resolved,2020-10-26,2020-10-30,97.0,Branch,1.0,AGT008
TKT003955,CUST02094,Card Issue,Medium,Resolved,2024-05-22,2024-05-24,47.0,Branch,1.0,AGT034
TKT003956,CUST00107,Card Issue,Low,Resolved,2024-06-15,2024-06-17,46.0,App,4.0,AGT036
TKT003957,CUST02202,Transaction Dispute,High,Resolved,2022-11-27,2022-12-02,116.0,App,3.0,AGT021
TKT003958,CUST01039,Transaction Dispute,Critical,Resolved,2021-02-27,2021-02-28,17.0,Branch,3.0,AGT018
TKT003959,CUST02966,ATM Issue,Critical,Resolved,2021-07-30,2021-07-30,13.0,Branch,4.0,AGT048
TKT003960,CUST01144,Net Banking Issue,Medium,Open,2022-07-16,,,App,,AGT037
TKT003961,CUST01836,Fraud Report,Critical,Resolved,2021-08-18,2021-08-24,166.0,Branch,4.0,AGT019
TKT003962,CUST00275,KYC Update,Medium,Resolved,2022-01-16,2022-01-20,94.0,App,3.0,AGT011
TKT003963,CUST02206,Fraud Report,Critical,Open,2021-04-25,,,Email,,AGT008
TKT003964,CUST01252,General Query,Medium,Resolved,2024-01-28,2024-01-31,73.0,Phone,2.0,AGT041
TKT003965,CUST00002,ATM Issue,Medium,Resolved,2022-04-12,2022-04-14,37.0,Branch,4.0,AGT002
TKT003966,CUST01377,Card Issue,Low,Resolved,2023-06-20,2023-06-21,30.0,Email,3.0,AGT005
TKT003967,CUST02899,Transaction Dispute,Medium,Resolved,2021-03-21,2021-03-22,21.0,Chat,5.0,AGT006
TKT003968,CUST01784,Account Opening,Medium,In Progress,2023-06-04,,,Branch,,AGT041
TKT003969,CUST02239,Fraud Report,Critical,Open,2020-01-13,,,Branch,,AGT022
TKT003970,CUST01919,Net Banking Issue,Low,Resolved,2024-02-15,2024-02-15,15.0,Chat,2.0,AGT016
TKT003971,CUST00275,Loan Query,Critical,Resolved,2020-04-27,2020-05-03,148.0,Chat,1.0,AGT031
TKT003972,CUST00204,Fraud Report,Critical,In Progress,2021-02-16,,,Email,,AGT047
TKT003973,CUST02463,Loan Query,Low,Resolved,2023-08-26,2023-08-29,76.0,Branch,5.0,AGT042
TKT003974,CUST02050,Loan Query,Low,Resolved,2020-06-20,2020-06-26,154.0,Phone,1.0,AGT017
TKT003975,CUST02739,Loan Query,Medium,Resolved,2022-11-19,2022-11-23,92.0,Chat,2.0,AGT041
TKT003976,CUST01438,General Query,Critical,Resolved,2020-06-20,2020-06-21,3.0,App,3.0,AGT045
TKT003977,CUST00375,Fraud Report,Critical,Resolved,2024-04-17,2024-04-24,161.0,Email,4.0,AGT030
TKT003978,CUST02776,Transaction Dispute,High,Resolved,2021-01-09,2021-01-11,48.0,Chat,2.0,AGT045
TKT003979,CUST02253,Loan Query,Medium,Resolved,2020-07-05,2020-07-10,131.0,Chat,2.0,AGT048
TKT003980,CUST01854,Card Issue,Low,Open,2020-01-27,,,Branch,,AGT008
TKT003981,CUST01759,Interest Query,High,Resolved,2023-06-21,2023-06-23,36.0,App,2.0,AGT045
TKT003982,CUST00302,Card Issue,Medium,Resolved,2022-03-07,2022-03-09,56.0,Email,2.0,AGT012
TKT003983,CUST00950,Fraud Report,Critical,Resolved,2023-08-16,2023-08-20,95.0,Phone,2.0,AGT014
TKT003984,CUST02488,Interest Query,High,Resolved,2024-02-27,2024-02-29,62.0,Chat,3.0,AGT040
TKT003985,CUST00887,KYC Update,Medium,Resolved,2024-03-04,2024-03-08,96.0,Phone,5.0,AGT006
TKT003986,CUST02511,Card Issue,High,Resolved,2024-11-07,2024-11-14,162.0,Phone,3.0,AGT035
TKT003987,CUST00103,Net Banking Issue,High,Open,2022-10-18,,,App,,AGT038
TKT003988,CUST00231,Net Banking Issue,Low,Resolved,2021-01-30,2021-02-06,167.0,App,1.0,AGT017
TKT003989,CUST01663,Loan Query,Low,Resolved,2020-10-31,2020-11-07,167.0,Email,2.0,AGT038
TKT003990,CUST01486,Loan Query,Medium,In Progress,2020-07-06,,,Branch,,AGT011
TKT003991,CUST01709,Fraud Report,Critical,Resolved,2021-09-21,2021-09-22,22.0,Chat,4.0,AGT035
TKT003992,CUST01719,ATM Issue,Low,Resolved,2020-02-27,2020-03-02,82.0,App,1.0,AGT036
TKT003993,CUST01281,Interest Query,Low,In Progress,2024-02-29,,,Branch,,AGT031
TKT003994,CUST00246,Transaction Dispute,Critical,Resolved,2022-06-06,2022-06-12,138.0,Branch,4.0,AGT019
TKT003995,CUST01813,Fraud Report,Critical,Resolved,2024-02-12,2024-02-13,13.0,Phone,5.0,AGT010
TKT003996,CUST00556,Fraud Report,Critical,Resolved,2022-02-09,2022-02-12,88.0,App,4.0,AGT018
TKT003997,CUST00485,Account Opening,High,Resolved,2020-09-22,2020-09-28,145.0,Branch,2.0,AGT023
TKT003998,CUST01945,ATM Issue,Low,Resolved,2023-12-01,2023-12-01,1.0,Chat,1.0,AGT001
TKT003999,CUST00580,Interest Query,Medium,Resolved,2023-07-03,2023-07-03,3.0,Branch,5.0,AGT027
TKT004000,CUST01903,Card Issue,Medium,Resolved,2023-08-01,2023-08-06,123.0,App,2.0,AGT030
TKT004001,CUST00047,Card Issue,High,Resolved,2020-04-09,2020-04-14,119.0,Chat,2.0,AGT048
TKT004002,CUST01282,Transaction Dispute,Critical,Open,2024-05-25,,,Email,,AGT046
TKT004003,CUST01312,General Query,Critical,Resolved,2024-10-22,2024-10-25,78.0,Phone,1.0,AGT031
TKT004004,CUST00768,Interest Query,Medium,Resolved,2023-09-30,2023-10-05,119.0,Email,5.0,AGT011
TKT004005,CUST01425,Fraud Report,Critical,In Progress,2023-03-20,,,Branch,,AGT036
TKT004006,CUST02154,Transaction Dispute,Low,Open,2022-01-20,,,Phone,,AGT050
TKT004007,CUST02799,General Query,Low,Resolved,2022-08-20,2022-08-27,159.0,Email,2.0,AGT022
TKT004008,CUST01934,Fraud Report,Critical,Resolved,2021-06-07,2021-06-11,79.0,App,3.0,AGT050
TKT004009,CUST02945,Card Issue,Low,Open,2024-02-11,,,Chat,,AGT033
TKT004010,CUST02177,General Query,Low,Resolved,2023-07-27,2023-07-30,85.0,Phone,3.0,AGT026
TKT004011,CUST02628,Transaction Dispute,Low,Resolved,2022-06-06,2022-06-09,82.0,App,1.0,AGT030
TKT004012,CUST01594,Account Opening,High,Resolved,2021-12-02,2021-12-05,80.0,App,1.0,AGT018
TKT004013,CUST02375,Fraud Report,Critical,Resolved,2021-05-10,2021-05-14,85.0,App,3.0,AGT019
TKT004014,CUST01360,Loan Query,Low,Resolved,2020-03-19,2020-03-23,106.0,App,2.0,AGT025
TKT004015,CUST00119,Net Banking Issue,Medium,Resolved,2021-05-29,2021-06-04,127.0,App,3.0,AGT013
TKT004016,CUST01564,ATM Issue,Medium,Resolved,2021-06-29,2021-07-02,87.0,Branch,5.0,AGT048
TKT004017,CUST01396,Interest Query,Low,Open,2024-12-03,,,Branch,,AGT021
TKT004018,CUST01613,Net Banking Issue,Low,Resolved,2023-01-11,2023-01-17,151.0,Email,5.0,AGT019
TKT004019,CUST01627,ATM Issue,High,Resolved,2022-08-15,2022-08-22,160.0,App,5.0,AGT022
TKT004020,CUST02335,KYC Update,Low,Resolved,2024-05-12,2024-05-17,129.0,Chat,1.0,AGT004
TKT004021,CUST01524,ATM Issue,Medium,Resolved,2023-05-26,2023-06-01,149.0,Branch,3.0,AGT015
TKT004022,CUST01022,Account Opening,Medium,Resolved,2020-07-09,2020-07-16,150.0,Phone,1.0,AGT007
TKT004023,CUST02522,Loan Query,Critical,Resolved,2022-11-01,2022-11-08,168.0,Branch,5.0,AGT045
TKT004024,CUST02441,General Query,Low,Resolved,2021-01-19,2021-01-24,103.0,Email,5.0,AGT002
TKT004025,CUST00665,General Query,Low,Resolved,2024-11-25,2024-11-27,39.0,Email,2.0,AGT044
TKT004026,CUST02806,Card Issue,Critical,Resolved,2020-05-06,2020-05-10,100.0,Branch,2.0,AGT046
TKT004027,CUST01563,Net Banking Issue,Low,Resolved,2022-06-30,2022-07-04,92.0,Phone,2.0,AGT031
TKT004028,CUST01976,Card Issue,Medium,Resolved,2023-04-14,2023-04-14,17.0,Chat,4.0,AGT007
TKT004029,CUST02274,Account Opening,Medium,Resolved,2020-10-10,2020-10-16,141.0,Email,5.0,AGT028
TKT004030,CUST02245,Net Banking Issue,Low,Resolved,2023-01-09,2023-01-11,71.0,Branch,3.0,AGT042
TKT004031,CUST02364,Fraud Report,Critical,In Progress,2024-12-04,,,Chat,,AGT024
TKT004032,CUST02060,Fraud Report,Critical,Resolved,2021-03-10,2021-03-11,31.0,Chat,4.0,AGT005
TKT004033,CUST01637,Loan Query,Medium,Open,2023-10-09,,,Phone,,AGT028
TKT004034,CUST01377,General Query,Low,Open,2022-04-27,,,Branch,,AGT014
TKT004035,CUST02827,Fraud Report,Critical,In Progress,2023-05-30,,,Phone,,AGT019
TKT004036,CUST00537,Fraud Report,Critical,In Progress,2024-04-23,,,Email,,AGT013
TKT004037,CUST01688,Card Issue,Low,Resolved,2024-07-29,2024-07-30,35.0,Chat,5.0,AGT034
TKT004038,CUST01048,Card Issue,Medium,Resolved,2021-11-03,2021-11-07,95.0,Email,5.0,AGT038
TKT004039,CUST01914,Loan Query,Low,Resolved,2024-12-07,2024-12-14,159.0,Chat,1.0,AGT011
TKT004040,CUST01169,General Query,High,Open,2024-01-22,,,Phone,,AGT003
TKT004041,CUST00236,Fraud Report,Critical,In Progress,2023-10-25,,,Chat,,AGT030
TKT004042,CUST02542,Loan Query,Low,In Progress,2021-06-03,,,Chat,,AGT021
TKT004043,CUST01771,Interest Query,Medium,Resolved,2022-07-02,2022-07-04,40.0,Branch,3.0,AGT010
TKT004044,CUST00284,Transaction Dispute,Low,Resolved,2024-12-05,2024-12-06,31.0,Email,1.0,AGT032
TKT004045,CUST00486,Net Banking Issue,Medium,Open,2023-06-16,,,Branch,,AGT003
TKT004046,CUST00628,General Query,Medium,Resolved,2020-06-12,2020-06-14,42.0,App,3.0,AGT003
TKT004047,CUST00350,Fraud Report,Critical,Resolved,2023-02-06,2023-02-08,69.0,Email,4.0,AGT005
TKT004048,CUST02029,Net Banking Issue,High,Resolved,2023-04-30,2023-05-01,7.0,Branch,3.0,AGT028
TKT004049,CUST00442,Account Opening,Low,Resolved,2020-03-27,2020-04-02,139.0,App,5.0,AGT009
TKT004050,CUST00378,Interest Query,Low,Open,2022-04-27,,,Email,,AGT009
TKT004051,CUST00418,Net Banking Issue,Medium,Resolved,2020-10-15,2020-10-16,27.0,Phone,5.0,AGT046
TKT004052,CUST01694,Card Issue,Low,Resolved,2023-11-19,2023-11-20,19.0,Branch,2.0,AGT050
TKT004053,CUST02094,Interest Query,Medium,Resolved,2021-04-05,2021-04-12,168.0,Email,4.0,AGT013
TKT004054,CUST01381,ATM Issue,Low,Resolved,2024-11-10,2024-11-15,124.0,Branch,1.0,AGT043
TKT004055,CUST01624,Card Issue,Critical,Resolved,2020-09-16,2020-09-19,92.0,Chat,5.0,AGT022
TKT004056,CUST02174,KYC Update,Critical,Resolved,2021-05-12,2021-05-18,133.0,Branch,2.0,AGT022
TKT004057,CUST02339,Account Opening,Medium,Resolved,2022-05-08,2022-05-12,90.0,Branch,5.0,AGT022
TKT004058,CUST02830,KYC Update,Medium,Resolved,2020-08-28,2020-08-30,48.0,App,2.0,AGT028
TKT004059,CUST00085,Interest Query,High,Resolved,2024-07-01,2024-07-08,152.0,Email,2.0,AGT003
TKT004060,CUST01031,KYC Update,Critical,Resolved,2021-10-22,2021-10-24,44.0,Email,1.0,AGT050
TKT004061,CUST00751,Account Opening,Critical,Resolved,2024-07-09,2024-07-16,166.0,Email,3.0,AGT016
TKT004062,CUST02627,Fraud Report,Critical,Resolved,2023-11-05,2023-11-05,9.0,Chat,4.0,AGT035
TKT004063,CUST01341,Loan Query,High,Resolved,2024-03-08,2024-03-09,33.0,Branch,2.0,AGT029
TKT004064,CUST01220,Net Banking Issue,Medium,Resolved,2024-06-29,2024-07-03,110.0,Phone,1.0,AGT029
TKT004065,CUST00646,Account Opening,Medium,Resolved,2022-03-07,2022-03-11,88.0,App,4.0,AGT003
TKT004066,CUST01930,KYC Update,Medium,In Progress,2024-03-20,,,Branch,,AGT019
TKT004067,CUST00867,Fraud Report,Critical,Resolved,2021-12-17,2021-12-22,136.0,Branch,4.0,AGT034
TKT004068,CUST01960,Loan Query,High,Resolved,2024-06-05,2024-06-09,91.0,App,4.0,AGT042
TKT004069,CUST01755,ATM Issue,Medium,Resolved,2024-06-11,2024-06-12,14.0,Chat,5.0,AGT041
TKT004070,CUST02420,Card Issue,Medium,Resolved,2021-09-26,2021-09-26,4.0,Email,2.0,AGT039
TKT004071,CUST02937,General Query,Low,Resolved,2021-01-09,2021-01-13,89.0,App,3.0,AGT018
TKT004072,CUST00072,Transaction Dispute,Low,Open,2024-04-07,,,Branch,,AGT006
TKT004073,CUST00056,KYC Update,Critical,Resolved,2022-12-29,2023-01-03,134.0,Chat,3.0,AGT039
TKT004074,CUST02307,Fraud Report,Critical,Resolved,2021-08-22,2021-08-25,69.0,App,3.0,AGT045
TKT004075,CUST01615,ATM Issue,Medium,Resolved,2024-02-06,2024-02-12,154.0,Branch,3.0,AGT016
TKT004076,CUST02221,Account Opening,Medium,Resolved,2023-08-16,2023-08-22,137.0,Email,3.0,AGT047
TKT004077,CUST02212,KYC Update,High,Resolved,2024-09-22,2024-09-23,19.0,Email,1.0,AGT001
TKT004078,CUST02102,ATM Issue,Medium,Resolved,2022-06-27,2022-06-30,75.0,Phone,5.0,AGT042
TKT004079,CUST02566,Fraud Report,Critical,Resolved,2022-07-26,2022-07-28,32.0,App,1.0,AGT034
TKT004080,CUST00281,KYC Update,Medium,Resolved,2023-10-29,2023-10-31,43.0,Phone,2.0,AGT009
TKT004081,CUST00847,Transaction Dispute,Low,Resolved,2020-04-12,2020-04-12,10.0,Chat,5.0,AGT011
TKT004082,CUST02588,General Query,Low,Resolved,2024-02-16,2024-02-22,150.0,Branch,1.0,AGT024
TKT004083,CUST00485,ATM Issue,Medium,Resolved,2023-11-28,2023-11-29,28.0,Email,5.0,AGT017
TKT004084,CUST01066,General Query,Low,Open,2020-01-01,,,Email,,AGT033
TKT004085,CUST02348,Card Issue,Low,Resolved,2024-05-29,2024-05-29,11.0,Phone,4.0,AGT038
TKT004086,CUST00039,Card Issue,High,Resolved,2020-02-19,2020-02-20,20.0,Branch,2.0,AGT030
TKT004087,CUST02338,Account Opening,Low,Resolved,2023-09-28,2023-10-01,61.0,Phone,3.0,AGT036
TKT004088,CUST00015,Card Issue,Low,Resolved,2020-11-28,2020-12-01,71.0,Email,2.0,AGT024
TKT004089,CUST01309,Card Issue,Medium,Resolved,2023-03-18,2023-03-21,62.0,Branch,2.0,AGT033
TKT004090,CUST01598,Transaction Dispute,Critical,Resolved,2022-04-19,2022-04-21,58.0,Branch,5.0,AGT001
TKT004091,CUST02402,Transaction Dispute,Low,Resolved,2024-10-15,2024-10-20,105.0,Email,1.0,AGT001
TKT004092,CUST02384,ATM Issue,Medium,In Progress,2022-04-26,,,Branch,,AGT014
TKT004093,CUST02600,Interest Query,Medium,Resolved,2024-05-06,2024-05-09,76.0,Chat,5.0,AGT050
TKT004094,CUST02904,General Query,Medium,In Progress,2023-05-24,,,Email,,AGT035
TKT004095,CUST00551,Transaction Dispute,Medium,Resolved,2022-01-25,2022-01-29,81.0,Email,5.0,AGT049
TKT004096,CUST02293,Account Opening,Medium,Resolved,2024-02-04,2024-02-08,81.0,Chat,1.0,AGT038
TKT004097,CUST00352,KYC Update,Low,Resolved,2021-12-08,2021-12-13,116.0,Branch,3.0,AGT015
TKT004098,CUST00172,Net Banking Issue,Critical,Resolved,2020-10-10,2020-10-14,106.0,Chat,4.0,AGT007
TKT004099,CUST02350,Net Banking Issue,High,In Progress,2024-10-30,,,Email,,AGT008
TKT004100,CUST00834,Fraud Report,Critical,Resolved,2024-08-18,2024-08-24,147.0,App,5.0,AGT024
TKT004101,CUST00664,Loan Query,Low,Open,2022-08-07,,,Phone,,AGT050
TKT004102,CUST01983,Loan Query,Low,Resolved,2024-12-05,2024-12-07,51.0,Email,5.0,AGT017
TKT004103,CUST02202,ATM Issue,High,Resolved,2020-06-09,2020-06-09,10.0,App,3.0,AGT018
TKT004104,CUST02237,Card Issue,Low,Resolved,2023-09-09,2023-09-12,84.0,App,2.0,AGT024
TKT004105,CUST01192,Transaction Dispute,High,Resolved,2022-04-24,2022-05-01,162.0,Email,3.0,AGT024
TKT004106,CUST00719,Account Opening,Low,Resolved,2021-06-22,2021-06-25,70.0,Chat,4.0,AGT048
TKT004107,CUST02975,Card Issue,Low,Resolved,2021-01-07,2021-01-12,121.0,Phone,1.0,AGT034
TKT004108,CUST02883,Transaction Dispute,Low,Resolved,2022-04-23,2022-04-29,156.0,Branch,5.0,AGT045
TKT004109,CUST00864,Card Issue,Low,Resolved,2021-10-16,2021-10-17,21.0,Branch,4.0,AGT013
TKT004110,CUST00969,Net Banking Issue,High,Resolved,2020-09-19,2020-09-23,111.0,App,5.0,AGT031
TKT004111,CUST02334,General Query,Low,Resolved,2023-02-11,2023-02-11,2.0,Phone,2.0,AGT035
TKT004112,CUST01064,ATM Issue,High,Resolved,2024-01-09,2024-01-12,77.0,Chat,3.0,AGT041
TKT004113,CUST00073,Loan Query,Medium,Resolved,2024-08-26,2024-08-27,13.0,Chat,4.0,AGT013
TKT004114,CUST02168,Card Issue,Low,Resolved,2024-04-16,2024-04-21,118.0,Chat,1.0,AGT025
TKT004115,CUST02167,Account Opening,Critical,Resolved,2022-12-24,2022-12-30,140.0,Email,2.0,AGT042
TKT004116,CUST00307,KYC Update,Medium,Resolved,2021-12-14,2021-12-20,142.0,App,2.0,AGT020
TKT004117,CUST01082,ATM Issue,Medium,Resolved,2020-05-05,2020-05-09,101.0,Phone,2.0,AGT039
TKT004118,CUST02501,KYC Update,Low,Resolved,2022-10-07,2022-10-09,47.0,Email,4.0,AGT036
TKT004119,CUST01647,Card Issue,Medium,Resolved,2022-01-09,2022-01-11,43.0,Email,5.0,AGT050
TKT004120,CUST00636,Account Opening,Low,Resolved,2020-11-12,2020-11-17,136.0,Branch,5.0,AGT002
TKT004121,CUST00568,General Query,High,Resolved,2021-03-28,2021-03-30,62.0,Branch,1.0,AGT038
TKT004122,CUST02521,Interest Query,Low,Resolved,2023-01-22,2023-01-24,55.0,Phone,5.0,AGT031
TKT004123,CUST00528,Net Banking Issue,Medium,Resolved,2021-03-29,2021-04-05,157.0,Email,3.0,AGT026
TKT004124,CUST00954,Loan Query,Low,Resolved,2020-01-02,2020-01-04,44.0,Phone,4.0,AGT027
TKT004125,CUST01667,Account Opening,Low,Resolved,2022-11-08,2022-11-10,45.0,App,5.0,AGT039
TKT004126,CUST01455,Card Issue,Low,In Progress,2023-01-28,,,App,,AGT004
TKT004127,CUST01440,Net Banking Issue,Medium,Resolved,2021-06-17,2021-06-19,54.0,Phone,5.0,AGT002
TKT004128,CUST01814,Card Issue,Critical,Resolved,2021-04-14,2021-04-16,40.0,Branch,2.0,AGT014
TKT004129,CUST00043,KYC Update,Medium,Resolved,2024-09-02,2024-09-06,86.0,Branch,5.0,AGT005
TKT004130,CUST00827,General Query,Medium,Resolved,2024-06-28,2024-07-03,107.0,App,2.0,AGT033
TKT004131,CUST00132,Card Issue,High,Resolved,2022-06-06,2022-06-11,119.0,Chat,3.0,AGT008
TKT004132,CUST02911,Transaction Dispute,High,Resolved,2021-09-24,2021-09-24,4.0,Chat,4.0,AGT028
TKT004133,CUST00211,Transaction Dispute,Medium,Open,2021-01-04,,,Branch,,AGT041
TKT004134,CUST01189,KYC Update,Medium,In Progress,2021-07-21,,,App,,AGT038
TKT004135,CUST00302,General Query,Medium,Resolved,2021-07-06,2021-07-06,2.0,App,4.0,AGT017
TKT004136,CUST00221,Account Opening,Medium,Resolved,2020-09-08,2020-09-10,60.0,Chat,2.0,AGT007
TKT004137,CUST02665,ATM Issue,Low,Resolved,2024-11-15,2024-11-22,151.0,App,1.0,AGT020
TKT004138,CUST00073,ATM Issue,High,Resolved,2024-01-06,2024-01-09,68.0,Email,4.0,AGT002
TKT004139,CUST00160,Transaction Dispute,Medium,Resolved,2021-01-19,2021-01-22,69.0,Email,2.0,AGT012
TKT004140,CUST00491,Account Opening,Medium,Resolved,2022-10-06,2022-10-09,68.0,Chat,3.0,AGT021
TKT004141,CUST01416,Transaction Dispute,Critical,Resolved,2022-09-18,2022-09-25,168.0,Phone,1.0,AGT001
TKT004142,CUST01155,Card Issue,High,Resolved,2020-04-12,2020-04-16,103.0,Phone,5.0,AGT032
TKT004143,CUST02038,General Query,High,Resolved,2023-01-16,2023-01-20,99.0,Branch,5.0,AGT040
TKT004144,CUST01876,Transaction Dispute,Medium,Resolved,2024-11-22,2024-11-28,135.0,Phone,5.0,AGT038
TKT004145,CUST01892,Interest Query,Medium,Resolved,2022-12-25,2022-12-26,34.0,Email,3.0,AGT038
TKT004146,CUST01992,Net Banking Issue,Medium,Resolved,2022-01-19,2022-01-22,62.0,Branch,3.0,AGT008
TKT004147,CUST01863,General Query,Medium,Resolved,2021-03-03,2021-03-10,162.0,Email,3.0,AGT015
TKT004148,CUST01806,KYC Update,Low,Resolved,2020-07-08,2020-07-09,22.0,App,5.0,AGT021
TKT004149,CUST01968,Account Opening,Critical,Resolved,2024-09-14,2024-09-14,6.0,Branch,1.0,AGT019
TKT004150,CUST00253,Interest Query,Low,Resolved,2021-06-21,2021-06-23,27.0,Chat,2.0,AGT048
TKT004151,CUST00969,General Query,Medium,Resolved,2023-03-18,2023-03-24,135.0,App,4.0,AGT019
TKT004152,CUST00204,Fraud Report,Critical,Resolved,2022-04-24,2022-04-28,94.0,Email,1.0,AGT030
TKT004153,CUST02624,General Query,High,Resolved,2022-03-16,2022-03-17,27.0,Chat,1.0,AGT044
TKT004154,CUST02666,Net Banking Issue,Critical,Resolved,2023-11-28,2023-12-02,95.0,App,5.0,AGT030
TKT004155,CUST00503,ATM Issue,Medium,Open,2023-01-21,,,Phone,,AGT012
TKT004156,CUST01661,KYC Update,Low,Open,2023-01-19,,,Phone,,AGT027
TKT004157,CUST02488,Fraud Report,Critical,In Progress,2023-05-07,,,App,,AGT025
TKT004158,CUST02599,KYC Update,Medium,Resolved,2024-01-20,2024-01-20,6.0,Phone,1.0,AGT033
TKT004159,CUST01513,Net Banking Issue,High,Resolved,2023-12-22,2023-12-25,84.0,Branch,1.0,AGT020
TKT004160,CUST01921,Loan Query,Medium,Resolved,2021-04-18,2021-04-18,11.0,Email,3.0,AGT019
TKT004161,CUST02520,Account Opening,Low,Resolved,2021-07-07,2021-07-09,48.0,Chat,2.0,AGT049
TKT004162,CUST02452,Transaction Dispute,Medium,Resolved,2020-10-08,2020-10-12,93.0,Phone,2.0,AGT015
TKT004163,CUST00982,Account Opening,Low,Resolved,2022-11-12,2022-11-17,123.0,Chat,2.0,AGT047
TKT004164,CUST01744,Transaction Dispute,Medium,Resolved,2022-01-17,2022-01-22,103.0,Branch,3.0,AGT013
TKT004165,CUST01316,Card Issue,Low,Resolved,2023-03-17,2023-03-17,15.0,Branch,5.0,AGT048
TKT004166,CUST02889,Transaction Dispute,Medium,Resolved,2022-07-17,2022-07-18,21.0,Phone,5.0,AGT050
TKT004167,CUST00639,Account Opening,Low,Resolved,2022-06-12,2022-06-16,111.0,Email,5.0,AGT005
TKT004168,CUST01630,Loan Query,Critical,Resolved,2023-01-02,2023-01-04,52.0,Chat,4.0,AGT043
TKT004169,CUST01292,General Query,Low,Resolved,2022-10-16,2022-10-17,39.0,Phone,5.0,AGT023
TKT004170,CUST02140,Card Issue,High,Resolved,2021-05-30,2021-06-04,105.0,Email,4.0,AGT020
TKT004171,CUST01783,Fraud Report,Critical,Resolved,2021-02-06,2021-02-10,109.0,Branch,3.0,AGT022
TKT004172,CUST01762,General Query,Medium,Resolved,2021-08-15,2021-08-20,132.0,Email,4.0,AGT044
TKT004173,CUST00564,Card Issue,High,Resolved,2024-08-10,2024-08-13,83.0,Branch,4.0,AGT043
TKT004174,CUST00294,Card Issue,Medium,Resolved,2024-12-10,2024-12-15,119.0,Branch,5.0,AGT012
TKT004175,CUST00347,General Query,Medium,Open,2023-03-14,,,Branch,,AGT045
TKT004176,CUST00215,Fraud Report,Critical,Resolved,2022-12-22,2022-12-26,81.0,Email,5.0,AGT043
TKT004177,CUST00125,Card Issue,Low,Resolved,2023-12-23,2023-12-27,93.0,Email,3.0,AGT026
TKT004178,CUST02697,Interest Query,Medium,Resolved,2020-09-17,2020-09-18,21.0,App,5.0,AGT047
TKT004179,CUST01069,Account Opening,Low,Resolved,2023-05-26,2023-05-27,16.0,Email,2.0,AGT027
TKT004180,CUST01151,Account Opening,Low,Resolved,2020-09-26,2020-09-29,71.0,App,4.0,AGT004
TKT004181,CUST01830,Loan Query,Low,Resolved,2021-10-07,2021-10-11,91.0,Phone,5.0,AGT049
TKT004182,CUST01084,Account Opening,Medium,Resolved,2020-07-03,2020-07-09,145.0,Phone,4.0,AGT045
TKT004183,CUST00057,Interest Query,Medium,Resolved,2021-02-18,2021-02-24,145.0,Email,3.0,AGT026
TKT004184,CUST00019,Fraud Report,Critical,Resolved,2021-12-29,2021-12-30,31.0,Email,4.0,AGT030
TKT004185,CUST02773,Account Opening,High,Resolved,2022-04-10,2022-04-13,66.0,Branch,4.0,AGT027
TKT004186,CUST02123,General Query,High,Resolved,2022-04-12,2022-04-17,119.0,Branch,2.0,AGT047
TKT004187,CUST02788,Loan Query,Medium,Resolved,2023-11-16,2023-11-20,105.0,Email,4.0,AGT009
TKT004188,CUST00058,Net Banking Issue,Critical,Resolved,2021-02-28,2021-03-02,46.0,App,3.0,AGT020
TKT004189,CUST02038,KYC Update,High,Resolved,2024-04-14,2024-04-15,33.0,Phone,3.0,AGT020
TKT004190,CUST00464,Transaction Dispute,Low,Resolved,2024-07-11,2024-07-14,57.0,App,2.0,AGT041
TKT004191,CUST01740,Card Issue,Medium,Open,2022-10-06,,,Email,,AGT006
TKT004192,CUST02379,Transaction Dispute,High,Resolved,2022-07-11,2022-07-16,129.0,App,2.0,AGT019
TKT004193,CUST01822,Card Issue,Medium,In Progress,2021-01-16,,,Phone,,AGT037
TKT004194,CUST01987,Transaction Dispute,Medium,Resolved,2021-10-19,2021-10-19,18.0,Branch,1.0,AGT010
TKT004195,CUST01132,General Query,Medium,Resolved,2020-08-04,2020-08-10,138.0,Phone,3.0,AGT025
TKT004196,CUST01562,Account Opening,Low,In Progress,2024-07-18,,,Branch,,AGT008
TKT004197,CUST00973,Card Issue,Medium,Resolved,2021-05-20,2021-05-23,55.0,Email,3.0,AGT036
TKT004198,CUST00221,Net Banking Issue,Low,Resolved,2021-12-31,2022-01-03,74.0,App,3.0,AGT005
TKT004199,CUST02435,Account Opening,High,In Progress,2023-11-30,,,Chat,,AGT048
TKT004200,CUST02626,Account Opening,Medium,Resolved,2021-06-29,2021-07-01,52.0,App,4.0,AGT002
TKT004201,CUST01720,KYC Update,Medium,Resolved,2021-02-26,2021-02-28,51.0,Phone,2.0,AGT036
TKT004202,CUST00965,Net Banking Issue,Critical,Resolved,2022-03-15,2022-03-20,126.0,Chat,3.0,AGT044
TKT004203,CUST00771,Interest Query,Low,Resolved,2020-10-10,2020-10-15,128.0,Email,1.0,AGT027
TKT004204,CUST00908,Fraud Report,Critical,Resolved,2024-06-05,2024-06-11,129.0,Branch,1.0,AGT032
TKT004205,CUST00282,KYC Update,Low,Resolved,2024-11-28,2024-12-03,129.0,App,2.0,AGT037
TKT004206,CUST00723,ATM Issue,High,Resolved,2020-12-22,2020-12-29,154.0,Phone,2.0,AGT002
TKT004207,CUST01219,Transaction Dispute,High,Resolved,2024-02-21,2024-02-27,130.0,Branch,5.0,AGT015
TKT004208,CUST00834,Loan Query,Low,Resolved,2021-08-12,2021-08-17,126.0,Chat,4.0,AGT043
TKT004209,CUST00833,Net Banking Issue,High,Resolved,2020-02-28,2020-03-05,142.0,Branch,3.0,AGT048
TKT004210,CUST00124,Account Opening,Critical,Resolved,2020-09-23,2020-09-27,119.0,Phone,1.0,AGT003
TKT004211,CUST01759,Account Opening,High,Resolved,2023-09-25,2023-09-29,92.0,Branch,4.0,AGT023
TKT004212,CUST02815,Loan Query,Critical,Resolved,2020-01-28,2020-01-29,34.0,Chat,4.0,AGT036
TKT004213,CUST01039,General Query,Critical,In Progress,2021-11-05,,,Branch,,AGT010
TKT004214,CUST01463,Account Opening,Low,Resolved,2023-07-17,2023-07-20,61.0,Phone,1.0,AGT033
TKT004215,CUST01123,Fraud Report,Critical,Resolved,2020-11-19,2020-11-23,91.0,Email,5.0,AGT025
TKT004216,CUST02120,Transaction Dispute,Medium,Resolved,2021-09-04,2021-09-08,101.0,Chat,4.0,AGT009
TKT004217,CUST00781,KYC Update,Medium,In Progress,2022-11-22,,,Chat,,AGT048
TKT004218,CUST02024,Transaction Dispute,Low,Resolved,2022-12-22,2022-12-22,1.0,App,5.0,AGT019
TKT004219,CUST02492,KYC Update,High,Resolved,2020-02-17,2020-02-24,157.0,Branch,4.0,AGT031
TKT004220,CUST02386,Interest Query,High,Resolved,2023-03-21,2023-03-25,87.0,App,2.0,AGT041
TKT004221,CUST01663,Interest Query,Low,Resolved,2024-02-16,2024-02-20,78.0,App,1.0,AGT042
TKT004222,CUST00029,Transaction Dispute,Medium,Resolved,2021-03-17,2021-03-23,144.0,Branch,4.0,AGT003
TKT004223,CUST02592,ATM Issue,Low,Resolved,2024-09-02,2024-09-05,60.0,App,3.0,AGT009
TKT004224,CUST02686,Fraud Report,Critical,In Progress,2023-06-06,,,Email,,AGT015
TKT004225,CUST00636,General Query,Medium,Resolved,2020-10-25,2020-10-29,84.0,Chat,4.0,AGT022
TKT004226,CUST02112,Interest Query,Medium,Resolved,2021-03-16,2021-03-19,85.0,Email,4.0,AGT020
TKT004227,CUST00495,Net Banking Issue,Medium,Resolved,2020-09-09,2020-09-14,123.0,Chat,4.0,AGT009
TKT004228,CUST01212,Loan Query,High,Resolved,2024-10-27,2024-10-28,20.0,App,5.0,AGT036
TKT004229,CUST00302,General Query,Low,Resolved,2020-09-10,2020-09-15,114.0,App,1.0,AGT033
TKT004230,CUST01580,Card Issue,Medium,Resolved,2021-06-11,2021-06-14,89.0,App,5.0,AGT013
TKT004231,CUST02937,Card Issue,Medium,Resolved,2020-06-28,2020-07-02,101.0,Phone,4.0,AGT007
TKT004232,CUST01458,ATM Issue,High,Resolved,2022-02-23,2022-02-26,63.0,Phone,2.0,AGT044
TKT004233,CUST01416,General Query,Low,Resolved,2020-06-11,2020-06-13,47.0,App,4.0,AGT020
TKT004234,CUST01082,Net Banking Issue,Medium,In Progress,2023-04-01,,,App,,AGT032
TKT004235,CUST00160,General Query,Low,Open,2023-09-05,,,App,,AGT005
TKT004236,CUST02055,Interest Query,Medium,Resolved,2021-05-29,2021-05-31,63.0,Branch,4.0,AGT050
TKT004237,CUST02384,Loan Query,Low,Resolved,2022-11-23,2022-11-24,28.0,Email,5.0,AGT008
TKT004238,CUST00229,Card Issue,Low,Resolved,2024-02-17,2024-02-21,97.0,Branch,5.0,AGT049
TKT004239,CUST02231,Loan Query,Medium,Resolved,2022-07-14,2022-07-18,107.0,Chat,5.0,AGT025
TKT004240,CUST01930,ATM Issue,Medium,Resolved,2021-12-06,2021-12-11,120.0,Chat,1.0,AGT037
TKT004241,CUST01455,Loan Query,Critical,Resolved,2021-12-03,2021-12-05,28.0,Chat,4.0,AGT047
TKT004242,CUST02592,Account Opening,Low,Resolved,2021-11-22,2021-11-25,52.0,Chat,4.0,AGT011
TKT004243,CUST02548,Account Opening,Low,Resolved,2024-05-07,2024-05-08,16.0,App,5.0,AGT050
TKT004244,CUST02084,Card Issue,Low,Resolved,2020-11-04,2020-11-05,13.0,Branch,5.0,AGT016
TKT004245,CUST00953,Interest Query,High,Resolved,2022-03-06,2022-03-12,140.0,Chat,2.0,AGT031
TKT004246,CUST00716,ATM Issue,Medium,Resolved,2020-08-20,2020-08-23,72.0,App,4.0,AGT023
TKT004247,CUST02122,Fraud Report,Critical,Resolved,2021-08-26,2021-08-31,122.0,Branch,3.0,AGT030
TKT004248,CUST02302,Card Issue,Low,Resolved,2020-03-21,2020-03-22,30.0,App,2.0,AGT038
TKT004249,CUST01174,General Query,Medium,In Progress,2024-11-04,,,Phone,,AGT017
TKT004250,CUST02787,Card Issue,Medium,Resolved,2024-04-11,2024-04-16,129.0,Email,5.0,AGT023
TKT004251,CUST00275,General Query,Medium,Resolved,2024-02-14,2024-02-18,95.0,App,4.0,AGT006
TKT004252,CUST01180,Card Issue,High,Resolved,2024-07-17,2024-07-19,52.0,App,3.0,AGT003
TKT004253,CUST00912,Transaction Dispute,Medium,In Progress,2022-07-11,,,Branch,,AGT017
TKT004254,CUST00742,Transaction Dispute,Low,In Progress,2021-03-22,,,Email,,AGT002
TKT004255,CUST00862,Transaction Dispute,Critical,Open,2023-05-04,,,Phone,,AGT036
TKT004256,CUST01615,ATM Issue,Medium,Resolved,2023-03-15,2023-03-16,17.0,Chat,1.0,AGT031
TKT004257,CUST00007,Loan Query,Low,In Progress,2020-08-10,,,Branch,,AGT032
TKT004258,CUST01938,Fraud Report,Critical,Resolved,2022-06-03,2022-06-08,109.0,Chat,3.0,AGT034
TKT004259,CUST02834,KYC Update,Medium,Resolved,2022-11-10,2022-11-16,155.0,Branch,3.0,AGT022
TKT004260,CUST02696,Fraud Report,Critical,Resolved,2024-03-13,2024-03-18,123.0,App,4.0,AGT031
TKT004261,CUST02395,General Query,High,Resolved,2022-08-22,2022-08-28,148.0,Chat,1.0,AGT008
TKT004262,CUST02509,ATM Issue,Critical,Resolved,2021-11-05,2021-11-07,49.0,Chat,2.0,AGT032
TKT004263,CUST00408,Transaction Dispute,High,Resolved,2021-12-07,2021-12-08,8.0,Email,5.0,AGT028
TKT004264,CUST01815,Interest Query,Critical,Resolved,2020-10-29,2020-11-01,76.0,Phone,1.0,AGT050
TKT004265,CUST00179,Fraud Report,Critical,Resolved,2021-01-27,2021-01-31,108.0,Branch,2.0,AGT011
TKT004266,CUST00062,Net Banking Issue,Medium,Resolved,2021-03-15,2021-03-18,69.0,Chat,4.0,AGT012
TKT004267,CUST00533,Fraud Report,Critical,Resolved,2020-08-22,2020-08-27,111.0,Branch,4.0,AGT022
TKT004268,CUST01366,Fraud Report,Critical,Resolved,2024-03-22,2024-03-22,16.0,App,2.0,AGT024
TKT004269,CUST02787,ATM Issue,Low,Resolved,2023-08-25,2023-08-29,110.0,Branch,4.0,AGT013
TKT004270,CUST01200,General Query,Low,Resolved,2024-04-23,2024-04-28,135.0,Branch,5.0,AGT014
TKT004271,CUST01543,Loan Query,High,Resolved,2022-08-04,2022-08-07,83.0,App,3.0,AGT028
TKT004272,CUST00548,Interest Query,Low,Open,2024-11-21,,,Phone,,AGT041
TKT004273,CUST02868,Loan Query,Low,Resolved,2021-06-27,2021-07-04,157.0,App,3.0,AGT038
TKT004274,CUST02563,Card Issue,Medium,Resolved,2022-09-24,2022-09-29,125.0,Email,5.0,AGT024
TKT004275,CUST00033,Fraud Report,Critical,Resolved,2023-11-05,2023-11-09,91.0,Branch,5.0,AGT042
TKT004276,CUST01348,Loan Query,High,Resolved,2020-04-28,2020-04-30,38.0,App,3.0,AGT012
TKT004277,CUST01096,ATM Issue,Low,Resolved,2021-03-18,2021-03-20,45.0,Chat,3.0,AGT016
TKT004278,CUST02870,Account Opening,High,Resolved,2020-07-09,2020-07-12,67.0,Phone,5.0,AGT015
TKT004279,CUST00967,Card Issue,Medium,Open,2022-10-27,,,Branch,,AGT033
TKT004280,CUST00977,General Query,Low,Resolved,2024-01-26,2024-01-26,12.0,Branch,5.0,AGT014
TKT004281,CUST00757,Loan Query,High,Open,2021-06-14,,,App,,AGT018
TKT004282,CUST01636,Interest Query,Low,Resolved,2020-07-12,2020-07-13,21.0,App,2.0,AGT049
TKT004283,CUST02332,General Query,High,Resolved,2023-02-18,2023-02-18,12.0,Branch,3.0,AGT026
TKT004284,CUST00620,ATM Issue,Low,Resolved,2021-05-27,2021-05-30,78.0,Branch,1.0,AGT018
TKT004285,CUST02473,KYC Update,High,Resolved,2023-01-15,2023-01-18,64.0,Email,4.0,AGT002
TKT004286,CUST00883,General Query,Low,Resolved,2021-01-20,2021-01-24,96.0,Phone,2.0,AGT002
TKT004287,CUST00901,ATM Issue,Medium,Resolved,2023-09-25,2023-09-28,86.0,Email,2.0,AGT022
TKT004288,CUST02672,ATM Issue,Medium,Resolved,2022-10-18,2022-10-24,131.0,App,1.0,AGT010
TKT004289,CUST01518,General Query,Low,Resolved,2021-11-22,2021-11-24,32.0,Chat,5.0,AGT012
TKT004290,CUST02644,ATM Issue,Medium,Open,2020-01-15,,,Phone,,AGT014
TKT004291,CUST01849,Card Issue,Critical,Resolved,2023-06-10,2023-06-17,156.0,Phone,3.0,AGT030
TKT004292,CUST01983,KYC Update,Medium,Resolved,2024-04-26,2024-04-28,38.0,Phone,3.0,AGT042
TKT004293,CUST01669,Fraud Report,Critical,Resolved,2020-12-05,2020-12-09,106.0,Email,4.0,AGT005
TKT004294,CUST00227,Net Banking Issue,Medium,Resolved,2021-12-24,2021-12-27,69.0,Branch,1.0,AGT050
TKT004295,CUST00411,Interest Query,Medium,Resolved,2024-07-13,2024-07-14,24.0,App,3.0,AGT047
TKT004296,CUST02624,ATM Issue,Critical,Open,2023-04-10,,,Email,,AGT004
TKT004297,CUST02265,Loan Query,Medium,Resolved,2022-10-23,2022-10-29,147.0,Phone,5.0,AGT022
TKT004298,CUST00967,General Query,Low,Resolved,2023-10-27,2023-11-01,133.0,Email,2.0,AGT001
TKT004299,CUST01036,ATM Issue,Medium,Resolved,2024-06-17,2024-06-18,41.0,Branch,5.0,AGT009
TKT004300,CUST01398,Fraud Report,Critical,Resolved,2020-06-04,2020-06-05,31.0,Chat,4.0,AGT033
TKT004301,CUST02943,Fraud Report,Critical,Resolved,2022-12-26,2023-01-01,158.0,Email,5.0,AGT018
TKT004302,CUST00125,Net Banking Issue,Medium,Resolved,2021-11-23,2021-11-28,116.0,Email,1.0,AGT025
TKT004303,CUST01655,Loan Query,Low,Resolved,2022-02-01,2022-02-03,63.0,App,5.0,AGT041
TKT004304,CUST02858,Interest Query,Medium,Resolved,2021-02-17,2021-02-18,5.0,Branch,1.0,AGT003
TKT004305,CUST01379,Transaction Dispute,Critical,Resolved,2024-05-08,2024-05-12,97.0,Email,4.0,AGT037
TKT004306,CUST02125,Card Issue,Low,Resolved,2023-08-26,2023-09-02,154.0,App,3.0,AGT006
TKT004307,CUST01430,General Query,Medium,Open,2023-07-10,,,Email,,AGT045
TKT004308,CUST01091,Net Banking Issue,Medium,Resolved,2023-11-23,2023-11-28,136.0,Chat,2.0,AGT034
TKT004309,CUST02252,Net Banking Issue,Medium,Resolved,2021-10-18,2021-10-24,158.0,Branch,5.0,AGT037
TKT004310,CUST00999,ATM Issue,Low,Resolved,2021-10-01,2021-10-02,34.0,App,4.0,AGT039
TKT004311,CUST00073,Transaction Dispute,High,Resolved,2021-12-26,2021-12-31,124.0,App,4.0,AGT009
TKT004312,CUST00196,Card Issue,Medium,Resolved,2021-08-06,2021-08-07,3.0,Email,2.0,AGT016
TKT004313,CUST02603,Transaction Dispute,Low,In Progress,2021-03-20,,,Branch,,AGT049
TKT004314,CUST00130,Net Banking Issue,High,Resolved,2022-02-24,2022-03-02,132.0,App,4.0,AGT031
TKT004315,CUST00574,General Query,Low,Resolved,2023-05-27,2023-05-30,79.0,Branch,4.0,AGT004
TKT004316,CUST02033,Interest Query,High,Resolved,2022-06-28,2022-07-04,132.0,Email,4.0,AGT016
TKT004317,CUST01351,General Query,High,Resolved,2024-10-09,2024-10-12,84.0,Phone,4.0,AGT011
TKT004318,CUST01878,Interest Query,High,Resolved,2024-02-24,2024-02-26,50.0,Email,2.0,AGT011
TKT004319,CUST02469,Loan Query,Low,Resolved,2022-12-15,2022-12-21,146.0,Branch,1.0,AGT036
TKT004320,CUST02895,Loan Query,Critical,Resolved,2024-10-28,2024-11-03,148.0,App,3.0,AGT009
TKT004321,CUST00302,Loan Query,Critical,Resolved,2022-04-20,2022-04-22,57.0,Chat,1.0,AGT021
TKT004322,CUST01410,Fraud Report,Critical,Resolved,2021-02-06,2021-02-11,116.0,Email,5.0,AGT005
TKT004323,CUST01171,KYC Update,High,Resolved,2020-05-30,2020-06-02,70.0,Email,4.0,AGT038
TKT004324,CUST01218,General Query,Medium,In Progress,2020-06-30,,,Branch,,AGT009
TKT004325,CUST00624,Card Issue,Medium,Resolved,2020-05-20,2020-05-21,31.0,Email,3.0,AGT043
TKT004326,CUST02093,Transaction Dispute,Critical,Resolved,2024-06-21,2024-06-26,118.0,App,5.0,AGT049
TKT004327,CUST02920,Transaction Dispute,Low,Resolved,2023-06-20,2023-06-21,31.0,Branch,1.0,AGT045
TKT004328,CUST02982,Net Banking Issue,Medium,Resolved,2022-03-17,2022-03-18,4.0,Chat,1.0,AGT025
TKT004329,CUST00803,ATM Issue,Medium,Resolved,2022-08-02,2022-08-06,91.0,App,1.0,AGT029
TKT004330,CUST02462,Loan Query,Medium,Resolved,2023-04-09,2023-04-15,145.0,Email,4.0,AGT002
TKT004331,CUST02551,Transaction Dispute,Critical,Resolved,2020-08-27,2020-08-28,41.0,Branch,2.0,AGT043
TKT004332,CUST00932,Fraud Report,Critical,Resolved,2023-12-17,2023-12-21,104.0,Branch,5.0,AGT029
TKT004333,CUST01816,Transaction Dispute,Low,Resolved,2020-09-11,2020-09-17,143.0,Branch,2.0,AGT030
TKT004334,CUST02610,General Query,Low,Resolved,2022-06-29,2022-06-29,6.0,App,2.0,AGT041
TKT004335,CUST01634,General Query,Medium,Resolved,2024-08-06,2024-08-07,24.0,Phone,1.0,AGT022
TKT004336,CUST00561,Interest Query,Medium,Open,2022-03-30,,,Email,,AGT027
TKT004337,CUST00955,KYC Update,Medium,Resolved,2022-02-09,2022-02-12,67.0,Email,5.0,AGT032
TKT004338,CUST01703,Interest Query,Medium,Resolved,2022-11-08,2022-11-13,119.0,Phone,5.0,AGT048
TKT004339,CUST02566,ATM Issue,Low,Resolved,2021-02-24,2021-03-02,139.0,Phone,4.0,AGT047
TKT004340,CUST02833,Account Opening,Low,Resolved,2021-01-18,2021-01-24,130.0,Email,4.0,AGT046
TKT004341,CUST01729,Account Opening,High,Resolved,2023-02-17,2023-02-19,44.0,Branch,1.0,AGT031
TKT004342,CUST01678,KYC Update,Critical,Resolved,2023-01-05,2023-01-12,159.0,Phone,2.0,AGT018
TKT004343,CUST01538,Transaction Dispute,Medium,Resolved,2024-12-21,2024-12-25,98.0,Phone,2.0,AGT049
TKT004344,CUST01899,KYC Update,High,Resolved,2024-07-16,2024-07-16,3.0,Chat,3.0,AGT009
TKT004345,CUST00180,ATM Issue,Critical,Resolved,2023-08-11,2023-08-11,4.0,Chat,1.0,AGT046
TKT004346,CUST00313,Loan Query,Medium,Resolved,2021-07-14,2021-07-17,73.0,Branch,3.0,AGT027
TKT004347,CUST01716,Card Issue,Medium,Open,2022-08-15,,,Email,,AGT009
TKT004348,CUST00073,Interest Query,Medium,In Progress,2024-09-01,,,Chat,,AGT022
TKT004349,CUST02221,Transaction Dispute,Critical,Resolved,2022-07-27,2022-07-31,109.0,Phone,1.0,AGT038
TKT004350,CUST01456,General Query,Critical,Open,2021-12-10,,,Phone,,AGT049
TKT004351,CUST02676,Fraud Report,Critical,Resolved,2022-05-13,2022-05-18,131.0,Phone,5.0,AGT004
TKT004352,CUST01005,ATM Issue,Medium,In Progress,2020-12-25,,,Phone,,AGT017
TKT004353,CUST00047,Transaction Dispute,Medium,Resolved,2022-03-13,2022-03-17,113.0,Email,4.0,AGT007
TKT004354,CUST02277,General Query,Critical,In Progress,2022-07-05,,,App,,AGT026
TKT004355,CUST00241,Interest Query,Medium,Resolved,2023-12-03,2023-12-08,109.0,Branch,5.0,AGT007
TKT004356,CUST00261,Interest Query,Low,Resolved,2024-08-15,2024-08-22,152.0,App,2.0,AGT042
TKT004357,CUST01962,Account Opening,Low,Resolved,2021-09-01,2021-09-05,100.0,Chat,1.0,AGT050
TKT004358,CUST02830,Account Opening,Medium,Resolved,2022-01-08,2022-01-13,118.0,Phone,5.0,AGT006
TKT004359,CUST00056,Loan Query,High,Resolved,2024-11-28,2024-12-01,83.0,Branch,2.0,AGT044
TKT004360,CUST02724,Net Banking Issue,High,Resolved,2024-03-18,2024-03-24,124.0,Chat,3.0,AGT029
TKT004361,CUST00447,Interest Query,Medium,Open,2024-06-06,,,Email,,AGT021
TKT004362,CUST00220,KYC Update,Low,Resolved,2024-01-18,2024-01-19,30.0,Phone,4.0,AGT028
TKT004363,CUST00906,Loan Query,Low,Resolved,2022-09-20,2022-09-25,107.0,Branch,1.0,AGT048
TKT004364,CUST02466,Card Issue,Medium,Resolved,2023-11-20,2023-11-24,97.0,Email,1.0,AGT007
TKT004365,CUST01771,Loan Query,Medium,Resolved,2020-06-23,2020-06-29,138.0,Chat,5.0,AGT027
TKT004366,CUST01609,Fraud Report,Critical,Resolved,2020-02-25,2020-02-27,48.0,Branch,4.0,AGT050
TKT004367,CUST02173,Fraud Report,Critical,Resolved,2020-08-04,2020-08-05,36.0,Phone,2.0,AGT033
TKT004368,CUST02734,Net Banking Issue,Low,Resolved,2020-03-13,2020-03-16,58.0,App,1.0,AGT038
TKT004369,CUST00178,ATM Issue,Low,Resolved,2024-06-26,2024-06-30,100.0,Email,3.0,AGT013
TKT004370,CUST01948,Card Issue,Low,Resolved,2022-04-20,2022-04-23,64.0,Phone,1.0,AGT041
TKT004371,CUST02931,Transaction Dispute,Low,Resolved,2022-01-06,2022-01-09,67.0,Chat,5.0,AGT020
TKT004372,CUST00283,ATM Issue,Medium,Resolved,2023-05-10,2023-05-15,115.0,Chat,3.0,AGT037
TKT004373,CUST02673,Net Banking Issue,Low,In Progress,2023-02-16,,,Email,,AGT005
TKT004374,CUST02175,KYC Update,High,Resolved,2023-03-04,2023-03-09,102.0,Branch,5.0,AGT031
TKT004375,CUST01118,KYC Update,Low,Resolved,2023-01-06,2023-01-13,156.0,App,4.0,AGT034
TKT004376,CUST00598,Transaction Dispute,Low,Resolved,2024-11-25,2024-11-26,26.0,App,2.0,AGT030
TKT004377,CUST01562,Account Opening,Low,Resolved,2024-12-16,2024-12-22,152.0,Branch,5.0,AGT045
TKT004378,CUST02935,Transaction Dispute,Medium,Resolved,2024-03-04,2024-03-05,44.0,App,4.0,AGT022
TKT004379,CUST01260,Fraud Report,Critical,Open,2023-06-07,,,Email,,AGT029
TKT004380,CUST01876,Account Opening,Critical,Resolved,2022-11-24,2022-11-26,46.0,Phone,1.0,AGT029
TKT004381,CUST02727,Interest Query,High,Open,2024-06-28,,,Branch,,AGT020
TKT004382,CUST00966,Account Opening,High,Resolved,2020-12-14,2020-12-17,89.0,Chat,5.0,AGT031
TKT004383,CUST00890,ATM Issue,Low,Resolved,2023-01-23,2023-01-27,80.0,Branch,4.0,AGT019
TKT004384,CUST00401,Transaction Dispute,Low,Resolved,2020-05-13,2020-05-18,118.0,Branch,3.0,AGT042
TKT004385,CUST02067,General Query,High,Resolved,2021-08-15,2021-08-20,135.0,Chat,1.0,AGT020
TKT004386,CUST00405,KYC Update,High,Resolved,2021-03-08,2021-03-10,29.0,Chat,5.0,AGT006
TKT004387,CUST02349,Account Opening,Medium,Open,2023-04-13,,,App,,AGT002
TKT004388,CUST00462,Net Banking Issue,Low,Resolved,2024-02-29,2024-03-02,53.0,Chat,3.0,AGT016
TKT004389,CUST00235,Transaction Dispute,High,In Progress,2020-11-25,,,App,,AGT002
TKT004390,CUST02686,Transaction Dispute,Low,Resolved,2021-01-17,2021-01-23,128.0,Chat,1.0,AGT007
TKT004391,CUST02348,Card Issue,Critical,Resolved,2024-10-02,2024-10-06,107.0,Chat,1.0,AGT011
TKT004392,CUST01822,General Query,High,Resolved,2021-11-07,2021-11-09,49.0,Chat,5.0,AGT014
TKT004393,CUST02142,Card Issue,Medium,Resolved,2021-04-25,2021-05-02,160.0,Email,2.0,AGT020
TKT004394,CUST02667,Interest Query,High,Resolved,2021-04-06,2021-04-06,6.0,Branch,2.0,AGT009
TKT004395,CUST00381,ATM Issue,Medium,Resolved,2021-05-12,2021-05-16,107.0,Phone,4.0,AGT015
TKT004396,CUST00307,Card Issue,Low,Resolved,2024-03-23,2024-03-27,73.0,Chat,2.0,AGT035
TKT004397,CUST00723,Net Banking Issue,Medium,Resolved,2022-09-21,2022-09-27,134.0,Phone,5.0,AGT008
TKT004398,CUST00695,Account Opening,High,Resolved,2024-09-17,2024-09-18,35.0,App,4.0,AGT023
TKT004399,CUST01003,Fraud Report,Critical,Resolved,2021-03-09,2021-03-11,37.0,Chat,2.0,AGT024
TKT004400,CUST01942,KYC Update,High,Resolved,2021-12-08,2021-12-12,99.0,Email,2.0,AGT004
TKT004401,CUST00028,Net Banking Issue,Critical,Resolved,2023-06-03,2023-06-07,93.0,App,1.0,AGT010
TKT004402,CUST00949,General Query,Low,Resolved,2022-03-06,2022-03-10,101.0,App,4.0,AGT025
TKT004403,CUST02142,KYC Update,Medium,Resolved,2024-12-19,2024-12-24,110.0,Phone,1.0,AGT015
TKT004404,CUST00167,Card Issue,Low,Resolved,2021-04-22,2021-04-29,147.0,Email,5.0,AGT039
TKT004405,CUST02563,ATM Issue,Medium,Open,2022-10-02,,,Chat,,AGT040
TKT004406,CUST02947,Fraud Report,Critical,Resolved,2020-08-26,2020-09-02,154.0,Email,1.0,AGT029
TKT004407,CUST01060,General Query,Low,Resolved,2020-09-28,2020-10-02,91.0,App,5.0,AGT011
TKT004408,CUST01813,KYC Update,Medium,Open,2023-05-14,,,Chat,,AGT023
TKT004409,CUST00661,ATM Issue,Medium,Resolved,2020-05-29,2020-06-01,82.0,Phone,1.0,AGT045
TKT004410,CUST00190,ATM Issue,High,In Progress,2023-01-16,,,Phone,,AGT027
TKT004411,CUST02046,General Query,Critical,Resolved,2022-08-26,2022-08-30,87.0,Chat,5.0,AGT014
TKT004412,CUST01343,General Query,Low,Open,2020-07-17,,,Chat,,AGT018
TKT004413,CUST00998,ATM Issue,Low,Resolved,2021-08-05,2021-08-12,148.0,Branch,1.0,AGT009
TKT004414,CUST00702,Fraud Report,Critical,Resolved,2021-11-03,2021-11-06,80.0,Phone,1.0,AGT044
TKT004415,CUST00818,Account Opening,Medium,Resolved,2020-05-22,2020-05-22,22.0,Email,5.0,AGT030
TKT004416,CUST00935,General Query,High,Resolved,2023-05-15,2023-05-22,167.0,Branch,3.0,AGT022
TKT004417,CUST00087,General Query,Medium,Resolved,2021-02-12,2021-02-16,115.0,Email,1.0,AGT023
TKT004418,CUST02992,ATM Issue,Critical,Resolved,2020-09-06,2020-09-07,24.0,Branch,2.0,AGT050
TKT004419,CUST02133,Fraud Report,Critical,Resolved,2024-04-12,2024-04-16,96.0,Phone,5.0,AGT030
TKT004420,CUST00756,Card Issue,Medium,Resolved,2023-01-10,2023-01-11,18.0,Chat,1.0,AGT012
TKT004421,CUST00245,Card Issue,High,Resolved,2020-06-13,2020-06-18,120.0,Phone,2.0,AGT008
TKT004422,CUST01220,Account Opening,Low,Resolved,2021-06-27,2021-06-28,23.0,Email,4.0,AGT025
TKT004423,CUST00207,Fraud Report,Critical,Resolved,2023-05-18,2023-05-22,96.0,Branch,3.0,AGT019
TKT004424,CUST01712,ATM Issue,Medium,Resolved,2024-08-27,2024-08-29,50.0,Phone,4.0,AGT017
TKT004425,CUST00757,KYC Update,Medium,Resolved,2024-11-22,2024-11-24,52.0,Phone,1.0,AGT015
TKT004426,CUST02918,KYC Update,Medium,Resolved,2021-03-10,2021-03-14,81.0,Phone,3.0,AGT023
TKT004427,CUST02818,Interest Query,Low,Resolved,2022-07-27,2022-08-01,115.0,Phone,1.0,AGT042
TKT004428,CUST01069,ATM Issue,High,Resolved,2022-11-14,2022-11-20,122.0,Chat,2.0,AGT039
TKT004429,CUST02644,Account Opening,High,Resolved,2020-03-19,2020-03-26,154.0,App,4.0,AGT001
TKT004430,CUST02698,Interest Query,Low,Resolved,2022-05-19,2022-05-25,155.0,App,3.0,AGT039
TKT004431,CUST02153,Account Opening,High,Resolved,2024-10-27,2024-10-30,65.0,Email,3.0,AGT002
TKT004432,CUST00265,Interest Query,Medium,Resolved,2020-11-21,2020-11-22,24.0,Branch,1.0,AGT002
TKT004433,CUST00721,Loan Query,Low,Resolved,2022-11-25,2022-11-29,100.0,Branch,1.0,AGT007
TKT004434,CUST02041,Loan Query,High,Resolved,2021-06-15,2021-06-17,54.0,App,5.0,AGT017
TKT004435,CUST02319,Transaction Dispute,Critical,Resolved,2021-12-18,2021-12-24,144.0,Email,1.0,AGT016
TKT004436,CUST01263,KYC Update,Medium,Open,2022-02-17,,,Phone,,AGT016
TKT004437,CUST02539,Transaction Dispute,High,In Progress,2024-03-02,,,Chat,,AGT023
TKT004438,CUST02182,Net Banking Issue,Critical,Resolved,2020-09-28,2020-09-30,52.0,Branch,2.0,AGT003
TKT004439,CUST02842,Account Opening,Low,Resolved,2023-03-04,2023-03-05,29.0,App,1.0,AGT050
TKT004440,CUST01789,Interest Query,Medium,Open,2021-07-13,,,Branch,,AGT031
TKT004441,CUST01325,Loan Query,Low,Resolved,2021-01-18,2021-01-21,83.0,Phone,4.0,AGT007
TKT004442,CUST02875,Fraud Report,Critical,Resolved,2022-04-24,2022-04-30,146.0,App,5.0,AGT050
TKT004443,CUST02366,Account Opening,Medium,Open,2024-06-23,,,Email,,AGT030
TKT004444,CUST02296,Fraud Report,Critical,Resolved,2024-02-03,2024-02-06,75.0,App,1.0,AGT015
TKT004445,CUST02677,Interest Query,Medium,Open,2021-07-22,,,App,,AGT009
TKT004446,CUST01244,Interest Query,High,Resolved,2023-09-22,2023-09-28,129.0,Email,4.0,AGT033
TKT004447,CUST00665,General Query,Critical,Resolved,2023-10-03,2023-10-08,113.0,Phone,1.0,AGT022
TKT004448,CUST02093,ATM Issue,High,Resolved,2022-03-06,2022-03-10,98.0,Email,4.0,AGT031
TKT004449,CUST00549,Loan Query,Low,Resolved,2023-12-25,2023-12-26,31.0,Email,5.0,AGT048
TKT004450,CUST02395,Fraud Report,Critical,Resolved,2021-12-09,2021-12-13,99.0,App,4.0,AGT048
TKT004451,CUST02364,Fraud Report,Critical,Open,2020-01-08,,,Chat,,AGT035
TKT004452,CUST01470,ATM Issue,High,Resolved,2024-07-11,2024-07-12,21.0,Chat,2.0,AGT006
TKT004453,CUST00235,Interest Query,Medium,In Progress,2021-07-28,,,App,,AGT014
TKT004454,CUST02024,Fraud Report,Critical,Resolved,2021-01-08,2021-01-10,44.0,Chat,5.0,AGT030
TKT004455,CUST00248,Loan Query,High,Resolved,2021-02-13,2021-02-18,106.0,Chat,2.0,AGT004
TKT004456,CUST02363,Interest Query,Medium,Resolved,2024-04-07,2024-04-10,67.0,Chat,1.0,AGT018
TKT004457,CUST00200,KYC Update,High,Resolved,2023-07-10,2023-07-10,12.0,Email,5.0,AGT017
TKT004458,CUST00020,Transaction Dispute,Medium,Resolved,2024-09-17,2024-09-17,2.0,Branch,5.0,AGT013
TKT004459,CUST02652,KYC Update,Medium,In Progress,2021-03-26,,,App,,AGT029
TKT004460,CUST01231,Transaction Dispute,Low,Resolved,2021-03-20,2021-03-24,80.0,App,2.0,AGT004
TKT004461,CUST00286,Interest Query,Low,Resolved,2020-08-19,2020-08-26,164.0,App,4.0,AGT028
TKT004462,CUST02281,General Query,High,Resolved,2020-05-01,2020-05-07,128.0,App,3.0,AGT019
TKT004463,CUST01582,Card Issue,Low,In Progress,2021-05-29,,,Chat,,AGT044
TKT004464,CUST02345,Account Opening,Low,Resolved,2021-01-18,2021-01-21,51.0,Phone,4.0,AGT034
TKT004465,CUST02897,Transaction Dispute,High,Resolved,2023-12-13,2023-12-18,114.0,App,1.0,AGT032
TKT004466,CUST00223,Net Banking Issue,High,Resolved,2022-04-07,2022-04-09,51.0,App,5.0,AGT004
TKT004467,CUST01979,Card Issue,Low,Resolved,2020-07-12,2020-07-18,148.0,Chat,3.0,AGT010
TKT004468,CUST01534,KYC Update,Low,Resolved,2022-10-06,2022-10-12,156.0,Chat,1.0,AGT004
TKT004469,CUST02005,Transaction Dispute,High,Resolved,2022-10-23,2022-10-25,63.0,Branch,3.0,AGT013
TKT004470,CUST02516,Transaction Dispute,Medium,Resolved,2024-07-10,2024-07-12,39.0,Email,5.0,AGT049
TKT004471,CUST00968,KYC Update,High,Resolved,2020-04-18,2020-04-24,149.0,App,5.0,AGT030
TKT004472,CUST01805,KYC Update,Low,Resolved,2022-08-21,2022-08-28,164.0,App,3.0,AGT048
TKT004473,CUST02317,General Query,Medium,Resolved,2020-05-12,2020-05-17,139.0,App,5.0,AGT020
TKT004474,CUST00081,ATM Issue,Medium,Resolved,2021-04-29,2021-05-06,154.0,Phone,1.0,AGT025
TKT004475,CUST00573,KYC Update,Low,Resolved,2024-04-20,2024-04-26,143.0,App,5.0,AGT019
TKT004476,CUST01398,General Query,High,Open,2020-06-06,,,Branch,,AGT048
TKT004477,CUST01522,Interest Query,Low,Resolved,2023-10-14,2023-10-19,122.0,App,3.0,AGT006
TKT004478,CUST00991,General Query,Medium,Resolved,2021-11-16,2021-11-18,52.0,App,3.0,AGT028
TKT004479,CUST01910,KYC Update,Medium,Resolved,2020-06-11,2020-06-16,127.0,App,2.0,AGT018
TKT004480,CUST01635,General Query,Medium,In Progress,2023-02-21,,,Email,,AGT010
TKT004481,CUST01775,Loan Query,High,Resolved,2023-08-11,2023-08-14,64.0,Branch,4.0,AGT026
TKT004482,CUST01784,Interest Query,Medium,Resolved,2022-11-30,2022-12-02,58.0,Branch,2.0,AGT032
TKT004483,CUST02321,General Query,Medium,Resolved,2021-01-07,2021-01-09,34.0,Email,1.0,AGT047
TKT004484,CUST02765,Fraud Report,Critical,Resolved,2024-11-19,2024-11-23,91.0,Chat,2.0,AGT047
TKT004485,CUST00367,Transaction Dispute,Low,Resolved,2023-04-16,2023-04-19,62.0,App,1.0,AGT033
TKT004486,CUST00472,Net Banking Issue,Critical,Resolved,2022-12-04,2022-12-06,48.0,Chat,1.0,AGT013
TKT004487,CUST02806,Account Opening,Critical,Resolved,2020-12-21,2020-12-27,139.0,App,4.0,AGT019
TKT004488,CUST02630,Interest Query,High,Resolved,2021-06-19,2021-06-24,109.0,Branch,5.0,AGT025
TKT004489,CUST02906,Account Opening,High,Resolved,2024-01-30,2024-01-31,37.0,Phone,2.0,AGT022
TKT004490,CUST01424,Transaction Dispute,Medium,Resolved,2021-07-17,2021-07-18,7.0,App,1.0,AGT050
TKT004491,CUST00341,Loan Query,Low,Resolved,2024-11-22,2024-11-26,109.0,Chat,3.0,AGT043
TKT004492,CUST01412,General Query,Medium,Resolved,2022-04-09,2022-04-12,72.0,Chat,2.0,AGT032
TKT004493,CUST01457,Transaction Dispute,Medium,In Progress,2020-05-05,,,Phone,,AGT009
TKT004494,CUST02254,Fraud Report,Critical,Resolved,2022-06-29,2022-07-06,167.0,Phone,5.0,AGT037
TKT004495,CUST00744,Card Issue,High,In Progress,2022-07-01,,,Branch,,AGT023
TKT004496,CUST01701,General Query,Medium,Resolved,2022-02-21,2022-02-27,133.0,App,3.0,AGT042
TKT004497,CUST01519,Fraud Report,Critical,Resolved,2024-01-29,2024-01-31,55.0,Chat,5.0,AGT010
TKT004498,CUST00823,Fraud Report,Critical,Resolved,2020-09-24,2020-09-26,46.0,Phone,4.0,AGT040
TKT004499,CUST02638,Net Banking Issue,Medium,Open,2023-09-13,,,Chat,,AGT034
TKT004500,CUST00374,ATM Issue,High,Resolved,2021-04-24,2021-04-29,111.0,App,4.0,AGT009
TKT004501,CUST01781,Account Opening,Low,Resolved,2020-01-03,2020-01-04,28.0,Chat,1.0,AGT011
TKT004502,CUST00825,Account Opening,Medium,Resolved,2024-12-16,2024-12-17,22.0,Branch,4.0,AGT027
TKT004503,CUST02406,Interest Query,Medium,Resolved,2023-10-09,2023-10-15,130.0,Phone,1.0,AGT045
TKT004504,CUST02411,Account Opening,High,Open,2020-05-23,,,App,,AGT012
TKT004505,CUST00337,General Query,High,Resolved,2024-06-08,2024-06-08,12.0,App,1.0,AGT026
TKT004506,CUST01704,General Query,High,Resolved,2021-02-11,2021-02-12,20.0,App,1.0,AGT007
TKT004507,CUST02147,Transaction Dispute,Low,Resolved,2023-12-15,2023-12-21,155.0,Branch,5.0,AGT019
TKT004508,CUST00986,Account Opening,High,Resolved,2023-11-02,2023-11-07,124.0,Chat,3.0,AGT035
TKT004509,CUST00287,Interest Query,Low,Resolved,2022-10-02,2022-10-07,115.0,Branch,3.0,AGT011
TKT004510,CUST02598,Account Opening,Low,Resolved,2024-04-16,2024-04-19,84.0,Email,4.0,AGT033
TKT004511,CUST02527,Account Opening,Critical,Resolved,2022-09-07,2022-09-10,82.0,Chat,2.0,AGT021
TKT004512,CUST00275,Interest Query,Low,Open,2024-06-11,,,Email,,AGT019
TKT004513,CUST00147,Fraud Report,Critical,Resolved,2022-12-11,2022-12-14,81.0,Chat,5.0,AGT022
TKT004514,CUST00813,Account Opening,Critical,Resolved,2021-02-08,2021-02-10,45.0,Branch,2.0,AGT002
TKT004515,CUST01160,Fraud Report,Critical,Resolved,2021-12-07,2021-12-14,165.0,Branch,2.0,AGT043
TKT004516,CUST02748,ATM Issue,Medium,Resolved,2020-07-02,2020-07-03,34.0,Phone,1.0,AGT032
TKT004517,CUST02595,Loan Query,Medium,Resolved,2020-01-20,2020-01-26,152.0,Email,4.0,AGT005
TKT004518,CUST02440,Card Issue,Low,Resolved,2021-05-15,2021-05-17,43.0,Phone,5.0,AGT001
TKT004519,CUST01070,Net Banking Issue,Medium,Open,2022-11-19,,,App,,AGT047
TKT004520,CUST01456,Interest Query,Low,Open,2024-09-12,,,Phone,,AGT028
TKT004521,CUST00407,Transaction Dispute,High,Resolved,2021-06-19,2021-06-26,160.0,App,3.0,AGT019
TKT004522,CUST02286,Interest Query,High,Resolved,2020-09-07,2020-09-11,117.0,Email,1.0,AGT045
TKT004523,CUST02819,Net Banking Issue,High,Resolved,2022-03-25,2022-03-29,111.0,Phone,3.0,AGT025
TKT004524,CUST01472,KYC Update,Low,Resolved,2022-06-29,2022-07-05,141.0,Branch,1.0,AGT049
TKT004525,CUST00075,KYC Update,Medium,Resolved,2022-03-16,2022-03-18,48.0,Email,3.0,AGT038
TKT004526,CUST00975,Fraud Report,Critical,Resolved,2021-11-27,2021-11-29,47.0,Branch,3.0,AGT019
TKT004527,CUST02020,Transaction Dispute,High,Resolved,2023-01-19,2023-01-21,37.0,Branch,3.0,AGT003
TKT004528,CUST01082,Loan Query,Medium,Resolved,2023-09-18,2023-09-21,85.0,Branch,4.0,AGT026
TKT004529,CUST00904,Loan Query,Medium,Resolved,2024-06-05,2024-06-07,59.0,Chat,2.0,AGT027
TKT004530,CUST01974,General Query,Low,Resolved,2021-04-05,2021-04-08,62.0,Email,2.0,AGT003
TKT004531,CUST00816,Account Opening,Low,In Progress,2023-10-26,,,Branch,,AGT045
TKT004532,CUST01120,ATM Issue,Low,Resolved,2023-09-08,2023-09-13,133.0,App,4.0,AGT042
TKT004533,CUST02578,Net Banking Issue,Medium,Open,2021-07-27,,,Email,,AGT050
TKT004534,CUST02144,Fraud Report,Critical,Resolved,2024-06-06,2024-06-11,118.0,Phone,3.0,AGT034
TKT004535,CUST02317,Interest Query,Medium,Resolved,2023-03-31,2023-04-05,134.0,Branch,2.0,AGT014
TKT004536,CUST02662,Card Issue,Medium,Resolved,2022-08-09,2022-08-12,78.0,App,2.0,AGT041
TKT004537,CUST02381,Account Opening,Critical,Resolved,2020-09-01,2020-09-07,138.0,Phone,5.0,AGT031
TKT004538,CUST01098,Fraud Report,Critical,Resolved,2020-09-10,2020-09-11,28.0,Phone,3.0,AGT002
TKT004539,CUST02179,ATM Issue,High,Open,2020-05-04,,,Email,,AGT014
TKT004540,CUST01361,Net Banking Issue,Critical,Resolved,2024-12-26,2024-12-30,90.0,Phone,2.0,AGT009
TKT004541,CUST01226,Fraud Report,Critical,Resolved,2023-03-02,2023-03-05,64.0,Chat,1.0,AGT037
TKT004542,CUST00800,Fraud Report,Critical,Resolved,2021-01-09,2021-01-09,3.0,Branch,4.0,AGT041
TKT004543,CUST02397,KYC Update,Medium,Resolved,2024-07-19,2024-07-22,68.0,Email,5.0,AGT023
TKT004544,CUST00215,General Query,High,Resolved,2023-03-31,2023-04-02,56.0,App,5.0,AGT028
TKT004545,CUST00682,Net Banking Issue,Medium,Resolved,2022-02-12,2022-02-18,142.0,Branch,3.0,AGT035
TKT004546,CUST00752,Card Issue,Critical,Resolved,2020-02-22,2020-02-26,79.0,Branch,1.0,AGT013
TKT004547,CUST00272,Account Opening,Medium,Resolved,2022-04-25,2022-05-01,140.0,Email,4.0,AGT009
TKT004548,CUST00615,Interest Query,High,Resolved,2023-05-07,2023-05-12,120.0,Chat,1.0,AGT021
TKT004549,CUST00085,Card Issue,Low,Resolved,2021-05-16,2021-05-19,72.0,Phone,4.0,AGT004
TKT004550,CUST00882,KYC Update,Medium,Resolved,2023-07-20,2023-07-23,69.0,Chat,1.0,AGT013
TKT004551,CUST00753,Interest Query,Medium,Resolved,2024-03-28,2024-04-01,89.0,Branch,1.0,AGT031
TKT004552,CUST01258,Card Issue,Medium,Open,2022-05-06,,,Chat,,AGT040
TKT004553,CUST01017,KYC Update,Medium,Resolved,2023-07-23,2023-07-26,77.0,App,1.0,AGT038
TKT004554,CUST00442,General Query,Medium,Resolved,2022-08-28,2022-09-03,136.0,App,3.0,AGT032
TKT004555,CUST00155,Fraud Report,Critical,Resolved,2020-07-25,2020-07-30,112.0,Email,5.0,AGT035
TKT004556,CUST02372,General Query,High,Resolved,2023-07-26,2023-07-31,109.0,Phone,4.0,AGT038
TKT004557,CUST02460,Fraud Report,Critical,Resolved,2020-05-07,2020-05-14,166.0,Phone,1.0,AGT012
TKT004558,CUST00551,Transaction Dispute,Critical,Resolved,2020-09-14,2020-09-21,162.0,Chat,4.0,AGT045
TKT004559,CUST02383,Interest Query,Medium,Open,2022-05-05,,,Branch,,AGT038
TKT004560,CUST00493,Net Banking Issue,Medium,Resolved,2024-02-03,2024-02-09,152.0,Email,3.0,AGT050
TKT004561,CUST01501,Card Issue,Medium,Open,2022-02-19,,,App,,AGT010
TKT004562,CUST00824,General Query,Low,Resolved,2020-02-11,2020-02-15,103.0,Phone,3.0,AGT036
TKT004563,CUST01120,Transaction Dispute,High,Resolved,2022-07-13,2022-07-14,4.0,Chat,3.0,AGT039
TKT004564,CUST01005,Account Opening,Medium,In Progress,2021-01-14,,,App,,AGT027
TKT004565,CUST02398,Transaction Dispute,Critical,Resolved,2024-12-24,2024-12-29,102.0,Email,2.0,AGT033
TKT004566,CUST01508,KYC Update,High,Resolved,2023-05-06,2023-05-11,109.0,Email,3.0,AGT022
TKT004567,CUST00091,Transaction Dispute,High,Resolved,2021-03-02,2021-03-04,65.0,Phone,3.0,AGT031
TKT004568,CUST01425,Account Opening,High,Resolved,2024-07-12,2024-07-15,64.0,Chat,5.0,AGT047
TKT004569,CUST02779,Interest Query,Medium,Resolved,2024-03-15,2024-03-15,11.0,Email,5.0,AGT008
TKT004570,CUST02916,Interest Query,Medium,Resolved,2020-05-10,2020-05-12,46.0,Chat,5.0,AGT021
TKT004571,CUST01963,Net Banking Issue,High,Resolved,2022-10-12,2022-10-15,73.0,Chat,3.0,AGT026
TKT004572,CUST02405,Transaction Dispute,Medium,Resolved,2022-09-03,2022-09-04,21.0,Chat,4.0,AGT040
TKT004573,CUST02072,ATM Issue,High,Resolved,2020-11-18,2020-11-23,122.0,Phone,3.0,AGT010
TKT004574,CUST00557,Interest Query,Medium,Resolved,2024-07-14,2024-07-21,163.0,Email,3.0,AGT017
TKT004575,CUST02173,Transaction Dispute,Medium,Resolved,2022-11-26,2022-11-27,26.0,Chat,5.0,AGT004
TKT004576,CUST01037,Loan Query,Low,Resolved,2024-06-23,2024-06-30,154.0,Phone,2.0,AGT004
TKT004577,CUST01739,Account Opening,Critical,Resolved,2020-03-30,2020-04-01,39.0,Phone,3.0,AGT002
TKT004578,CUST02025,General Query,Low,Resolved,2022-04-14,2022-04-15,15.0,Email,5.0,AGT030
TKT004579,CUST00165,Net Banking Issue,Critical,Resolved,2021-03-03,2021-03-04,14.0,Branch,5.0,AGT016
TKT004580,CUST00582,Account Opening,Medium,Resolved,2021-04-11,2021-04-17,155.0,Branch,4.0,AGT006
TKT004581,CUST00104,Interest Query,High,Resolved,2023-11-11,2023-11-15,101.0,Phone,1.0,AGT035
TKT004582,CUST00040,Interest Query,Medium,Resolved,2020-01-13,2020-01-17,99.0,Email,3.0,AGT048
TKT004583,CUST00570,Loan Query,Low,Resolved,2022-04-24,2022-04-27,87.0,App,5.0,AGT015
TKT004584,CUST00953,Interest Query,Medium,In Progress,2023-01-27,,,App,,AGT010
TKT004585,CUST02250,Card Issue,Medium,Resolved,2024-09-04,2024-09-06,47.0,App,3.0,AGT013
TKT004586,CUST01388,Net Banking Issue,Critical,Resolved,2021-07-06,2021-07-08,25.0,Phone,5.0,AGT043
TKT004587,CUST00843,Interest Query,Medium,Resolved,2024-12-04,2024-12-04,6.0,Phone,1.0,AGT002
TKT004588,CUST00517,Card Issue,Low,Open,2022-12-06,,,Email,,AGT024
TKT004589,CUST01896,Loan Query,High,In Progress,2022-11-13,,,Branch,,AGT046
TKT004590,CUST00782,Interest Query,Low,Resolved,2021-05-24,2021-05-25,23.0,App,3.0,AGT030
TKT004591,CUST01815,KYC Update,Low,Resolved,2024-12-28,2025-01-04,168.0,Branch,5.0,AGT002
TKT004592,CUST02966,Loan Query,Medium,Resolved,2023-05-08,2023-05-11,71.0,Chat,4.0,AGT009
TKT004593,CUST02098,Card Issue,Medium,Resolved,2024-04-22,2024-04-23,26.0,App,2.0,AGT021
TKT004594,CUST01198,Transaction Dispute,Low,Resolved,2020-02-20,2020-02-26,130.0,Email,1.0,AGT006
TKT004595,CUST02587,Transaction Dispute,Medium,Resolved,2024-02-19,2024-02-20,27.0,App,1.0,AGT036
TKT004596,CUST02942,Net Banking Issue,Medium,Resolved,2020-06-13,2020-06-15,51.0,Chat,4.0,AGT031
TKT004597,CUST02344,KYC Update,Medium,Resolved,2021-11-06,2021-11-07,20.0,App,2.0,AGT031
TKT004598,CUST00146,KYC Update,Medium,Resolved,2023-01-20,2023-01-26,146.0,Chat,2.0,AGT026
TKT004599,CUST00939,Loan Query,Medium,Resolved,2020-11-10,2020-11-12,56.0,Email,1.0,AGT029
TKT004600,CUST02499,Interest Query,Medium,Resolved,2021-04-21,2021-04-24,65.0,App,3.0,AGT023
TKT004601,CUST00229,Account Opening,Critical,Resolved,2021-11-26,2021-12-02,144.0,App,2.0,AGT041
TKT004602,CUST00502,KYC Update,High,Resolved,2022-01-10,2022-01-16,164.0,Chat,4.0,AGT027
TKT004603,CUST00207,General Query,High,Resolved,2023-01-21,2023-01-26,117.0,App,4.0,AGT002
TKT004604,CUST02527,Account Opening,High,Resolved,2022-09-24,2022-09-29,104.0,App,4.0,AGT033
TKT004605,CUST01799,Interest Query,Medium,Resolved,2021-12-08,2021-12-12,101.0,Email,1.0,AGT019
TKT004606,CUST01065,KYC Update,Critical,Resolved,2020-10-13,2020-10-19,126.0,Chat,3.0,AGT040
TKT004607,CUST02173,KYC Update,Medium,Resolved,2023-04-20,2023-04-22,40.0,Branch,5.0,AGT021
TKT004608,CUST02064,KYC Update,Critical,In Progress,2020-01-27,,,App,,AGT021
TKT004609,CUST01070,Loan Query,Low,In Progress,2020-03-23,,,Phone,,AGT050
TKT004610,CUST01590,Fraud Report,Critical,Resolved,2020-09-16,2020-09-21,119.0,App,3.0,AGT043
TKT004611,CUST01932,Interest Query,Medium,Resolved,2020-08-13,2020-08-13,22.0,Branch,5.0,AGT011
TKT004612,CUST02856,Fraud Report,Critical,Resolved,2021-08-31,2021-09-01,30.0,App,1.0,AGT027
TKT004613,CUST02004,Account Opening,Medium,Resolved,2021-03-13,2021-03-14,26.0,Phone,2.0,AGT042
TKT004614,CUST02472,ATM Issue,High,Resolved,2020-05-08,2020-05-13,137.0,Chat,2.0,AGT001
TKT004615,CUST02899,General Query,Critical,In Progress,2021-11-22,,,Email,,AGT030
TKT004616,CUST02966,Fraud Report,Critical,Resolved,2020-06-28,2020-06-30,65.0,Branch,1.0,AGT046
TKT004617,CUST00108,General Query,Low,Resolved,2021-10-01,2021-10-02,23.0,App,4.0,AGT049
TKT004618,CUST02709,General Query,High,Resolved,2024-05-20,2024-05-22,35.0,App,4.0,AGT050
TKT004619,CUST01776,Fraud Report,Critical,Resolved,2021-05-02,2021-05-02,9.0,Branch,5.0,AGT006
TKT004620,CUST00149,General Query,Low,Resolved,2023-12-04,2023-12-08,95.0,Chat,2.0,AGT013
TKT004621,CUST01090,Transaction Dispute,Low,Resolved,2020-07-23,2020-07-26,76.0,Phone,4.0,AGT046
TKT004622,CUST00533,Transaction Dispute,Low,Resolved,2024-05-08,2024-05-09,8.0,Branch,5.0,AGT040
TKT004623,CUST02490,Fraud Report,Critical,Resolved,2023-09-23,2023-09-25,55.0,Phone,2.0,AGT041
TKT004624,CUST01408,Account Opening,Medium,Resolved,2020-10-23,2020-10-29,128.0,Branch,5.0,AGT007
TKT004625,CUST01013,Loan Query,Medium,Open,2024-05-26,,,App,,AGT022
TKT004626,CUST00445,ATM Issue,Critical,In Progress,2024-04-01,,,Phone,,AGT026
TKT004627,CUST02357,Net Banking Issue,Low,Resolved,2020-09-25,2020-10-01,149.0,Chat,3.0,AGT043
TKT004628,CUST02145,Transaction Dispute,Medium,In Progress,2021-07-29,,,Branch,,AGT010
TKT004629,CUST01864,General Query,Low,Resolved,2020-09-14,2020-09-16,39.0,Phone,2.0,AGT036
TKT004630,CUST02323,Card Issue,Medium,Resolved,2020-09-25,2020-09-28,69.0,Email,2.0,AGT046
TKT004631,CUST00876,Fraud Report,Critical,Open,2022-07-04,,,Branch,,AGT006
TKT004632,CUST00161,Loan Query,Low,Resolved,2024-12-02,2024-12-09,163.0,Email,5.0,AGT010
TKT004633,CUST02233,Net Banking Issue,Medium,Resolved,2021-08-12,2021-08-14,37.0,Branch,2.0,AGT020
TKT004634,CUST00426,Interest Query,Low,Resolved,2020-05-06,2020-05-06,5.0,Email,1.0,AGT049
TKT004635,CUST01328,KYC Update,High,Open,2021-10-21,,,Email,,AGT047
TKT004636,CUST00725,Fraud Report,Critical,Resolved,2020-09-21,2020-09-25,99.0,Branch,2.0,AGT024
TKT004637,CUST00781,Fraud Report,Critical,Open,2021-08-13,,,Chat,,AGT016
TKT004638,CUST02806,Transaction Dispute,Medium,Resolved,2020-06-21,2020-06-24,79.0,Chat,4.0,AGT008
TKT004639,CUST01490,Interest Query,Medium,Resolved,2022-07-25,2022-07-26,20.0,Chat,2.0,AGT017
TKT004640,CUST01011,Transaction Dispute,Medium,Open,2023-09-15,,,Chat,,AGT021
TKT004641,CUST00176,General Query,Medium,In Progress,2022-07-25,,,Email,,AGT011
TKT004642,CUST02380,General Query,Medium,Open,2023-03-26,,,Email,,AGT006
TKT004643,CUST02122,Transaction Dispute,Low,Resolved,2023-11-13,2023-11-14,28.0,Email,3.0,AGT028
TKT004644,CUST01125,Loan Query,Low,Resolved,2024-09-30,2024-10-06,124.0,Email,3.0,AGT009
TKT004645,CUST00426,Transaction Dispute,Low,Open,2023-11-26,,,Email,,AGT044
TKT004646,CUST02601,Transaction Dispute,Low,Resolved,2021-04-03,2021-04-05,50.0,Email,4.0,AGT034
TKT004647,CUST01913,Loan Query,Critical,Resolved,2021-04-18,2021-04-23,135.0,Branch,4.0,AGT007
TKT004648,CUST00344,ATM Issue,Medium,Resolved,2024-06-11,2024-06-12,35.0,Branch,4.0,AGT022
TKT004649,CUST02087,Loan Query,Low,Open,2024-07-03,,,App,,AGT028
TKT004650,CUST02147,Account Opening,Medium,Resolved,2023-11-10,2023-11-12,69.0,Phone,4.0,AGT044
TKT004651,CUST01502,Interest Query,Low,Resolved,2023-04-27,2023-05-02,119.0,Chat,5.0,AGT024
TKT004652,CUST01084,Net Banking Issue,High,Resolved,2022-12-17,2022-12-21,93.0,App,1.0,AGT043
TKT004653,CUST02428,Interest Query,High,Resolved,2023-06-23,2023-06-30,167.0,Branch,1.0,AGT034
TKT004654,CUST02252,Loan Query,Medium,Resolved,2023-11-11,2023-11-12,42.0,Phone,1.0,AGT047
TKT004655,CUST02851,General Query,Medium,Resolved,2021-06-13,2021-06-14,25.0,Phone,3.0,AGT009
TKT004656,CUST00050,ATM Issue,Medium,Resolved,2020-07-30,2020-08-02,72.0,Email,1.0,AGT047
TKT004657,CUST00802,Loan Query,Critical,Resolved,2020-07-30,2020-07-31,5.0,Phone,2.0,AGT007
TKT004658,CUST00358,Loan Query,Medium,Open,2020-08-08,,,App,,AGT043
TKT004659,CUST01115,Card Issue,Medium,Resolved,2021-05-23,2021-05-25,32.0,Phone,1.0,AGT020
TKT004660,CUST02357,Interest Query,Medium,Resolved,2022-01-03,2022-01-05,58.0,Chat,3.0,AGT012
TKT004661,CUST00122,Account Opening,Critical,Resolved,2022-08-31,2022-09-02,45.0,Phone,4.0,AGT019
TKT004662,CUST00607,General Query,Critical,Resolved,2023-06-14,2023-06-17,72.0,Phone,5.0,AGT024
TKT004663,CUST02861,Account Opening,Low,Resolved,2023-04-10,2023-04-12,66.0,Phone,1.0,AGT005
TKT004664,CUST02981,General Query,Medium,Resolved,2021-10-09,2021-10-10,29.0,App,3.0,AGT019
TKT004665,CUST01000,Net Banking Issue,Medium,In Progress,2020-10-20,,,Email,,AGT001
TKT004666,CUST01452,General Query,Critical,Resolved,2021-05-26,2021-05-28,59.0,Branch,2.0,AGT028
TKT004667,CUST00944,Card Issue,Medium,Resolved,2022-06-12,2022-06-17,111.0,Phone,5.0,AGT030
TKT004668,CUST02916,General Query,Medium,Resolved,2022-03-11,2022-03-14,84.0,Email,3.0,AGT038
TKT004669,CUST02007,Net Banking Issue,Medium,Resolved,2023-06-16,2023-06-18,64.0,App,1.0,AGT039
TKT004670,CUST01746,Loan Query,Low,Resolved,2023-08-02,2023-08-08,149.0,Chat,3.0,AGT036
TKT004671,CUST01182,Interest Query,Medium,Resolved,2023-10-05,2023-10-09,97.0,Chat,2.0,AGT017
TKT004672,CUST01334,Interest Query,Low,Resolved,2021-01-16,2021-01-21,129.0,Branch,4.0,AGT016
TKT004673,CUST01081,Card Issue,High,Resolved,2022-03-13,2022-03-16,58.0,Email,3.0,AGT015
TKT004674,CUST00875,Account Opening,Medium,Resolved,2020-10-29,2020-11-03,104.0,Phone,2.0,AGT044
TKT004675,CUST01112,KYC Update,Medium,Resolved,2024-01-28,2024-02-02,115.0,App,3.0,AGT047
TKT004676,CUST02782,ATM Issue,Critical,Open,2024-06-06,,,Email,,AGT014
TKT004677,CUST02787,Card Issue,Low,Resolved,2021-03-07,2021-03-08,11.0,App,3.0,AGT044
TKT004678,CUST00479,Fraud Report,Critical,Resolved,2020-06-15,2020-06-15,1.0,App,1.0,AGT034
TKT004679,CUST00623,General Query,High,Resolved,2023-03-03,2023-03-05,35.0,Branch,1.0,AGT019
TKT004680,CUST00917,Transaction Dispute,Medium,Resolved,2020-11-03,2020-11-04,29.0,Branch,3.0,AGT003
TKT004681,CUST02855,Interest Query,Medium,Resolved,2023-06-16,2023-06-18,34.0,Phone,2.0,AGT046
TKT004682,CUST01877,General Query,Critical,Resolved,2024-09-30,2024-10-06,158.0,Phone,3.0,AGT024
TKT004683,CUST00072,Card Issue,Critical,Resolved,2024-11-11,2024-11-15,98.0,Email,2.0,AGT050
TKT004684,CUST02825,KYC Update,Low,Resolved,2020-09-26,2020-09-27,22.0,Chat,4.0,AGT033
TKT004685,CUST02536,Fraud Report,Critical,Resolved,2023-03-13,2023-03-19,156.0,Email,5.0,AGT039
TKT004686,CUST00857,Fraud Report,Critical,Open,2022-06-18,,,Branch,,AGT024
TKT004687,CUST02537,General Query,Medium,Resolved,2023-05-31,2023-06-07,166.0,Chat,2.0,AGT030
TKT004688,CUST00233,KYC Update,Medium,Resolved,2021-09-24,2021-09-25,39.0,Phone,3.0,AGT022
TKT004689,CUST02228,KYC Update,Low,Resolved,2021-05-10,2021-05-14,95.0,App,5.0,AGT007
TKT004690,CUST00063,Transaction Dispute,Low,Resolved,2022-01-04,2022-01-10,131.0,Branch,2.0,AGT023
TKT004691,CUST01611,Loan Query,High,Resolved,2020-03-25,2020-03-28,71.0,Email,4.0,AGT011
TKT004692,CUST01527,Loan Query,Medium,Resolved,2023-08-21,2023-08-27,148.0,Phone,5.0,AGT032
TKT004693,CUST01082,Account Opening,Low,Open,2022-10-11,,,Email,,AGT028
TKT004694,CUST02594,KYC Update,Medium,Resolved,2021-04-25,2021-05-01,130.0,App,3.0,AGT004
TKT004695,CUST00193,Interest Query,Medium,Resolved,2023-03-21,2023-03-23,35.0,Email,2.0,AGT030
TKT004696,CUST02765,Fraud Report,Critical,In Progress,2020-02-14,,,Phone,,AGT046
TKT004697,CUST00657,ATM Issue,Low,Resolved,2023-05-30,2023-05-31,40.0,Branch,2.0,AGT020
TKT004698,CUST00736,Card Issue,Low,Resolved,2022-07-28,2022-08-03,152.0,Phone,1.0,AGT026
TKT004699,CUST01298,Card Issue,High,Resolved,2022-04-22,2022-04-23,25.0,Chat,5.0,AGT003
TKT004700,CUST02578,General Query,Medium,Resolved,2023-10-26,2023-10-29,58.0,Branch,1.0,AGT047
TKT004701,CUST01479,KYC Update,Low,Resolved,2021-09-25,2021-09-29,91.0,App,1.0,AGT044
TKT004702,CUST02018,Transaction Dispute,Medium,Resolved,2020-04-08,2020-04-14,153.0,App,4.0,AGT016
TKT004703,CUST01768,Loan Query,Critical,Resolved,2024-12-04,2024-12-08,83.0,Email,5.0,AGT036
TKT004704,CUST00782,Loan Query,High,Resolved,2024-06-18,2024-06-20,38.0,Branch,1.0,AGT048
TKT004705,CUST02682,Account Opening,High,Resolved,2023-04-28,2023-05-01,72.0,App,5.0,AGT002
TKT004706,CUST01295,Account Opening,Medium,Resolved,2020-06-15,2020-06-18,78.0,App,3.0,AGT021
TKT004707,CUST01150,Loan Query,Low,Resolved,2020-05-09,2020-05-14,118.0,Email,2.0,AGT026
TKT004708,CUST02805,General Query,High,Resolved,2021-07-11,2021-07-14,59.0,Chat,4.0,AGT017
TKT004709,CUST02612,KYC Update,Low,Resolved,2022-08-21,2022-08-26,131.0,Branch,4.0,AGT022
TKT004710,CUST02355,Card Issue,Critical,Resolved,2024-02-02,2024-02-04,51.0,Email,4.0,AGT033
TKT004711,CUST02973,Card Issue,Medium,In Progress,2022-11-22,,,App,,AGT007
TKT004712,CUST02968,General Query,High,Resolved,2023-07-02,2023-07-04,32.0,Phone,1.0,AGT039
TKT004713,CUST02438,KYC Update,Critical,Resolved,2022-04-25,2022-04-29,95.0,App,1.0,AGT006
TKT004714,CUST02892,General Query,High,Resolved,2023-11-07,2023-11-13,146.0,Phone,1.0,AGT023
TKT004715,CUST01937,General Query,High,Resolved,2022-08-31,2022-09-06,159.0,Email,4.0,AGT019
TKT004716,CUST00561,Net Banking Issue,Medium,Resolved,2020-08-19,2020-08-25,142.0,Branch,3.0,AGT031
TKT004717,CUST00543,General Query,Medium,Open,2024-05-20,,,Phone,,AGT005
TKT004718,CUST02067,Account Opening,High,Resolved,2021-08-29,2021-09-01,66.0,Chat,4.0,AGT006
TKT004719,CUST02953,Loan Query,High,Resolved,2023-05-03,2023-05-06,65.0,App,3.0,AGT012
TKT004720,CUST01048,ATM Issue,Medium,Resolved,2021-06-14,2021-06-14,10.0,Email,1.0,AGT043
TKT004721,CUST02333,Account Opening,Medium,In Progress,2022-08-13,,,App,,AGT041
TKT004722,CUST02431,Loan Query,Low,Resolved,2023-07-31,2023-08-06,145.0,App,4.0,AGT008
TKT004723,CUST01834,ATM Issue,Medium,Resolved,2022-11-10,2022-11-16,147.0,Chat,1.0,AGT004
TKT004724,CUST00552,Net Banking Issue,Low,Resolved,2024-09-30,2024-10-05,124.0,Branch,5.0,AGT037
TKT004725,CUST02395,General Query,Medium,Resolved,2022-03-02,2022-03-06,80.0,Chat,2.0,AGT018
TKT004726,CUST01975,Account Opening,Low,Resolved,2021-01-20,2021-01-22,56.0,Email,1.0,AGT013
TKT004727,CUST01293,Account Opening,Medium,Open,2022-09-19,,,Branch,,AGT035
TKT004728,CUST02603,Interest Query,High,Resolved,2022-01-09,2022-01-10,22.0,App,4.0,AGT049
TKT004729,CUST00403,General Query,High,Open,2023-08-30,,,Email,,AGT046
TKT004730,CUST01006,Net Banking Issue,Critical,Resolved,2024-03-22,2024-03-24,48.0,Chat,2.0,AGT013
TKT004731,CUST02326,ATM Issue,High,Resolved,2021-03-07,2021-03-08,11.0,Branch,1.0,AGT048
TKT004732,CUST01728,Account Opening,Medium,Resolved,2020-02-04,2020-02-10,125.0,App,4.0,AGT016
TKT004733,CUST01573,Transaction Dispute,Low,Resolved,2021-02-15,2021-02-21,149.0,Chat,4.0,AGT017
TKT004734,CUST00438,General Query,Critical,Open,2021-06-19,,,Chat,,AGT015
TKT004735,CUST02681,Net Banking Issue,Medium,Resolved,2021-01-09,2021-01-16,166.0,App,1.0,AGT002
TKT004736,CUST00909,Net Banking Issue,Critical,In Progress,2021-06-02,,,Email,,AGT009
TKT004737,CUST01098,Interest Query,Medium,Resolved,2022-08-08,2022-08-09,23.0,App,5.0,AGT001
TKT004738,CUST02905,Loan Query,Critical,Resolved,2021-11-10,2021-11-14,97.0,Branch,4.0,AGT021
TKT004739,CUST01685,Account Opening,Medium,Resolved,2020-10-24,2020-10-24,14.0,Chat,5.0,AGT049
TKT004740,CUST02473,Net Banking Issue,Medium,In Progress,2022-06-24,,,Chat,,AGT002
TKT004741,CUST00494,General Query,Medium,Resolved,2022-06-19,2022-06-26,163.0,App,2.0,AGT010
TKT004742,CUST00384,ATM Issue,High,Resolved,2022-01-27,2022-02-02,141.0,Phone,4.0,AGT031
TKT004743,CUST00847,Net Banking Issue,High,Resolved,2024-01-24,2024-01-28,89.0,App,5.0,AGT040
TKT004744,CUST00521,Net Banking Issue,High,Resolved,2020-09-02,2020-09-08,161.0,App,3.0,AGT014
TKT004745,CUST01278,ATM Issue,High,Open,2020-05-28,,,App,,AGT042
TKT004746,CUST02644,Account Opening,Low,Resolved,2023-06-23,2023-06-29,146.0,Branch,1.0,AGT007
TKT004747,CUST00148,Card Issue,Low,Resolved,2024-03-15,2024-03-20,111.0,Phone,5.0,AGT033
TKT004748,CUST00191,Account Opening,Low,Resolved,2021-10-26,2021-10-27,22.0,Chat,5.0,AGT023
TKT004749,CUST01056,KYC Update,Medium,Open,2020-02-27,,,Phone,,AGT005
TKT004750,CUST00505,Loan Query,Medium,In Progress,2024-10-27,,,Chat,,AGT049
TKT004751,CUST00524,Fraud Report,Critical,Resolved,2022-04-17,2022-04-17,7.0,Chat,5.0,AGT004
TKT004752,CUST01644,Card Issue,Low,Resolved,2020-03-15,2020-03-16,27.0,Chat,2.0,AGT003
TKT004753,CUST01409,Transaction Dispute,Medium,Resolved,2020-03-05,2020-03-12,152.0,Phone,4.0,AGT007
TKT004754,CUST00821,Transaction Dispute,High,Resolved,2024-06-27,2024-06-29,60.0,Phone,3.0,AGT028
TKT004755,CUST01953,KYC Update,Critical,Resolved,2023-03-03,2023-03-05,55.0,Chat,4.0,AGT034
TKT004756,CUST02649,ATM Issue,Low,Resolved,2023-10-09,2023-10-13,78.0,Chat,2.0,AGT020
TKT004757,CUST00919,Loan Query,Medium,Resolved,2023-05-10,2023-05-15,125.0,Branch,5.0,AGT028
TKT004758,CUST01578,ATM Issue,Low,Resolved,2024-07-23,2024-07-25,46.0,Chat,2.0,AGT019
TKT004759,CUST02737,Account Opening,Medium,Resolved,2022-01-25,2022-01-29,77.0,Phone,4.0,AGT019
TKT004760,CUST02316,Card Issue,Low,In Progress,2022-08-19,,,Phone,,AGT047
TKT004761,CUST02214,Transaction Dispute,High,Resolved,2023-06-22,2023-06-23,28.0,Chat,1.0,AGT015
TKT004762,CUST00034,KYC Update,Low,Resolved,2021-07-13,2021-07-14,8.0,App,2.0,AGT033
TKT004763,CUST00208,Account Opening,High,Resolved,2021-02-01,2021-02-03,50.0,Email,1.0,AGT036
TKT004764,CUST00364,Fraud Report,Critical,Resolved,2023-01-04,2023-01-10,144.0,Phone,1.0,AGT016
TKT004765,CUST00178,Transaction Dispute,Medium,Resolved,2020-06-17,2020-06-24,158.0,Email,4.0,AGT050
TKT004766,CUST01940,General Query,Low,Resolved,2021-10-02,2021-10-06,95.0,Phone,4.0,AGT011
TKT004767,CUST01546,Net Banking Issue,High,Resolved,2022-12-24,2022-12-30,149.0,Email,2.0,AGT045
TKT004768,CUST02890,Account Opening,High,Resolved,2023-03-12,2023-03-18,127.0,Email,5.0,AGT007
TKT004769,CUST01336,Account Opening,High,Resolved,2022-11-11,2022-11-15,82.0,Email,2.0,AGT008
TKT004770,CUST00092,Net Banking Issue,Critical,Resolved,2020-06-22,2020-06-23,17.0,Chat,1.0,AGT048
TKT004771,CUST00847,General Query,Medium,Resolved,2023-11-26,2023-12-03,155.0,Email,3.0,AGT007
TKT004772,CUST02616,ATM Issue,Medium,Resolved,2023-04-25,2023-04-29,98.0,Email,5.0,AGT023
TKT004773,CUST00804,ATM Issue,Low,Resolved,2023-09-19,2023-09-22,76.0,App,1.0,AGT029
TKT004774,CUST02431,Account Opening,High,Resolved,2021-12-20,2021-12-21,27.0,App,4.0,AGT005
TKT004775,CUST01553,Fraud Report,Critical,Resolved,2023-07-09,2023-07-13,90.0,Chat,5.0,AGT004
TKT004776,CUST00841,Loan Query,High,Resolved,2020-12-21,2020-12-27,158.0,Branch,3.0,AGT044
TKT004777,CUST00697,Interest Query,Medium,Resolved,2020-05-16,2020-05-20,104.0,Chat,2.0,AGT043
TKT004778,CUST02972,Loan Query,Low,Resolved,2021-08-21,2021-08-22,41.0,Phone,1.0,AGT033
TKT004779,CUST00484,Interest Query,Low,Resolved,2021-05-01,2021-05-05,116.0,Branch,2.0,AGT015
TKT004780,CUST02157,ATM Issue,High,Resolved,2023-01-01,2023-01-07,138.0,App,2.0,AGT011
TKT004781,CUST00846,Loan Query,High,Resolved,2020-03-05,2020-03-09,99.0,Email,3.0,AGT019
TKT004782,CUST00428,Transaction Dispute,Medium,In Progress,2023-08-16,,,App,,AGT012
TKT004783,CUST02473,Net Banking Issue,High,Resolved,2020-12-29,2020-12-30,7.0,Email,5.0,AGT031
TKT004784,CUST01008,ATM Issue,Medium,Resolved,2024-12-12,2024-12-19,164.0,Email,5.0,AGT030
TKT004785,CUST02908,Interest Query,Medium,Resolved,2023-06-05,2023-06-09,86.0,Email,2.0,AGT050
TKT004786,CUST00992,General Query,Medium,Resolved,2022-06-04,2022-06-07,75.0,Email,4.0,AGT017
TKT004787,CUST01581,KYC Update,Low,In Progress,2023-01-10,,,Email,,AGT041
TKT004788,CUST00782,Card Issue,Low,Resolved,2020-10-19,2020-10-22,69.0,App,4.0,AGT039
TKT004789,CUST01995,ATM Issue,Low,Resolved,2020-09-06,2020-09-09,61.0,Phone,4.0,AGT050
TKT004790,CUST02307,Interest Query,Medium,Resolved,2021-11-13,2021-11-17,110.0,Email,3.0,AGT010
TKT004791,CUST02975,Account Opening,High,Resolved,2024-08-16,2024-08-20,100.0,Branch,4.0,AGT007
TKT004792,CUST01576,KYC Update,Low,Resolved,2021-08-22,2021-08-24,47.0,Chat,1.0,AGT020
TKT004793,CUST02148,Fraud Report,Critical,Resolved,2021-08-06,2021-08-12,142.0,Chat,4.0,AGT012
TKT004794,CUST02383,KYC Update,High,Resolved,2021-02-18,2021-02-20,37.0,App,1.0,AGT012
TKT004795,CUST00318,Transaction Dispute,Low,Resolved,2020-12-29,2021-01-01,78.0,Chat,3.0,AGT046
TKT004796,CUST02841,Transaction Dispute,Critical,Resolved,2021-02-17,2021-02-20,72.0,Chat,1.0,AGT016
TKT004797,CUST02764,KYC Update,Low,Resolved,2020-08-27,2020-08-31,96.0,Branch,1.0,AGT037
TKT004798,CUST02529,ATM Issue,Medium,Resolved,2023-04-30,2023-05-06,132.0,App,1.0,AGT034
TKT004799,CUST00245,Account Opening,High,Resolved,2024-02-02,2024-02-06,94.0,App,5.0,AGT033
TKT004800,CUST02690,Transaction Dispute,Medium,Resolved,2024-12-27,2024-12-29,36.0,Chat,1.0,AGT024
TKT004801,CUST02366,Transaction Dispute,Critical,Resolved,2024-12-05,2024-12-06,24.0,Phone,4.0,AGT046
TKT004802,CUST02582,Interest Query,High,Resolved,2021-12-14,2021-12-14,7.0,Phone,2.0,AGT022
TKT004803,CUST02329,Loan Query,Medium,Resolved,2023-05-14,2023-05-19,104.0,Phone,3.0,AGT026
TKT004804,CUST02533,Loan Query,Medium,Resolved,2020-01-03,2020-01-06,81.0,Email,3.0,AGT037
TKT004805,CUST01098,Account Opening,Medium,Resolved,2023-11-22,2023-11-27,109.0,Phone,4.0,AGT046
TKT004806,CUST01871,Loan Query,Medium,Resolved,2022-09-11,2022-09-12,25.0,Phone,4.0,AGT042
TKT004807,CUST02765,Loan Query,Low,Resolved,2021-04-10,2021-04-15,126.0,Phone,2.0,AGT011
TKT004808,CUST01362,Interest Query,Critical,Resolved,2023-03-16,2023-03-23,163.0,App,2.0,AGT009
TKT004809,CUST00761,Card Issue,High,Resolved,2020-05-02,2020-05-08,142.0,Phone,3.0,AGT002
TKT004810,CUST02144,KYC Update,Low,In Progress,2023-09-13,,,Email,,AGT033
TKT004811,CUST01380,Account Opening,Low,Resolved,2024-10-20,2024-10-27,159.0,Phone,1.0,AGT035
TKT004812,CUST00331,Transaction Dispute,High,Resolved,2024-11-06,2024-11-07,20.0,Branch,5.0,AGT039
TKT004813,CUST01645,Card Issue,High,Resolved,2023-09-16,2023-09-22,145.0,App,5.0,AGT041
TKT004814,CUST01514,Fraud Report,Critical,In Progress,2021-05-15,,,Phone,,AGT031
TKT004815,CUST02644,Loan Query,Medium,Resolved,2020-03-08,2020-03-09,6.0,Phone,1.0,AGT016
TKT004816,CUST00745,KYC Update,Medium,Resolved,2021-02-09,2021-02-09,11.0,Branch,5.0,AGT018
TKT004817,CUST01105,Fraud Report,Critical,Resolved,2022-04-21,2022-04-24,81.0,Phone,2.0,AGT020
TKT004818,CUST00720,Interest Query,High,In Progress,2022-12-22,,,Chat,,AGT019
TKT004819,CUST02544,KYC Update,High,Resolved,2022-11-02,2022-11-08,134.0,App,5.0,AGT035
TKT004820,CUST02297,Fraud Report,Critical,Resolved,2023-02-16,2023-02-19,78.0,Branch,4.0,AGT050
TKT004821,CUST00740,ATM Issue,Low,Resolved,2021-09-14,2021-09-20,143.0,Branch,3.0,AGT028
TKT004822,CUST00431,KYC Update,Medium,Resolved,2023-03-20,2023-03-26,135.0,App,3.0,AGT006
TKT004823,CUST01610,Fraud Report,Critical,Resolved,2022-09-27,2022-10-01,95.0,App,5.0,AGT034
TKT004824,CUST00481,Card Issue,Low,Resolved,2023-07-23,2023-07-25,37.0,Phone,3.0,AGT015
TKT004825,CUST00249,General Query,Medium,Resolved,2024-06-14,2024-06-15,23.0,Phone,2.0,AGT006
TKT004826,CUST00395,Interest Query,Critical,Resolved,2024-05-31,2024-06-03,66.0,Chat,3.0,AGT043
TKT004827,CUST01382,Interest Query,Low,Resolved,2022-01-19,2022-01-20,28.0,Phone,2.0,AGT027
TKT004828,CUST02074,General Query,Low,Resolved,2021-11-09,2021-11-11,60.0,Branch,3.0,AGT022
TKT004829,CUST00489,ATM Issue,Medium,Resolved,2022-06-18,2022-06-24,156.0,Branch,2.0,AGT047
TKT004830,CUST01160,ATM Issue,High,Resolved,2022-01-08,2022-01-15,150.0,App,1.0,AGT046
TKT004831,CUST00376,General Query,Medium,Resolved,2022-08-15,2022-08-21,165.0,App,3.0,AGT027
TKT004832,CUST00766,Interest Query,Medium,Resolved,2020-04-04,2020-04-04,9.0,Phone,5.0,AGT031
TKT004833,CUST01104,Loan Query,Low,Resolved,2020-03-19,2020-03-22,75.0,Email,1.0,AGT031
TKT004834,CUST01318,Account Opening,Medium,Resolved,2020-11-08,2020-11-09,25.0,Branch,1.0,AGT021
TKT004835,CUST01318,General Query,High,Resolved,2020-10-06,2020-10-08,33.0,Branch,3.0,AGT017
TKT004836,CUST02607,KYC Update,Critical,Resolved,2020-02-14,2020-02-21,148.0,Phone,4.0,AGT050
TKT004837,CUST02765,Net Banking Issue,Low,Resolved,2020-09-26,2020-09-28,45.0,Chat,1.0,AGT010
TKT004838,CUST00661,Interest Query,Medium,Resolved,2021-07-29,2021-07-31,46.0,App,3.0,AGT002
TKT004839,CUST00315,General Query,Low,Resolved,2022-12-01,2022-12-03,63.0,Phone,1.0,AGT045
TKT004840,CUST02557,General Query,Medium,Resolved,2024-04-17,2024-04-20,74.0,Phone,3.0,AGT036
TKT004841,CUST02324,Transaction Dispute,Low,Resolved,2021-01-06,2021-01-12,154.0,Chat,3.0,AGT040
TKT004842,CUST02245,Net Banking Issue,Low,Resolved,2022-05-01,2022-05-02,23.0,Branch,5.0,AGT044
TKT004843,CUST00236,Card Issue,Low,Resolved,2024-06-24,2024-06-30,143.0,Branch,3.0,AGT010
TKT004844,CUST02974,Account Opening,Medium,Resolved,2021-04-22,2021-04-23,35.0,Branch,1.0,AGT042
TKT004845,CUST00901,Interest Query,High,Resolved,2023-12-28,2024-01-01,81.0,App,2.0,AGT042
TKT004846,CUST02057,KYC Update,Low,Resolved,2021-11-25,2021-11-27,58.0,Chat,1.0,AGT017
TKT004847,CUST00440,ATM Issue,Medium,Resolved,2020-06-28,2020-07-03,101.0,Phone,3.0,AGT045
TKT004848,CUST01453,Interest Query,Low,Resolved,2020-02-21,2020-02-25,100.0,Chat,2.0,AGT010
TKT004849,CUST01440,ATM Issue,Medium,Resolved,2024-03-28,2024-03-30,30.0,Phone,2.0,AGT045
TKT004850,CUST02481,KYC Update,Medium,Resolved,2020-09-26,2020-09-29,79.0,Branch,4.0,AGT045
TKT004851,CUST00610,Interest Query,Medium,Resolved,2023-03-14,2023-03-17,62.0,Branch,1.0,AGT013
TKT004852,CUST00099,Net Banking Issue,Low,Resolved,2021-02-23,2021-03-01,137.0,Email,2.0,AGT034
TKT004853,CUST02250,Net Banking Issue,Low,Resolved,2021-10-08,2021-10-09,34.0,App,5.0,AGT002
TKT004854,CUST01639,Loan Query,Medium,Resolved,2022-01-25,2022-01-25,11.0,App,4.0,AGT036
TKT004855,CUST02328,ATM Issue,Medium,Resolved,2021-02-22,2021-02-27,114.0,Chat,5.0,AGT029
TKT004856,CUST01296,Transaction Dispute,Medium,Resolved,2020-04-10,2020-04-12,45.0,Phone,5.0,AGT037
TKT004857,CUST01386,Loan Query,High,Resolved,2020-11-22,2020-11-24,59.0,Email,5.0,AGT024
TKT004858,CUST01533,Fraud Report,Critical,Resolved,2022-05-07,2022-05-13,150.0,Phone,4.0,AGT031
TKT004859,CUST00536,Fraud Report,Critical,Resolved,2020-07-01,2020-07-05,99.0,Branch,2.0,AGT039
TKT004860,CUST01671,KYC Update,Medium,Resolved,2020-09-14,2020-09-16,54.0,Email,4.0,AGT006
TKT004861,CUST01847,Net Banking Issue,Medium,In Progress,2022-07-01,,,Email,,AGT040
TKT004862,CUST02674,KYC Update,Medium,Resolved,2024-11-09,2024-11-12,66.0,Branch,1.0,AGT018
TKT004863,CUST02323,Loan Query,Low,Resolved,2022-04-09,2022-04-12,70.0,Chat,5.0,AGT013
TKT004864,CUST01053,KYC Update,Low,Resolved,2021-11-04,2021-11-07,88.0,Branch,2.0,AGT002
TKT004865,CUST00423,Card Issue,Low,In Progress,2022-10-25,,,Phone,,AGT043
TKT004866,CUST01954,ATM Issue,Medium,Resolved,2024-10-15,2024-10-21,138.0,Email,3.0,AGT007
TKT004867,CUST01983,Net Banking Issue,Medium,Resolved,2020-07-20,2020-07-24,84.0,Branch,1.0,AGT032
TKT004868,CUST01536,KYC Update,Medium,Resolved,2021-06-27,2021-06-28,23.0,Chat,1.0,AGT021
TKT004869,CUST01138,KYC Update,Low,Resolved,2020-09-06,2020-09-13,163.0,App,5.0,AGT015
TKT004870,CUST00645,Net Banking Issue,Medium,Resolved,2020-12-20,2020-12-21,28.0,Branch,5.0,AGT050
TKT004871,CUST00743,General Query,Medium,Resolved,2021-11-11,2021-11-12,10.0,Chat,4.0,AGT034
TKT004872,CUST01362,Interest Query,Medium,Resolved,2021-07-29,2021-08-01,74.0,Branch,4.0,AGT033
TKT004873,CUST01538,Interest Query,Critical,Resolved,2023-04-16,2023-04-17,40.0,Chat,4.0,AGT033
TKT004874,CUST00991,Fraud Report,Critical,Resolved,2023-02-17,2023-02-18,14.0,Phone,3.0,AGT017
TKT004875,CUST02711,KYC Update,Medium,In Progress,2021-03-07,,,App,,AGT006
TKT004876,CUST00743,Transaction Dispute,Critical,In Progress,2021-11-23,,,Email,,AGT047
TKT004877,CUST01688,KYC Update,Medium,Resolved,2022-03-30,2022-04-03,87.0,App,2.0,AGT009
TKT004878,CUST01231,Fraud Report,Critical,Resolved,2023-03-19,2023-03-21,34.0,Email,5.0,AGT006
TKT004879,CUST02292,Card Issue,Low,Resolved,2023-12-16,2023-12-23,155.0,Email,4.0,AGT017
TKT004880,CUST01404,Fraud Report,Critical,Resolved,2022-10-28,2022-11-03,141.0,Phone,4.0,AGT002
TKT004881,CUST02790,Transaction Dispute,Medium,Open,2020-02-29,,,Phone,,AGT036
TKT004882,CUST00491,Loan Query,Low,Resolved,2023-01-14,2023-01-20,129.0,Phone,4.0,AGT043
TKT004883,CUST00662,General Query,Medium,Resolved,2020-06-09,2020-06-15,127.0,Chat,1.0,AGT040
TKT004884,CUST02857,Transaction Dispute,Medium,Resolved,2022-08-03,2022-08-10,147.0,Email,3.0,AGT036
TKT004885,CUST02810,KYC Update,High,Resolved,2020-07-27,2020-07-29,64.0,Branch,1.0,AGT050
TKT004886,CUST00527,Card Issue,Low,Resolved,2023-09-28,2023-10-02,95.0,Email,1.0,AGT006
TKT004887,CUST01301,ATM Issue,Medium,Resolved,2023-08-19,2023-08-25,144.0,App,5.0,AGT031
TKT004888,CUST01851,Fraud Report,Critical,In Progress,2022-08-22,,,Chat,,AGT003
TKT004889,CUST02075,Card Issue,Low,Resolved,2024-12-02,2024-12-07,140.0,Email,3.0,AGT042
TKT004890,CUST02655,Transaction Dispute,Low,Resolved,2021-05-19,2021-05-19,7.0,Phone,2.0,AGT010
TKT004891,CUST02690,Fraud Report,Critical,Resolved,2021-05-23,2021-05-26,66.0,App,3.0,AGT028
TKT004892,CUST01093,Account Opening,High,Resolved,2024-09-08,2024-09-10,36.0,Chat,2.0,AGT029
TKT004893,CUST02269,Account Opening,High,Resolved,2022-06-23,2022-06-27,108.0,Email,2.0,AGT041
TKT004894,CUST01116,Net Banking Issue,Low,Resolved,2020-07-25,2020-08-01,149.0,Phone,2.0,AGT005
TKT004895,CUST00009,Account Opening,Medium,Resolved,2021-06-06,2021-06-07,38.0,Phone,3.0,AGT001
TKT004896,CUST02262,Transaction Dispute,Medium,Resolved,2020-09-01,2020-09-04,78.0,Branch,1.0,AGT041
TKT004897,CUST01482,Net Banking Issue,Low,Resolved,2020-02-04,2020-02-04,4.0,Branch,2.0,AGT005
TKT004898,CUST00108,Account Opening,Medium,Resolved,2024-07-03,2024-07-05,46.0,Chat,3.0,AGT011
TKT004899,CUST00620,Fraud Report,Critical,Resolved,2022-09-01,2022-09-05,96.0,App,5.0,AGT012
TKT004900,CUST02515,Account Opening,Low,Open,2023-09-07,,,Branch,,AGT025
TKT004901,CUST01124,Transaction Dispute,High,In Progress,2024-02-10,,,Email,,AGT035
TKT004902,CUST00647,Account Opening,Medium,Resolved,2024-04-11,2024-04-16,120.0,Email,5.0,AGT046
TKT004903,CUST01158,Transaction Dispute,Medium,Resolved,2020-07-28,2020-08-02,114.0,Chat,3.0,AGT010
TKT004904,CUST01601,KYC Update,High,Resolved,2022-11-20,2022-11-24,87.0,Email,4.0,AGT035
TKT004905,CUST00528,ATM Issue,Medium,Resolved,2020-09-22,2020-09-28,150.0,Phone,1.0,AGT014
TKT004906,CUST00216,Account Opening,High,Resolved,2023-08-07,2023-08-08,44.0,Branch,1.0,AGT017
TKT004907,CUST01142,ATM Issue,Medium,Resolved,2023-07-04,2023-07-06,39.0,App,4.0,AGT029
TKT004908,CUST01543,Fraud Report,Critical,Resolved,2020-06-23,2020-06-28,97.0,Phone,4.0,AGT012
TKT004909,CUST01799,Transaction Dispute,Low,Resolved,2024-12-11,2024-12-14,79.0,Chat,4.0,AGT028
TKT004910,CUST02476,ATM Issue,Critical,Resolved,2023-03-19,2023-03-24,119.0,Chat,2.0,AGT003
TKT004911,CUST02869,Loan Query,Low,Resolved,2022-01-31,2022-02-03,71.0,Chat,5.0,AGT025
TKT004912,CUST00318,Account Opening,Low,Resolved,2022-07-05,2022-07-11,142.0,Branch,5.0,AGT031
TKT004913,CUST02124,ATM Issue,Medium,Resolved,2020-12-27,2020-12-30,84.0,Branch,2.0,AGT013
TKT004914,CUST02742,Net Banking Issue,High,Resolved,2023-06-12,2023-06-12,9.0,Chat,3.0,AGT044
TKT004915,CUST01284,Interest Query,High,Resolved,2021-06-13,2021-06-16,81.0,Branch,4.0,AGT040
TKT004916,CUST02589,Loan Query,High,Resolved,2020-12-30,2021-01-01,63.0,Branch,1.0,AGT044
TKT004917,CUST00203,Loan Query,Medium,Resolved,2024-02-20,2024-02-22,48.0,Phone,2.0,AGT021
TKT004918,CUST00490,Fraud Report,Critical,Resolved,2022-03-04,2022-03-07,73.0,App,2.0,AGT018
TKT004919,CUST01224,Transaction Dispute,Low,Resolved,2022-01-24,2022-01-28,83.0,Email,1.0,AGT022
TKT004920,CUST01010,Card Issue,Medium,Resolved,2024-07-06,2024-07-11,126.0,Branch,5.0,AGT015
TKT004921,CUST02352,Loan Query,High,Resolved,2022-03-15,2022-03-17,49.0,Phone,5.0,AGT008
TKT004922,CUST00210,Loan Query,Medium,Resolved,2020-07-19,2020-07-21,30.0,Chat,5.0,AGT033
TKT004923,CUST02256,Interest Query,Critical,Resolved,2021-02-21,2021-02-27,145.0,Email,4.0,AGT038
TKT004924,CUST00697,Fraud Report,Critical,Resolved,2022-12-26,2022-12-28,26.0,App,4.0,AGT010
TKT004925,CUST00404,ATM Issue,Medium,Resolved,2022-11-28,2022-11-28,6.0,App,2.0,AGT001
TKT004926,CUST01241,Interest Query,Medium,Resolved,2022-02-21,2022-02-23,28.0,Phone,5.0,AGT038
TKT004927,CUST01527,Net Banking Issue,Medium,Resolved,2020-10-17,2020-10-23,155.0,Phone,2.0,AGT040
TKT004928,CUST02857,General Query,Medium,Resolved,2022-01-18,2022-01-21,55.0,Phone,5.0,AGT029
TKT004929,CUST01594,Transaction Dispute,Medium,Resolved,2024-01-29,2024-02-05,147.0,App,2.0,AGT040
TKT004930,CUST02062,Card Issue,Medium,Resolved,2024-02-05,2024-02-08,61.0,Chat,5.0,AGT045
TKT004931,CUST02897,Fraud Report,Critical,Resolved,2020-02-24,2020-03-01,153.0,Phone,1.0,AGT009
TKT004932,CUST00045,Loan Query,Low,Resolved,2022-01-11,2022-01-13,44.0,Branch,1.0,AGT031
TKT004933,CUST01312,ATM Issue,Low,Resolved,2020-03-29,2020-03-30,36.0,App,2.0,AGT002
TKT004934,CUST00965,Account Opening,Critical,Resolved,2021-07-14,2021-07-17,64.0,Email,3.0,AGT038
TKT004935,CUST01086,Net Banking Issue,Medium,Resolved,2023-06-26,2023-06-27,12.0,Branch,5.0,AGT041
TKT004936,CUST00119,Net Banking Issue,Medium,Resolved,2020-02-25,2020-02-29,96.0,Email,3.0,AGT018
TKT004937,CUST02279,Loan Query,Low,Resolved,2022-04-07,2022-04-09,56.0,Phone,3.0,AGT025
TKT004938,CUST01657,Account Opening,Medium,Resolved,2024-03-17,2024-03-19,51.0,Branch,3.0,AGT035
TKT004939,CUST01116,Card Issue,Medium,Resolved,2023-06-17,2023-06-23,160.0,Email,4.0,AGT037
TKT004940,CUST01587,Card Issue,Medium,Resolved,2024-12-29,2024-12-29,8.0,Email,2.0,AGT016
TKT004941,CUST00484,Loan Query,Low,Open,2022-05-17,,,Chat,,AGT012
TKT004942,CUST00854,Interest Query,Low,Resolved,2020-10-23,2020-10-23,7.0,Phone,2.0,AGT017
TKT004943,CUST01129,General Query,Low,Resolved,2022-08-22,2022-08-24,47.0,Branch,5.0,AGT029
TKT004944,CUST02719,Net Banking Issue,Low,Resolved,2020-11-21,2020-11-26,113.0,Branch,5.0,AGT030
TKT004945,CUST00138,Loan Query,Low,Resolved,2024-01-14,2024-01-20,142.0,Branch,1.0,AGT012
TKT004946,CUST01433,Loan Query,Medium,Resolved,2021-08-27,2021-08-31,88.0,Branch,4.0,AGT007
TKT004947,CUST02315,Fraud Report,Critical,Resolved,2024-11-30,2024-12-02,46.0,Branch,5.0,AGT047
TKT004948,CUST00267,Fraud Report,Critical,In Progress,2021-10-16,,,App,,AGT004
TKT004949,CUST01396,Card Issue,High,In Progress,2023-06-05,,,App,,AGT046
TKT004950,CUST02437,Net Banking Issue,Low,Resolved,2024-06-17,2024-06-23,161.0,App,2.0,AGT040
TKT004951,CUST02993,ATM Issue,Medium,Resolved,2022-08-16,2022-08-21,138.0,Branch,5.0,AGT036
TKT004952,CUST01579,Card Issue,Medium,Resolved,2023-04-10,2023-04-11,43.0,Email,1.0,AGT033
TKT004953,CUST00301,Interest Query,High,Resolved,2020-06-26,2020-07-03,159.0,Email,3.0,AGT005
TKT004954,CUST02761,Account Opening,Low,Resolved,2022-03-27,2022-04-01,113.0,Chat,2.0,AGT018
TKT004955,CUST02901,Loan Query,Medium,Resolved,2024-09-01,2024-09-07,145.0,Phone,3.0,AGT044
TKT004956,CUST01775,Account Opening,High,Resolved,2020-07-07,2020-07-10,50.0,App,4.0,AGT005
TKT004957,CUST02789,Account Opening,Medium,Resolved,2020-03-20,2020-03-24,104.0,Phone,3.0,AGT002
TKT004958,CUST01901,KYC Update,High,Open,2020-02-10,,,Chat,,AGT034
TKT004959,CUST00826,Account Opening,Medium,Resolved,2024-05-25,2024-06-01,166.0,Branch,5.0,AGT029
TKT004960,CUST01329,Fraud Report,Critical,Resolved,2023-06-15,2023-06-22,166.0,App,2.0,AGT037
TKT004961,CUST00465,Interest Query,Low,Resolved,2020-02-26,2020-02-29,75.0,Phone,1.0,AGT035
TKT004962,CUST00863,Net Banking Issue,Medium,Resolved,2020-09-24,2020-09-29,124.0,App,5.0,AGT003
TKT004963,CUST00222,ATM Issue,Medium,In Progress,2023-01-23,,,Chat,,AGT025
TKT004964,CUST02205,Account Opening,Medium,In Progress,2024-03-07,,,Branch,,AGT002
TKT004965,CUST02874,Interest Query,Critical,Resolved,2020-06-20,2020-06-27,162.0,Phone,2.0,AGT002
TKT004966,CUST00600,General Query,Medium,Resolved,2020-08-07,2020-08-09,51.0,App,2.0,AGT050
TKT004967,CUST01034,ATM Issue,Medium,Resolved,2021-05-03,2021-05-05,28.0,Branch,2.0,AGT033
TKT004968,CUST02819,Transaction Dispute,Low,Resolved,2024-06-02,2024-06-08,147.0,Chat,4.0,AGT029
TKT004969,CUST01085,Interest Query,Medium,Resolved,2022-03-08,2022-03-11,80.0,Branch,5.0,AGT013
TKT004970,CUST01817,Fraud Report,Critical,Resolved,2021-08-06,2021-08-12,152.0,Chat,2.0,AGT022
TKT004971,CUST02003,Fraud Report,Critical,Resolved,2021-06-01,2021-06-05,110.0,Chat,1.0,AGT006
TKT004972,CUST01061,ATM Issue,High,In Progress,2022-07-17,,,Email,,AGT003
TKT004973,CUST02014,Net Banking Issue,Critical,Resolved,2022-02-15,2022-02-21,129.0,Email,4.0,AGT017
TKT004974,CUST01885,Fraud Report,Critical,Resolved,2022-07-13,2022-07-15,64.0,Branch,5.0,AGT046
TKT004975,CUST00919,General Query,High,Resolved,2021-03-19,2021-03-23,91.0,Chat,2.0,AGT050
TKT004976,CUST00281,General Query,Low,Resolved,2020-08-30,2020-09-01,52.0,Phone,4.0,AGT043
TKT004977,CUST00905,ATM Issue,Medium,Resolved,2024-12-20,2024-12-22,54.0,App,5.0,AGT035
TKT004978,CUST00562,KYC Update,High,Open,2024-02-04,,,App,,AGT042
TKT004979,CUST02988,ATM Issue,Medium,In Progress,2020-09-17,,,Email,,AGT043
TKT004980,CUST00473,KYC Update,Medium,Resolved,2020-08-01,2020-08-06,121.0,Chat,5.0,AGT021
TKT004981,CUST01168,Account Opening,High,Resolved,2023-08-11,2023-08-12,8.0,Branch,4.0,AGT042
TKT004982,CUST00483,Account Opening,Critical,Resolved,2023-05-21,2023-05-24,69.0,Phone,1.0,AGT011
TKT004983,CUST02174,Fraud Report,Critical,Resolved,2023-09-07,2023-09-09,55.0,Chat,5.0,AGT049
TKT004984,CUST02290,Net Banking Issue,High,Resolved,2022-10-22,2022-10-27,105.0,Phone,5.0,AGT032
TKT004985,CUST01598,Interest Query,Low,Resolved,2024-11-19,2024-11-23,89.0,Branch,4.0,AGT019
TKT004986,CUST02787,Interest Query,High,Open,2020-07-23,,,Chat,,AGT025
TKT004987,CUST00933,ATM Issue,Medium,Resolved,2021-03-13,2021-03-16,70.0,Email,2.0,AGT041
TKT004988,CUST02258,Net Banking Issue,High,Resolved,2024-06-21,2024-06-28,161.0,Email,1.0,AGT028
TKT004989,CUST02396,Transaction Dispute,High,Resolved,2020-02-10,2020-02-15,123.0,Email,3.0,AGT012
TKT004990,CUST01578,Net Banking Issue,Low,Resolved,2024-11-12,2024-11-17,134.0,App,4.0,AGT036
TKT004991,CUST00732,Card Issue,Low,In Progress,2020-12-11,,,Chat,,AGT032
TKT004992,CUST00408,Account Opening,Critical,Resolved,2024-12-20,2024-12-21,14.0,App,4.0,AGT032
TKT004993,CUST02609,Interest Query,High,Resolved,2020-07-05,2020-07-06,39.0,Phone,5.0,AGT040
TKT004994,CUST01902,Net Banking Issue,Medium,Resolved,2022-05-05,2022-05-07,35.0,Chat,4.0,AGT035
TKT004995,CUST01343,Fraud Report,Critical,Resolved,2020-02-13,2020-02-17,83.0,Email,2.0,AGT011
TKT004996,CUST02528,KYC Update,Low,Resolved,2021-09-03,2021-09-08,138.0,Email,3.0,AGT008
TKT004997,CUST01371,Account Opening,Low,Resolved,2023-05-17,2023-05-22,113.0,Email,2.0,AGT005
TKT004998,CUST02353,Transaction Dispute,Critical,Open,2022-06-09,,,Branch,,AGT007
TKT004999,CUST01684,Loan Query,Low,Resolved,2024-07-10,2024-07-12,63.0,Chat,5.0,AGT023
TKT005000,CUST01789,Interest Query,Low,Resolved,2022-06-10,2022-06-15,124.0,Email,4.0,AGT021
